"formatted_name","Alignment.ID.beataml","Average.Rt.min..beataml","Average.Mz.beataml","original_name.beataml","Adduct.type.beataml","Reference.m.z.beataml","Formula.beataml","Ontology.beataml","MS.MS.spectrum.beataml","QC_CV.beataml","Alignment.ID.pilot","Average.Rt.min..pilot","Average.Mz.pilot","original_name.pilot","BEAT.NEG.Alignment.ID","BEAT.RT","Adduct.type.pilot","Reference.m.z.pilot","ppm.error","Formula.pilot","Ontology.pilot","S.N.average","MS1.isotopic.spectrum","MS.MS.spectrum.pilot","Std.dev","median","X.CV","QCpool_flag","Sample_flag","QC_CV.pilot","Blank_Co_Lip_01","Blank_Co_Lip_02","Blank_Co_Lip_03","Blank_Co_Lip_04","Blank_Co_Lip_05","Blank_Co_Lip_06","Blank_Co_Lip_07","Blank_Co_Lip_08","Blank_Co_Lip_09","Blank_Co_Lip_10","Blank_Co_Lip_11","Blank_Co_Lip_12","Blank_Co_Lip_13","Blank_Co_Lip_14","Blank_Co_Lip_15","Blank_Co_Lip_16","Blank_Co_Lip_17","Blank_Co_Lip_18","Blank_Co_Lip_19","Blank_Co_Lip_20","Blank_Co_Lip_21","Blank_Co_Lip_22","Blank_Co_Lip_23","Blank_Co_Lip_24","Lip_PB_01","Lip_PB_02","Lip_PB_03","QC_Pool_Lip_001","QC_Pool_Lip_002","QC_Pool_Lip_003","QC_Pool_Lip_004","QC_Pool_Lip_01","QC_Pool_Lip_02","QC_Pool_Lip_03","QC_Pool_Lip_04","QC_Pool_Lip_05","QC_Pool_Lip_06","QC_Pool_Lip_07","QC_Pool_Lip_08","BEAT.AML.Alignment.ID","BEAT.AML.RT"
"neg_LPI 20:4_[M-H]-__A","6770","5.941","619.29077","LPI 20:4","[M-H]-","619.28888","C29H49O12P","LPI","78.95866:20693 96.96951:6575 152.99463:626983 171.00522:28613 178.33995:11778 205.19615:10790 223.00084:69571 241.01122:274356 259.0228:32583 259.24255:61136 303.23251:732594 315.04871:327193 315.11856:6952 333.05746:31156 459.98874:5649 619.29065:927449",29.999813229329,"7341","5.846","619.2876","LPI 20:4","6770",5.941,"[M-H]-","619.28888","2.06688678141862","C29H49O12P","LPI","65.29","619.28741:159292 620.29076:47695 621.29412:8311","78.9584:7063 116.2169:4830 130.86951:5681 152.9946:70792 156.17836:5934 223.00079:10656 241.01106:20672 303.23178:70600 315.04886:27233 619.28943:80007","9895.83446188194","84780.5","11.6723001891731",0,0,11.4703281762019,NA,NA,NA,NA,NA,NA,NA,NA,NA,NA,NA,NA,NA,NA,NA,NA,NA,NA,NA,NA,NA,NA,NA,NA,NA,8.76487159073609,NA,16.2443824187683,16.1808609857332,16.1802394107056,16.2774690334183,16.2529979826283,16.3888077248658,16.4762399063239,16.5666784205984,16.630508881344,16.3538704731996,16.4959330791733,16.6081392908434,NA,NA
"neg_LPG 22:6_[M-H]-__A","5259","6.083","555.27435","LPG 22:6","[M-H]-","555.27283","C28H45O9P","LPG","109.50549:6600 152.9944:29563 167.4744:6957 168.00227:5805 171.00395:9248 177.16382:8580 224.47409:5610 227.03127:10215 229.19656:18129 245.04202:20803 249.18248:7132 283.24338:149550 327.2338:343169 555.27631:82523",76.774383938276,"6021","5.948","555.27173","LPG 22:6","5259",6.083,"[M-H]-","555.27283","1.98100814684423","C28H45O9P","LPG","61.16","555.27136:186567 556.27471:53490 557.27807:9753","132.98238:5762 148.211:6227 152.99486:13272 229.19319:7337 283.2435:45239 327.2319:91835 555.276:17790","6663.77558088688","65619.5","10.1551757951324",0,0,10.1143169520743,NA,NA,NA,NA,NA,NA,NA,NA,NA,NA,NA,NA,NA,NA,NA,NA,NA,NA,NA,NA,NA,NA,NA,NA,9.39660478118186,8.84549005094438,NA,15.8485251405418,15.8934911470849,15.7890496088761,15.9000412853857,15.8823803525543,16.0455677101178,16.0521646986708,16.0995327383774,16.2613971195277,15.9567391450591,16.1150843026277,16.1679472983179,NA,NA
"neg_LPI 20:3_[M-H]-__A","6823","6.908","621.3075","LPI 20:3","[M-H]-","621.3045","C29H51O12P","LPI","78.95878:15125 99.77164:5809 152.99434:427798 171.0051:16569 178.3385:14312 178.37073:5718 223.00015:49738 231.92804:5406 241.01093:167105 241.06711:8233 259.01947:18675 305.24777:461329 315.04822:201721 333.05884:16747 621.30524:624338",30.1377854671891,"7387","6.565","621.30353","LPI 20:3","6823",6.908,"[M-H]-","621.3045","1.56123124802478","C29H51O12P","LPI","17.08","621.30353:88103 622.30688:24301 623.31024:6066","75.38021:6679 80.37591:5771 109.84235:5555 127.84737:5296 137.76257:5077 152.99417:45108 241.00937:17343 303.16345:6405 305.2464:36867 315.04575:16069 621.30237:48140 621.50281:12108","1894.20650013442","17652.5","10.7305282545499",0,0,10.526927156684,NA,NA,NA,NA,NA,NA,NA,NA,NA,NA,NA,NA,NA,NA,NA,NA,NA,NA,NA,NA,NA,NA,NA,NA,NA,NA,8.89784545600551,14.0233212025948,14.0091287895393,13.9728003352245,14.0141076711999,13.9081111101467,14.1457729694491,14.1764848472919,14.2933279469564,14.3096895022556,14.0683584383174,14.2449583931511,14.369733648895,NA,NA
"neg_LPG 22:5_[M-H]-__A","5289","7.493","557.29077","LPG 22:5","[M-H]-","557.28851","C28H47O9P","LPG","78.39806:6023 152.99438:31928 210.70361:5548 220.0914:5617 227.03285:15252 231.21199:11485 245.04074:13876 259.24542:7053 285.2587:76088 303.23373:72751 329.2496:276536 418.56784:8235 557.29486:86731",45.6203736234166,"6050","6.988","557.28748","LPG 22:5","5289",7.493,"[M-H]-","557.28851","1.84823476804554","C28H47O9P","LPG","47.33","557.28748:284142 558.29083:103848 559.29419:20821","83.04945:9539 152.99414:16215 231.20937:7336 243.45468:5905 245.04272:9554 285.25766:43147 329.1579:11552 329.2475:181207 451.17746:6764 521.40369:7790 557.29205:38029","6089.47906166236","88880.5","6.85131053680206",0,0,6.87236774074138,NA,NA,NA,NA,NA,NA,NA,NA,NA,NA,NA,NA,NA,NA,NA,NA,NA,NA,NA,9.10328780841202,NA,NA,NA,NA,9.48381577726426,NA,8.98868468677217,16.3390322718201,16.3238991823973,16.2744691560686,16.3529227657222,16.4603439013523,16.3830461017194,16.5352601864397,16.494105548061,16.50155732467,16.4185114903876,16.4977427078099,16.6035249309012,NA,NA
"neg_LPI 18:1_[M-H]-__A","6226","7.728","597.30701","LPI 18:1","[M-H]-","597.3045","C27H51O12P","LPI","78.95879:7386 97.80987:6363 111.38698:6449 112.42895:5842 116.825:5572 124.29956:6032 152.9946:217075 156.88353:7093 171.00711:8556 178.30199:10967 223.00026:27561 241.01111:83882 255.72539:7279 259.02115:7368 281.24799:195900 315.04816:102689 333.05884:7278 597.30585:381004",29.1553544449824,"6912","7.162","597.30255","LPI 18:1","6226",7.728,"[M-H]-","597.3045","3.2646665142574","C27H51O12P","LPI","16.51","597.30341:109003 598.30676:30353 599.31012:3214","152.99496:37998 178.29466:10194 241.01141:14711 269.4332:5398 281.24774:31900 315.04932:20860 597.30487:62632","2084.9671514744","22153","9.41166953222769",0,0,9.19287552595055,NA,NA,NA,NA,NA,NA,NA,NA,NA,NA,NA,NA,NA,NA,NA,NA,NA,NA,NA,NA,NA,NA,NA,NA,NA,NA,NA,14.4261336899697,14.2637826802452,14.3284645657089,14.3902361442333,14.3939266756404,14.4068693214231,14.5121849034458,14.5908793952606,14.6648916692861,14.4442384380781,14.4491486453754,14.6938136177613,NA,NA
"neg_LPS 18:1_[M-H]-__A","4687","7.729","522.28595","LPS 18:1","[M-H]-","522.28369","C24H46NO9P","LPS","78.95808:60635 80.18404:5327 96.96854:16905 98.19003:5788 126.29431:5284 152.99448:1944618 171.00528:110802 253.25168:5892 281.24701:14453 435.25195:632998 522.28412:80998",35.8726813626358,"5361","7.22","522.28229","LPS 18:1","4687",7.729,"[M-H]-","522.28369","2.68053555336877","C24H46NO9P","LPS","93.08","522.28229:988404 523.28564:278077 524.289:43991","77.58533:4641 78.95885:40688 81.08635:4784 96.96896:11491 144.86969:6106 152.99544:1205114 171.00616:77242 281.24768:10074 401.39154:5302 435.25095:448178 522.28302:70825","13343.7547697813","179656","7.4273916650606",0,0,7.60289278927307,10.4051414631363,10.3847837500933,10.5255208090951,10.0014081943928,10.4199601778479,9.66888498426625,NA,9.3151495622563,9.54303182025524,9.11374216604919,NA,9.1548181090521,9.19721669311005,8.96289600533726,9.19721669311005,8.72451385311995,9.06608919045777,9.18239435340453,8.876516946565,9.2644426002266,9.33539035469392,8.73131903102506,9.01402047031493,9.00842862207058,8.8610869059954,NA,8.92777796208234,17.2420669123288,17.2842186339654,17.3287800966361,17.3260168583489,17.3372386003672,17.4753138714288,17.4923461207339,17.4855384641602,17.5275380944961,17.4341476618803,17.476619646192,17.5982997150248,NA,NA
"neg_LPI 22:4_[M-H]-__A","7398","7.76","647.32269","LPI 22:4","[M-H]-","647.32019","C31H53O12P","LPI","78.95818:20079 87.7984:6018 121.85346:5163 152.99437:490161 171.00504:17760 177.36375:5919 222.99986:66320 240.95912:12607 241.01096:184274 259.02081:24715 287.27499:15786 315.04813:231452 331.26343:483227 333.05664:20063 647.3208:648666",24.5764426573703,"7904","7.175","647.31805","LPI 22:4","7398",7.76,"[M-H]-","647.32019","3.30593736007831","C31H53O12P","LPI","10.28","647.31909:57597 648.32244:21040 649.3258:3084","89.07029:6151 112.74731:5853 143.4024:6240 152.99419:32584 177.16823:6938 178.29665:5914 178.32622:5910 223.00021:6133 241.01205:6716 315.04483:10451 325.36337:6022 331.26288:33156 647.32092:51486","1586.01152122377","17282.5","9.1769797264503",0,0,9.29666776801743,NA,NA,NA,NA,NA,NA,NA,NA,9.02513956227851,NA,NA,NA,8.98868468677217,NA,NA,NA,NA,NA,NA,NA,NA,NA,NA,NA,8.72109918870719,NA,NA,13.8992625026187,13.8669890903781,13.8112743356065,14.0001760994864,14.0442233356896,14.179831356507,14.1258977317603,14.082065857738,14.184100491909,14.071965072954,14.1035337013833,14.2604785448039,NA,NA
"neg_LPG 18:1_[M-H]-__A","4507","8.098","509.29132","LPG 18:1","[M-H]-","509.28851","C24H47O9P","LPG","139.3418:6273 152.99451:47046 178.34245:10401 221.63701:5568 227.03183:15639 245.04494:12680 281.24896:678680 285.63693:6991 509.29193:123659",40.9068524852798,"5139","7.438","509.28763","LPG 18:1","4507",8.098,"[M-H]-","509.28851","1.7279007531411","C24H47O9P","LPG","293.15","509.28763:1444735 510.29098:396940 511.29434:68001","123.35785:6102 128.99796:8202 130.99405:8476 146.86685:7200 152.9946:143293 171.00525:18446 225.02191:5567 227.03076:41993 245.04224:29787 281.24759:2211492 509.28793:399094 509.41669:46566","30845.3339155801","367142.5","8.4014609901006",0,0,8.28093778439461,NA,NA,9.03617361255349,NA,NA,NA,NA,NA,NA,NA,NA,NA,NA,NA,NA,NA,NA,NA,NA,9.00562454919388,NA,NA,NA,8.93073733756289,NA,NA,9.4178525148859,18.3636727927929,18.3961531994082,18.3846277846567,18.4211772673443,18.3844886661217,18.5248095020792,18.5828219079021,18.5863010511419,18.7062531741766,18.446077685072,18.5732107748752,18.6588181508382,NA,NA
"neg_LPG 22:4_[M-H]-__A","5341","8.129","559.30627","LPG 22:4","[M-H]-","559.30408","C28H49O9P","LPG","76.46931:6057 152.99481:21458 171.00533:6864 227.03146:8038 245.04041:11353 331.2644:330374 401.00278:5889 559.30646:54845",38.0972176820371,"6094","7.436","559.30292","LPG 22:4","5341",8.129,"[M-H]-","559.30408","2.07400596832253","C28H49O9P","LPG","13.44","559.30408:251491 560.30743:81106 561.31079:16716","76.32208:5707 94.10542:4999 152.99471:15308 227.03392:7246 245.04449:6110 287.27042:9923 331.26303:325123 523.40247:9571 559.30481:63934","7620.02188565616","88955","8.56615354466433",0,0,8.35240990885576,12.6816776552097,12.7700444002968,12.8273427042341,12.337343147274,12.694575537526,12.5545888516776,12.4141566792741,12.5449644327892,12.4486325677306,12.4109812670438,12.319107575825,12.5493033685136,12.3473445394315,12.3269911749008,12.6923975554685,12.311748315005,12.4850745636986,12.3083390301394,12.0420013062791,12.3202364452416,12.5420645422834,12.4325419003883,12.4286218860911,12.2606255560682,12.4604558963096,12.61194694182,12.4812949046311,16.3800382328768,16.4485680450426,16.2940642678472,16.3783964696587,16.4260845376252,16.4329659298626,16.5219377651963,16.5417318906423,16.7057808606853,16.4069855452803,16.4850745636986,16.6518085037961,NA,NA
"neg_LPI 18:1_[M-H]-__B","6227","8.146","597.30756","LPI 18:1","[M-H]-","597.3045","C27H51O12P","LPI","78.95879:10741 87.37611:5941 104.66155:5303 132.03117:7799 152.99455:296017 153.02426:14311 241.0112:297831 243.73541:5537 259.0192:6805 281.24802:592825 315.04828:208721 333.05518:6665 380.22763:6582 417.24048:101196 597.30573:1352425",32.7804678255929,"6914","7.464","597.30414","LPI 18:1","6227",8.146,"[M-H]-","597.3045","0.602707664182309","C27H51O12P","LPI","26.95","597.30371:78582 598.30706:23456 599.31042:3114","135.64088:5475 152.99426:18521 241.01213:13829 281.24921:34207 301.94174:7235 315.04984:14524 597.30493:65708 597.47498:5746","4212.30073173147","51841","8.1254233748027",0,0,8.17018199610425,NA,NA,NA,NA,NA,NA,NA,NA,NA,NA,NA,NA,NA,NA,NA,NA,NA,NA,NA,9.8073549220576,NA,NA,NA,NA,NA,NA,NA,15.4953241593243,15.5492131069913,15.4539457746008,15.5833472530232,15.6354347221647,15.7225140537355,15.695935108504,15.7072243045488,15.8508949208293,15.6135880531324,15.6877037302136,15.7984718011016,NA,NA
"neg_LPE 22:6_[M-H]-__A","4727","8.196","524.27924","LPE 22:6","[M-H]-","524.27832","C27H44NO7P","LPE","78.95868:1584541 107.08679:959783 117.07068:1214839 119.08384:748204 121.10201:1046190 133.10237:1540078 135.11813:1107241 137.13298:647117 140.01157:4686772 147.11903:756127 149.13362:1260009 152.9962:812939 161.13405:911471 163.07712:619079 163.14876:1047536 175.1478:686527 177.16437:3066150 178.29308:3478485 189.16492:638365 191.18005:2161109 196.03764:5191486 203.17685:644833 206.75327:505687 214.04832:14041491 229.19604:10303398 249.18599:2446786 255.2123:727653 283.24301:62987748 309.22012:821191 327.23291:113376312 524.27856:8702560",54.4402418787115,"5420","7.556","524.27704","LPE 22:6","4727",8.196,"[M-H]-","524.27832","2.44145132675244","C27H44NO7P","LPE","316.29","524.27789:1472587 525.28124:497464 526.2846:86021","78.95823:7684 93.52808:5971 121.10143:8856 133.10185:7082 140.01134:16468 149.13446:5912 161.13344:8070 163.15007:6345 175.73233:5710 177.1646:18219 191.18062:12187 196.03775:31575 214.04822:80628 229.19547:54020 249.18166:12679 283.24249:337976 302.56036:5647 327.23209:693363 524.27441:50150 524.41833:16279","132388.486936262","1310271","10.1039011728308",0,0,9.79418489509632,NA,9.51569983828404,12.7638347994296,NA,NA,NA,NA,NA,NA,NA,NA,NA,NA,NA,NA,9.33539035469392,NA,NA,NA,NA,NA,NA,NA,NA,9.97871045910636,NA,10.1699250014423,20.2134590670527,20.2656379363415,20.2722743886224,20.1946258176486,20.2623369049286,20.3915414905024,20.4243334172346,20.4856455725179,20.5385877600873,20.2871690123858,20.354903626381,20.6324485751911,NA,NA
"neg_LPI 18:1_[M-H]-__C","6225","8.429","597.30695","LPI 18:1","[M-H]-","597.3045","C27H51O12P","LPI","78.95856:15535 96.96905:6029 109.91109:5900 152.99483:315609 160.1732:7222 178.29424:21287 189.21436:5545 222.99956:10064 241.01155:276170 281.24847:590363 315.04916:225005 417.2417:98859 435.24292:7010 597.30688:1281148",22.5975998890083,"6913","7.703","597.30353","LPI 18:1","6225",8.429,"[M-H]-","597.3045","1.62396231727437","C27H51O12P","LPI","29.79","597.30231:56144 598.30566:13371 599.30902:3573","148.11115:4934 148.13957:23502 148.20293:7273 152.99438:14101 241.00925:8982 281.24765:27611 315.04233:10181 597.31421:67678","3852.84207869117","51941","7.41772795805082",0,0,7.26484146897578,NA,NA,NA,NA,NA,NA,NA,NA,NA,NA,NA,NA,NA,NA,NA,NA,NA,NA,NA,NA,NA,NA,NA,NA,NA,NA,NA,15.6398211501132,15.5876017386806,15.5468040475225,15.6312054817922,15.6874303630805,15.7108064336994,15.8088133836946,15.7529555191565,15.7768185358382,15.6103328019111,15.6413744242945,15.9008432281751,NA,NA
"neg_LPG 18:1_[M-H]-__B","4505","8.457","509.28961","LPG 18:1","[M-H]-","509.28851","C24H47O9P","LPG","121.85054:5129 152.995:26478 227.03032:15362 245.03377:7612 281.24933:247014 509.29257:104085",60.0511479406425,"5138","7.699","509.28717","LPG 18:1","4505",8.457,"[M-H]-","509.28851","2.63112160133082","C24H47O9P","LPG","41.61","509.28717:353492 510.29052:95596 511.29388:15226","75.13599:4911 82.87725:5726 108.977:5203 128.99835:6149 130.99504:10933 141.14909:4821 152.99405:47920 178.29343:11093 227.03107:23341 234.63826:6319 245.04347:6989 281.24744:542166 377.35733:6847 509.28751:157667 509.42026:53812","5212.74486816745","67320","7.74323361284529",0,0,7.84093470306244,NA,NA,NA,NA,NA,NA,NA,NA,NA,NA,NA,NA,NA,NA,NA,NA,NA,NA,NA,10.4604558963096,NA,NA,NA,NA,11.3923174227788,12.1366707623419,12.8618623400591,15.8223467616565,15.8725306035526,15.8870301732477,15.9364769149452,16.0549857982963,16.0194169829442,16.0908980774253,16.1165876391438,16.1239193074545,16.02909307133,16.0483378627371,16.1967942067057,NA,NA
"neg_LPE 20:4_[M-H]-__B","4326","8.471","500.27963","LPE 20:4","[M-H]-","500.27829","C25H44NO7P","LPE","78.95833:319615 105.07069:130357 140.01044:1147464 152.99443:151454 163.07376:124114 172.24727:106393 177.0928:188395 196.03726:1566956 205.19522:1868880 214.04736:4637198 217.19815:132376 231.21126:237091 259.24234:8695811 277.64966:114573 285.22198:498350 303.23212:99261688 325.97916:122482 500.2793:3400717",31.1584192583019,"4937","7.781","500.27893","LPE 20:4","4326",8.471,"[M-H]-","500.27829","-1.27928797385106","C25H44NO7P","LPE","3674.5","500.27832:10764015 501.28167:3407891 502.28503:615013","78.9586:24418 83.04939:5732 140.0112:91118 152.99577:17334 163.07652:8748 177.09155:18070 191.10646:8880 196.0376:127411 205.12361:5873 205.19562:141202 214.04811:336786 217.19447:9289 231.2114:21143 259.24265:627435 285.22134:44077 301.21103:9847 303.23193:7418780 321.72098:6535 500.27704:325179","1041643.2186596","11144377","9.34680528718297",0,0,9.18684745146686,12.353698209048,13.3269911749008,16.7321276683078,13.1397112166619,12.0874628412503,12.4599438483749,11.4481163054095,11.2449583931511,11.9421479203949,10.9218409370745,8.82972273508606,11.9087678828492,11.4655664048094,8.82336724004623,11.9758479680068,12.4706588740606,10.7657004876511,12.3174126137649,11.7103759712045,11.4444972871038,12.1692986957929,11.1337844091799,12.2550285698187,11.7784878612224,13.5844927969759,10.270295326472,14.5388557939384,23.2895893384785,23.2926528898594,23.2957521218897,23.2914288681609,23.3597129707457,23.431142407022,23.5430760832075,23.5367454563811,23.5956321935403,23.3881627660916,23.4692445830578,23.6578138721887,NA,NA
"neg_LPE 22:6_[M-H]-__B","4728","8.484","524.27972","LPE 22:6","[M-H]-","524.27832","C27H44NO7P","LPE","75.94518:7535 78.95901:52084 103.27015:8757 103.79197:6554 107.08653:11238 117.07047:11930 121.10198:27732 133.10315:11121 135.11789:21105 137.13412:9640 140.0117:120277 147.11711:11401 147.28578:12309 149.13383:12262 152.99588:41369 161.13246:16408 163.07603:9124 163.14839:14177 175.1499:15319 177.16542:51238 189.16631:12578 191.1813:22275 196.03836:710522 203.179:10292 212.01999:8990 214.04924:203083 229.19662:160374 241.19774:9621 249.18613:43606 255.21175:12993 283.24414:893994 309.22003:16349 327.23416:1704730 450.31509:9109 524.2796:615818",51.7177103749756,"5421","7.782","524.27765","LPE 22:6","4728",8.484,"[M-H]-","524.27832","1.27794717892152","C27H44NO7P","LPE","50.63","524.27765:1431184 525.281:504205 526.28436:87411","78.95783:14856 107.08521:6675 140.01089:26196 152.99617:7908 156.85095:5369 177.16342:18090 196.037:208350 214.04738:55295 221.53519:5590 229.19473:40735 249.1834:9799 276.439:5147 283.24228:249946 327.23218:488251 393.13348:5631 524.27826:192192 524.41461:17590","20559.9537294242","184525","11.1420965882261",0,0,10.9621564267115,NA,NA,9.1873520732005,NA,NA,NA,NA,NA,NA,NA,NA,NA,NA,NA,NA,NA,NA,NA,NA,NA,NA,NA,NA,NA,NA,NA,NA,17.3987019466861,17.3394846909658,17.2949886265508,17.3429167121524,17.4369310914375,17.5201198750882,17.6327254615445,17.6952146954667,17.7296738453084,17.4689978403502,17.5175079246956,17.7320083896669,NA,NA
"neg_LPE 18:2_[M-H]-__A","3887","8.616","476.27963","LPE 18:2","[M-H]-","476.27829","C23H44NO7P","LPE","78.95835:17017 95.0509:5347 118.7318:7195 121.48485:5246 128.87529:5950 129.84775:8355 140.01155:54261 152.99541:9541 196.03796:71767 214.0489:168101 261.22571:9104 279.23401:7820708 476.28174:222403",43.1087604990596,"4443","7.901","476.2771","LPE 18:2","3887",8.616,"[M-H]-","476.27829","2.49853924689332","C23H44NO7P","LPE","380.57","476.27649:1018669 477.27984:310578 478.2832:53822","75.79347:4883 78.95788:6219 140.01091:12520 196.03598:16291 214.04729:42781 279.23181:1707661 431.70651:6697 476.14377:12608 476.28467:97676","97276.1075369378","917024","10.6078038892044",0,0,10.1676558854558,NA,8.76155123244448,12.2027360432502,8.7944158663501,NA,9.12928301694497,NA,NA,NA,9.76487159073609,NA,NA,NA,NA,8.84862294042934,NA,NA,NA,8.9915218460757,9.01680828768655,NA,NA,NA,NA,9.01680828768655,NA,10.4335854411505,19.730798479584,19.7252231157193,19.7494079079527,19.7697200285361,19.8035856461571,19.8096080017727,19.9582539165754,19.9469633708696,20.0607091234051,19.7719858779295,19.8489987970417,20.1603330904133,NA,NA
"neg_LPE 20:4_[M-H]-__C","4329","8.768","500.28046","LPE 20:4","[M-H]-","500.27829","C25H44NO7P","LPE","78.95898:305876 101.69511:43662 122.00164:64104 140.01181:752152 152.99599:201683 163.07637:57910 177.09309:97944 178.33948:103404 191.10675:47740 196.03822:4648572 200.11319:55658 205.19618:579351 205.46399:45713 214.04901:1243460 231.21358:77372 259.24368:2806909 285.22528:178414 303.2337:29780148 500.27957:4563836",31.534211727519,"4936","8.025","500.27863","LPE 20:4","4329",8.768,"[M-H]-","500.27829","-0.679621736122576","C25H44NO7P","LPE","511.45","500.27863:11687555 501.28198:3738687 502.28534:664968","78.95804:71877 122.00089:7285 139.2702:6023 140.01065:163333 152.99495:44616 163.07532:13306 177.09065:13712 191.10968:8952 196.03697:1021428 205.19493:128882 214.04762:283973 217.19229:6323 231.21101:21310 259.24234:568881 285.22198:39230 301.2146:9832 303.23199:6575733 439.21609:6783 500.27896:1110147","168236.167085255","1270745","13.239176001893",0,0,12.9787480439345,NA,9.00842862207058,11.9854861991046,NA,9.08746284125034,9.21431912080077,NA,NA,8.95710204156229,NA,NA,NA,NA,NA,8.876516946565,NA,NA,NA,NA,11.8004955004668,NA,NA,9.55074678538324,8.62935662007961,NA,NA,NA,20.1135895714947,20.0789273735307,20.1045040572151,20.1262305671221,20.1783536235129,20.2974335254276,20.4041332824707,20.4862359996981,20.6348207971203,20.2567661432242,20.3661290137195,20.4942178830293,NA,NA
"neg_LPE 22:5_[M-H]-__A","4754","8.79","526.29572","LPE 22:5","[M-H]-","526.29388","C27H46NO7P","LPE","78.95848:47117 140.0114:139839 152.99388:22995 178.34015:34603 179.18042:20427 196.03799:182034 214.04848:509847 214.09599:28764 231.21188:145734 243.21222:20408 245.1619:23105 251.20184:81067 268.02472:18451 285.25873:934346 311.23776:49944 327.23117:24190 329.24881:12304917 411.17889:19689 526.29523:650756",24.2088111375568,"5452","8.04","526.2937","LPE 22:5","4754",8.79,"[M-H]-","526.29388","0.342014237369226","C27H46NO7P","LPE","439.01","526.2937:590655 527.29705:222871 528.30041:32048","91.28033:5560 101.41901:5930 196.03731:11836 214.04723:28212 231.2099:7470 251.2011:5721 285.25772:47120 329.2475:642292 398.30515:6357 526.29559:36209 526.44592:15181","149143.634642536","1376794","10.8326761042346",0,0,10.628744669057,NA,NA,13.413363481211,NA,NA,NA,NA,NA,NA,NA,NA,NA,NA,NA,NA,NA,NA,NA,NA,NA,NA,NA,NA,NA,9.85953478638265,NA,10.8872206154684,20.2826280750147,20.2812610773609,20.2564367642115,20.2550919796389,20.301687084731,20.411225459467,20.4887227676724,20.5231780995387,20.679443158837,20.3743008524249,20.4524966467984,20.6507704130877,NA,NA
"neg_LPE 18:2_[M-H]-__B","3889","8.95","476.28015","LPE 18:2","[M-H]-","476.27829","C23H44NO7P","LPE","78.95885:13818 106.89738:5281 112.59696:6562 140.01178:41247 152.99529:13121 196.03807:257962 214.04893:60209 218.65669:5512 279.23337:2785396 476.27875:312643",46.941663346518,"4444","8.186","476.27792","LPE 18:2","3889",8.95,"[M-H]-","476.27829","0.776856740692879","C23H44NO7P","LPE","101.12","476.27789:196882 477.28124:56786 478.2846:10485","78.95827:7342 82.50658:5913 140.01276:6131 196.03653:37444 214.04666:8652 279.23203:427196 315.7948:5202 476.27936:53392","33483.4649459681","254842","13.1389115396866",0,0,12.7756411436226,NA,NA,NA,NA,NA,NA,NA,NA,NA,NA,NA,8.74146698640115,NA,NA,NA,8.74483383749955,NA,NA,NA,9.81057163474115,NA,8.66177809777199,NA,NA,8.73470962022584,NA,NA,17.8303790318462,17.8125471091968,17.8304161717929,17.8208333829801,17.7888011588686,17.9117255163357,18.0052462394827,18.1275913672992,18.2457569448544,18.0505926724665,18.170947057077,18.275160589988,NA,NA
"neg_FA 20:3_[M-H]-__A","1499","8.975","305.24997","FA 20:3","[M-H]-","305.2486","C20H34O2","FA","305.24799:39936",39.4628688873818,"1382","9.857","305.24817","FA 20:3","1499",8.975,"[M-H]-","305.2486","1.4086878694755","C20H34O2","FA","809.8","305.24817:10022425 306.25152:2204123 307.25488:221370","79.64257:6550 83.04854:17878 97.06429:12585 113.05965:8532 155.10797:7190 168.11406:11003 178.28484:6984 191.10294:6330 207.20781:14700 219.13792:5829 233.22568:31806 261.25714:81906 285.2186:7782 287.23676:95660 303.23212:58756 305.24701:7678920","156673.357432894","3805430.5","4.11709943021937",0,0,4.07968289283587,11.2203783276952,11.5774288280357,12.6597729618816,12.2434715383963,12.0059753565004,11.8037275265531,12.1475229443507,12.1324997296285,12.1655351413779,12.1341054004018,12.0014081943928,12.333714426094,12.6686634231753,12.4048754550152,12.5072991241228,12.4320198468125,12.3151495622563,12.7708703313575,12.3791075655611,12.5922234213594,13.1854949242109,12.827938080145,12.4698961486709,12.6225094546833,11.4215389068483,10.5507467853832,12.1987519651937,21.8916620893413,21.8372290797844,21.8025412136077,21.8070632099917,21.857279799747,21.8674910368554,21.930220462492,21.8569285044768,21.9780889650668,21.8106226234403,21.8619728660531,21.9594834099745,NA,NA
"neg_LPE 22:5_[M-H]-__B","4755","9.08","526.2959","LPE 22:5","[M-H]-","526.29388","C27H46NO7P","LPE","78.959:43660 140.0116:93945 152.99573:25939 183.06235:9248 196.03833:633625 213.73676:9185 214.04898:168793 231.21219:58426 251.19975:19405 257.23212:12282 285.25955:347018 311.05942:9423 311.23874:26004 329.24945:4301072 430.73157:9834 526.29523:920780",23.2457249953807,"5451","8.286","526.29321","LPE 22:5","4755",9.08,"[M-H]-","526.29388","1.27305299446011","C27H46NO7P","LPE","51.36","526.29321:1110164 527.29656:365474 528.29992:61745","78.95837:12452 79.50276:5242 90.08938:5085 97.25775:6598 140.01062:20561 195.9989:11006 196.03702:137075 214.04813:38614 231.21025:9648 285.25851:75588 314.16306:5581 329.24805:860744 382.32669:5465 526.2934:177544 526.43988:30764","15126.6410549751","137407","11.0086393378614",0,0,10.5187220275637,NA,NA,NA,NA,NA,NA,NA,NA,NA,NA,NA,NA,NA,NA,NA,NA,NA,NA,NA,NA,NA,NA,NA,NA,NA,NA,NA,16.9604318881643,17.0373539068032,16.9741232607605,17.0151972377806,17.0506458094268,17.1646025368096,17.2120878525439,17.2878025451719,17.3091565721617,17.0153823822921,17.0853375944194,17.4087692366692,NA,NA
"neg_LPE 20:3_[M-H]-__A","4365","9.239","502.29605","LPE 20:3","[M-H]-","502.29391","C25H46NO7P","LPE","78.95782:7031 123.03121:5333 140.01086:24883 152.91046:6934 178.33603:8570 196.03641:34719 214.04819:75363 219.98642:6042 261.2565:15430 305.24854:2945206 318.13794:5525 502.29608:109052",35.6495702104784,"4975","8.442","502.29285","LPE 20:3","4365",9.239,"[M-H]-","502.29391","2.11031823976404","C25H46NO7P","LPE","189.94","502.29309:392057 503.29644:108784 504.2998:25035","78.95815:5650 137.67505:5503 196.03723:9490 214.04607:21456 261.26169:7584 305.24765:776304 502.15274:9973 502.29651:37022","34341.5129301744","421763.5","8.14236246858118",0,0,8.05450260950816,NA,NA,11.1873520732005,NA,NA,NA,NA,NA,NA,NA,NA,NA,NA,NA,NA,NA,NA,NA,NA,NA,NA,NA,NA,NA,8.98299357469431,NA,NA,18.6204059935652,18.5611424808014,18.5750073559014,18.548746665809,18.6278793842923,18.7513315670561,18.7516976876798,18.8367900595952,18.8633544832812,18.6851525688738,18.6869962863431,18.8612505088075,NA,NA
"neg_FA 20:3_[M-H]-__B","1496","9.241","305.24976","FA 20:3","[M-H]-","305.2486","C20H34O2","FA","305.24893:579177",34.7876874630559,"1376","10.229","305.24741","FA 20:3","1496",9.241,"[M-H]-","305.2486","3.89846177839387","C20H34O2","FA","160.2","305.24731:1175833 306.25066:311324 307.25402:28004","76.18904:5489 305.24725:129470","38324.3159317471","885329.5","4.32881948830883",0,0,4.33928135142829,11.2796105810525,11.1465686757408,11.5435152161522,11.9978851278291,11.6160893135821,11.860699032612,12.120237877342,12.2644426002266,12.0761475280225,12.0867996856235,12.0525680508041,12.2443638351205,12.661778097772,12.2767060198924,12.4830599778717,12.4747199465265,12.360298426618,12.5727002264873,12.3915121227071,12.7756102807595,14.7816670731908,12.5068034377957,12.4698961486709,12.6597729618816,11.667111542075,10.5603328342124,11.9410476063406,19.7613288457004,19.7364977254987,19.6399412354834,19.6595151554854,19.8185150863077,19.7236309501612,19.7993258954694,19.820471930225,19.8115095384504,19.6877259390181,19.750360243506,19.8044981662716,NA,NA
"neg_LPE 22:5_[M-H]-__C","4756","9.341","526.29596","LPE 22:5","[M-H]-","526.29388","C27H46NO7P","LPE","76.67377:5726 78.95866:12572 105.25871:5775 121.10068:6986 140.01003:44438 152.99498:12722 163.07526:9329 177.16409:6793 179.17986:25766 196.03668:61341 214.00626:10269 214.04718:163021 214.09543:8714 231.21049:120642 251.20171:21870 257.22675:7087 285.25772:633413 311.23694:12702 329.24802:2305171 526.29456:140913",18.375218670228,"5449","8.528","526.2923","LPE 22:5","4756",9.341,"[M-H]-","526.29388","3.00212497243921","C27H46NO7P","LPE","127.13","526.29315:509169 527.2965:162619 528.29986:24987","184.73662:5039 196.03491:10675 214.0471:31121 231.2122:18649 236.12019:5402 285.25778:123192 329.24744:445358 476.32294:9051 526.29401:29840 526.44617:20016","41565.6895202697","405343","10.2544485831184",0,0,9.85217001206338,NA,NA,10.9322147519684,NA,NA,NA,NA,NA,NA,NA,NA,NA,NA,NA,NA,NA,NA,NA,NA,NA,NA,NA,NA,NA,NA,NA,NA,18.5929460480902,18.5545026674993,18.597208742261,18.5270225796396,18.5945797475493,18.6596823865055,18.7661632970587,18.8658389708716,18.8690606135675,18.5527328803703,18.6687984410148,18.9153659060835,NA,NA
"neg_LPG 18:0_[M-H]-__A","4532","9.523","511.30612","LPG 18:0","[M-H]-","511.30411","C24H49O9P","LPG","152.9957:117559 158.2953:5277 171.00656:10155 178.29413:10870 227.03333:30812 245.04228:23397 269.64511:5586 283.26471:1393054 291.39514:6351 341.18668:5549 511.30472:294950",42.3569593071937,"5181","8.641","511.30228","LPG 18:0","4532",9.523,"[M-H]-","511.30411","3.57908329738247","C24H49O9P","LPG","44.56","511.30298:413916 512.30633:127402 513.30969:17391","81.44515:5268 85.34808:5045 130.99455:5997 144.93697:5866 152.99458:39745 169.63528:5903 227.02948:15702 245.04532:10305 283.26315:622083 437.39893:6184 511.30392:134205 511.43729:40581","3987.80469245317","85615.5","4.65780693034926",0,0,4.67574284005863,NA,NA,NA,NA,NA,NA,NA,NA,NA,NA,NA,NA,NA,NA,NA,NA,NA,NA,NA,NA,NA,NA,NA,NA,NA,NA,NA,16.2974357644987,16.3055096048099,16.3298488829748,16.3971398062356,16.4286873070203,16.3739356679981,16.4163852135722,16.4075499280125,16.4755434568578,16.3213468140264,16.3029601532484,16.4868978553446,NA,NA
"neg_LPE 20:3_[M-H]-__B","4368","9.535","502.29651","LPE 20:3","[M-H]-","502.29391","C25H46NO7P","LPE","78.95901:10190 95.96716:6130 140.01149:23078 152.99637:8121 178.29579:13494 196.03745:131477 214.04793:37619 253.21855:5797 305.24878:1458580 502.29437:201598",35.750560499651,"4976","8.724","502.29288","LPE 20:3","4368",9.535,"[M-H]-","502.29391","2.05059225177039","C25H46NO7P","LPE","44.78","502.29288:858091 503.29623:260216 504.29959:41306","78.16951:5226 78.95744:7828 140.01015:16486 148.23534:5302 178.32933:11047 196.0368:106918 214.04756:24210 305.24759:1019380 502.13254:7437 502.29526:163721","5176.93696439635","68995.5","7.50329654020386",0,0,7.35957981655988,NA,NA,NA,NA,NA,NA,NA,NA,NA,NA,NA,NA,NA,NA,NA,NA,NA,NA,NA,NA,NA,NA,NA,NA,8.7944158663501,NA,NA,16.0334445110241,16.0060411233748,15.9539690534765,16.0180914856638,16.0524831439365,16.095623662403,16.1946414465128,16.1172981313725,16.3122271001995,16.0367531503938,16.1402506278047,16.2228703556565,NA,NA
"neg_LPE 16:0_[M-H]-__A","3550","9.564","452.27994","LPE 16:0","[M-H]-","452.27829","C21H44NO7P","LPE","78.95812:12407 140.01051:40321 148.62454:6555 178.29933:12528 196.03735:52194 214.04828:125568 255.233:5599724 452.28531:182252",15.4282162708067,"3994","8.753","452.27676","LPE 16:0","3550",9.564,"[M-H]-","452.27829","3.38287296523225","C21H44NO7P","LPE","116.05","452.27676:426411 453.28011:104319 454.28347:11790","86.04817:5369 140.01144:7408 196.03749:9306 214.04623:21072 255.23175:1025544 452.28204:33933","34538.2931834034","312332","11.0581987063136",0,0,11.0020054593551,10.9563761572497,11.3174126137649,12.4721831161895,11.2197735508929,10.0993478104032,10.8887432488983,NA,NA,NA,NA,NA,NA,NA,NA,NA,NA,NA,NA,NA,9.31288295528435,NA,NA,8.67948009950545,NA,9.50581155391959,9.68650052718322,NA,18.1243434839777,18.0875560730678,18.0614081118809,18.0847149782472,18.1289408193377,18.2195561472887,18.2851402875578,18.384695231239,18.4452654716624,18.3434806936579,18.3360314061682,18.5253372795656,NA,NA
"neg_LPG 18:0_[M-H]-__B","4533","9.839","511.30664","LPG 18:0","[M-H]-","511.30411","C24H49O9P","LPG","96.08765:5676 118.93245:5030 152.99567:93001 185.23813:6034 223.35439:5647 227.03207:39052 245.04156:12238 283.26489:729594 372.19119:5744 419.25098:6649 495.06586:6144 511.30551:388736",38.4864619190662,"5182","8.96","511.30313","LPG 18:0","4533",9.839,"[M-H]-","511.30411","1.91666755811919","C24H49O9P","LPG","25.43","511.30313:226969 512.30648:72361 513.30984:16383","102.08522:5233 106.88545:5794 152.99445:31067 227.02884:19443 231.56529:6967 283.26324:254701 504.83136:5868 511.30365:154130 511.43494:24598","3535.24724607899","49392.5","7.15745760202256",0,0,7.25878743830768,NA,NA,NA,NA,NA,NA,NA,NA,NA,NA,NA,NA,NA,NA,NA,NA,NA,NA,NA,12.6908710092923,NA,NA,NA,8.57364718749332,NA,NA,NA,15.5004062174546,15.5904408550241,15.4915712924337,15.6032786098684,15.5048189876328,15.5935661965182,15.6623902227334,15.6477675743897,15.6975920519198,15.3319665944236,15.4963544885646,15.6974020075027,NA,NA
"neg_LPE 22:4_[M-H]-__B","4783","9.869","528.31128","LPE 22:4","[M-H]-","528.30957","C27H48NO7P","LPE","78.958:739010 140.01054:1975470 169.45691:308817 178.34071:649759 196.03682:3369494 205.12163:355642 214.04742:8507814 233.22774:1304950 259.24258:344156 287.27393:6842742 313.25287:904270 329.24774:352057 331.26358:249602736 528.31091:12622978",17.4274303756066,"5482","9.024","528.30811","LPE 22:4","4783",9.869,"[M-H]-","528.30957","2.76353123785328","C27H48NO7P","LPE","802.19","528.30847:1583776 529.31182:530961 530.31518:192551","78.95744:10486 140.01056:21891 152.99393:5770 196.03574:22633 214.047:73548 233.2256:13933 287.27338:66835 313.24863:7288 331.26328:2403498 528.3103:134741","172598.052931251","2073209","8.32516417453578",0,0,8.15575074597498,NA,9.34207466799914,13.7732422526853,9.7262181593322,9.5077946401987,8.70390357344466,NA,NA,NA,11.9004894848346,9.37937836707126,NA,10.2443638351205,10.2620948453702,9.66355810421727,NA,NA,NA,9.19475685442225,NA,NA,NA,9.16490692667569,NA,NA,NA,12.5030803517529,20.9175461758842,20.9666906154018,20.8988640989192,20.8631691843119,20.9098447533328,21.0110975560099,21.1110732500671,21.1828180469622,21.1786113635589,20.9236002400592,20.999985553385,21.1420858615788,NA,NA
"neg_LPE 18:1_[M-H]-__A","3921","9.909","478.29578","LPE 18:1","[M-H]-","478.29391","C23H46NO7P","LPE","78.95717:549096 99.31637:142313 119.1917:147807 131.23907:271097 140.00935:1688985 145.39745:119877 152.99243:372325 196.03537:2375137 214.04556:5636412 227.32558:125568 281.24512:250506432 418.81546:180121 478.29044:9704112",42.7443226314086,"4474","9.073","478.29294","LPE 18:1","3921",9.909,"[M-H]-","478.29391","2.02804171183207","C23H46NO7P","LPE","564.9","478.29306:1061623 479.29641:321980 480.29977:52463","78.95781:9273 135.23518:5429 140.01082:17840 152.22722:5481 168.36493:5302 193.44914:5391 196.03644:19493 214.04727:54002 229.87411:5760 281.24741:2172584 401.54575:6286 478.15445:6487 478.29465:94234","138400.041927871","1664213.5","8.31624319402953",0,0,8.15395666667476,11.7095146607067,11.8257538328831,13.1294440230319,11.3314768218596,12.0851404617018,11.4594316186373,10.12153351734,10.8105716347411,10.7313190310251,9.31741261376487,8.92777796208234,11.3459595964041,10.6573184495813,9.70735913208088,11.3275526440812,10.6995724532873,9.83289001416474,11.3858624006415,10.1254134704833,11.6434052771157,11.0861362250273,NA,12.0569763361782,11.0674343607565,10.5018371849023,9.319672120947,12.2609195336629,20.567057378133,20.6243599662278,20.5854027091403,20.5313376702799,20.6114715346615,20.6683448694831,20.7973353882442,20.775267864954,20.8620349385831,20.6644707223186,20.7186683230425,20.8804945471955,NA,NA
"neg_LPE 16:0_[M-H]-__B","3553","9.929","452.2804","LPE 16:0","[M-H]-","452.27829","C21H44NO7P","LPE","78.95911:14024 140.01151:30842 152.99535:9566 196.03853:215709 214.04892:47053 255.23387:2325516 452.27966:264317",33.1463912368269,"3995","9.099","452.27689","LPE 16:0","3553",9.929,"[M-H]-","452.27829","3.09543931468936","C21H44NO7P","LPE","848.47","452.27768:4904007 453.28103:1402822 454.28439:196042","78.95797:36663 96.1169:5256 140.01064:89262 152.99443:26676 196.0368:546620 214.04776:116168 255.23186:5828865 258.84277:5895 452.27872:784110","68995.6843926532","1613781.5","4.27540434641574",0,0,4.30635635960844,10.6036263449862,10.4928546201748,11.6036263449862,10.0620461377205,10.0042204663182,10.3923174227788,8.81378119121704,NA,NA,NA,NA,NA,NA,NA,NA,8.90689059560852,NA,9.81698362325538,9.28771237954945,13.0420013062791,NA,NA,8.83289001416474,NA,11.1286388128526,10.5077946401987,10.6073303137496,20.5642248641276,20.5764529764599,20.5227845645254,20.5235351564246,20.5669645055928,20.6307559286663,20.6300893371797,20.6156062901069,20.6974461271879,20.6513565662347,20.6283930287389,20.7170278904722,NA,NA
"neg_LPE 22:4_[M-H]-__C","4785","10.151","528.31134","LPE 22:4","[M-H]-","528.30957","C27H48NO7P","LPE","78.95915:294640 87.1758:54798 100.29173:52795 117.98199:56617 140.01189:651748 152.99586:168509 155.18153:53516 196.03856:4080572 214.0493:1060285 233.22765:221916 287.2756:1064276 313.25775:95007 329.25616:82922 331.26544:35503884 528.31207:6719282",22.1126706024481,"5481","9.296","528.3078","LPE 22:4","4785",10.151,"[M-H]-","528.30957","3.35030841853757","C27H48NO7P","LPE","68.44","528.30823:801833 529.31158:271734 530.31494:48777","77.77814:4986 78.95843:8000 140.0117:12022 196.0378:90616 214.04761:27658 238.12915:5686 287.2746:22695 331.26385:805914 528.30835:184676","24946.8534159333","183274","13.6117798574447",0,0,13.1465694056992,NA,NA,NA,NA,NA,NA,9.06339508128851,NA,10.0237543532994,12.1472049249422,10.7565563225241,9.49385544924082,11.319107575825,10.0237543532994,11.0741414627525,NA,NA,NA,NA,NA,NA,NA,9.03342300153745,NA,NA,NA,NA,17.3211970522285,17.344235216343,17.3368551968775,17.3541718859792,17.4583825809361,17.5003673126542,17.6246098534025,17.6886054744182,17.875251395581,17.466721743333,17.5312367572832,17.7734418833013,NA,NA
"neg_LPE 18:1_[M-H]-__B","3926","10.241","478.29623","LPE 18:1","[M-H]-","478.29391","C23H46NO7P","LPE","76.36062:5792 78.95874:23950 140.01154:71622 152.99606:21744 178.33734:16003 196.03818:455505 214.04846:109979 281.24908:5120544 415.41104:5595 417.2431:11579 441.77893:5666 478.29419:670823",46.3380793375734,"4478","9.394","478.2937","LPE 18:1","3926",10.241,"[M-H]-","478.29391","0.439060576751629","C23H46NO7P","LPE","607.22","478.29395:790380 479.2973:236396 480.30066:32847","78.95776:7351 140.00977:13107 141.95862:5889 196.03638:117476 214.04742:27057 281.24728:1123949 455.64667:6577 478.29367:169334","73121.6155830632","1397526.5","5.23221674745082",0,0,5.12406437405567,8.82336724004623,9.8703647195834,10.7846348455575,9.04984854945056,9.09011241966429,8.77478705960117,NA,10.3398500028846,9.49785183695112,NA,8.82654848729091,NA,NA,NA,NA,10.237209960755,8.90388184573618,10.0112272554233,9.31061278165953,14.0930873904442,NA,NA,9.96866679319521,9,10.364134655008,9.32192809488736,9.58496250072116,20.395105236103,20.3846773160481,20.3639593358372,20.3807379530338,20.384443344308,20.4189406922182,20.5352611358308,20.4099336679382,20.5859986106863,20.4551807052056,20.4735135264879,20.526844015805,NA,NA
"neg_LPE 18:1_[M-H]-__C","3922","10.493","478.29587","LPE 18:1","[M-H]-","478.29391","C23H46NO7P","LPE","78.95848:9987 140.01044:20773 178.79156:5954 196.03717:125595 214.04909:22671 281.24905:1333186 310.3743:5459 426.72192:6518 478.29715:182684",45.6862763053797,"4470","9.646","478.29214","LPE 18:1","3922",10.493,"[M-H]-","478.29391","3.70065343287554","C23H46NO7P","LPE","339.21","478.29297:1165778 479.29632:329420 480.29968:49209","76.44061:5770 78.95799:12272 85.04287:5178 136.44989:5750 140.01129:24844 152.99428:5617 196.03714:162220 214.04823:35699 281.24783:1666902 478.29453:264097","25602.9450062375","729053.5","3.51180606172764",0,0,3.50759669326993,9.01402047031493,8.86418614465428,NA,NA,NA,8.83289001416474,NA,NA,NA,NA,NA,NA,NA,NA,NA,9.08480838780436,NA,NA,NA,9.19967234483636,NA,NA,9.03342300153745,8.90086680798075,8.62935662007961,NA,NA,19.3756821965861,19.446271578865,19.4440321345052,19.4286791295664,19.4592314794892,19.5143634763428,19.5383348344316,19.4820437485334,19.5257673901408,19.4692701742967,19.482031927702,19.5532224137023,NA,NA
"neg_LPE 20:2_[M-H]-__B","4402","10.635","504.31152","LPE 20:2","[M-H]-","504.3096","C25H48NO7P","LPE","78.95855:7219 92.83018:5640 96.45509:5523 140.01166:19634 179.33513:5383 187.73549:6250 190.02173:5617 196.0379:132155 214.04916:37967 237.07336:6563 307.26483:1707431 504.3114:240454",35.9597958358687,"5002","9.779","504.30789","LPE 20:2","4402",10.635,"[M-H]-","504.3096","3.39077423868744","C25H48NO7P","LPE","35.61","504.30789:448201 505.31124:142679 506.3146:45264","90.2528:5583 140.01094:11798 162.57155:5264 178.29369:8274 196.0361:65132 214.04742:12781 283.59909:6674 307.26257:763931 345.24161:6175 504.30899:157415","2841.97630100157","46573.5","6.10213168647743",0,0,6.04338279365581,NA,NA,NA,NA,NA,NA,NA,NA,NA,NA,NA,NA,NA,NA,NA,8.93957921431469,NA,NA,NA,12.0741414627525,NA,NA,NA,NA,NA,NA,NA,15.5148681273192,15.3765663262962,15.4893462407191,15.4670960339058,15.5243274496074,15.4995344983701,15.4916339202789,15.555727498206,15.5436058348539,15.4588871751946,15.5732921499522,15.7314516255788,NA,NA
"neg_LPE O-18:1_[M-H]-__A","3740","11.097","464.31653","LPE O-18:1","[M-H]-","464.31461","C23H48NO6P","EtherLPE","78.95812:7799 80.53819:5996 136.79535:5487 140.01175:16638 403.25659:20936 464.31619:167820",44.6676230002087,"4246","11.975","464.31403","LPE O-18:1","3740",11.097,"[M-H]-","464.31461","1.24915302581922","C23H48NO6P","EtherLPE","709.25","464.31467:12190898 465.31802:3616581 466.32138:585687","78.95843:376920 100.99759:5050 110.98531:5132 122.00069:19317 134.98456:8783 140.01131:866390 152.99524:60321 166.02737:15617 196.03754:2069135 265.25574:8409 267.26874:877278 403.26083:385448 421.26984:32808 464.31277:6825721","402062.227117064","11855551.5","3.39134140758499",0,0,3.4022025043674,NA,9.39016895620018,10.9121408562957,8.84549005094438,NA,10.0084286220706,NA,8.99435343685886,9.7944158663501,NA,NA,9.7944158663501,NA,8.82017896241519,9.94104760634058,8.8703647195834,8.63662462054365,9.41362792902417,NA,9.05528243550119,NA,NA,8.58871463558226,NA,NA,NA,NA,23.5000356066288,23.494667867816,23.4206711280574,23.384460076655,23.4980826130252,23.5393010651844,23.5232106499396,23.5173125586092,23.5608263249744,23.4668611181913,23.4894261159847,23.5291271550897,NA,NA
"neg_LPE 18:0_[M-H]-__A","3962","11.469","480.31165","LPE 18:0","[M-H]-","480.3096","C23H48NO7P","LPE","80.40177:5418 126.51766:5843 151.80215:5331 178.29372:12270 196.03671:6952 214.04889:8789 283.26453:576280 480.31775:34506",53.5673137436211,"4530","10.621","480.30801","LPE 18:0","3962",11.469,"[M-H]-","480.3096","3.31036481462098","C23H48NO7P","LPE","124.82","480.30988:832450 481.31323:233202 482.31659:32718","75.04534:5257 78.95849:5870 79.43673:6512 106.5304:5640 111.10841:5112 140.01019:8681 149.72366:5300 178.29121:7676 196.03546:9464 214.04671:34733 283.26312:1343328 480.314:74534","35557.3976073343","384598","9.24534126733219",0,0,8.95823073096239,9.44294349584873,NA,9.27612440527424,NA,NA,NA,NA,8.99717948093762,8.85174904141606,NA,NA,NA,NA,NA,8.87344411251538,NA,NA,NA,NA,8.76155123244448,NA,NA,NA,NA,NA,NA,NA,18.4962920653103,18.4525469183165,18.5069777219331,18.4538292550348,18.4861200946217,18.5134615992041,18.6605878844752,18.7267370402079,18.7554418167686,18.5914675607524,18.6586299018348,18.8177893661128,NA,NA
"neg_LPE 20:1_[M-H]-__A","4451","11.676","506.32709","LPE 20:1","[M-H]-","506.3252","C25H50NO7P","LPE","75.57082:5933 78.95849:11384 97.93939:6615 140.01118:39716 144.3486:7974 147.23358:6332 152.99606:7277 196.0381:68651 214.04834:149007 309.27988:7129210 506.32632:371663",21.3837408815656,"5053","11.21","506.32333","LPE 20:1","4451",11.676,"[M-H]-","506.3252","3.69327854903668","C25H50NO7P","LPE","14.03","506.32504:318185 507.32839:101140 508.33175:59458","111.09272:5586 134.1722:7261 196.0358:23355 214.04645:5313 309.27899:253133 446.35422:12929 506.32639:55626","4658.97502058385","114431.5","4.07140955120211",0,0,4.09279184006827,NA,NA,8.80413102118332,NA,NA,NA,NA,NA,NA,NA,NA,NA,9.01680828768655,NA,NA,NA,8.8610869059954,NA,NA,9.68650052718322,NA,NA,NA,NA,NA,NA,NA,16.8709185326426,16.850907126113,16.694793155,16.729302091969,16.8156834924592,16.7697216425065,16.7796552407779,16.8304409312263,16.8616927494683,16.7119895437257,16.7924725858427,16.8378003761657,NA,NA
"neg_LPE 18:0_[M-H]-__B","3955","11.871","480.3111","LPE 18:0","[M-H]-","480.3096","C23H48NO7P","LPE","78.95824:42997 131.81947:6274 140.0106:105383 148.79651:6427 152.99445:28495 196.03685:710229 214.04747:122674 283.26328:7937353 480.30981:1280959",46.7952265623836,"4537","11.033","480.30917","LPE 18:0","3955",11.871,"[M-H]-","480.3096","0.895255893270464","C23H48NO7P","LPE","5302.36","480.30954:12718483 481.31289:3843856 482.31625:659481","78.95079:5862 78.95811:64330 134.98416:6067 140.01062:170584 152.99451:48049 166.02434:5395 193.21667:5283 196.03697:1165548 214.04764:249809 214.08524:3908 283.26324:12352756 404.28656:12009 419.26288:10792 438.40137:8838 480.30984:2169748","345723.623832186","12837767.5","2.6930198247646",0,0,2.68176609443486,13.8092657100945,13.2162911557571,14.062720767165,13.5048189876328,13.3512153218556,13.4088604360248,11.6497052654714,12.212496385194,12.1189410727235,11.4888443464573,10.9121408562957,11.8486229404293,11.8722901102881,11.1414685553931,11.6397928932793,12.4691330198296,10.9336906549522,11.7710767402628,11.7710767402628,14.2721923616446,11.9173720794768,10.4938554492408,12.0654161346765,11.4988492065317,13.7698378436294,13.5163156114979,13.1645927167124,23.5926843429986,23.6118528632535,23.5785149316603,23.5688805319165,23.6262697231433,23.6004232673108,23.6268329468877,23.664030983665,23.6439067105137,23.597851493253,23.6159262663501,23.7063952596749,NA,NA
"neg_DLCL 36:4|DLCL 18:2_18:2_[M-H]-__A","12706","12.179","923.50909","DLCL 36:4|DLCL 18:2_18:2","[M-H]-","923.50562","C45H82O15P2","DLCL","129.42635:5517 141.80014:5471 152.99484:58115 178.33781:7986 191.0455:6330 279.22943:11388 433.2363:15450 923.49878:11763",21.8237927060785,"12918","11.321","923.50269","DLCL 36:4|DLCL 18:2_18:2","12706",12.179,"[M-H]-","923.50562","3.17269319919472","C45H82O15P2","DLCL","27.11","923.50269:33642 924.50604:18001 925.5094:4985","77.39359:6752 92.83621:5418 152.99419:45063 279.23352:5849 433.24146:12437 923.49774:8836","2029.3140858652","42053","4.82561074326493",0,0,4.83547072030023,NA,NA,NA,NA,NA,NA,8.93073733756289,NA,NA,NA,NA,NA,NA,NA,NA,NA,NA,NA,NA,NA,NA,NA,NA,NA,NA,NA,NA,15.3576207289263,15.3284295024568,15.3622178159131,15.240791332162,15.2853660932336,15.3979419719726,15.3837717822428,15.4700232975751,15.412073603508,15.3030672138429,15.2815678592516,15.4422955886025,NA,NA
"neg_DLCL 36:4|DLCL 18:2_18:2_[M-H]-__B","12705","12.462","923.50909","DLCL 36:4|DLCL 18:2_18:2","[M-H]-","923.50562","C45H82O15P2","DLCL","93.91337:6419 107.3846:6705 152.99474:87162 171.00424:7150 279.23358:11050 387.43954:5784 433.23566:36293 923.5152:17680",20.9136005794094,"12919","11.623","923.50336","DLCL 36:4|DLCL 18:2_18:2","12705",12.462,"[M-H]-","923.50562","2.44719680209243","C45H82O15P2","DLCL","20.88","923.50378:61651 924.50713:29341 925.51049:11558","78.95737:6265 139.88681:6447 152.99455:94680 268.54413:6081 279.23224:9322 433.23642:44708 687.98145:6777 923.49866:19323","1920.7579233209","35814.5","5.36307340133436",0,0,5.34367684435977,NA,NA,NA,NA,NA,NA,NA,NA,NA,NA,NA,NA,NA,NA,NA,NA,NA,NA,NA,NA,NA,NA,NA,NA,NA,NA,NA,15.055409547063,15.1750426783276,15.0686943198255,15.0424716364539,15.1962947450283,15.2736135028276,15.1180488428888,15.113416611486,15.1703554289113,15.1383918064143,15.0185914063604,15.208958268135,NA,NA
"neg_DLCL 36:4|DLCL 18:2_18:2_[M-H]-__C","12704","12.764","923.50903","DLCL 36:4|DLCL 18:2_18:2","[M-H]-","923.50562","C45H82O15P2","DLCL","78.95881:8267 132.16563:5529 152.99452:110606 171.00616:5826 252.8728:5810 265.77124:5553 279.23273:15086 433.23447:60311 569.22272:6897 812.44336:6008 923.50702:16516",18.5349517222273,"12920","11.938","923.50348","DLCL 36:4|DLCL 18:2_18:2","12704",12.764,"[M-H]-","923.50562","2.3172571489646","C45H82O15P2","DLCL","21.29","923.50385:53704 924.5072:27495 925.51056:9956","106.21449:5390 148.13477:20721 148.18321:7528 152.99446:56386 279.22394:5608 433.23563:30925 923.50256:12521","2589.45987552804","34926","7.41413238140079",0,0,7.28387450424782,NA,NA,NA,9.05528243550119,NA,NA,NA,NA,NA,NA,NA,NA,NA,NA,NA,NA,NA,9.18487534290828,NA,NA,NA,NA,NA,NA,NA,NA,NA,15.0516762793699,15.0035179121086,15.0421295933521,15.0129736483745,15.0903192131916,15.1466879938415,15.0937064046162,15.1754715818713,15.3097250239299,15.0160247583931,15.1430642806314,15.2850770556347,NA,NA
"neg_LPE 22:1_[M-H]-__A","4886","13.697","534.35889","LPE 22:1","[M-H]-","534.35651","C27H54NO7P","LPE","78.95818:7109 91.88514:5318 96.27207:5521 100.98309:4934 140.01009:10600 196.03862:14070 214.04797:31874 337.31183:1500688 534.36316:98587",17.9944852652139,"5592","13.357","534.35455","LPE 22:1","4886",13.697,"[M-H]-","534.35651","3.66796317301348","C27H54NO7P","LPE","18.73","534.35455:148017 535.3579:45554 536.36126:7770","97.56521:5692 128.85138:6291 136.70885:5458 156.54765:5486 178.29189:7501 196.03624:16092 214.04439:6459 233.87025:5401 270.75323:6006 337.30911:215643 505.90768:5802 534.3551:43558","1514.72320453726","23837.5","6.35437107304568",0,0,6.22734243090503,NA,NA,NA,NA,NA,NA,NA,NA,NA,NA,NA,NA,NA,NA,NA,NA,NA,NA,NA,NA,NA,NA,NA,NA,NA,NA,NA,14.5559670987946,14.4949805526615,14.5085994910095,14.4607758340044,14.523194374831,14.6512759733466,14.6597172238616,14.5671836751939,14.6614441019282,14.4675418704007,14.5257654788219,14.734339162408,NA,NA
"neg_LPE 20:0_[M-H]-__B","4494","14.075","508.34274","LPE 20:0","[M-H]-","508.34091","C25H52NO7P","LPE","78.95856:7122 109.69454:6032 196.03726:40892 209.74919:5882 214.04608:7507 311.29623:470012 466.22137:10475 508.34509:77266",47.0646538062019,"5116","13.287","508.33951","LPE 20:0","4494",14.075,"[M-H]-","508.34091","2.75405731163685","C25H52NO7P","LPE","29.36","508.33951:721680 509.34286:231627 510.34622:37437","109.75316:5513 111.54202:5257 140.01151:12530 154.63103:5622 187.37434:5088 196.03694:67829 214.04874:17283 311.29507:784386 508.3407:186679 508.49417:10367","4013.19238904829","107727","3.72533569954449",0,0,3.71232113542582,12.2042654561368,12.3501104433479,12.0478055540076,11.1592406504117,11.9643408677924,12.111787735801,11.431497604258,11.7838167593202,11.4584066132365,11.7439928610602,12.096056239181,11.5560269927247,11.7210991887072,11.9908130791536,11.8556471660273,11.1446582428319,11.344850683943,11.6197614632984,11.0216740428584,11.6586577921261,11.554109152574,11.3072008091408,11.6147098441152,11.5362472156881,9.43254190038826,9.70390357344466,10.4481163054095,16.689916097026,16.7810394775595,16.66439172683,16.7088683402117,16.6527469604987,16.7795654758791,16.7445579461387,16.7251265699528,16.7681972502408,16.6464743329772,16.6923839327361,16.8006345255651,NA,NA
"neg_PG 44:12|PG 22:6_22:6_[M-H]-","11626","14.38","865.50482","PG 44:12|PG 22:6_22:6","[M-H]-","865.5025","C50H75O10P","PG","100.70305:6498 121.10122:7772 135.98553:6516 152.99535:30884 177.16489:15934 178.33978:16242 191.17848:14113 216.48003:6377 229.19559:60469 249.18604:10922 283.24338:357007 327.23346:662932 555.27588:17326 865.50146:74071",90.3597973185844,"12040","13.635","865.49982","PG 44:12|PG 22:6_22:6","11626",14.38,"[M-H]-","865.5025","3.09646708132543","C50H75O10P","PG","485.29","865.50085:2250843 866.5042:1450050 867.50756:462309","78.95817:6641 105.07037:6824 107.08535:10604 117.07028:8012 121.10152:12366 131.08395:6716 135.11729:11543 149.13301:9491 152.99489:45930 163.14696:15535 175.14729:8350 175.57112:5613 177.1638:35729 191.17978:17632 203.18007:7866 229.19518:109440 249.18515:29793 283.24228:679187 309.22461:11248 327.23187:1390530 537.25964:11055 555.27368:33515 589.16913:5646 865.49689:156493","28086.286949436","788407.5","3.56240737809268",0,0,3.53496354643565,NA,9.05256805080415,NA,NA,NA,NA,NA,NA,NA,NA,NA,9.14974711950468,NA,NA,NA,NA,NA,NA,NA,NA,NA,NA,NA,NA,NA,NA,NA,19.5897005159629,19.5554466656175,19.5412913872123,19.5874625661859,19.6114571259381,19.5504198877553,19.6747198556975,19.5437983806982,19.631921279233,19.6410621387005,19.5722431694291,19.6875380075717,NA,NA
"neg_PG 42:10|PG 20:4_22:6_[M-H]-__A","11171","14.742","841.5058","PG 42:10|PG 20:4_22:6","[M-H]-","841.5025","C48H75O10P","PG","117.00661:6467 283.24408:16018 303.23184:60481 327.23367:27276 514.91418:5711 841.50867:9770",53.0504909838104,"11597","14.011","841.50006","PG 42:10|PG 20:4_22:6","11171",14.742,"[M-H]-","841.5025","2.89957546185825","C48H75O10P","PG","530.55","841.50006:2118714 842.50341:1292853 843.50677:400148","108.60851:5727 114.47431:5954 126.34267:5476 147.11719:7935 152.99435:54981 177.16556:13434 189.16385:7545 191.17786:10120 205.19382:21041 210.88283:5005 229.19501:48029 231.21466:7293 249.1843:12723 259.24197:101071 283.24219:315728 285.25909:10058 301.21655:34822 303.23184:1327484 327.23196:677876 329.24777:34145 513.25928:7133 531.27271:11707 555.27045:13496 841.50525:173607","19677.4326413803","768543.5","2.56035379147444",0,0,2.56375108366778,NA,NA,NA,NA,NA,NA,NA,NA,8.94544383637791,NA,NA,NA,NA,NA,NA,8.79116288855502,NA,NA,NA,NA,NA,NA,NA,NA,NA,NA,NA,19.5376127577124,19.5401961628938,19.4762933132829,19.5036898889948,19.5609186608296,19.5537905142377,19.5914346882628,19.560258189533,19.6142173702308,19.5497414327661,19.5277366140496,19.5771282106631,NA,NA
"neg_PG 42:10|PG 20:4_22:6_[M-H]-__B","11172","14.935","841.50586","PG 42:10|PG 20:4_22:6","[M-H]-","841.5025","C48H75O10P","PG","78.17249:5313 152.9949:7335 283.24316:7563 303.23276:48320 327.23264:22409 841.50842:15044",57.6158852065006,"11596","14.213","841.49945","PG 42:10|PG 20:4_22:6","11172",14.935,"[M-H]-","841.5025","3.62446932722148","C48H75O10P","PG","80.13","841.50018:101723 842.50353:76592 843.50689:57413","125.55585:5602 283.24118:15894 303.23148:71651 327.23016:34533 841.50861:13593","4299.83150744587","103977.5","4.1353480391872",0,0,4.1187736500989,NA,NA,NA,NA,NA,NA,NA,NA,NA,NA,NA,NA,NA,NA,NA,NA,NA,NA,NA,NA,NA,NA,NA,NA,NA,NA,NA,16.6608454992655,16.6342863899583,16.6779398163901,16.706442056286,16.5696776333272,16.6905436819986,16.6533909208017,16.6338466628328,16.8153707862643,16.6401601889588,16.6938816626739,16.670960466379,NA,NA
"neg_PG 40:8|PG 18:2_22:6_[M-H]-__A","10698","14.972","817.50482","PG 40:8|PG 18:2_22:6","[M-H]-","817.5025","C46H75O10P","PG","84.93121:5192 152.99568:28417 177.1657:7985 229.19676:27809 246.04047:7042 279.23306:953653 283.24319:180315 301.40335:6547 327.23346:385441 507.2778:10786 555.2746:7633 585.72003:6404 817.50079:98815",61.7604372530945,"11159","14.247","817.50165","PG 40:8|PG 18:2_22:6","10698",14.972,"[M-H]-","817.5025","1.03975217202884","C46H75O10P","PG","813.72","817.50165:3288474 818.505:1896942 819.50836:546890","121.10163:7011 135.11569:7375 140.18323:5461 149.13374:7086 152.99458:63474 163.14703:7906 177.16371:20721 178.28676:12205 189.16411:6314 191.17929:16789 229.19531:72138 249.1843:14155 277.21552:42955 279.23206:2380358 283.24213:465526 283.34698:7911 285.25693:9033 309.21683:8148 327.23196:1053611 329.24551:25687 433.24036:9305 489.26855:12076 507.2684:25255 537.26263:12027 555.27173:11158 817.50061:341437","23987.613208159","1129724.5","2.12331530458612",0,0,2.13353295007184,NA,NA,NA,NA,NA,NA,NA,NA,NA,9.02236781302845,NA,NA,NA,8.94251450533924,8.82972273508606,NA,NA,NA,NA,NA,NA,NA,NA,NA,NA,NA,NA,20.1031212945813,20.1167779838742,20.0856864014486,20.047873434296,20.0891012896112,20.0460675298682,20.1119443404693,20.1162500327215,20.1342345290684,20.1164112306056,20.0883094758206,20.1479526560853,NA,NA
"neg_PG 38:6|PG 18:2_20:4_[M-H]-__A","10220","15.341","793.505","PG 38:6|PG 18:2_20:4","[M-H]-","793.5025","C44H75O10P","PG","90.40037:6145 131.37297:5465 152.99597:7030 205.19661:8210 259.24103:23999 279.23273:432938 303.23309:341570 507.27545:6203 793.50897:53936",22.186343147956,"10744","14.637","793.50195","PG 38:6|PG 18:2_20:4","10220",15.341,"[M-H]-","793.5025","0.693129511361731","C44H75O10P","PG","616.32","793.50195:5682600 794.5053:3254526 795.50866:933674","78.95812:5271 116.62584:5636 152.99529:118449 171.00528:7638 176.63464:6015 205.1955:66025 227.02905:8478 231.21162:5404 259.24249:265349 279.2323:4430388 285.22015:16408 303.23221:3679630 433.23505:8150 439.23318:7230 457.25192:7533 489.2561:21653 507.2724:40954 513.25885:21629 531.27423:24800 793.50067:611820","40053.7125312733","1166969","3.43228590744684",0,0,3.43547688394446,NA,NA,9.31741261376487,NA,NA,NA,NA,NA,NA,NA,NA,NA,NA,NA,NA,NA,NA,NA,NA,NA,NA,NA,NA,NA,NA,NA,NA,20.1721588926413,20.1123949614998,20.1114821167624,20.1267044728432,20.1900489010501,20.147798670063,20.2039011728348,20.1083342962395,20.1962443089975,20.0625323770176,20.1608414641284,20.2341052146303,NA,NA
"neg_PG 44:11|PG 22:5_22:6_[M-H]-__A","11666","15.564","867.52142","PG 44:11|PG 22:5_22:6","[M-H]-","867.51819","C50H77O10P","PG","152.99515:13375 177.16667:8242 178.34142:9880 229.19525:20062 231.21153:15289 251.09561:5766 283.24249:100092 285.25873:89161 327.23349:218625 329.24893:348440 555.28064:6391 767.55933:6739 867.52429:55119",64.3188717758364,"12074","14.867","867.5144","PG 44:11|PG 22:5_22:6","11666",15.564,"[M-H]-","867.51819","4.36878447468734","C50H77O10P","PG","489.05","867.51746:2564150 868.52081:1684554 869.52417:518285","78.95752:6361 105.07072:7120 107.08553:7097 117.06973:9494 121.10127:7632 133.10194:9775 147.11681:7252 149.13217:9339 152.9944:62820 163.14932:7524 177.16402:20043 178.28516:12011 179.17982:11275 180.07043:6275 191.17931:16623 229.19534:63948 231.21094:68005 249.18561:12770 279.23288:10830 283.24207:434207 285.25781:376303 304.12018:7319 309.22391:6631 311.23932:10288 327.23178:905852 329.24762:1350249 459.15656:6190 481.22021:6214 537.26758:6157 539.28546:8987 555.26965:20681 557.29065:18128 867.51605:202193","33757.7658643388","1063784","3.17336657294514",0,0,3.15828202140983,NA,NA,NA,NA,NA,NA,NA,8.85174904141606,NA,NA,NA,NA,NA,NA,NA,NA,NA,NA,NA,NA,NA,NA,NA,NA,NA,NA,9.22641219278879,20.055286407907,19.973995785802,20.0120079360541,20.0151563938806,19.9823976003853,20.0271878819004,20.051438646062,20.0181444745971,20.0824414456884,19.9626531715923,20.023398367084,20.1198352834951,NA,NA
"neg_PG 36:4|PG 18:2_18:2_[M-H]-__A","9759","15.568","769.50519","PG 36:4|PG 18:2_18:2","[M-H]-","769.5025","C42H75O10P","PG","120.94852:9637 152.99535:54415 177.77055:12746 279.23334:4932112 300.56595:13236 433.22906:15769 489.26529:35111 507.27557:42210 769.50317:468164",37.017575331298,"10310","14.869","769.5022","PG 36:4|PG 18:2_18:2","9759",15.568,"[M-H]-","769.5025","0.389862281199061","C42H75O10P","PG","630.97","769.50098:731792 770.50433:422009 771.50769:108300","100.68673:5972 152.99484:22526 274.71893:5876 279.23169:1613391 301.21906:6611 347.43741:5827 489.26352:9587 507.27155:8785 769.49744:183593","49225.4839712577","1520953.5","3.23648842461375",0,0,3.18407158196398,NA,NA,11.1130909834424,NA,NA,NA,NA,NA,NA,NA,NA,NA,9.03617361255349,NA,NA,NA,NA,NA,NA,NA,NA,NA,NA,NA,NA,NA,NA,20.5770230720124,20.5262613811656,20.5381169228427,20.5176924528642,20.5349705930257,20.5323521200661,20.5835841468012,20.5321428173554,20.6120180593439,20.5221504696882,20.5688486479733,20.6682115408087,NA,NA
"neg_PG 38:6|PG 18:2_20:4_[M-H]-__B","10222","15.574","793.50519","PG 38:6|PG 18:2_20:4","[M-H]-","793.5025","C44H75O10P","PG","151.22116:5542 279.2327:57867 303.23309:37055 793.505:13784",28.301180134804,"10743","14.877","793.50153","PG 38:6|PG 18:2_20:4","10222",15.574,"[M-H]-","793.5025","1.2224284108142","C44H75O10P","PG","98.8","793.50031:767477 794.50366:374061 795.50702:152171","89.18739:5197 152.99475:23514 178.32985:12188 205.19708:9440 257.23151:8582 259.24054:41281 279.23132:625144 281.24716:91955 301.2157:61774 303.23117:553439 303.29294:10973 507.26907:6739 531.27197:6588 793.49774:130866","7551.97957341469","220099","3.43117395963393",0,0,3.41515709489938,NA,NA,NA,NA,NA,NA,NA,NA,NA,NA,NA,NA,NA,NA,NA,NA,NA,NA,NA,NA,NA,NA,NA,NA,NA,NA,NA,17.7705477583112,17.7186332083816,17.7274551826999,17.7068332334355,17.7700573091067,17.7597646773327,17.8333348556424,17.7033223348334,17.8003627821924,17.6882093228964,17.7357212791827,17.8311030884054,NA,NA
"neg_PG 44:11|PG 22:5_22:6_[M-H]-__B","11665","15.752","867.52069","PG 44:11|PG 22:5_22:6","[M-H]-","867.51819","C50H77O10P","PG","144.14153:5896 169.82564:6402 215.49132:5861 227.68802:5960 327.23422:19927 329.25095:35537 867.52234:13573",64.7125701487064,"12076","15.067","867.51624","PG 44:11|PG 22:5_22:6","11665",15.752,"[M-H]-","867.51819","2.24779148430912","C50H77O10P","PG","68.44","867.51624:561688 868.51959:352333 869.52295:104742","106.00054:5780 113.95889:4987 152.99344:30228 177.16705:8958 178.2881:9698 229.19583:14804 231.21141:15340 283.24182:86744 285.25729:81869 327.23141:188041 329.24731:272363 557.28619:7538 867.52124:75011","5310.97854577067","160094.5","3.31740225040253",0,0,3.3011998338955,NA,NA,NA,NA,NA,NA,NA,NA,NA,NA,NA,NA,NA,NA,NA,NA,NA,NA,NA,NA,NA,NA,8.93957921431469,NA,NA,NA,NA,17.3308993763703,17.2829797994537,17.2379754796672,17.248075809177,17.2580322852162,17.2856008936515,17.3208622343377,17.2970326757193,17.3849101961788,17.2398129337179,17.2915214716359,17.3612755777647,NA,NA
"neg_PG 36:4|PG 18:2_18:2_[M-H]-__B","9758","15.828","769.50519","PG 36:4|PG 18:2_18:2","[M-H]-","769.5025","C42H75O10P","PG","152.99504:18711 178.34:11933 277.21738:15050 279.23303:600519 281.25098:17166 489.26962:7172 507.26581:6941 769.51001:74823",41.0121235850795,"10307","15.163","769.50073","PG 36:4|PG 18:2_18:2","9758",15.828,"[M-H]-","769.5025","2.3001874588824","C42H75O10P","PG","104.73","769.50073:2166653 770.50408:1098000 771.50744:277943","88.55602:5430 107.42142:5618 152.99487:75666 178.3318:10639 227.0282:5856 253.21706:15066 277.21713:224800 279.23224:3733751 281.24762:237865 281.31726:13116 305.24969:16066 415.22586:19669 489.26453:29099 507.27634:32849 769.50165:448753","10711.2550986277","310569.5","3.44890760317022",0,0,3.44367025613202,NA,NA,NA,NA,NA,NA,NA,NA,NA,NA,NA,NA,NA,NA,NA,NA,NA,9.19967234483636,NA,NA,NA,NA,NA,NA,NA,NA,NA,18.1755641693105,18.2170773217329,18.1921194032029,18.2529887461583,18.2433553133085,18.2457569448544,18.3169532186395,18.2523050832334,18.2918002298292,18.188386010408,18.2420994853733,18.3332383518164,NA,NA
"neg_PG 42:9|PG 20:4_22:5_[M-H]-__A","11217","15.958","843.52161","PG 42:9|PG 20:4_22:5","[M-H]-","843.51819","C48H77O10P","PG","105.26476:5113 258.79187:5962 285.25699:6616 286.09433:5477 301.4743:6300 303.23254:40161 329.24808:30676",28.4082262117049,"11628","14.597","843.51459","PG 42:9|PG 20:4_22:5","11217",15.958,"[M-H]-","843.51819","4.2678392033322","C48H77O10P","PG","67.51","843.51593:160260 844.51928:106113 845.52264:27402","139.47685:5778 265.0498:5564 303.2319:73619 329.24802:69469 342.74136:6335 843.51947:13468","7244.81303008636","156955","4.61585360777698",0,0,4.65852696732122,NA,NA,NA,NA,NA,NA,NA,NA,NA,NA,NA,NA,NA,NA,NA,NA,8.90689059560852,NA,NA,8.92184093707449,NA,NA,NA,NA,NA,NA,NA,17.2754516209498,17.261121608516,17.2072717578547,17.2588604314098,17.2295323474385,17.3468686152094,17.3128475112798,17.1576528597595,17.3000218094631,17.1285985405442,17.1696510261757,17.2953115637547,NA,NA
"neg_PG 44:10|PG 22:4_22:6_[M-H]-","11703","16.145","869.53644","PG 44:10|PG 22:4_22:6","[M-H]-","869.53381","C50H79O10P","PG","78.958:8576 106.70551:5975 110.98465:10559 152.99472:16712 178.29454:13890 229.19518:16210 231.3504:6007 283.24371:77285 285.26028:20747 287.27264:13882 327.23383:156504 329.24954:115267 331.26492:371421 441.55777:6304 559.29504:7548 869.54144:39116",53.3583710043791,"12109","15.476","869.53174","PG 44:10|PG 22:4_22:6","11703",16.145,"[M-H]-","869.53381","2.38058598319868","C50H79O10P","PG","428.85","869.53174:2426768 870.53509:1586330 871.53845:497569","152.99463:46087 177.16397:10642 191.18237:8984 229.19432:36240 231.21434:10950 233.22276:8638 249.18694:6944 279.22791:9267 283.242:259246 285.25751:59833 287.27399:28471 327.23172:535208 329.24765:397905 331.26331:1139904 555.27985:8616 559.29822:13086 869.53082:201084","32576.0961777469","760900","4.2812585330197",0,0,4.28223778045537,NA,NA,NA,9.34872815423108,9.319672120947,NA,9.30149619498255,NA,NA,NA,NA,NA,9.22158712126481,NA,NA,NA,9.16992500144231,NA,NA,NA,8.9915218460757,9.09011241966429,10.2057932493972,9.18239435340453,NA,9.09275714091985,NA,19.5263444926248,19.5346885396303,19.4698603860225,19.4419917818881,19.5400012431035,19.5429392767886,19.612756934004,19.5105478463271,19.6159959536228,19.4509132031939,19.5583235457293,19.6252879004922,NA,NA
"neg_PG 38:5|PG 18:2_20:3_[M-H]-__A","10271","16.152","795.52118","PG 38:5|PG 18:2_20:3","[M-H]-","795.51819","C44H77O10P","PG","166.69154:6254 206.89139:6892 232.99219:5956 279.23227:259955 305.24832:260774 507.27188:7141 795.52374:50751",34.5387398018719,"10777","14.896","795.51489","PG 38:5|PG 18:2_20:3","10271",16.152,"[M-H]-","795.51819","4.14823952670075","C44H77O10P","PG","70.57","795.51581:519010 796.51916:314897 797.52252:88429","112.43528:5123 152.99495:21806 178.33075:13075 198.44745:5529 277.42828:5589 279.23227:663358 280.23615:38819 281.24319:21244 282.25241:15194 301.22067:9003 302.21848:8231 303.23157:31760 304.2355:32616 305.24774:750452 529.80524:5834 533.28418:6825 795.51727:180894","3298.55007058887","84752.5","3.89197967091103",0,0,3.85907039826016,NA,NA,NA,NA,NA,NA,NA,NA,NA,NA,NA,NA,NA,NA,NA,NA,NA,NA,NA,NA,NA,NA,NA,NA,NA,NA,NA,16.4281965777252,16.384429642084,16.3289904122555,16.3110919437876,16.4460170879173,16.3456131528127,16.4587590409901,16.333627084783,16.4026956668164,16.3287625689505,16.3573801795234,16.4613195653066,NA,NA
"neg_PG 42:9|PG 20:4_22:5_[M-H]-__B","11218","16.153","843.52191","PG 42:9|PG 20:4_22:5","[M-H]-","843.51819","C48H77O10P","PG","234.91679:6461 285.255:9644 303.23288:47928 329.24966:29775 843.52557:12982",28.0631146501416,"11631","15.27","843.51569","PG 42:9|PG 20:4_22:5","11218",16.153,"[M-H]-","843.51819","2.96377722459615","C48H77O10P","PG","465.1","843.51562:1368102 844.51898:897601 845.52234:261404","121.16722:6060 152.995:29391 202.0509:5593 205.19629:13618 231.21034:25785 251.20326:5275 259.24222:48006 285.25769:159274 303.23151:787923 312.50375:5592 329.24741:580273 463.2446:5589 531.27985:8758 557.27606:8840 671.64642:7577 779.25635:6598 843.18738:9094 843.51233:129887","33860.1362894168","710162.5","4.76794202586264",0,0,4.77347115167753,NA,NA,NA,NA,NA,NA,NA,NA,NA,NA,NA,NA,NA,NA,NA,NA,NA,NA,NA,NA,NA,NA,NA,NA,NA,NA,NA,19.4874102412153,19.4209696946385,19.3241761507248,19.3875987657004,19.466924827928,19.4616393115493,19.4896284795307,19.4275931608611,19.4479145902524,19.3183971700828,19.4203344599522,19.5626691255964,NA,NA
"neg_PG 40:7|PG 18:2_22:5_[M-H]-","10739","16.193","819.52173","PG 40:7|PG 18:2_22:5","[M-H]-","819.51819","C46H77O10P","PG","128.88063:5811 178.33701:19292 183.67793:7394 279.23282:69994 285.26096:8026 329.24924:37439 819.52277:14889",34.1902178904912,"11191","15.523","819.51678","PG 40:7|PG 18:2_22:5","10739",16.193,"[M-H]-","819.51819","1.72052312830833","C46H77O10P","PG","514.2","819.51678:3872023 820.52013:2230994 821.52349:661882","152.99451:73296 178.28796:9225 179.18022:10372 231.21054:65954 243.21184:7459 251.19922:11038 257.2269:6336 279.23141:2337052 281.24805:8825 285.25739:385116 303.23178:66323 305.24686:79873 329.24692:1483808 489.2551:9757 507.2695:27239 539.28418:7054 557.2868:17914 819.51178:379917","40743.6579288635","969230.5","4.20371190639002",0,0,4.15834000398346,NA,NA,9.13442632022093,NA,NA,NA,NA,NA,NA,NA,NA,NA,NA,NA,NA,NA,NA,NA,NA,NA,NA,NA,NA,NA,NA,NA,NA,19.8450780473108,19.8653587284488,19.8635163167876,19.846244830388,19.8898262546285,19.8951536655726,19.9556357193229,19.8831265252566,19.9892378719114,19.83151910181,19.9344683555388,20.0129941013901,NA,NA
"neg_PG 40:8|PG 20:4_20:4_[M-H]-","10701","16.346","817.50616","PG 40:8|PG 20:4_20:4","[M-H]-","817.5025","C46H75O10P","PG","78.95889:5626 90.20463:5095 152.99467:35663 167.21661:5930 171.00488:13560 205.19606:11853 227.03271:10797 259.24283:50557 279.23184:12253 303.23337:552209 439.2225:10633 513.26135:11249 531.27637:23150 533.30896:6404 817.50958:119825",21.0446900823605,"11157","15.698","817.50073","PG 40:8|PG 20:4_20:4","10701",16.346,"[M-H]-","817.5025","2.16513099357941","C46H75O10P","PG","188.18","817.50067:1608081 818.50402:987377 819.50738:919580","78.95826:9576 124.50916:4980 152.99521:84400 168.94356:5845 171.00581:32388 205.19507:22550 227.03165:19255 259.24203:98740 270.1033:6331 279.23053:11688 285.22375:8172 303.23154:1340771 327.23389:9114 439.22928:19842 513.26031:28710 531.27045:62587 817.49579:280670","7545.63224001244","278225.5","2.71205631403751",0,0,2.70465936304991,NA,NA,NA,NA,NA,NA,NA,NA,8.94251450533924,NA,NA,NA,9.1548181090521,NA,NA,NA,NA,NA,NA,NA,NA,NA,NA,NA,NA,NA,NA,18.1069104866704,18.0409692494695,18.0877373399118,18.0489391353325,18.0840505580306,18.1254891470236,18.1237930403557,18.0959687043486,18.0727345089316,18.0425785082947,18.0710433033731,18.1720660863974,NA,NA
"neg_PI 38:6|PI 18:2_20:4_[M-H]-__A","11959","16.38","881.52155","PI 38:6|PI 18:2_20:4","[M-H]-","881.51862","C47H79O13P","PI","78.95806:10188 152.99402:65923 223.00044:45881 240.96004:12742 241.01083:210869 259.02307:16549 259.24237:24137 279.23187:255431 297.03595:39119 303.23227:275709 315.04578:20331 415.2269:82884 439.22522:27611 577.27856:107467 595.29266:30041 601.27863:41848 881.51996:804204",24.1264080515499,"12307","15.71","881.51636","PI 38:6|PI 18:2_20:4","11959",16.38,"[M-H]-","881.51862","2.56375753026303","C47H79O13P","PI","1031.28","881.51849:3034424 882.52184:1799153 883.5252:543634","78.95811:36927 96.96854:11288 152.99472:122547 171.00465:7094 178.33469:10585 205.19362:10870 223.00012:86592 241.0106:405962 253.21704:7378 259.02078:40425 259.24115:40355 279.23184:534875 281.24472:7872 285.22101:6276 297.03683:53556 303.2316:525725 315.04755:25427 329.24271:6599 415.22372:197944 423.35699:5903 433.23352:16998 439.2247:31781 577.27618:197611 595.28528:58058 601.28021:38721 619.29413:11015 881.51227:1221954","36382.3669815725","1381169","2.6341719935484",0,0,2.65043245071995,NA,NA,9.58683978796183,NA,NA,NA,NA,NA,NA,NA,NA,NA,NA,NA,NA,NA,NA,NA,NA,NA,NA,NA,NA,NA,NA,NA,NA,20.4186947144625,20.3333759490557,20.3583550155809,20.3686428672224,20.4048951994906,20.4028205527715,20.4251195837959,20.3920762993327,20.4253685667851,20.3382184303241,20.3444454583942,20.4453624764112,NA,NA
"neg_PG 40:7|PG 18:1_22:6_[M-H]-__A","10736","16.393","819.521","PG 40:7|PG 18:1_22:6","[M-H]-","819.51819","C46H77O10P","PG","130.24916:7803 152.99542:33995 177.16447:13743 229.19682:29028 253.39972:7927 279.23459:33308 281.24915:1024877 283.24362:198610 327.23361:475482 329.25134:16945 509.2894:12145 555.27948:7240 819.51855:177278",53.521080568783,"11194","15.73","819.51752","PG 40:7|PG 18:1_22:6","10736",16.393,"[M-H]-","819.51819","0.817553543276099","C46H77O10P","PG","1316.16","819.51685:8181964 820.5202:4690388 821.52356:1340398","78.95821:9460 97.88695:5291 105.07114:6922 107.08516:8777 117.0696:8532 121.10075:18785 131.08412:10943 133.10086:20315 135.11711:14617 137.13242:8066 149.13268:15257 152.99457:169257 161.13397:10639 163.07597:10522 163.14851:14417 171.006:9545 175.14864:9565 177.16371:49773 178.29135:13210 185.25072:5861 189.16077:8475 191.17969:34845 203.17757:6258 217.19417:7178 227.0302:9763 229.1945:161095 249.18489:35733 255.20921:10566 279.23206:223331 279.30191:11895 281.24719:5510531 283.24173:1084756 285.25888:13900 309.22223:15687 327.23157:2482980 329.24655:57866 435.25589:16011 463.22205:10341 481.22638:8878 491.27728:23424 509.2879:70275 537.25873:32883 555.26959:29720 819.51544:921629","75669.6046224618","2890733","2.61766149355412",0,0,2.60734397531395,NA,NA,9.36194377373524,NA,NA,NA,NA,NA,NA,NA,NA,NA,NA,NA,NA,NA,NA,NA,9.13185696060879,NA,NA,NA,NA,NA,NA,NA,NA,21.4879607059842,21.4446221449312,21.4141432563723,21.4636840111102,21.4623235302311,21.4583905917474,21.5042395134466,21.4769454110263,21.5265001943104,21.4063238781741,21.4533892083541,21.5204992707178,NA,NA
"neg_PG 34:3|PG 16:1_18:2_[M-H]-","9263","16.494","743.49005","PG 34:3|PG 16:1_18:2","[M-H]-","743.48688","C40H73O10P","PG","78.95923:10600 152.99577:157942 171.00664:49647 172.30034:11234 227.0329:26465 253.15434:13870 253.21817:1666378 279.2341:1815156 300.33664:11383 389.21027:32027 415.22729:46038 463.24911:33145 481.25916:58524 489.26752:38586 507.27673:63696 743.49219:762190",15.9543672353432,"9844","14.353","743.48596","PG 34:3|PG 16:1_18:2","9263",16.494,"[M-H]-","743.48688","1.2374125553697","C40H73O10P","PG","27.39","743.48596:667336 744.48931:352601 745.49267:89473","115.6835:5385 152.99448:18662 178.28484:9904 253.21629:652443 279.23215:667935 427.08197:5823 743.48969:139214","4567.62602619255","56273","8.11690513424297",0,0,8.01501949438636,NA,NA,NA,NA,8.95128471496697,NA,NA,NA,NA,NA,NA,NA,NA,NA,NA,9.11894107272351,NA,NA,NA,NA,NA,NA,NA,NA,NA,NA,NA,15.8200293388822,15.6658910347575,15.7797193551434,15.6577371277098,15.7070085542852,15.8169836232554,15.8899792063716,15.7347889916693,15.8601897904902,15.7552005530578,15.7805910277552,16.064153308137,NA,NA
"neg_PI 36:4|PI 18:2_18:2_[M-H]-","11471","16.607","857.52167","PI 36:4|PI 18:2_18:2","[M-H]-","857.51862","C45H79O13P","PI","138.79315:5612 152.99484:28777 223.00146:15480 241.01199:91911 279.23318:232810 297.03983:17522 415.22726:47979 475.20447:7194 577.28125:59034 595.29681:12748 857.52203:326436",21.6038239889153,"11898","15.939","857.5152","PI 36:4|PI 18:2_18:2","11471",16.607,"[M-H]-","857.51862","3.98825159039174","C45H79O13P","PI","266.72","857.5166:377741 858.51995:197395 859.52331:58922","78.95785:8174 90.90834:5537 152.99483:29731 223.0004:26829 238.37735:6219 241.01057:103268 259.02103:7624 279.23193:275456 297.03598:18769 316.75778:5924 415.2254:62112 482.64145:6184 577.27765:60047 595.29083:16356 619.96185:5910 857.51514:429112","24162.9871427167","636822","3.79430785097196",0,0,3.78564806406553,NA,NA,NA,NA,NA,NA,NA,NA,NA,NA,NA,NA,NA,NA,NA,NA,NA,NA,NA,NA,NA,NA,NA,NA,NA,NA,NA,19.316380978804,19.2116649469104,19.2137307808103,19.2198680639815,19.2651251164793,19.2753856893911,19.3432334366005,19.3124553538685,19.3406303297673,19.2397966214543,19.2856573303629,19.3706427134875,NA,NA
"neg_PI 38:6|PI 18:2_20:4_[M-H]-__B","11960","16.629","881.52179","PI 38:6|PI 18:2_20:4","[M-H]-","881.51862","C47H79O13P","PI","152.99467:10409 155.18755:5790 162.16241:5658 178.29413:14641 241.01103:27764 266.42419:5738 279.23318:23136 281.25024:10603 297.0426:6567 303.23239:25165 415.22803:11016 577.28442:15338 595.28192:7380 881.51978:78029",23.8091160904404,"12305","15.974","881.5163","PI 38:6|PI 18:2_20:4","11960",16.629,"[M-H]-","881.51862","2.6318218894279","C47H79O13P","PI","197.78","881.51648:425812 882.51983:244639 883.52319:68655","78.95792:9898 152.9938:32251 222.99933:19003 241.00981:108355 257.21744:7615 259.02151:8151 259.24368:8027 279.23099:121521 281.24561:29295 297.03702:17204 301.21481:23859 303.23077:107836 315.04642:7834 415.22366:39936 417.24084:15986 577.27625:53436 579.28821:13841 595.28766:12711 601.27484:9597 881.51489:369603","16954.6514854309","390447.5","4.3423639504494",0,0,4.31511502279174,NA,NA,NA,9.11113567023471,NA,NA,NA,NA,NA,NA,NA,NA,NA,NA,NA,9.31288295528435,NA,NA,NA,NA,NA,NA,NA,NA,NA,NA,NA,18.5796105755961,18.5404459245183,18.5699112210173,18.5374118006992,18.6235993289167,18.5545026674993,18.6688088264791,18.6204954888886,18.6428484873824,18.4820279874034,18.5033637991918,18.6683898867723,NA,NA
"neg_PG 38:6|PG 18:2_20:4_[M-H]-__C","10221","16.665","793.50513","PG 38:6|PG 18:2_20:4","[M-H]-","793.5025","C44H75O10P","PG","78.95838:18324 134.04427:5682 152.99535:148395 171.00615:63434 205.19604:27444 209.02135:9445 227.03285:30584 259.24332:140015 279.2334:1112891 285.2265:9383 303.23361:1604285 415.22733:29244 433.24124:6774 439.22833:15711 489.26465:44664 507.27554:95191 513.26617:22579 531.27692:25763 793.50494:613967",17.9774641652659,"10738","16.009","793.50031","PG 38:6|PG 18:2_20:4","10221",16.665,"[M-H]-","793.5025","2.75991569029894","C44H75O10P","PG","375.6","793.50055:1667202 794.5039:903814 795.50726:365946","78.95843:9492 119.52465:5409 152.99474:106275 171.00529:43885 200.9747:5314 205.19496:15984 209.01984:9853 227.03084:25266 259.24167:91317 279.23148:840180 303.2312:1221040 317.47003:6364 366.05804:6060 415.22134:22879 439.22211:16035 489.26038:30921 507.26944:76601 513.25885:21833 531.26837:16398 793.49481:531346","28261.1765634412","687247","4.11222989164612",0,0,4.08755132291233,NA,NA,NA,NA,NA,NA,NA,NA,NA,NA,NA,NA,NA,NA,NA,NA,NA,NA,NA,NA,NA,NA,NA,NA,NA,NA,NA,19.4072781388899,19.3839742326079,19.3816760178486,19.3390801305551,19.3577603150997,19.396935015396,19.4447257636678,19.445859523402,19.4738920032731,19.3189244922778,19.325924659195,19.5006435140206,NA,NA
"neg_PG 38:5|PG 18:1_20:4_[M-H]-__A","10270","16.793","795.52112","PG 38:5|PG 18:1_20:4","[M-H]-","795.51819","C44H77O10P","PG","85.23547:5874 146.47134:5857 152.99582:16206 205.19646:8923 259.24301:49056 279.2312:6689 281.24887:763622 303.23312:660188 509.29123:7889 531.27277:7286 795.51965:141132",11.4766490458751,"10783","16.147","795.51868","PG 38:5|PG 18:1_20:4","10270",16.793,"[M-H]-","795.51819","-0.615950717623973","C44H77O10P","PG","1873.18","795.51776:3060236 796.52111:1809264 797.52447:489765","125.50292:5555 152.99475:63057 155.06189:6700 171.00314:5528 205.19493:35470 259.242:148611 279.22528:5827 281.24734:2484932 285.21677:6309 303.2316:2145352 305.24783:7816 491.27502:10092 509.28766:34650 513.25757:11467 531.26599:15176 768.75073:7075 795.51465:470988","98753.4423008391","3147134.5","3.13788439295617",0,0,3.1330132649539,NA,NA,8.88264304936184,NA,NA,NA,NA,NA,NA,NA,NA,NA,NA,NA,NA,NA,NA,NA,NA,NA,NA,NA,NA,NA,NA,NA,NA,21.5706145364795,21.545211484628,21.5515458696937,21.5134962972135,21.590661512243,21.5832264956846,21.6383961394871,21.6085422557883,21.6342216804655,21.5517993057445,21.58798439383,21.6707392238244,NA,NA
"neg_PG 44:10|PG 22:5_22:5_[M-H]-__A","11705","16.803","869.53735","PG 44:10|PG 22:5_22:5","[M-H]-","869.53381","C50H79O10P","PG","94.01849:5570 151.10596:6503 152.99487:13169 231.21176:27425 248.04807:6593 285.25897:135438 329.2493:495245 557.28052:11571 849.87286:6572 869.54065:50862",36.848279317055,"12110","16.157","869.53259","PG 44:10|PG 22:5_22:5","11705",16.803,"[M-H]-","869.53381","1.40305067607359","C50H79O10P","PG","369.91","869.53088:903933 870.53423:568627 871.53759:187146","93.00633:5294 152.99408:24911 231.21004:40893 241.01079:21024 267.23135:24119 273.617:6012 285.25705:224069 303.23038:28279 329.2468:813829 357.82703:5538 403.22183:7571 539.27765:7220 557.29633:8209 565.27002:9945 869.52509:129976","19267.0212419533","585035","3.29331086891439",0,0,3.29858500018104,NA,NA,8.95128471496697,9.56033283421244,NA,NA,NA,NA,NA,NA,NA,NA,NA,NA,NA,NA,NA,NA,NA,NA,NA,NA,NA,NA,NA,NA,NA,19.1155771226514,19.1269237276006,19.1019807988086,19.0743897600825,19.1727522230352,19.1633007912423,19.2001634530482,19.1653094082073,19.2056262257897,19.1530076726345,19.1392565562157,19.2433622870778,NA,NA
"neg_GM3 34:0;O2_[M-H]-__A","14646","16.841","1153.71509","GM3 34:0;O2","[M-H]-","1153.72156","C57H106N2O21","GM3","87.00806:80354 88.01241:11038 89.02457:7460 89.99888:5721 100.04104:8019 101.02357:16209 105.4458:6560 113.0238:16707 126.05606:13946 138.05577:9189 142.05112:24349 143.0329:9473 150.05728:6386 154.05063:5859 168.06584:7525 170.04546:8581 290.0889:302566 291.09189:119091 292.09335:45284 351.23856:7714 862.62854:11737 1109.75134:7546 1153.71301:282313",22.1030845256159,"14253","16.873","1153.71838","GM3 34:0;O2","14646",16.841,"[M-H]-","1153.72156","2.75629762863177","C57H106N2O21","GM3","6643.69","1153.71716:1194992 1154.72051:894724 1155.72387:355035","83.01294:14455 87.00741:152276 89.02333:10633 100.03935:10574 101.02279:22937 101.03702:5399 108.04404:7794 109.02851:8129 112.03862:8072 113.023:29754 119.03426:14719 126.05523:21914 138.05446:22074 142.04941:47994 143.03369:16291 150.05536:8151 154.04977:10260 161.04633:8594 168.06526:24383 170.04439:15561 179.05478:7770 180.06633:6676 272.07404:11928 290.08667:702366 538.51965:28846 682.51697:7091 700.57245:15578 862.62372:26117 1109.75537:10332 1153.7146:477180","21192.6281687046","711440","2.97883562474763",0,0,2.98259964895884,NA,NA,NA,NA,NA,NA,NA,NA,NA,NA,NA,NA,NA,NA,NA,NA,NA,NA,NA,NA,NA,NA,NA,NA,NA,NA,NA,19.3954671937162,19.4202234193486,19.4531600898281,19.4320545202893,19.3877670293975,19.4683754537753,19.512590019934,19.4649883884056,19.4468228219619,19.3584387262898,19.4339134298688,19.4818447516296,NA,NA
"neg_PG 36:4|PG 18:2_18:2_[M-H]-__D","9757","16.994","769.50482","PG 36:4|PG 18:2_18:2","[M-H]-","769.5025","C42H75O10P","PG","82.13882:160137 152.99544:1913689 171.00618:849905 178.29466:390972 238.58986:163650 279.23328:44212816 415.22729:1209286 489.2634:973705 507.27493:1459011 543.28833:163260 769.50391:13636530",24.174746859849,"10308","16.34","769.50165","PG 36:4|PG 18:2_18:2","9757",16.994,"[M-H]-","769.5025","1.10460979660756","C42H75O10P","PG","1261.41","769.50177:2962152 770.50512:1664013 771.50848:458561","78.95793:13617 133.6562:5821 152.99513:224547 155.8304:5383 171.00578:73942 209.02121:20005 227.03191:37130 279.23227:4797722 303.96771:6088 415.22476:100935 433.23401:7402 464.78925:5868 489.2623:115371 507.27209:150917 637.24786:6132 769.49982:1169758","121528.204703744","2723288.5","4.46255344241876",0,0,4.44447495731012,NA,NA,NA,NA,NA,NA,NA,NA,NA,NA,NA,NA,NA,NA,NA,NA,NA,NA,NA,9.06339508128851,NA,NA,9.14210705730255,NA,NA,NA,NA,21.3835619208885,21.2911257223438,21.3375380634635,21.3260607606371,21.4114649555277,21.3228523774779,21.3756949217196,21.3466078719707,21.4950708549534,21.3781408339317,21.4250401666025,21.4846999928414,NA,NA
"neg_PG 36:3|PG 18:1_18:2_[M-H]-__A","9800","17.035","771.52075","PG 36:3|PG 18:1_18:2","[M-H]-","771.51819","C42H77O10P","PG","79.10356:5476 85.86458:5652 152.99544:43264 279.23349:1458354 280.23642:151927 281.24884:1353690 489.26425:11662 491.2775:12990 507.27173:11481 509.28479:12696 771.51849:317541",28.7919658804188,"10347","16.394","771.51868","PG 36:3|PG 18:1_18:2","9800",17.035,"[M-H]-","771.51819","-0.635111402899553","C42H77O10P","PG","3048.8","771.51776:2175798 772.52111:1148565 773.52447:294752","152.99516:37074 279.23218:1524336 281.24762:1514802 407.4899:5739 489.2583:11161 491.28107:11939 507.26913:13106 509.28726:11774 771.51654:371765","204583.612768975","5879395.5","3.47967087379945",0,0,3.48390611163672,NA,NA,12.7047682393626,NA,NA,NA,NA,NA,NA,NA,NA,NA,NA,NA,NA,NA,9.00562454919388,NA,NA,NA,NA,NA,NA,NA,9.14720492494223,NA,10.2336196767597,22.4923612805207,22.482093247213,22.4617072484973,22.4692030895017,22.5458039537464,22.4599125895637,22.5349582484081,22.4285758852239,22.5347118087481,22.371201280494,22.510163892207,22.5252837457213,NA,NA
"neg_PG 38:5|PG 18:1_20:4_[M-H]-__B","10275","17.046","795.52142","PG 38:5|PG 18:1_20:4","[M-H]-","795.51819","C44H77O10P","PG","152.9948:26517 197.84943:5417 259.24155:20480 281.24878:470558 303.23322:226900 439.22751:7195 531.27545:6451 795.52203:94435",16.9729822652341,"10782","16.406","795.51752","PG 38:5|PG 18:1_20:4","10275",17.046,"[M-H]-","795.51819","0.842218328173885","C44H77O10P","PG","150.84","795.51752:1582288 796.52087:769329 797.52423:2280064","104.25539:6079 131.70921:6357 152.99461:51370 205.19464:10434 259.24185:45083 279.23184:15895 281.24698:1196710 303.23123:638763 303.29303:13870 305.24792:16221 329.25189:9256 439.2225:19512 509.28342:10534 513.25793:12829 531.27014:7551 795.51227:220800","10069.0368332825","254619","3.95455045903193",0,0,4.00442510751539,NA,NA,NA,NA,8.91288933622996,NA,NA,9.07146236255662,NA,NA,NA,NA,8.98013957763916,NA,NA,NA,NA,NA,NA,NA,NA,NA,NA,NA,9.0389189892923,NA,NA,17.96005851256,17.9843906425038,17.9261801519494,17.8691841475855,17.9724918519288,17.9419875101863,17.9618679176598,17.9033876229822,18.0157907053092,17.796559327642,17.9558995971085,17.9778724267311,NA,NA
"neg_PG 38:4|PG 18:1_20:3_[M-H]-__A","10321","17.057","797.53674","PG 38:4|PG 18:1_20:3","[M-H]-","797.53381","C44H79O10P","PG","206.205:5755 281.24777:157734 282.25018:14581 305.24823:173485 797.53711:34498",14.4558277584416,"10830","16.421","797.5321","PG 38:4|PG 18:1_20:3","10321",17.057,"[M-H]-","797.53381","2.14410972746443","C44H79O10P","PG","68.75","797.5321:1980543 798.53545:1066187 799.53881:279386","119.13031:6070 148.12125:8747 148.17072:22738 152.99455:40665 281.24692:1642520 282.25079:69756 283.25226:29055 303.23129:48927 304.23511:46917 305.2468:1735186 491.28552:6873 509.29056:13456 533.27521:9969 797.5282:374148","9119.905901877","231375.5","3.94160397357412",0,0,3.91388333626677,NA,NA,NA,NA,NA,NA,NA,NA,NA,NA,NA,NA,NA,NA,NA,NA,NA,NA,NA,NA,NA,NA,NA,NA,NA,NA,NA,17.8367099432525,17.8167899280442,17.8229566465078,17.8000088070931,17.9078764759892,17.8621651308241,17.8856487148144,17.8099188201829,17.9199515081622,17.7361244226193,17.7856951106934,17.7647485107475,NA,NA
"neg_PG 42:9|PG 20:4_22:5_[M-H]-__C","11216","17.245","843.52161","PG 42:9|PG 20:4_22:5","[M-H]-","843.51819","C48H77O10P","PG","78.95926:14300 152.9957:95669 171.0067:46637 205.19702:11174 209.02023:7824 217.19774:7895 227.03371:21983 231.2121:36190 251.20039:6596 259.2431:30432 285.25931:212955 303.2341:379309 311.23801:7666 329.24982:773342 439.23074:17025 513.26459:21556 531.276:64756 539.27362:7741 557.28601:10169 787.05347:5600 843.52094:227462",15.7695660745894,"11629","16.605","843.51508","PG 42:9|PG 20:4_22:5","11216",17.245,"[M-H]-","843.51819","3.68693886730812","C48H77O10P","PG","63.22","843.51508:2739688 844.51843:1774785 845.52179:534170","78.95823:16497 79.39206:6859 117.07024:7381 144.35027:5561 152.99452:134206 171.00485:65654 179.17868:11721 205.19292:11300 227.03166:33612 231.21075:65337 251.20001:10733 259.24188:50248 285.25742:329055 303.23126:604779 329.24707:1203044 439.2218:25907 513.25903:34965 531.27057:104005 539.27667:10477 557.28461:9515 656.27094:6917 843.51239:453859","5731.24550692134","127076.5","4.51007503898938",0,0,4.57021936293026,NA,NA,NA,NA,NA,NA,NA,9.02513956227851,NA,NA,NA,NA,8.90689059560852,NA,NA,NA,NA,NA,NA,NA,NA,NA,NA,NA,NA,NA,NA,16.9450322584254,16.7654544585809,16.915704351837,16.9005012776769,16.9655701187214,16.9731143595509,16.9910013793316,16.9657391997376,17.0011222661287,16.860650541106,16.9351765623821,16.99839209843,NA,NA
"neg_PG 36:3|PG 18:1_18:2_[M-H]-__B","9799","17.321","771.52063","PG 36:3|PG 18:1_18:2","[M-H]-","771.51819","C42H77O10P","PG","77.58696:12158 116.64096:12056 152.99548:172020 178.29395:29262 252.14795:13939 255.23497:16121 279.23386:2716128 281.24948:3020917 415.22424:50765 417.24115:49407 489.26157:46251 491.27643:34730 507.27588:29421 509.28494:30760 771.52161:768777",36.1048041004708,"10348","16.692","771.5191","PG 36:3|PG 18:1_18:2","9799",17.321,"[M-H]-","771.51819","-1.17949260532173","C42H77O10P","PG","581.4","771.5191:11576021 772.52245:6037928 773.52581:1613788","78.95831:10877 96.2097:7027 127.57784:5732 152.99532:264015 171.00609:10225 174.83574:6170 178.29135:11077 195.76431:6539 227.02905:13056 255.23222:178380 279.23233:7817475 281.24747:7730513 305.24783:209157 305.31146:3672 337.89325:6817 415.22382:52842 417.24005:44171 433.23492:19108 435.25272:15302 489.26123:65201 491.27771:56391 507.27161:56793 509.28693:67646 771.51343:1688665","52357.7532977339","1291885","4.05281842406514",0,0,4.03580452546209,NA,NA,NA,NA,NA,NA,NA,NA,NA,NA,NA,NA,NA,NA,NA,NA,NA,NA,NA,NA,9.03066713624694,NA,NA,NA,NA,NA,NA,20.3129571633488,20.2778526585773,20.2856674887365,20.2474466060148,20.3631712054795,20.2912291672971,20.3825469845351,20.3107969229715,20.3413961177173,20.2028496100811,20.256470166209,20.4000882864486,NA,NA
"neg_PG 44:9|PG 22:4_22:5_[M-H]-__A","11744","17.411","871.5528","PG 44:9|PG 22:4_22:5","[M-H]-","871.5495","C50H81O10P","PG","147.28674:8426 329.24878:32258 331.26471:44179 871.54144:8965",25.3054748050982,"12134","16.779","871.54578","PG 44:9|PG 22:4_22:5","11744",17.411,"[M-H]-","871.5495","4.26826015037611","C50H81O10P","PG","510.31","871.54681:1718496 872.55016:1124286 873.55352:346504","87.74203:5413 107.38786:5980 152.99428:34103 231.21114:34403 272.49933:5725 285.25824:197402 287.27158:28080 329.24817:778704 331.26392:1087873 485.26065:7304 541.28625:6758 557.28705:10325 559.30103:12519 871.55121:157820","18434.0006828209","577477.5","3.19215912010787",0,0,3.18360256771353,NA,NA,NA,9.22881869049588,NA,NA,NA,NA,NA,NA,NA,NA,NA,NA,NA,NA,NA,NA,NA,8.96578428466209,NA,NA,NA,NA,NA,NA,9.7176764230664,19.1796783064222,19.1068593821819,19.1388442401822,19.088666622116,19.1278054504536,19.1684346328319,19.1608168496736,19.1399659637229,19.1982987501301,19.0700606561788,19.1074725165982,19.2244115581846,NA,NA
"neg_PI 40:7|PI 18:1_22:6_[M-H]-__A","12452","17.501","907.53723","PI 40:7|PI 18:1_22:6","[M-H]-","907.53418","C49H81O13P","PI","152.99423:34967 223.00017:24264 229.19229:7848 240.96031:7202 241.01071:118866 259.0217:13138 281.24744:141684 283.24124:42150 297.03671:18671 315.04932:7013 327.23132:87265 417.24078:57261 435.25562:7416 579.29388:69401 597.30457:18595 625.2865:8684 907.53448:368402",48.585771109704,"12705","16.867","907.53101","PI 40:7|PI 18:1_22:6","12452",17.501,"[M-H]-","907.53418","3.49298138826529","C49H81O13P","PI","588.24","907.53052:2413928 908.53387:1522397 909.53723:486212","77.35555:5277 78.95804:48678 96.96819:19672 121.10144:8147 133.10181:6153 152.9946:139610 177.16377:10622 197.18118:5226 222.99982:103908 229.19565:30178 241.01045:508031 249.18834:5845 259.02112:47423 259.55991:5342 281.24701:604712 283.24161:173875 297.0368:79920 303.23138:24983 305.24734:33973 315.04678:33391 327.23108:314623 417.23886:228421 435.24686:19493 441.23239:7543 463.22269:25973 579.29126:240552 597.30054:79749 603.27869:10534 625.27191:40308 643.28564:8752 796.88074:7419 823.03674:6389 907.52649:1402224","21894.1561415715","746561","2.93266807957709",0,0,2.91570124350849,NA,NA,NA,NA,NA,NA,8.94836723158468,NA,NA,NA,NA,NA,NA,NA,NA,NA,NA,NA,NA,NA,NA,NA,NA,NA,NA,NA,NA,19.4551987695151,19.494845820897,19.5074675412563,19.4910780031244,19.5073494577398,19.5123296009653,19.576648568605,19.5261878187534,19.5645495792905,19.4642426044811,19.5222711799101,19.5903860281204,NA,NA
"neg_PG 38:5|PG 18:2_20:3_[M-H]-__B","10272","17.586","795.52124","PG 38:5|PG 18:2_20:3","[M-H]-","795.51819","C44H77O10P","PG","131.61674:17285 152.97319:18796 152.99548:207465 165.56226:16778 171.00565:71810 223.88411:17133 227.03447:31221 279.16092:32254 279.23306:1428678 305.24896:2669818 415.2272:40388 441.23749:20303 474.40298:17741 489.26733:44844 507.2731:87591 515.27246:40805 533.29205:36588 704.99176:19497 795.51886:964849",24.949498124622,"10779","15.476","795.5163","PG 38:5|PG 18:2_20:3","10272",17.586,"[M-H]-","795.51819","2.37580991077408","C44H77O10P","PG","164.2","795.5163:1017374 796.51965:564634 797.52301:157825","83.00544:5139 152.99516:30549 255.23262:43553 256.2359:31350 257.23889:14508 277.21344:7443 279.2319:1001529 284.24594:8973 305.24741:940804 307.2634:12515 327.23593:15118 328.23492:16819 329.2402:7454 340.26419:6947 507.26779:8069 795.51074:204993","13334.7622364073","272715","4.88963285349443",0,0,4.83394159462765,NA,NA,NA,NA,NA,NA,9.18487534290828,NA,NA,NA,NA,NA,NA,NA,NA,NA,NA,NA,NA,NA,NA,NA,NA,NA,NA,9.4178525148859,8.99435343685886,18.0296269364746,18.03280984632,17.997774893251,17.9777382963649,18.0735349148666,18.0628419562147,18.1321532725326,18.0512036293805,18.1353986724867,18.0363775505625,18.111701150313,18.2234549810055,NA,NA
"neg_PG 44:9|PG 22:4_22:5_[M-H]-__B","11743","17.632","871.55267","PG 44:9|PG 22:4_22:5","[M-H]-","871.5495","C50H81O10P","PG","144.73085:5921 152.99557:6695 285.2579:17130 329.24838:48986 331.26489:58676 367.09009:7302 871.55408:19917",27.3739853983277,"12133","16.993","871.54572","PG 44:9|PG 22:4_22:5","11743",17.632,"[M-H]-","871.5495","4.3371030561157","C50H81O10P","PG","86.94","871.54669:204970 872.55004:137571 873.5534:35999","147.13814:6012 152.99515:9008 285.25806:18199 329.2475:68319 331.26294:121771 333.27792:10880 871.55048:38553","5072.1373916424","79370.5","6.39045664528055",0,0,6.30830821192837,NA,NA,NA,NA,NA,NA,NA,NA,NA,NA,NA,9.14210705730255,NA,NA,NA,8.98584193700334,NA,NA,NA,NA,NA,NA,NA,NA,NA,NA,NA,16.2644242731915,16.2570010389564,16.2295886737436,16.220416117829,16.3671075588314,16.1430443449553,16.3542838232607,16.2881090661438,16.4732776713686,16.221115056813,16.3082323600603,16.3821004818453,NA,NA
"neg_PG 38:4|PG 18:1_20:3_[M-H]-__B","10320","17.64","797.53601","PG 38:4|PG 18:1_20:3","[M-H]-","797.53381","C44H79O10P","PG","88.15154:6525 149.4203:6197 152.321:6203 279.23199:15489 281.24826:127994 305.24811:120473 306.25247:7637 307.25928:12044 797.53827:38997",28.0617468098889,"10827","16.748","797.53064","PG 38:4|PG 18:1_20:3","10320",17.64,"[M-H]-","797.53381","3.97475312058342","C44H79O10P","PG","45.53","797.53003:204450 798.53338:111870 799.53674:27169","85.89295:6261 279.22922:8969 281.24759:56787 305.24756:68374 307.26007:5840 797.53528:30696","7731.32061516954","211575.5","3.6541662976902",0,0,3.68932003329342,NA,NA,NA,NA,NA,NA,NA,NA,NA,NA,NA,NA,NA,NA,NA,NA,NA,NA,NA,NA,NA,NA,NA,NA,NA,NA,NA,17.7086999800522,17.6869450088122,17.6260726097349,17.6048138079727,17.69467074921,17.71637069238,17.6985418986717,17.6706009299965,17.7511059643392,17.5862094092142,17.6279470498249,17.7411443558806,NA,NA
"neg_PS 40:7|PS 18:1_22:6_[M-H]-__A","10997","17.647","832.51672","PS 40:7|PS 18:1_22:6","[M-H]-","832.51343","C46H76NO10P","PS","78.95804:43068 96.96869:8927 108.48057:5910 152.99484:203831 178.34019:11861 279.23282:7668 281.2485:524429 283.24609:18667 327.233:81101 417.24207:198346 435.25269:100107 463.22382:21835 481.23068:7820 745.48578:99419 832.51398:32289",54.2690083321787,"11434","17.197","832.5127","PS 40:7|PS 18:1_22:6","10997",17.647,"[M-H]-","832.51343","0.876862731182507","C46H76NO10P","PS","89.73","832.51306:330772 833.51641:411868 834.51977:158231","78.95766:21445 96.96877:6822 152.99414:80845 279.23279:7683 281.24728:205370 281.31735:12077 283.24484:13484 327.23126:42841 339.73053:7146 417.24228:71155 435.25168:32488 463.22421:23065 745.48535:51081 832.51935:15901","8921.80097833222","179650.5","4.96619880174685",0,0,4.99175257673255,9.48784003382305,NA,9.24317398347295,10.0443941193585,NA,8.83289001416474,8.73470962022584,NA,NA,NA,NA,NA,9.22641219278879,NA,NA,NA,NA,NA,NA,NA,NA,NA,NA,NA,NA,NA,NA,17.3294635103292,17.3188428692328,17.4603919002557,17.3853316031083,17.4465017939036,17.5160924240753,17.4613355543019,17.4426924663199,17.4632210127032,17.4492534510929,17.506989340127,17.5690545478577,NA,NA
"neg_PG 40:6|PG 18:1_22:5_[M-H]-__A","10782","17.669","821.53784","PG 40:6|PG 18:1_22:5","[M-H]-","821.53381","C46H79O10P","PG","85.8796:6008 120.06264:5801 123.289:6464 152.99596:17224 231.21216:17232 281.24963:568911 285.25916:98026 329.24976:365554 491.28287:5879 539.28308:6320 821.53278:80872",22.1455426340646,"11238","17.039","821.53418","PG 40:6|PG 18:1_22:5","10782",17.669,"[M-H]-","821.53381","-0.450377081833473","C46H79O10P","PG","1171.84","821.5343:2410929 822.53765:1462763 823.54101:398050","106.1867:6211 152.99483:57556 179.18155:7987 193.18839:5004 209.18927:5811 231.21111:57298 281.24777:1910488 285.25818:315810 329.2478:1292155 491.27475:10956 509.28439:29440 539.28247:11223 557.28235:13470 821.53064:326927","81352.4778835155","2404829.5","3.38287923877828",0,0,3.37403503913404,NA,NA,NA,NA,NA,NA,NA,NA,8.94251450533924,NA,NA,NA,NA,NA,NA,NA,8.8703647195834,NA,NA,NA,NA,NA,NA,NA,8.96000193206808,9.06069593168755,NA,21.2011577346337,21.1884264590089,21.1949317519373,21.1422292383445,21.2247365558037,21.1991924544943,21.1958119278187,21.1750390223517,21.2848624980974,21.1130019317267,21.2074373994779,21.2795380382471,NA,NA
"neg_PI 40:7|PI 18:1_22:6_[M-H]-__B","12451","17.799","907.53693","PI 40:7|PI 18:1_22:6","[M-H]-","907.53418","C49H81O13P","PI","86.75114:5087 147.28821:8115 152.9968:9183 241.01141:28143 281.24872:33143 283.24609:7572 297.03867:6611 327.23453:16622 417.24744:16064 579.29449:11655 907.53748:68237",36.6526194836407,"12706","17.171","907.5329","PI 40:7|PI 18:1_22:6","12451",17.799,"[M-H]-","907.53418","1.41041519775216","C49H81O13P","PI","282.22","907.53339:274082 908.53674:185279 909.5401:114841","152.99454:17164 223.00177:11431 230.14421:5428 241.01051:59051 246.86702:5928 259.02029:8205 281.24747:69929 283.2431:17636 297.04004:6457 327.23047:38117 417.24277:26413 579.29498:24286 597.30841:9286 625.27966:8348 907.53528:162025","9612.94694039179","359862.5","2.67128332082164",0,0,2.67473455124983,NA,NA,NA,NA,NA,NA,NA,NA,NA,NA,NA,NA,NA,NA,NA,NA,NA,NA,NA,NA,NA,NA,NA,NA,NA,NA,NA,18.4423198903761,18.4579018508403,18.4822762052036,18.4143962054465,18.4913833925844,18.494781379518,18.4802182532469,18.402175192274,18.393687915589,18.4300849704395,18.4562701805656,18.5114901532642,NA,NA
"neg_PS 32:1|PS 16:0_16:1_[M-H]-__B","9054","17.835","732.48486","PS 32:1|PS 16:0_16:1","[M-H]-","732.48212","C38H72NO10P","PS","78.95779:18463 101.65346:5948 152.99467:89516 178.33879:41525 253.2175:93773 255.23305:244163 299.62997:6373 389.21194:31236 391.22836:152964 407.21808:7725 409.23935:67121 633.16016:5817 645.45624:125986 732.48828:11781",26.4123390731832,"9632","17.459","732.4834","PS 32:1|PS 16:0_16:1","9054",17.835,"[M-H]-","732.48212","-1.74748292825433","C38H72NO10P","PS","17.47","732.4834:171198 733.48675:74190 734.49011:20332","78.95784:18239 107.6532:4900 152.99451:50995 253.21657:46911 255.23209:117027 281.2482:14777 389.21094:15844 391.2254:79556 409.23721:34456 645.45007:67415 688.93829:6218 732.51483:8818","1342.00197296969","25392.5","5.28503287572981",0,0,5.33191085538779,NA,NA,NA,NA,NA,NA,NA,NA,NA,NA,NA,NA,NA,NA,NA,NA,NA,NA,NA,NA,8.84235034341381,NA,NA,NA,NA,NA,NA,14.5919897676151,14.6098135874551,14.5335730813898,14.4308445351052,14.5965974369612,14.6320864128352,14.7339156655303,14.6321432286289,14.6373041221062,14.6472897723827,14.7097300365436,14.653964643249,NA,NA
"neg_PG 40:6|PG 18:1_22:5_[M-H]-__B","10780","17.901","821.53772","PG 40:6|PG 18:1_22:5","[M-H]-","821.53381","C46H79O10P","PG","147.282:8090 152.99446:29441 231.21198:16324 281.24835:297540 285.2579:88471 329.24863:351687 491.28137:5639 509.28995:11228 821.53754:96334",26.8659431675696,"11237","17.26","821.53387","PG 40:6|PG 18:1_22:5","10780",17.901,"[M-H]-","821.53381","-0.0730341213372599","C46H79O10P","PG","120.49","821.53387:2005226 822.53722:1066197 823.54058:279249","137.03983:5347 152.99458:70291 179.17834:6704 231.21051:29375 281.2471:1417343 285.25757:189305 285.32965:9622 311.23569:7190 329.24695:729628 465.23547:10913 509.28635:18396 539.27399:13773 557.28088:7682 821.52673:241441","14734.7257771318","282095.5","5.22331117551744",0,0,5.15673503727435,NA,NA,NA,NA,NA,NA,NA,NA,NA,NA,NA,NA,NA,NA,NA,NA,NA,NA,NA,NA,8.95128471496697,NA,NA,NA,NA,NA,NA,18.0924010059432,18.1478806324111,18.0433210489566,18.080531299759,18.1370962113404,18.0420921774675,18.2017889064141,18.0653425001469,18.294921338867,18.0903140437147,18.156789196562,18.1191235063234,NA,NA
"neg_PG 38:4|PG 18:1_20:3_[M-H]-__C","10323","17.913","797.53741","PG 38:4|PG 18:1_20:3","[M-H]-","797.53381","C44H79O10P","PG","81.0996:5380 281.2493:25760 305.2496:18974 797.54364:9792",28.8129340418899,"10831","17.003","797.53479","PG 38:4|PG 18:1_20:3","10323",17.913,"[M-H]-","797.53381","-1.2287880309762","C44H79O10P","PG","156.85","797.53479:3251633 798.53814:1917719 799.5415:543478","84.00701:5789 149.34567:5593 152.995:70003 155.10666:6682 178.33153:12641 238.53131:5834 261.25754:13276 277.21582:9486 279.2326:158758 281.24783:2841972 305.24792:2808841 306.25623:8056 307.26346:172057 309.27844:13578 435.24905:6831 491.28165:12981 509.28522:22285 515.2785:19334 533.28528:22005 797.53351:558716","24993.0030153896","676130","3.69647893384254",0,0,3.65817556919065,NA,NA,NA,8.99717948093762,NA,NA,NA,NA,NA,8.95128471496697,NA,NA,NA,NA,9.09011241966429,NA,NA,NA,NA,NA,NA,NA,NA,NA,NA,NA,NA,19.3708065822247,19.3854327224579,19.363065304413,19.3321108707044,19.4077407722145,19.3320168741594,19.3896628457792,19.3511872787668,19.4917650385251,19.3253230248268,19.3602255423369,19.4639114645144,NA,NA
"neg_PS 40:7|PS 18:1_22:6_[M-H]-__B","10996","17.938","832.51636","PS 40:7|PS 18:1_22:6","[M-H]-","832.51343","C46H76NO10P","PS","78.95782:20330 80.0989:5932 113.78171:5324 128.7581:5818 152.9698:8661 152.99478:106508 178.33826:19457 188.37431:6034 204.78185:5952 219.54599:5658 281.24899:291612 283.24573:15606 327.23331:41500 417.24295:137522 435.25464:58577 463.2309:16999 466.79401:6438 745.48657:71304 832.52112:8234",49.0292465920461,"11435","17.486","832.51288","PS 40:7|PS 18:1_22:6","10996",17.938,"[M-H]-","832.51343","0.660650002938241","C46H76NO10P","PS","311.1","832.51434:2332854 833.51769:2115294 834.52105:770161","76.25771:5754 78.94916:9955 78.9583:148765 96.96886:33307 116.86472:6225 134.98537:9186 152.99507:544271 171.00562:14972 229.19415:7793 281.2475:1583386 283.24191:62198 327.23154:236836 417.23959:719902 435.25003:317372 435.35855:5381 463.22321:81354 481.23346:19882 745.47656:392669 782.53271:6208 832.50873:35489","31619.5337797218","671811.5","4.70660799639807",0,0,4.76098789893545,NA,NA,NA,NA,NA,NA,NA,9.09803208296053,10.0168082876865,NA,NA,9.41362792902417,9.71080643369935,NA,NA,NA,NA,NA,NA,NA,9.96434086779242,9.0389189892923,NA,NA,NA,NA,9.16741814583174,19.1929381066186,19.2588558319105,19.2933144741711,19.3086056708367,19.3156824944741,19.3872032687467,19.4438379394837,19.3776193659914,19.3711236260251,19.3441441741964,19.3715469517257,19.410304348257,NA,NA
"neg_PI 34:2|PI 16:0_18:2_[M-H]-","11023","17.947","833.52142","PI 34:2|PI 16:0_18:2","[M-H]-","833.51862","C43H79O13P","PI","78.95868:61958 110.15219:26774 152.9951:240696 223.00133:210131 241.01193:890295 255.23297:1097425 259.02463:73061 279.23294:1112927 297.03891:112251 315.04938:55818 391.2258:506560 415.23209:77940 553.28149:495967 571.29089:102416 577.28131:94559 833.51898:3445078",31.5376803421103,"11460","17.316","833.51752","PI 34:2|PI 16:0_18:2","11023",17.947,"[M-H]-","833.51862","1.31970657124005","C43H79O13P","PI","2582.03","833.51801:1547622 834.52136:810643 835.52472:234479","78.95851:18230 79.11024:5033 152.99513:64761 176.26308:5380 186.46835:5696 223.00037:60585 241.01085:223594 253.21596:17574 255.23218:260120 255.29265:13046 259.02118:16102 279.23212:301159 281.24835:28166 297.03659:34746 315.04703:13516 391.22528:86314 415.22394:49764 417.23697:10547 495.7959:5453 553.27698:79177 571.28448:19337 577.27893:55866 595.27979:8129 833.51569:956223","137930.044293514","5030965","2.7416220206961",0,0,2.75979914466223,9.4594316186373,NA,10.6501542136751,9.2667865406949,NA,9.06608919045777,NA,9.40726776424473,NA,9.29691620687929,NA,9.03342300153745,9.7431513941125,NA,NA,NA,NA,9.30149619498255,NA,11.9095181142966,9.11113567023471,NA,NA,9.27612440527424,NA,NA,NA,22.2851377470429,22.179183819397,22.261729671587,22.2045466677039,22.2799145977412,22.2680990511184,22.2865870895154,22.2459802977201,22.2630774581817,22.196287539989,22.2471973981502,22.3105966959106,NA,NA
"neg_PI 38:5|PI 18:1_20:4_[M-H]-__A","12013","17.953","883.53851","PI 38:5|PI 18:1_20:4","[M-H]-","883.53418","C47H81O13P","PI","78.95876:16398 110.03794:5309 137.93608:5365 152.99554:58726 178.29308:11018 223.00117:43883 241.01196:194836 241.06786:10372 255.23367:22301 259.02194:17524 259.2446:17682 281.24921:224327 297.03867:34248 303.23349:222618 315.04782:14514 329.25:16939 391.22662:8330 417.24142:98303 439.22543:10476 553.27386:11359 579.2951:78324 597.30444:23098 601.27502:17590 619.28241:8161 883.5332:608670",18.4530816755067,"12338","17.322","883.53271","PI 38:5|PI 18:1_20:4","12013",17.953,"[M-H]-","883.53418","1.66377264549094","C47H81O13P","PI","26940.15","883.53357:14350135 884.53692:8658407 885.54028:2690114","78.94908:10359 78.95837:136954 92.71523:5990 96.96879:56155 134.98438:17256 152.99492:517962 171.00427:12988 178.28972:9644 205.19553:46783 223.00014:415526 225.76379:6325 231.20837:6167 241.01067:1870979 255.23238:43899 259.02115:168111 259.08273:8445 259.24188:200105 281.24725:2380275 285.21698:10634 297.0365:286513 303.23141:2360374 315.04745:123172 329.24677:47304 391.22131:21213 417.23935:941146 435.24875:85003 439.22385:104175 553.28027:24271 579.29065:958368 597.30072:247057 601.27484:178944 619.2868:24081 721.4906:15129 883.526:6400310","859564.025379657","32862840","2.61561090088275",0,0,2.62343629055017,9.32418054661874,NA,12.5053153561362,9.67595703294175,NA,9.22641219278879,NA,NA,NA,9.08480838780436,9.14720492494223,NA,NA,NA,10.0525680508041,NA,NA,9.06069593168755,8.97154355395077,NA,9.62570884306447,NA,9.01402047031493,NA,9.40514146313634,NA,12.9104553553098,25.0034111954819,24.889670966034,24.9649661087214,24.9240757145116,24.9859272975749,24.9648760625309,25.0025715990571,24.9395441532463,24.987110102604,24.9281832841395,24.9749243616184,25.016958721501,NA,NA
"neg_PG 34:2|PG 16:1_18:1_[M-H]-","9299","18.006","745.50519","PG 34:2|PG 16:1_18:1","[M-H]-","745.5025","C40H75O10P","PG","84.18552:6309 152.99538:22034 179.6109:5911 189.8963:5817 253.21741:108966 281.24936:294947 389.20407:8596 403.58435:5912 463.24414:5363 481.24802:8769 671.50983:11083 745.51074:98767",15.4052811337843,"9878","17.339","745.5011","PG 34:2|PG 16:1_18:1","9299",18.006,"[M-H]-","745.5025","1.87792797489387","C40H75O10P","PG","78.91","745.5011:2293093 746.50445:1025606 747.50781:273535","78.9582:10085 128.03601:5419 152.99458:129490 168.04126:5566 171.00542:37764 178.32359:8029 209.02122:6664 227.03175:25614 253.21596:746684 281.24707:1721156 389.20865:54233 417.23688:12282 438.35742:6757 457.62231:5384 463.24344:38705 481.25623:59409 491.2793:20493 509.27936:13668 671.50659:37132 734.01813:6637 745.49811:709340","8344.07048039613","197980","4.21460272774833",0,0,4.22354132667689,NA,NA,NA,NA,NA,NA,NA,NA,NA,NA,NA,NA,NA,NA,NA,NA,NA,NA,9.08214904135387,9.69522829149575,NA,NA,NA,NA,NA,NA,NA,17.6913686772358,17.5410663571664,17.5705524657743,17.5163848695402,17.6119397398499,17.5766245823156,17.6152416708683,17.4792276555109,17.6147242203892,17.6179480731289,17.5778492184398,17.6761499231883,NA,NA
"neg_PG 44:8|PG 22:4_22:4_[M-H]-__A","11789","18.021","873.56952","PG 44:8|PG 22:4_22:4","[M-H]-","873.56512","C50H83O10P","PG","331.26437:155525 873.55823:12640",14.0845779981352,"12167","17.39","873.56683","PG 44:8|PG 22:4_22:4","11789",18.021,"[M-H]-","873.56512","-1.95749573884402","C50H83O10P","PG","63.59","873.56586:494507 874.56921:312782 875.57257:93982","152.99393:10485 249.01343:6177 287.2702:16763 331.263:655322 559.29773:7689 873.57275:61428","8264.44779911171","202753","4.07611616060513",0,0,4.05267329990644,NA,9.29462074889163,9.87958324961278,9.55074678538324,9.73131903102506,9.39446269461032,9.37503943134693,9.60177078840771,NA,9.08480838780436,NA,9.16741814583174,9.26209484537018,9.3264294871223,9.43254190038826,9.20212382383046,9.45121111183233,10.5430318202552,9.59991284218713,9.23122118071119,10.1484765821783,NA,NA,9.44914864537544,NA,9.39231742277876,9.18487534290828,17.6108085843992,17.6305231010423,17.6931261841842,17.5658681578756,17.6997215515418,17.6101741728738,17.6381601215426,17.5517983671746,17.7137087009005,17.6282034377838,17.5766172018387,17.7205181583408,NA,NA
"neg_PG 36:4|PG 16:0_20:4_[M-H]-","9761","18.095","769.50739","PG 36:4|PG 16:0_20:4","[M-H]-","769.5025","C42H75O10P","PG","78.95863:11921 115.5286:5433 152.99542:102215 171.00642:43107 178.29111:14930 205.19629:21901 227.0321:22553 255.23308:618036 259.24344:114133 285.22104:6855 303.2334:1379409 348.69598:5661 362.22763:6145 391.22583:24780 465.26306:31378 483.27383:86118 513.26605:12605 531.27032:8506 769.50299:533897",14.2627626185635,"10311","17.466","769.50262","PG 36:4|PG 16:0_20:4","9761",18.095,"[M-H]-","769.5025","-0.155944912361432","C42H75O10P","PG","1611.04","769.50238:8207540 770.50573:4507140 771.50909:1245756","78.9585:42884 84.02775:6898 96.96914:6203 113.00159:5831 152.99521:382833 164.63763:4890 171.00589:160306 177.09167:10167 179.46065:5930 181.97148:6286 205.19542:95442 209.02126:24640 227.03175:84633 231.21132:16580 255.23219:2221322 259.24243:399226 285.22122:24164 303.23184:5311661 391.22427:96539 409.23712:10987 439.22668:20467 465.26105:135375 483.27106:345695 513.25995:52916 531.27148:25082 769.49677:1775304","132113.835433575","3756821","3.51663907951896",0,0,3.4923258057852,NA,NA,9.12412131182919,9.00842862207058,NA,NA,NA,NA,NA,NA,NA,NA,NA,NA,NA,NA,NA,NA,NA,NA,NA,NA,NA,NA,NA,NA,8.8008998999203,21.8541470258327,21.7909466105667,21.8117019842529,21.8101715070115,21.8917184482662,21.8853802338644,21.9606803980919,21.8134516317622,21.8788307523548,21.8037397433792,21.8278954507141,21.8749048248835,NA,NA
"neg_PI 40:6|PI 18:1_22:5_[M-H]-__A","12489","18.105","909.55359","PI 40:6|PI 18:1_22:5","[M-H]-","909.54993","C49H83O13P","PI","78.9588:6985 97.13536:5073 108.90229:5217 119.58846:6395 152.99445:40723 215.1785:5360 223.00084:25619 240.96001:8616 241.01096:119273 259.02283:10653 281.24756:175332 285.25854:7683 297.03659:21833 315.04947:6329 329.24802:141375 417.24054:72758 465.23709:11663 579.29504:73558 597.30414:15966 627.29724:8075 909.55151:458992",17.0486635752014,"12737","17.471","909.5473","PI 40:6|PI 18:1_22:5","12489",18.105,"[M-H]-","909.54993","2.89153999502524","C49H83O13P","PI","621.1","909.5473:2658188 910.55065:1635140 911.55401:534211","78.95805:41626 96.96878:13257 112.31091:6338 152.99448:127416 178.33032:12096 222.99962:86682 241.01024:429230 259.02087:33470 279.23065:11532 281.24689:579704 285.2576:33073 297.03561:64152 303.23166:12214 307.26303:10910 315.04611:25611 329.24677:446595 331.26395:15009 417.23843:202145 435.24744:19313 465.24017:27260 579.29034:194493 597.29974:52596 627.28955:39034 645.3103:8693 909.54242:1343913","30489.2909361284","850969","3.58289090861457",0,0,3.55798480453423,NA,NA,NA,NA,NA,NA,NA,NA,NA,NA,NA,NA,NA,NA,NA,NA,NA,NA,NA,9.29920801838728,NA,NA,NA,9.13955135239879,NA,NA,NA,19.6913448203617,19.6558032151793,19.6489508582302,19.6506713831377,19.7190929755547,19.7461239145517,19.8213022018471,19.6876644368759,19.7463306135519,19.6784488418374,19.7061114963644,19.7440125770567,NA,NA
"neg_PS 38:5|PS 18:1_20:4_[M-H]-__A","10512","18.128","808.51636","PS 38:5|PS 18:1_20:4","[M-H]-","808.51343","C44H76NO10P","PS","78.95802:50576 84.04075:5912 94.64732:5944 95.30782:5683 96.96918:7841 152.99481:244596 178.28522:10466 255.23242:23194 259.24414:10548 281.24844:607329 303.23276:165331 329.24725:6533 409.22403:6488 417.24188:247917 435.25314:137961 439.22787:37211 457.246:9549 721.48364:194512 808.5058:18691",33.58120523047,"11006","17.688","808.51196","PS 38:5|PS 18:1_20:4","10512",18.128,"[M-H]-","808.51343","1.81815161675989","C44H76NO10P","PS","699.05","808.51337:497667 809.51672:227515 810.52008:66502","78.95773:34625 96.96789:7808 115.33416:5301 118.83564:5965 122.82944:5760 152.99431:129887 189.80305:5462 255.22826:9238 259.2431:6498 281.24756:314276 303.23236:100196 380.74316:5622 417.24124:139225 432.80408:5794 435.25168:71664 439.22565:25981 457.23117:10201 721.48499:107163 808.51935:12342","48443.9158349554","972180.5","4.98301661419411",0,0,4.92946845803468,10.0874628412503,NA,11.0552824355012,9.34207466799914,9.23122118071119,10.4737057496194,NA,9.15987133677839,10.0098286173681,NA,NA,10.3987436919382,9.89633240390994,NA,10.3575520046181,NA,NA,10.3586512008929,9.03342300153745,NA,9.60362634498619,9.08214904135387,NA,9.03342300153745,NA,NA,NA,19.8173334583757,19.8274822675096,19.884046770737,19.8507423460707,19.8720360457344,19.858994790882,19.9463851652733,19.8976505032034,19.977196059046,19.9477767493278,19.918081445356,20.0609017087462,NA,NA
"neg_PI 36:3|PI 18:1_18:2_[M-H]-__A","11509","18.185","859.53876","PI 36:3|PI 18:1_18:2","[M-H]-","859.53418","C45H81O13P","PI","78.95862:74253 96.9697:28381 98.44775:12583 102.85999:13431 134.98566:17403 152.99561:244402 223.00153:216611 241.01205:983062 259.02344:85534 279.23325:1173758 281.24915:1247718 297.03903:144280 315.04828:42369 394.19119:13972 415.22678:138338 417.24231:524038 435.2532:30657 577.28058:151519 579.29468:493192 595.29022:26447 597.30859:104636 859.53381:4352642",24.8612641384408,"11933","17.548","859.53357","PI 36:3|PI 18:1_18:2","11509",18.185,"[M-H]-","859.53418","0.709686728150621","C45H81O13P","PI","8384.98","859.53381:4652984 860.53716:2610927 861.54052:777548","78.94906:6013 78.95847:67081 80.62607:5146 96.96895:21464 134.98459:8312 152.99516:265642 153.02373:13856 212.86235:5953 223.00055:195963 241.01106:867045 259.02148:70031 279.15808:8106 279.23218:1113021 281.24765:1159795 286.40033:6686 297.03699:140093 315.04825:43862 415.22369:104700 417.23996:469127 435.24829:31142 577.27545:120159 577.47137:3496 579.29095:443380 595.2843:16024 597.30188:95602 859.52808:3396744","343489.492263911","11344600","3.02777966842296",0,0,3.02729736074312,NA,NA,11.5381889320524,NA,NA,NA,NA,NA,NA,NA,NA,NA,NA,NA,NA,NA,NA,NA,NA,9.17990909001493,NA,NA,NA,NA,NA,NA,9.211888294546,23.4298187984912,23.4034778470782,23.4411637104159,23.4556854171654,23.4480262935053,23.4709069460074,23.4059677497221,23.4115153842961,23.4496566049937,23.387131073592,23.3804100675256,23.5378883171606,NA,NA
"neg_PG 38:5|PG 18:1_20:4_[M-H]-__C","10276","18.214","795.52173","PG 38:5|PG 18:1_20:4","[M-H]-","795.51819","C44H77O10P","PG","78.95815:40703 143.50085:27321 147.76387:24330 152.99554:322735 171.00633:132657 255.23357:51685 259.24283:127313 272.5563:28616 281.2493:4204806 303.23386:1363099 329.25107:88776 439.22748:88540 491.28217:67257 509.28409:44547 513.26617:109376 531.27216:143201 795.52167:1154336",17.9726096314547,"10780","17.581","795.51727","PG 38:5|PG 18:1_20:4","10276",18.214,"[M-H]-","795.51819","1.1564788983027","C44H77O10P","PG","1373.63","795.51807:2039064 796.52142:1075489 797.52478:295943","78.95848:9021 95.3309:5273 108.44941:5713 113.57855:5522 152.99449:128203 171.00545:43448 205.19641:10027 209.01936:5875 227.03087:17387 255.23468:9296 259.24149:43853 281.24689:1763789 303.23117:617451 329.24725:18250 439.22336:37025 491.27322:15744 509.28421:22492 513.2583:33275 531.27051:58735 795.51178:547645","53770.4781040478","1966108","2.73486899519496",0,0,2.70007403439996,NA,NA,NA,NA,NA,NA,NA,NA,NA,NA,NA,NA,NA,NA,NA,NA,NA,NA,NA,NA,NA,NA,8.98868468677217,NA,NA,NA,NA,20.9760396303664,20.9036862361402,20.9386348683723,20.8964809719457,20.9652206218142,20.9090565922995,20.873882631692,20.9037156528114,20.9571403104819,20.880850238109,20.904762495733,20.9893882627742,NA,NA
"neg_PI 38:5|PI 18:1_20:4_[M-H]-__B","12011","18.256","883.53784","PI 38:5|PI 18:1_20:4","[M-H]-","883.53418","C47H81O13P","PI","152.99529:207703 178.28986:55482 223.00145:177196 237.39297:26637 241.01213:817231 259.02258:105593 259.24295:60795 281.24933:1003690 297.03909:140242 303.23315:1001837 315.04718:69092 417.24179:430907 439.23175:44804 579.29584:400800 597.30408:102835 601.27716:78640 619.28302:33487 883.53363:2107715",16.3947895472767,"12337","17.628","883.53271","PI 38:5|PI 18:1_20:4","12011",18.256,"[M-H]-","883.53418","1.66377264549094","C47H81O13P","PI","18561.66","883.534:10853748 884.53735:6381676 885.54071:1928935","78.95856:134303 96.96915:40875 105.19892:5544 114.62114:6599 134.98409:15113 152.99556:459069 171.00589:14011 177.0928:7096 205.1955:34848 223.00101:356518 231.20662:6966 241.01164:1642484 259.02243:150257 259.24313:183284 281.24872:2041353 285.22388:8988 297.03812:259207 303.23282:2216395 315.04932:114285 315.13113:10918 331.26562:7641 417.24188:905909 435.25208:78548 439.22659:106501 498.17419:5971 543.10626:6258 579.29419:884908 597.30499:260020 601.27924:142435 619.28491:22411 721.47955:7649 883.53217:5835914","736627.341369722","23206023","3.17429376575953",0,0,3.17188938231665,NA,NA,12.4880911775335,10.3586512008929,NA,9.48784003382305,NA,NA,NA,NA,NA,9.39016895620018,NA,NA,NA,NA,NA,NA,NA,NA,9.10328780841202,NA,NA,NA,9.02236781302845,NA,9.76155123244448,24.4891917454866,24.4060506898199,24.4718235362325,24.4333411837213,24.5049018891741,24.4239329943911,24.4547598933292,24.4863914255761,24.5388772202902,24.4086830842555,24.4641582059163,24.5390025758278,NA,NA
"neg_PG 40:5|PG 18:1_22:4_[M-H]-__A","10822","18.279","823.55298","PG 40:5|PG 18:1_22:4","[M-H]-","823.5495","C46H81O10P","PG","152.99551:30142 196.01973:6259 233.22945:6158 281.24942:1194289 287.27429:30359 298.89304:5780 331.26508:1105259 350.66193:6718 435.25247:6289 509.2811:13338 541.29193:7969 798.25793:6549 823.55029:218364",15.2888526846298,"11264","17.648","823.54883","PG 40:5|PG 18:1_22:4","10822",18.279,"[M-H]-","823.5495","0.813551583740522","C46H81O10P","PG","1064.58","823.54877:814700 824.55212:530774 825.55548:142319","98.78121:4887 152.99463:27100 259.36313:5522 279.22977:12136 281.24707:876597 287.27115:17735 313.25739:6206 331.26294:792860 333.27936:11870 491.28238:10020 509.28806:9352 541.2981:5641 559.30414:8059 823.54395:197191","48108.8200949869","1665802.5","2.88802664751595",0,0,2.8695254024979,NA,NA,NA,NA,NA,9.23601419190008,9.0389189892923,NA,NA,NA,NA,NA,NA,NA,NA,NA,NA,NA,NA,NA,NA,NA,NA,NA,NA,NA,NA,20.6877173972107,20.6399774357298,20.6670292249799,20.6451605767654,20.6899374189301,20.6206914642566,20.66854224256,20.7025489582826,20.7347451725581,20.6402202187847,20.6615006431198,20.7601709068974,NA,NA
"neg_PG 34:2|PG 16:0_18:2_[M-H]-","9303","18.347","745.50616","PG 34:2|PG 16:0_18:2","[M-H]-","745.5025","C40H75O10P","PG","104.03268:5427 152.99564:78086 166.63197:5530 171.00633:22909 224.73442:5583 227.03065:14645 253.21782:21154 255.16995:10525 255.23306:420832 279.23325:1114034 281.24921:36762 391.22647:27119 465.26526:18727 483.27298:44719 489.26263:11177 507.27365:7426 745.50311:369808",27.9359053771609,"9880","17.716","745.50226","PG 34:2|PG 16:0_18:2","9303",18.347,"[M-H]-","745.5025","0.321930510060234","C40H75O10P","PG","768.52","745.50238:3116502 746.50573:1601251 747.50909:412261","78.95818:16448 80.0444:4785 90.61703:4791 152.99478:175290 171.00557:58528 187.08847:5340 209.02003:14964 227.03214:26680 253.21603:29245 255.16724:9625 255.23207:972182 279.23203:2803088 281.24716:73877 391.22476:69627 415.22205:9972 465.26276:58364 483.27206:115780 489.26254:26575 507.27023:11764 745.50128:1050659","43529.950821767","1995084","2.1818605543309",0,0,2.18039499714575,NA,NA,9.51963625284321,NA,NA,NA,NA,NA,NA,NA,NA,NA,NA,NA,NA,NA,NA,NA,NA,9.37503943134693,NA,NA,NA,NA,NA,NA,NA,20.9473215992946,20.9364301858497,20.919152844045,20.8992897966229,20.9759703830357,20.8970743523391,20.9641885481976,20.8871603610782,20.9315325014973,20.8905092146147,20.9244950354164,20.970959675994,NA,NA
"neg_PS 36:3|PS 18:1_18:2_[M-H]-__A","10035","18.375","784.51642","PS 36:3|PS 18:1_18:2","[M-H]-","784.51343","C42H76NO10P","PS","78.95805:50884 96.96927:11190 152.99489:199301 265.8248:7585 279.23279:229372 281.24875:501882 368.12152:6290 415.22693:69888 417.24197:228355 433.237:22641 435.25308:99589 697.48364:206913 784.5152:23492",29.3534266460491,"10575","17.912","784.51178","PS 36:3|PS 18:1_18:2","10035",18.375,"[M-H]-","784.51343","2.10321447260231","C42H76NO10P","PS","563.68","784.51343:1463717 785.51678:705914 786.52014:181764","78.95834:112559 96.9688:21960 127.29868:5394 152.99544:363945 170.81694:5720 171.00543:9856 178.28941:11655 277.21265:7454 279.17682:4949 279.23291:402592 281.24854:969700 415.22595:107326 417.24124:444652 433.2366:37214 435.25198:209091 697.4801:432130 784.5141:39202","29474.6971921372","594362","4.95904805356621",0,0,4.94595632531172,9.83920378809694,NA,NA,9.82654848729091,NA,8.89178370321831,8.95419631038687,NA,9.03342300153745,NA,NA,NA,10.1279943209764,NA,9.13185696060879,NA,8.78790255939143,9.33315535031062,NA,NA,9.01959072835788,NA,NA,9.03066713624694,NA,NA,NA,19.0348526844322,19.0922693685916,19.1539230678926,19.1837153330014,19.1467103648868,19.2545281109034,19.2532265664179,19.1782441916442,19.2460354054464,19.1615108162876,19.2105405555736,19.2822559001732,NA,NA
"neg_PS 38:5|PS 18:1_20:4_[M-H]-__B","10511","18.412","808.51605","PS 38:5|PS 18:1_20:4","[M-H]-","808.51343","C44H76NO10P","PS","78.95797:26909 115.51826:5358 146.33681:6583 146.39601:6403 152.97015:6700 152.99498:106533 238.63852:5804 255.23375:14879 259.24152:8211 281.24933:294617 303.23352:83899 329.25217:6453 417.24448:129960 435.25421:67024 439.23132:14638 457.23404:6439 721.48895:94990 808.52026:15290",28.5956254899229,"11007","17.979","808.5127","PS 38:5|PS 18:1_20:4","10511",18.412,"[M-H]-","808.51343","0.902891619222598","C44H76NO10P","PS","1464.88","808.51355:4098566 809.5169:2025457 810.52026:569790","78.95835:228978 96.96891:50280 119.53802:5498 134.98483:14007 152.99538:909300 171.00684:15520 205.1964:7355 255.23215:13494 259.24329:33856 279.23215:7015 281.24786:2392695 303.23206:681531 305.254:5447 329.24582:5674 391.22336:7476 417.24033:1112476 435.25073:513402 439.22354:145889 439.3299:4272 457.23676:36215 721.47742:706136 808.5097:73702","139250.287147384","2417153.5","5.7609203200121",0,0,5.80210960161951,10.7448338374996,NA,10.3409627642517,10.2082343583398,NA,9.55458885167764,9.13185696060879,NA,10.1996723448364,NA,NA,10.9592775057205,11.4299297413533,NA,9.21916852046216,NA,NA,10.6438561897747,NA,NA,9.51569983828404,9.95710204156229,NA,9.25266543245025,NA,NA,NA,21.0590044141144,21.1124178706736,21.1377354002673,21.1076864136461,21.1378004290605,21.2086576753554,21.2550014756821,21.2257393477378,21.2584441173274,21.2010877203713,21.2526943026916,21.3523974892282,NA,NA
"neg_PG 36:2|PG 18:1_18:1_[M-H]-__A","9838","18.539","773.53638","PG 36:2|PG 18:1_18:1","[M-H]-","773.53381","C42H79O10P","PG","91.39801:6161 97.2076:5826 152.99452:15507 279.23569:14147 280.23804:11506 281.24908:926421 282.25168:27267 283.25546:14388 394.96878:6142 412.25003:6837 491.28036:7594 509.29111:7935 773.53851:137386 773.83868:9122",25.3160564965525,"10379","17.909","773.53333","PG 36:2|PG 18:1_18:1","9838",18.539,"[M-H]-","773.53381","0.620528791157392","C42H79O10P","PG","3556.17","773.53326:7225033 774.53661:3763904 775.53997:1022810","80.86152:6211 128.60951:6070 145.86531:5098 152.99481:40647 279.23245:45220 280.23529:41776 281.2475:2670113 282.25104:118115 283.25378:48680 417.23196:6057 435.25232:7993 491.27783:18208 509.28644:25690 773.52844:449923","235149.716500757","9365913","2.51069721126768",0,0,2.52009538972569,NA,NA,12.3750394313469,NA,NA,NA,NA,NA,NA,NA,NA,NA,NA,NA,NA,NA,NA,NA,NA,NA,NA,NA,NA,NA,NA,NA,10.7185328760692,23.1655655022482,23.1142357624571,23.1601171620265,23.1578583662848,23.1839798380131,23.145642692905,23.1665206233486,23.083060172784,23.1912432974889,23.1141286667005,23.1417636794095,23.2139965124521,NA,NA
"neg_PI 36:3|PI 18:1_18:2_[M-H]-__B","11507","18.551","859.5379","PI 36:3|PI 18:1_18:2","[M-H]-","859.53418","C45H81O13P","PI","78.95885:22109 96.96943:8373 117.34916:6533 152.99506:76131 223.00098:68408 241.01155:284211 241.06761:14622 255.23257:38339 259.02087:26228 259.76822:8032 279.23264:314141 281.24844:334035 297.03894:48400 305.24747:40142 315.04898:18419 391.22391:11792 415.22507:23508 417.24146:142357 435.24512:9287 553.28296:18345 577.27942:23637 579.29333:122898 595.3075:7565 597.30511:31137 859.53241:1013229",23.0775890315048,"11936","17.903","859.53479","PI 36:3|PI 18:1_18:2","11507",18.551,"[M-H]-","859.53418","-0.709686728282887","C45H81O13P","PI","4522.45","859.53387:8633828 860.53722:4444490 861.54058:1348469","78.95844:122270 96.96934:43154 134.98492:19911 152.99516:413654 163.85037:5152 171.00681:9596 181.4814:4749 223.00058:318589 241.01102:1375192 255.23207:53645 259.02133:130215 279.23215:1757786 281.24762:1799729 297.03717:236875 305.24741:79031 315.04749:78652 391.22397:29326 415.22412:136094 417.24002:735817 433.24197:6927 435.25156:58940 553.26672:17583 577.27631:175740 579.29156:698140 595.28284:31089 597.30249:139553 697.48987:9293 859.52808:5513286","108476.6633533","5867129","1.84888832942483",0,0,1.84672292888858,NA,NA,9.5077946401987,NA,NA,NA,NA,NA,NA,NA,NA,NA,9.83130724380205,NA,NA,NA,NA,NA,NA,NA,NA,NA,NA,NA,NA,NA,NA,22.4668606204479,22.4768925224967,22.4771379187866,22.4912740177321,22.4996142981327,22.4915140442906,22.5053216565918,22.4475085529849,22.5187472701385,22.4559803360526,22.461053722295,22.5363679380571,NA,NA
"neg_PG 40:5|PG 18:1_22:4_[M-H]-__B","10823","18.552","823.55298","PG 40:5|PG 18:1_22:4","[M-H]-","823.5495","C46H81O10P","PG","152.99561:12951 178.33911:17193 194.51392:5884 248.53496:5888 281.24915:242665 303.23492:11961 304.23871:8349 311.82434:5416 316.66779:7465 331.26529:149590 384.60803:5547 467.25784:6480 823.55444:67426",16.0826397899794,"11263","17.914","823.54852","PG 40:5|PG 18:1_22:4","10823",18.552,"[M-H]-","823.5495","1.1899709731026","C46H81O10P","PG","87.38","823.54852:1148842 824.55187:603296 825.55523:213725","148.13626:19503 148.18454:5764 152.99454:38765 193.16766:5768 279.22946:10404 281.24719:793715 287.27618:19016 305.24359:6935 307.26498:6873 309.27414:7764 331.26303:775056 333.27869:16044 467.25381:11373 509.27924:7597 823.54584:207508","4474.29406231426","175912","2.5434842775446",0,0,2.52725125583589,NA,NA,NA,NA,NA,NA,NA,NA,NA,NA,NA,NA,NA,NA,NA,NA,NA,NA,NA,NA,NA,NA,NA,NA,NA,NA,NA,17.425707647339,17.4169541760472,17.382708451483,17.4377195671124,17.4826031571246,17.4152796305314,17.4600478728213,17.4232800822334,17.4596397339029,17.3827844296764,17.4134543906143,17.4995578548551,NA,NA
"neg_PI O-40:7|PI O-18:1_22:6_[M-H]-","12189","18.574","893.55902","PI O-40:7|PI O-18:1_22:6","[M-H]-","893.55487","C49H83O12P","EtherPI","112.80585:6295 178.33945:13941 241.01112:36386 283.24445:16334 327.23215:39615 403.26218:57167 565.31256:25066 583.31836:11675 893.55615:171612",48.1434114416977,"12504","17.939","893.55188","PI O-40:7|PI O-18:1_22:6","12189",18.574,"[M-H]-","893.55487","3.34618510899951","C49H83O12P","EtherPI","118.56","893.55328:705544 894.55663:386869 895.55999:109883","78.95786:11679 82.33047:7079 83.23639:5132 118.15083:5006 185.32314:6370 222.99789:13370 229.19643:11420 235.0164:5710 241.0099:130828 281.24405:15940 283.24155:73162 327.23099:141399 327.31519:12096 403.26019:202307 421.27536:7049 488.64438:5829 565.31262:77280 583.32245:30357 893.55023:704417","5134.97791149243","164943.5","3.11317385134451",0,0,3.13074365581736,NA,9.50382573799575,NA,9.05528243550119,NA,NA,NA,8.93663793900257,NA,NA,NA,9.4898479604393,NA,NA,NA,NA,9.12412131182919,NA,NA,NA,NA,9.21431912080077,NA,NA,NA,NA,NA,17.2386659652932,17.330269172127,17.3242596704201,17.3111629172366,17.2823464074499,17.3360183263319,17.3329543795187,17.3342209014514,17.338187956753,17.2647541242083,17.3763797924652,17.4049003953602,NA,NA
"neg_PI 37:4|PI 17:0_20:4_[M-H]-","11741","18.799","871.53876","PI 37:4|PI 17:0_20:4","[M-H]-","871.53418","C46H81O13P","PI","78.95821:13460 79.36768:7097 86.14216:6270 96.96803:7568 140.88585:6698 152.99451:52052 223.00067:42008 240.95844:11537 241.01083:163338 259.02258:19791 259.2421:21730 269.24786:198087 297.03696:34049 303.23212:221121 315.04749:9710 405.24158:97469 439.22797:17311 550.01465:7730 567.29578:100608 585.31134:26385 601.27692:16090 871.53595:606834",15.8951698425629,"12130","18.165","871.53424","PI 37:4|PI 17:0_20:4","11741",18.799,"[M-H]-","871.53418","-0.0688441157433451","C46H81O13P","PI","4036.58","871.53357:4498678 872.53692:2804366 873.54028:805120","78.95824:40791 96.96999:12139 113.17037:6659 138.15511:5386 152.99487:151598 205.19577:12469 223.00034:127843 241.01086:609616 259.0217:46555 259.24222:64483 269.17917:10399 269.2478:685379 297.0369:100611 303.23175:777445 315.0477:41285 405.23953:319045 423.25064:23798 439.2236:36183 567.29175:310085 585.30176:85723 601.27502:60225 619.28857:7174 871.52979:2194025","183636.867219637","4503668","4.07749565952989",0,0,4.05727415826003,NA,NA,NA,NA,NA,NA,9.23601419190008,NA,NA,NA,NA,NA,NA,NA,NA,NA,NA,NA,NA,9.91139198784346,NA,9.09539702279256,NA,NA,NA,NA,NA,22.0978431055879,22.005511477881,22.0352521779723,22.0687487620017,22.1335034832632,22.101069676755,22.1397324473018,22.1345156260276,22.2243620956063,22.0907346493367,22.1042666491783,22.1695479662086,NA,NA
"neg_PG 36:2|PG 18:1_18:1_[M-H]-__B","9839","18.829","773.5368","PG 36:2|PG 18:1_18:1","[M-H]-","773.53381","C42H79O10P","PG","152.99536:108575 279.23383:102112 281.24881:3584510 283.2641:89373 417.24374:66260 491.2775:65437 509.29086:38469 773.53192:535546",28.9389790456034,"10381","18.183","773.53461","PG 36:2|PG 18:1_18:1","9839",18.829,"[M-H]-","773.53381","-1.03421465188","C42H79O10P","PG","671.53","773.53302:7581746 774.53637:4092276 775.53973:1097658","78.95839:15166 152.99521:334559 209.02208:9072 227.03172:13715 237.03809:6313 255.23463:9041 279.23257:325972 281.24768:10442417 283.26309:322111 307.26154:8369 417.24048:229562 425.06393:6689 435.25082:34890 491.27756:154903 509.28741:105582 773.53015:1853550","103709.011073671","1882214.5","5.50994645263177",0,0,5.52742889442929,NA,NA,NA,NA,9.2045711442492,NA,NA,NA,NA,NA,NA,NA,NA,NA,NA,NA,NA,NA,NA,NA,NA,NA,NA,NA,NA,NA,NA,20.7957138968959,20.6853433780664,20.7729814033196,20.8022055256692,20.8508201612138,20.7836801000964,20.8798599143221,20.8508750870232,20.9859600337075,20.8371466774074,20.8592367520606,20.9452087654342,NA,NA
"neg_PI 40:6|PI 18:1_22:5_[M-H]-__B","12487","18.85","909.5531","PI 40:6|PI 18:1_22:5","[M-H]-","909.54993","C49H83O13P","PI","152.99464:30662 156.39699:6094 178.33765:20286 222.9987:20843 241.01044:96928 259.02475:9337 281.24762:120162 285.25723:22853 297.03769:11212 315.05563:6060 329.24762:93544 417.241:37679 579.2948:47808 597.30988:16412 627.30249:8820 909.5506:287921",20.2812660984905,"12739","18.207","909.54779","PI 40:6|PI 18:1_22:5","12487",18.85,"[M-H]-","909.54993","2.35281201116028","C49H83O13P","PI","417.58","909.55005:1628916 910.5534:1013658 911.55676:311169","78.95818:33976 96.96882:16740 114.39294:6085 152.96957:8783 152.99495:104957 178.29044:14861 223.00027:86993 231.21182:17542 241.01123:412345 259.02213:43150 281.24805:503035 285.25824:123054 297.03714:59604 303.23129:11967 307.26385:10880 315.04947:23611 329.24835:442451 417.24152:213650 435.25751:15202 465.24323:20363 579.29401:230861 597.30493:67550 627.2959:39579 645.30121:5744 903.11584:6384 909.55017:1351739","18968.0483533054","478497","3.96408929487655",0,0,3.93423360523542,NA,NA,NA,NA,NA,NA,NA,NA,NA,NA,NA,NA,NA,NA,NA,NA,NA,NA,NA,NA,NA,NA,8.88874324889826,NA,NA,NA,NA,18.818853630841,18.7773291692175,18.8927503172044,18.8499578570901,18.9231475551957,18.8571579004852,18.9252211953925,18.8333410330306,18.9648428444643,18.8635994951715,18.8726869026792,18.9575186929326,NA,NA
"neg_PI 39:5|PI 19:1_20:4_[M-H]-__A","12259","18.931","897.55298","PI 39:5|PI 19:1_20:4","[M-H]-","897.54993","C48H83O13P","PI","152.99464:13850 241.01134:47290 259.24304:6311 269.24741:17610 295.26395:53034 297.03616:9356 303.23273:51011 329.24994:13978 431.25473:13636 593.31403:14006 601.26709:5873 611.32184:7505 897.55109:127432",17.8911134491196,"12559","18.288","897.54669","PI 39:5|PI 19:1_20:4","12259",18.931,"[M-H]-","897.54993","3.6098270321354","C48H83O13P","PI","457.06","897.5481:1331406 898.55145:795302 899.55481:239395","78.9585:27313 90.84154:5360 92.14267:6136 92.92761:7149 96.96915:9767 152.99521:99129 223.0007:60976 241.01132:317352 259.02176:32849 259.24396:21192 269.24884:110488 295.26358:288648 297.0379:40380 303.23248:272338 315.04901:19590 329.24857:100199 405.24042:46627 431.25754:104381 439.22458:14556 567.2951:42162 585.30859:13587 593.30914:116516 601.27069:19646 611.32062:33467 627.29498:10720 897.54761:1143895","16248.1017098688","543070","2.99189822856516",0,0,2.98829082315,NA,NA,NA,NA,NA,NA,NA,NA,NA,NA,NA,NA,NA,NA,NA,NA,NA,NA,NA,NA,NA,NA,NA,9.17990909001493,NA,NA,NA,19.0045277262353,19.0703856589235,19.037981215646,19.0673687077307,19.0452824020229,19.0562540248995,19.0946705059089,19.0040311396809,19.0976695331316,19.0024799209651,19.0090522252708,19.133490940652,NA,NA
"neg_PI O-38:5|PI O-18:1_20:4_[M-H]-__A","11707","19.051","869.55865","PI O-38:5|PI O-18:1_20:4","[M-H]-","869.55487","C47H83O12P","EtherPI","85.33133:29749 109.50054:32163 148.73792:33987 155.54198:36391 178.29231:55535 223.00072:60991 241.01039:347331 259.24619:58536 303.23181:897141 329.24738:56239 375.52438:30278 377.24567:54236 403.2612:690686 421.27209:53434 565.31232:337609 583.32208:98586 869.55505:3562953",20.1901716371251,"12112","18.408","869.55548","PI O-38:5|PI O-18:1_20:4","11707",19.051,"[M-H]-","869.55487","-0.701508347527082","C47H83O12P","EtherPI","2351.06","869.55463:5028695 870.55798:2997381 871.56134:903052","78.95822:46353 96.96868:14502 101.77519:5231 168.91251:6917 178.33583:8979 205.19478:25049 223.00014:87434 241.01085:581248 259.02103:22521 259.24219:111553 259.29971:11253 285.22064:6294 303.23181:1432496 329.24658:25358 377.24411:29878 403.26071:1137050 421.27255:57516 539.2959:9887 565.31311:404537 583.32416:146887 704.71344:5911 707.50531:6435 760.83649:6252 869.54968:3988368","157676.744759074","4669600.5","3.3766645510483",0,0,3.36074713711577,8.95419631038687,NA,NA,NA,NA,NA,NA,NA,NA,NA,NA,NA,NA,NA,NA,NA,NA,NA,NA,NA,NA,NA,NA,NA,NA,NA,NA,22.1316240116889,22.0964513671005,22.1230443651478,22.1594097432894,22.1428462192014,22.0913162527586,22.201192441299,22.1503113060518,22.2304813866864,22.2175063355472,22.1602650679936,22.2268313859627,NA,NA
"neg_PG 36:2|PG 18:1_18:1_[M-H]-__C","9837","19.084","773.53619","PG 36:2|PG 18:1_18:1","[M-H]-","773.53381","C42H79O10P","PG","152.99532:75109 178.34372:19410 279.23245:129909 281.24841:1635382 283.26443:74032 417.23819:39338 491.27814:48534 509.28696:13666 537.63818:8880 773.53333:642672",39.5357624262244,"10377","18.459","773.53137","PG 36:2|PG 18:1_18:1","9837",19.084,"[M-H]-","773.53381","3.15435468810172","C42H79O10P","PG","80.67","773.53137:1874991 774.53472:980066 775.53808:280284","106.3627:4937 123.08372:5770 152.97444:6016 152.99466:77577 178.28868:9309 209.02101:6330 279.23212:50729 280.5719:5720 281.24713:2038675 283.26263:99358 417.23917:33583 477.00638:6638 491.27536:63865 509.28537:17572 773.52881:642842","7381.95321939481","229482","3.2167896477261",0,0,3.2333120646527,8.93663793900257,NA,NA,NA,NA,NA,NA,NA,8.9915218460757,NA,NA,NA,NA,NA,NA,NA,NA,NA,NA,NA,NA,8.7944158663501,NA,NA,NA,NA,NA,17.7327570311481,17.7325318170458,17.7786739355275,17.780693542858,17.7564455622406,17.8095106610271,17.8879226539695,17.8065307423733,17.8252445272869,17.8539308527444,17.8171772924647,17.8178767840112,NA,NA
"neg_PG 38:4|PG 18:1_20:3_[M-H]-__D","10324","19.114","797.5376","PG 38:4|PG 18:1_20:3","[M-H]-","797.53381","C44H79O10P","PG","147.3163:8633 152.99458:28251 191.74994:6023 269.24957:18845 270.25082:12743 281.2493:249690 303.23389:9022 305.24942:133268 307.2623:9056 307.78403:5416 316.18192:7549 405.25476:6239 533.29303:7900 797.54352:82212",20.2614131919808,"10829","18.471","797.53198","PG 38:4|PG 18:1_20:3","10324",19.114,"[M-H]-","797.53381","2.29457356803576","C44H79O10P","PG","76.18","797.53326:141173 798.53661:70178 799.53997:23089","78.95777:9929 96.92144:7093 96.95732:8794 96.96986:10774 108.64072:6240 152.99492:27263 269.24896:30637 270.25201:16535 281.24777:108391 304.24039:8672 305.24768:72326 405.23911:9149 406.23749:8221 424.24841:6859 507.93149:6341 710.4837:15381 797.53638:56578","5568.84527704774","163879","3.39814453166528",0,0,3.40282514053175,NA,NA,NA,NA,NA,NA,NA,NA,NA,NA,NA,NA,9.10852445677817,NA,NA,NA,NA,NA,NA,NA,NA,NA,NA,NA,NA,NA,NA,17.3021033823579,17.2484557474304,17.2754061512318,17.2498171431734,17.3534656198109,17.3445559857414,17.4150650162406,17.3001916639735,17.3511721784162,17.3517329425181,17.3001469673569,17.3421614994,NA,NA
"neg_PG 38:3|PG 18:1_20:2_[M-H]-__B","10362","19.169","799.55219","PG 38:3|PG 18:1_20:2","[M-H]-","799.5495","C44H81O10P","PG","96.08791:5705 107.25957:6135 115.09189:6424 152.99631:8063 279.23279:8948 281.24829:101810 307.26389:99982 799.5498:43096",29.5023223578491,"10858","18.496","799.54828","PG 38:3|PG 18:1_20:2","10362",19.169,"[M-H]-","799.5495","1.52585924947654","C44H81O10P","PG","68.61","799.5484:262976 800.55175:142079 801.55511:41618","99.52869:6226 152.99454:9519 255.23486:7081 279.23181:20719 281.24744:237558 281.31699:12435 282.25101:6305 307.26315:238405 309.27902:17656 799.55219:61853","4304.21540645348","145553","2.95714647341757",0,0,2.94764689572877,NA,NA,NA,NA,9.22158712126481,NA,NA,NA,NA,NA,NA,NA,NA,NA,NA,NA,NA,NA,NA,NA,NA,NA,NA,NA,NA,NA,NA,17.1296653770666,17.1388717315841,17.1563991448716,17.1078300580418,17.1459520416321,17.1800451135765,17.2464715523417,17.1020064378323,17.1926780982335,17.1117571768104,17.1894288597089,17.1620077078231,NA,NA
"neg_PI O-36:3|PI O-18:1_18:2_[M-H]-","11259","19.285","845.55756","PI O-36:3|PI O-18:1_18:2","[M-H]-","845.55487","C45H83O12P","EtherPI","178.34096:10642 182.68605:6063 192.19232:7547 241.01041:35161 279.23215:82551 321.82272:5513 403.26208:68398 421.26974:6328 565.3139:23387 583.32227:8951 845.55658:203077",31.4596921570608,"11670","18.638","845.55212","PI O-36:3|PI O-18:1_18:2","11259",19.285,"[M-H]-","845.55487","3.25230224279295","C45H83O12P","EtherPI","141.14","845.55389:273990 846.55724:166670 847.5606:51019","78.95755:5978 118.30386:5823 126.3706:5661 222.99876:10265 241.00946:63236 279.23071:148566 403.25983:150617 565.30933:42619 583.32202:13817 845.55145:377284","8682.95142881449","238488.5","3.64082604771907",0,0,3.66480078876784,NA,NA,NA,NA,NA,NA,NA,NA,NA,NA,NA,NA,NA,NA,NA,NA,NA,NA,NA,NA,NA,NA,NA,9.12412131182919,NA,NA,NA,17.8159961308892,17.8620864113385,17.7378150759043,17.8197238093112,17.8325130272194,17.8828042259966,17.8650324348535,17.8807792563804,17.8785538901944,17.8748312991827,17.8292519988564,17.9590000899515,NA,NA
"neg_PI 39:5|PI 19:1_20:4_[M-H]-__B","12260","19.312","897.55341","PI 39:5|PI 19:1_20:4","[M-H]-","897.54993","C48H83O13P","PI","109.48544:5802 147.28197:6775 241.01048:17925 278.84756:6387 295.26215:20418 303.23285:23656 391.53195:6015 593.31433:10923 897.5531:75192",16.2803803255321,"12558","18.657","897.54651","PI 39:5|PI 19:1_20:4","12260",19.312,"[M-H]-","897.54993","3.81037297836515","C48H83O13P","PI","171.79","897.54651:892860 898.54986:545561 899.55322:173555","78.95757:12100 152.99368:33846 170.9117:4927 178.34439:5995 212.38098:5767 222.99916:26040 241.00938:115679 259.02274:6336 259.23962:10618 295.26151:121621 297.03491:15334 303.22998:140541 329.24817:6808 431.25482:56863 439.23007:6836 593.30524:67838 601.27887:13533 611.32123:13049 897.54742:413827","10309.1773688654","215643.5","4.78065759870594",0,0,4.83989280442312,NA,NA,NA,NA,NA,NA,NA,NA,NA,NA,NA,9.27612440527424,NA,NA,NA,NA,NA,NA,NA,NA,NA,NA,NA,NA,NA,NA,NA,17.6712024115809,17.6410991930681,17.5414899139906,17.6282888903125,17.7097098464247,17.7286712198062,17.7486711348435,17.7268168514736,17.7644051268507,17.6744888443706,17.7581255983613,17.7942635467553,NA,NA
"neg_PI O-38:5|PI O-18:1_20:4_[M-H]-__B","11708","19.358","869.55872","PI O-38:5|PI O-18:1_20:4","[M-H]-","869.55487","C47H83O12P","EtherPI","130.93503:5462 140.93452:6193 241.01204:13794 272.32431:6387 303.23206:49878 403.25919:40119 565.31543:13595 583.32446:6753 869.55475:124878",20.5556549832171,"12111","18.714","869.55371","PI O-38:5|PI O-18:1_20:4","11708",19.358,"[M-H]-","869.55487","1.3340158741531","C47H83O12P","EtherPI","558.09","869.5553:1063118 870.55865:641328 871.56201:190591","78.9585:14345 97.78736:5314 110.41206:5254 223.00021:19920 241.01064:133676 259.0253:7534 259.24112:28020 303.23148:357430 403.26071:273473 421.26932:13575 444.6192:6412 565.31293:105554 583.32434:42357 833.50739:8075 869.55066:932684","29881.4753469284","1131490","2.64089610574803",0,0,2.62245646980449,NA,NA,NA,NA,NA,NA,8.98013957763916,NA,NA,NA,NA,NA,NA,NA,NA,NA,NA,NA,NA,NA,NA,NA,NA,NA,NA,NA,NA,20.081743475917,20.1267158144237,20.0628156116351,20.0808149257927,20.1670407611575,20.109190459133,20.139330260909,20.0988545532188,20.1728620722609,20.1075465860311,20.1103940969889,20.1760708584652,NA,NA
"neg_PS O-40:6|PS O-18:1_22:5_[M-H]-__A","10759","19.443","820.55334","PS O-40:6|PS O-18:1_22:5","[M-H]-","820.5498","C46H80NO9P","EtherPS","403.26425:60823 421.27301:12300 733.52539:17414",20.7758827472958,"11216","18.942","820.54785","PS O-40:6|PS O-18:1_22:5","10759",820.55334,"[M-H]-","820.5498","2.37645539608353","C46H80NO9P","EtherPS","68.22","820.54956:416510 821.55291:237227 822.55627:60397","78.95726:41474 94.95828:5376 152.99521:11600 194.02087:7156 220.50958:5105 283.26154:55581 303.23077:68520 329.2449:6505 401.24387:10117 403.25977:465122 419.25485:46979 421.27011:82657 438.26669:6008 534.31012:6782 590.02924:6127 733.51727:119022 820.54706:58896","13558.0834191268","205988","6.5819773089339",0,0,6.48525945619763,NA,NA,NA,NA,NA,9.01959072835788,NA,NA,9.43879185257826,NA,NA,NA,NA,NA,NA,NA,NA,NA,NA,NA,9.16992500144231,NA,NA,NA,NA,NA,NA,17.5490852268338,17.6489684070659,17.6165057690404,17.7024026885611,17.5925519329263,17.6531949633098,17.6512058889146,17.6886123036631,17.7322933167285,17.6380540334843,17.669563303518,17.9088675454328,NA,NA
"neg_PG 34:1|PG 16:0_18:1_[M-H]-","9340","19.763","747.5213","PG 34:1|PG 16:0_18:1","[M-H]-","747.51819","C40H77O10P","PG","78.95876:19259 152.99509:220918 160.18849:10752 171.00565:67112 178.3401:22555 209.02368:20139 227.0318:33236 255.23262:1765064 268.40469:11461 281.24866:2528576 283.26138:17856 391.2233:43298 417.24463:28273 465.26654:44815 483.27246:54591 491.27756:48638 509.28778:44259 612.49707:11067 747.51727:788007",22.0882976912437,"9922","19.108","747.51752","PG 34:1|PG 16:0_18:1","9340",19.763,"[M-H]-","747.51819","0.8962992593046","C40H77O10P","PG","9000.84","747.51654:3430735 748.51989:1746047 749.52325:432634","78.95871:19183 84.25386:5610 143.06599:5243 152.9953:198243 171.00594:66723 209.02116:12008 227.03157:30313 255.23238:1651824 281.24786:2338973 283.26175:15480 391.22433:64708 417.24054:41554 465.25772:49003 483.27087:88747 491.27887:45573 509.2865:46347 747.51385:1211698","1114474.38551448","22105523","5.04161057630023",0,0,5.00192213249257,9.06069593168755,NA,13.4374920101254,10.8818787076004,NA,9.91288933622996,NA,NA,NA,NA,NA,9.20945336562895,8.95710204156229,9.08746284125034,9.20945336562895,NA,NA,10.4008794362822,NA,10.211888294546,8.89481776330794,NA,NA,9.01122725542325,11.2755425560867,NA,9.06608919045777,24.3281706106672,24.381669549614,24.3611282974492,24.3427415076322,24.4139568716364,24.4577087625742,24.4895134591809,24.3561496898702,24.4264692635746,24.311346156755,24.5041513596341,24.5189675268072,NA,NA
"neg_PS O-40:6|PS O-18:1_22:5_[M-H]-__B","10756","19.826","820.53662","PS O-40:6|PS O-18:1_22:5","[M-H]-","820.5498","C46H80NO9P","EtherPS","403.26425:60823 421.27301:12300 733.52539:17414",32.4672620873592,"11217","19.25","820.54907","PS O-40:6|PS O-18:1_22:5","10756",820.53662,"[M-H]-","820.5498","0.889647404674179","C46H80NO9P","EtherPS","34.64","820.54907:345531 821.55242:152600 822.55578:49858","78.95712:37367 88.29516:5931 178.33546:9023 303.23007:70717 329.24557:17708 403.25952:336754 421.26941:52926 628.51971:10185 733.51709:79712 820.55072:22266","7658.53509412073","108960.5","7.02872609259386",0,0,6.9990069995422,NA,NA,NA,NA,NA,NA,NA,NA,9.34872815423108,NA,NA,9.14974711950468,9.64024493622235,NA,9.26209484537018,NA,NA,9.90086680798075,NA,NA,9.75488750216347,NA,NA,10.876516946565,NA,NA,NA,16.7444396908313,16.6098280126024,16.716203205511,16.6615832762601,16.7901066356607,16.8746452174026,16.7642496053672,16.6019883599355,16.9094829559113,16.812854162252,16.6284597801869,16.722367292628,NA,NA
"neg_PI 40:5|PI 18:0_22:5_[M-H]-__A","12515","19.937","911.56708","PI 40:5|PI 18:0_22:5","[M-H]-","911.56549","C49H85O13P","PI","78.95814:53226 91.41048:38889 152.99458:133989 223.00056:85209 241.01132:485517 283.26364:629098 297.03473:101586 329.24854:547310 419.25803:266459 581.30884:243311 599.32245:96688 627.29474:57581 911.56714:1822732",18.9698455649826,"12760","19.284","911.56384","PI 40:5|PI 18:0_22:5","12515",19.937,"[M-H]-","911.56549","1.81007291086335","C49H85O13P","PI","4659.72","911.56451:2666116 912.56786:1710006 913.57122:527148","78.26643:4928 78.95821:47802 96.96895:14208 121.48304:6088 152.99484:159745 223.00015:127483 231.20883:6790 241.01068:571911 259.02106:56314 283.26303:711537 285.25742:43792 297.03674:87603 303.2319:37259 309.27985:36590 315.04849:32431 329.24738:589640 419.25497:263529 437.26431:25215 445.27176:15520 465.24051:37459 581.30688:287324 599.31659:66027 607.3252:16301 627.29163:52272 645.30615:9644 673.51678:7130 911.55988:2140520","302477.967280601","7759797.5","3.89801366956549",0,0,3.90685933704682,NA,NA,11.8217739819706,NA,NA,NA,NA,NA,NA,NA,NA,NA,NA,NA,NA,NA,NA,NA,NA,NA,9.4858293087019,NA,NA,NA,NA,NA,NA,22.8859279415738,22.8621831070273,22.9233958602751,22.9117913352176,22.8707684371968,22.9687722445715,22.9250764636252,22.7926798985437,22.9483709748135,22.8206090436546,22.8007964413197,22.8892452986255,NA,NA
"neg_PI 36:2|PI 18:0_18:2_[M-H]-","11544","20.033","861.55334","PI 36:2|PI 18:0_18:2","[M-H]-","861.54993","C45H83O13P","PI","78.95882:123128 93.21914:37945 93.85429:37906 96.97013:52770 120.94692:43646 134.98627:50615 152.96944:65474 152.99532:779531 167.95064:36270 223.0014:668686 241.01215:3038075 259.02332:191352 279.23322:3332611 281.24927:177504 283.26486:3287656 283.33829:76146 297.03842:485566 315.04825:133299 415.22632:276161 417.24722:56790 419.258:2077076 437.26752:154409 577.28101:374122 579.29401:71024 581.31067:2013499 595.29529:48323 599.32196:353711 731.14386:40107 861.54846:17366774",17.3353425942558,"11973","19.373","861.54816","PI 36:2|PI 18:0_18:2","11544",20.033,"[M-H]-","861.54993","2.05443693781621","C45H83O13P","PI","29959.13","861.54987:19274920 862.55322:10635389 863.55658:3085562","78.94791:7311 78.95832:133595 84.24454:5841 96.96896:51699 131.80432:5825 134.98396:28375 152.99495:537067 166.25986:5616 171.00494:11370 204.99121:7261 216.80397:5010 223.00011:448489 235.52975:6295 241.01068:1943290 259.02124:164776 278.7392:7169 279.23175:2282819 281.24741:150509 283.26285:2372260 297.0365:307939 315.04718:98424 415.22311:165598 417.23956:36596 419.25464:1109699 437.26526:86867 577.27539:206163 579.29315:35369 581.30585:1058804 595.28351:31597 599.31573:220297 699.48273:10720 861.54163:8710829","1837489.35606278","39977286","4.5963334180884",0,0,4.62354700215094,12.0031665066652,NA,14.1902876785804,11.1667907507182,9.6724253419715,11.569855608331,10.1331422124006,NA,11.002815015607,9.50581155391959,NA,10.2143191208008,11.4046093978377,NA,10.9992953870234,9.25738784269265,NA,11.0993478104032,9.19475685442225,13.1616043040028,11.6586577921261,9.28771237954945,9.36413465500805,11.3398500028846,11.8595347863826,NA,10.5323559252889,25.1869003990721,25.1630324672585,25.2797073463432,25.1556628818349,25.243580200384,25.2626103202834,25.2622689373289,25.18967377169,25.329510729486,25.2617171915093,25.2063135829174,25.3722098769164,NA,NA
"neg_PG 38:4|PG 18:0_20:4_[M-H]-","10325","20.148","797.53766","PG 38:4|PG 18:0_20:4","[M-H]-","797.53381","C44H79O10P","PG","152.995:33028 171.00504:16947 178.29628:19171 254.49704:6381 259.2424:34147 279.23431:11541 283.2644:195018 303.23303:482731 493.29315:13936 511.30759:27652 513.26324:7411 797.5376:167487",12.9681091429776,"10857","19.694","799.5481","PG 38:3|PG 18:1_20:2","10325",20.148,"[M-H]-","799.5495","1.7509860239918","C44H81O10P","PG","67.44","799.54797:512245 800.55132:271044 801.55468:99253","93.66624:5216 144.46555:6339 148.11835:8202 148.1691:20590 152.99408:42544 154.23096:5666 168.41241:5675 171.00432:14805 178.8519:7385 227.02977:6308 279.23111:31834 281.2468:309763 307.26248:529706 309.27884:44426 417.24933:10320 491.27216:11655 509.28961:13736 517.29755:6674 535.29279:8323 601.30713:7774 684.22351:6159 799.54889:190256","10602.6419377722","178646","5.93500102872284",0,0,5.75746579203652,NA,NA,NA,NA,NA,NA,NA,NA,NA,NA,NA,NA,NA,NA,NA,NA,NA,NA,NA,NA,NA,NA,NA,NA,NA,NA,8.90086680798075,17.4273292144923,17.4279511504682,17.4173580856543,17.4378414578783,17.5090326863065,17.455592113944,17.4060471854052,17.413008053113,17.5647895796267,17.583325214415,17.5900972387052,17.6285167389804,NA,NA
"neg_PE 36:5|PE 16:1_20:4_[M-H]-__A","9120","20.162","736.49554","PE 36:5|PE 16:1_20:4","[M-H]-","736.49231","C41H72NO8P","PE","75.2953:5875 75.5582:7275 87.0464:6259 115.58299:6319 139.75572:5456 140.01155:11667 156.17465:5451 174.1393:6528 175.75496:5137 196.03824:7854 253.16032:10497 253.21741:137063 259.24423:27782 291.22079:6634 303.23352:258042 385.1084:5803 432.25418:7749 444.28696:5803 450.2666:20313 482.27118:6326 542.57782:5722 736.50171:19883",39.4475851758492,"9712","19.422","736.49207","PE 36:5|PE 16:1_20:4","9120",20.162,"[M-H]-","736.49231","0.325868982885229","C41H72NO8P","PE","282.77","736.49207:2794596 737.49542:1370172 738.49878:329816","78.95843:11218 140.0108:97626 188.19989:6866 196.0372:74633 205.19519:43606 253.21648:1057696 259.24222:184468 279.22885:7360 303.23203:2255267 432.25037:31067 450.26215:184472 482.2616:11317 500.27728:12569 686.53442:17749 736.49158:179341","22875.9261966824","438541","5.21637114812125",0,0,5.21035237752683,NA,NA,NA,NA,NA,NA,NA,NA,NA,NA,NA,NA,NA,NA,NA,NA,NA,NA,NA,NA,NA,NA,NA,NA,NA,NA,NA,18.7428028304708,18.7521029271645,18.8404644632598,18.6234385795678,18.8478739910512,18.7419014359511,18.7642074820801,18.7011947624949,18.7106752907625,18.6307186076829,18.7073928369952,18.8438995882934,NA,NA
"neg_PI 38:3|PI 18:0_20:3_[M-H]-__A","12083","20.584","887.56866","PI 38:3|PI 18:0_20:3","[M-H]-","887.56549","C47H85O13P","PI","78.95856:120479 80.55267:20746 96.96939:30694 152.96965:28917 152.99525:442636 223.00102:446441 241.01161:1895411 259.02249:164129 283.19101:36298 283.26428:2136632 297.03784:278566 305.2485:2442818 315.0498:112048 403.10059:27806 419.25693:1223467 437.267:105661 441.24155:162042 581.30939:1202787 599.31958:234637 603.29517:273371 621.31348:34204 797.23505:27672 887.56354:8193008",17.8624929712155,"12406","19.91","887.56335","PI 38:3|PI 18:0_20:3","12083",20.584,"[M-H]-","887.56549","2.411089687523","C47H85O13P","PI","46461.05","887.56573:16787332 888.56908:9137543 889.57244:2816651","78.95827:127483 96.96889:46886 134.98433:15377 145.49319:5560 152.99489:467727 171.00632:10061 223.0002:367865 241.0107:1650869 259.02133:138487 261.25842:13733 283.26297:2080497 297.03662:256120 305.24719:2234100 315.04715:98323 419.25476:989688 437.26471:76104 441.23962:131364 581.30579:882669 599.31659:202569 603.29089:172542 621.30457:27848 887.55566:6474957","1820147.30595481","55455168","3.28219600011816",0,0,3.30705173880666,12.3213644320395,9.96578428466209,14.5979361490957,12.12153351734,NA,12.0603581826421,NA,NA,11.115693952197,NA,NA,9.8376279331714,12.1337844091799,9.56033283421244,11.0313565962557,9.38801728534514,NA,11.8970891283128,9.27146302790437,10.4178525148859,11.9450779951078,NA,NA,12.0891193979152,12.5347892114803,NA,9.10590850857116,25.6804441956024,25.7805350618469,25.6955793008575,25.6907727762831,25.7264927986203,25.5876950087844,25.7231424143667,25.7368262470931,25.7572133796251,25.7429585230469,25.7078481974592,25.7287847556462,NA,NA
"neg_PI 40:5|PI 18:0_22:5_[M-H]-__B","12516","20.636","911.56842","PI 40:5|PI 18:0_22:5","[M-H]-","911.56549","C49H85O13P","PI","144.12372:12364 152.99664:28398 178.29811:23146 223.00093:30011 231.21654:15011 241.01118:123634 283.26285:131073 285.25381:21698 297.03433:20678 329.24829:143549 419.25839:63822 581.3111:70369 599.32434:22375 627.30377:17903 911.56763:541931",23.1418805149397,"12759","19.966","911.56165","PI 40:5|PI 18:0_22:5","12516",20.636,"[M-H]-","911.56549","4.21253331997936","C49H85O13P","PI","2627.77","911.56403:8441184 912.56738:5171645 913.57074:1678113","78.9491:8886 78.95843:130945 96.96899:43239 134.98466:12848 152.99507:401442 171.00655:7167 177.16412:6971 179.17976:14977 185.26814:5670 223.00035:302594 231.21085:72467 241.01086:1452571 251.19952:12465 257.22568:6370 259.02155:137237 283.26318:1710377 285.25793:435664 297.03677:231408 311.23688:10085 315.04749:88118 329.24741:1583796 419.25522:734305 437.26675:62006 465.23849:72061 581.30603:746162 599.31683:240658 599.48987:4347 627.28986:126452 645.29901:18141 749.49921:6740 911.55804:4670316","85972.0757400949","4340143","1.98085813624332",0,0,1.97414074477895,NA,NA,9.66711154207503,9.39874369193819,NA,NA,NA,NA,NA,NA,NA,NA,NA,NA,NA,NA,NA,NA,NA,NA,NA,NA,NA,NA,NA,NA,NA,22.0302822015367,22.1001939188119,22.0362212453925,22.0495511250965,22.0490711290092,22.0782707075927,22.0774497806166,22.0120761572947,22.0490711290092,22.0702392201766,22.0114081325032,22.0836130675227,NA,NA
"neg_GM3 42:3;O2_[M-H]-","14969","21.098","1259.80334","GM3 42:3;O2","[M-H]-","1259.7998","C65H116N2O21","GM3","87.00797:9400 143.73035:5475 152.78876:6209 290.08746:41180 1259.8064:18988",19.5790731021136,"14439","20.432","1259.79773","GM3 42:3;O2","14969",21.098,"[M-H]-","1259.7998","1.64311821608747","C65H116N2O21","GM3","403.63","1259.79822:278678 1260.80157:241749 1261.80493:93116","85.02801:5707 87.00725:71760 101.02351:8142 113.02237:12782 114.15202:5845 126.05513:13637 129.72217:5409 138.05652:6662 142.04913:16777 142.51358:5373 143.03415:10893 148.11882:8303 148.17015:20707 154.90596:6770 161.77205:5736 165.90602:5268 168.06313:11829 170.04523:9601 272.07889:6174 290.08731:320250 582.60376:6297 622.30768:7579 644.59552:8555 968.69757:7444 1259.80469:145313","10326.3851547207","138686.5","7.44584740023053",0,0,7.34268507464053,NA,NA,NA,NA,NA,NA,NA,NA,NA,NA,NA,NA,NA,NA,NA,NA,NA,NA,NA,NA,NA,NA,NA,NA,NA,NA,NA,17.1148606998875,17.2202838480299,17.1744380977367,17.0957884688507,17.2558031315947,16.9822360322237,17.0670036224116,17.0468682133497,16.9646116184812,16.9808759140846,17.0281326953814,17.2459797176276,NA,NA
"neg_PI 38:3|PI 18:0_20:3_[M-H]-__B","12084","21.18","887.56897","PI 38:3|PI 18:0_20:3","[M-H]-","887.56549","C47H85O13P","PI","78.95843:107527 81.6405:21389 84.08344:25923 101.803:27442 128.94986:21023 152.96918:36705 152.99568:441480 178.3371:86895 203.21301:25760 223.00142:346427 241.01253:1562512 246.48506:23752 259.02271:156626 261.26065:51230 283.26547:1989506 297.03912:288943 305.24976:2700328 315.05093:86825 419.25864:903714 437.26749:76396 441.24451:89287 581.31274:870920 599.32379:249289 603.29535:150610 621.30652:26958 887.5705:6469500",21.2173876212344,"12407","20.497","887.56793","PI 38:3|PI 18:0_20:3","12084",21.18,"[M-H]-","887.56549","-2.74909291492661","C47H85O13P","PI","10370.4","887.56531:2477931 888.56866:1531245 889.57202:476425","78.95822:29258 92.10903:5246 96.96924:12413 135.19063:6096 152.99471:100761 178.28949:11938 193.95262:4953 223.00005:78775 241.01059:380815 259.02225:25453 261.25803:12984 283.26294:442753 297.03629:53717 305.24728:619396 315.0491:24389 339.45706:6468 419.25479:210660 437.2634:16420 441.24069:25846 581.30609:211692 599.31738:55203 603.29047:40596 621.29828:9650 887.55756:1566454","701849.362175648","11661744","6.01839109292442",0,0,5.99391070875996,9.84705734609134,NA,12.4470832262096,10.3750394313469,NA,NA,NA,NA,NA,9.22881869049588,NA,10.0714623625566,11.6059424396254,9.37937836707126,9.19229281447077,NA,NA,NA,NA,9.02236781302845,NA,9.24555270625568,NA,NA,9.4858293087019,9.14974711950468,9.3151495622563,23.4705440689523,23.521192692906,23.5378437762932,23.4708717047685,23.497652450799,23.4587313855329,23.369996234722,23.296278961491,23.442034192084,23.4796753093645,23.6313471597228,23.5688522421985,NA,NA
"neg_PE 36:5|PE 16:1_20:4_[M-H]-__B","9121","21.382","736.49591","PE 36:5|PE 16:1_20:4","[M-H]-","736.49231","C41H72NO8P","PE","130.75461:5492 141.58684:7613 253.21693:56478 259.2442:7311 303.23267:124021 450.26489:9889 500.27618:8573 544.89337:5555 736.48792:6173",44.5726806768791,"9715","19.762","736.49292","PE 36:5|PE 16:1_20:4","9121",21.382,"[M-H]-","736.49231","-0.828250331699341","C41H72NO8P","PE","93.17","736.49243:472591 737.49578:216192 738.49914:49740","140.01038:19218 160.10208:5254 196.03712:21377 205.19362:8282 253.21581:246546 255.23119:8358 259.24158:42103 303.23126:525708 347.11234:6161 432.25345:7718 450.26315:44428 736.49341:44239","5854.61427125234","194754.5","3.00615095992767",0,0,3.0325453025484,NA,NA,NA,NA,NA,NA,NA,NA,NA,NA,NA,NA,NA,NA,NA,NA,NA,NA,NA,NA,NA,NA,NA,NA,NA,NA,NA,17.5803837142174,17.5683421205067,17.5849258106224,17.525115483563,17.5500478106762,17.5955634504949,17.5457563578176,17.5744604858001,17.6049440797721,17.4336750852237,17.5742461152913,17.5591978180765,NA,NA
"neg_PI 36:1|PI 18:0_18:1_[M-H]-","11586","21.435","863.56897","PI 36:1|PI 18:0_18:1","[M-H]-","863.56549","C45H85O13P","PI","78.95877:127541 96.96985:36314 143.32019:33604 143.56354:32208 152.99541:504943 223.00095:478735 241.01193:1931498 259.02194:154565 281.24896:2348797 283.2645:2487079 297.03888:307682 315.05008:88774 417.24188:143663 419.25735:1131810 437.26715:83384 579.29675:210048 581.30969:1109061 597.30817:41898 599.32202:218891 849.20758:35805 863.56531:7446183",17.5951827600719,"12008","20.729","863.56287","PI 36:1|PI 18:0_18:1","11586",21.435,"[M-H]-","863.56549","3.03393318783382","C45H85O13P","PI","20104.66","863.56482:3581254 864.56817:2099860 865.57153:625517","78.32337:5975 78.95845:51831 96.96909:15853 134.98521:7385 152.99509:194851 190.80225:6284 223.0004:161124 241.01096:689184 259.02148:55778 281.24759:866244 283.26321:911230 297.03665:118312 315.04813:28983 417.23965:49707 419.25519:410598 437.26645:34667 579.29022:87545 581.30621:400459 597.31177:11379 599.31732:82901 863.55792:3317043","3924663.64225509","21358347","18.3753154785578",0,0,18.0799954140676,12.0021117764799,10.1137421660492,13.7529032674754,11.610563503925,9.1006623390052,11.9038818457362,NA,NA,11.0660891904578,9.25974326369078,NA,10.5127404628035,12.845097960973,9.81858217748086,11.609178738142,9.0389189892923,9.49185309632967,11.1111356702347,9.0389189892923,12.5355183977687,11.3174126137649,10.8273427042341,9.08746284125034,11.7253662578956,12.0213270326244,NA,NA,23.9311924277309,24.0791369160393,24.2272387038708,24.218674381633,24.1683040910786,24.1178748317989,24.459978232285,24.5012572405878,24.4960201512719,24.550953641375,24.6972952025821,24.7531509359158,NA,NA
"neg_PA 36:1|PA 18:0_18:1_[M-H]-__B","8475","21.658","701.5155","PA 36:1|PA 18:0_18:1","[M-H]-","701.5127","C39H75O8P","PA","78.95792:274553 85.41383:10707 96.96845:67122 113.31603:14629 134.98384:14655 152.99448:1171139 171.00504:26684 178.28981:26099 191.53786:12252 281.17584:19204 281.24796:1176017 283.26337:3264149 322.02026:12713 417.24094:192172 419.25681:1058604 435.25241:45315 437.26743:550260 701.51508:437352",22.195659348192,"9017","21.144","701.51221","PA 36:1|PA 18:0_18:1","8475",21.658,"[M-H]-","701.5127","0.698490561914879","C39H75O8P","PA","512.96","701.51141:2650688 702.51476:1144108 703.51812:273674","78.95831:209797 96.96899:43962 134.98476:15834 138.43495:5155 152.99518:789161 168.04242:26380 171.00539:18106 178.33626:9313 281.24768:750892 283.26324:2055981 417.23975:123273 419.25507:659934 435.25146:28368 437.26593:329208 701.51874:380518","190147.204109418","1799826","10.5647548212671",0,0,10.4319056663208,13.9133569390736,12.3032099489448,13.4324114047036,12.9298131846641,11.9822806045583,13.6518365262701,13.0251395622785,12.1777309670333,13.6219373879639,13.0731373831104,12.4711671337244,13.6608872703026,13.7043359711823,12.2309210881379,13.5919897676151,12.1721149325331,12.1456137755134,13.4585347787446,12.5819066893088,12.2106713437856,13.6569834195745,13.0596824472476,11.5989829710361,13.613213928884,11.1529185761366,10.2667865406949,9.65284497300198,20.9478095602387,20.6303960075171,20.8422275598121,20.7086562031923,20.7705719537916,21.1002446181997,20.8376602678029,20.5307711332723,20.8667710607256,20.7603934721918,20.7882260559488,20.7043976110863,NA,NA
"neg_PI 40:4|PI 20:0_20:4_[M-H]-","12549","21.72","913.58484","PI 40:4|PI 20:0_20:4","[M-H]-","913.58118","C49H87O13P","PI","109.95411:5302 152.99513:19607 172.21396:5480 178.29054:25654 222.9996:13830 240.96767:5808 241.01039:65848 297.03659:6346 303.23199:90674 311.29465:73912 447.29022:25409 601.26935:7276 609.33948:32668 913.5827:213729",15.7839332543604,"12787","21.005","913.58026","PI 40:4|PI 20:0_20:4","12549",21.72,"[M-H]-","913.58118","1.00702599857042","C49H87O13P","PI","247.86","913.5813:412397 914.58465:237871 915.58801:86095","78.95788:8287 96.96716:7236 122.38548:4954 152.99364:32542 156.03624:5078 222.99835:23951 241.00911:97824 259.01892:10926 259.2403:12232 297.03619:12534 303.23001:129666 311.29285:127729 315.04541:9501 406.49893:5285 419.25192:6589 447.284:49680 601.28693:9055 609.33838:53182 627.35083:15258 913.57678:421705","109712.29471751","441996.5","24.8219826893449",0,0,23.8998051888592,NA,NA,NA,NA,NA,NA,NA,NA,NA,NA,NA,NA,NA,NA,NA,NA,NA,NA,NA,NA,NA,NA,NA,NA,NA,NA,NA,19.3240530602548,18.9848245156774,19.2105143965084,18.9940716329629,18.0735872135228,18.9667589016433,18.8172178972278,18.6089550314868,18.6872047961945,18.4374920101254,18.4406907657822,18.6864629109146,NA,NA
"neg_PA 36:1|PA 18:0_18:1_[M-H]-__C","8474","21.809","701.5152","PA 36:1|PA 18:0_18:1","[M-H]-","701.5127","C39H75O8P","PA","78.95791:348137 96.96841:81286 134.98393:26370 152.99451:1455342 168.04086:16698 171.00467:28433 281.24786:1466800 283.26321:4233129 417.24045:234546 419.25668:1308425 435.25256:67829 437.26721:658699 701.51672:549001",31.2841682535135,"9016","21.397","701.51154","PA 36:1|PA 18:0_18:1","8474",21.809,"[M-H]-","701.5127","1.65356949350616","C39H75O8P","PA","86.72","701.51129:529832 702.51464:171758 703.518:57259","78.92064:5945 78.95766:66472 82.71207:5874 96.96778:10048 134.98154:6169 152.99437:231304 178.28606:5880 195.42058:5301 201.97577:5196 232.15825:5334 281.24741:223757 283.26309:591864 331.60538:6108 417.23962:33610 419.25589:192189 435.24576:8759 437.26791:94588 701.52167:95403","23194.5808971066","455907","5.08756849469445",0,0,5.01181979604258,14.0248799368843,12.2705873404475,13.7824863789789,13.2635626398206,12.3616696794928,13.6704349599024,13.1678885131806,11.9904585650737,13.6616667744153,12.8730595476615,12.1780423288648,13.7813597135247,13.7508116468975,12.4048754550152,13.7604080920677,12.4928546201748,11.8575922856975,13.8660231723982,12.6865005271832,12.0600203545079,13.6693280043959,13.2900188469326,12.0426853722193,13.5184072766714,11.6856248397263,10.8517490414161,NA,18.7858834497908,18.7923772596604,18.7670593658944,18.7975317129195,18.9252240935024,18.8976475491705,18.801477867952,18.7344880184992,18.7992278584733,18.7177433517693,18.8660775224534,18.9358527769121,NA,NA
"neg_PS 36:1|PS 18:0_18:1_[M-H]-__B","10128","21.814","788.54883","PS 36:1|PS 18:0_18:1","[M-H]-","788.54468","C42H80NO10P","PS","78.9586:1195797 96.96893:231998 152.96945:266994 152.99573:3937798 178.29024:268310 281.24924:5305824 283.26462:11738950 327.23373:956327 417.24173:2255653 419.25824:10107342 435.25174:441404 437.26871:3664142 478.30374:173064 701.51385:12033136 788.53967:1550503",31.2671807268934,"10658","21.143","788.54449","PS 36:1|PS 18:0_18:1","10128",21.814,"[M-H]-","788.54468","0.240950202054554","C42H80NO10P","PS","20099.81","788.54504:9352338 789.54839:4143250 790.55175:1153490","78.95763:490849 91.87286:7156 96.95682:5980 96.96815:101201 134.98376:27151 137.33614:5265 140.01242:10170 152.99432:1703540 171.00565:34144 196.03557:10416 229.19508:12542 281.24744:1907887 283.2627:4642802 327.23196:154545 417.24103:508037 419.25589:2535288 435.2514:113807 437.26703:1029586 478.29712:22097 701.51355:2232077 788.54321:262716 788.84479:8879","13875271.698694","107618172","12.8930564799911",0,0,12.1705012334644,15.5241437681947,14.4200259927263,15.3746659444372,15.2559874897882,14.5736471874933,15.3548003443506,14.6419952660172,14.0381473799815,15.4747516286944,14.5591380556424,14.1432237561239,15.344087811893,15.6058267231592,14.5561467731258,15.3900681682832,14.3311268824879,13.9607259948391,15.4056733322819,13.9462666402003,13.8211760562699,15.5743274319927,14.9214225692229,14.0025513411037,15.6504627845441,13.0019359131236,11.8540891798706,11.407798850222,27.0222008373168,26.6850907429936,26.9720418914098,26.6722496526826,26.6539986352662,27.0413560230525,26.6775924453091,26.5084691685365,26.802759013968,26.6516848043401,26.7395367125294,26.6353866717999,NA,NA
"neg_PS 34:0|PS 16:0_18:0_[M-H]-__B","9619","21.822","762.53192","PS 34:0|PS 16:0_18:0","[M-H]-","762.52911","C40H78NO10P","PS","78.95841:57645 96.96911:12964 113.19437:7495 120.083:7293 147.64008:8444 152.99544:231036 178.3398:16870 185.41074:7259 255.23315:224085 283.26501:614900 391.22833:75586 409.23615:18815 419.25867:357091 437.26978:140533 560.05829:7890 675.50012:319535 688.54877:33101 762.53107:32531",16.7393228543773,"10181","21.119","762.52924","PS 34:0|PS 16:0_18:0","9619",21.822,"[M-H]-","762.52911","-0.170485294670051","C40H78NO10P","PS","512.47","762.52924:5528088 763.53259:3350594 764.53595:762093","78.95774:234036 96.96828:46817 134.98373:15861 152.9946:795420 168.04173:9220 168.51094:5712 171.00494:11434 255.23216:851563 270.80267:5760 279.23279:26874 283.26343:2281143 303.23172:22344 391.22562:343815 409.23676:65202 419.25659:1483828 437.26758:584565 564.37024:6091 675.49854:1654211 688.54785:78589 762.53113:200291","190215.490627416","1091417.5","17.4282976612906",0,0,16.7594272179524,10.8241632097442,NA,8.90388184573618,10.283088353024,NA,9.02236781302845,NA,NA,NA,NA,NA,8.90989308377004,NA,NA,NA,NA,NA,8.81378119121704,NA,NA,NA,NA,NA,NA,NA,NA,NA,20.5686891017308,20.0928345499352,20.2244963472308,19.9629072989353,20.0218353199842,20.2400098314924,20.3795232673146,20.0030896253134,20.1420808743044,19.9416580404332,19.8750068543419,19.7065837016413,NA,NA
"neg_PE 32:1|PE 16:0_16:1_[M-H]-__A","8247","21.832","688.49701","PE 32:1|PE 16:0_16:1","[M-H]-","688.49231","C37H72NO8P","PE","78.95881:12348 140.01178:71623 178.29626:18656 196.03818:44343 227.20177:165650 241.94656:6664 253.2177:1846636 255.23306:1065759 281.24921:215777 281.32028:6543 289.52429:6204 424.24362:10956 432.25607:13065 434.26703:23984 450.26303:28539 452.27872:67762 688.49371:216738",61.7713940451708,"8760","21.097","688.49158","PE 32:1|PE 16:0_16:1","8247",21.832,"[M-H]-","688.49231","1.06028780477725","C37H72NO8P","PE","591.4","688.49237:657460 689.49572:298837 690.49908:57129","78.95744:6034 120.44481:5854 140.01039:33638 196.0361:22640 227.2001:30037 247.7075:5764 253.21645:1050181 255.23218:504491 281.24878:54452 432.25653:7750 434.27176:9552 450.27194:11718 452.27853:41739 688.5022:154099","73412.6404857563","723088.5","10.1526494316749",0,0,10.0622326203842,NA,NA,NA,NA,NA,NA,NA,NA,8.82017896241519,NA,NA,NA,NA,NA,NA,NA,NA,NA,NA,NA,NA,NA,NA,NA,NA,NA,NA,19.5600454310059,19.3148863405321,19.6221233345303,19.210326512921,19.4877026711122,19.4328517803406,19.4395204705647,19.3663670416091,19.5509195978761,19.3333191644839,19.6894725299618,19.6318893157073,NA,NA
"neg_PI 40:3|PI 18:0_22:3_[M-H]-__A","12585","22.126","915.60071","PI 40:3|PI 18:0_22:3","[M-H]-","915.5968","C49H89O13P","PI","178.29408:14233 233.35228:5570 241.01183:25772 283.26465:36046 297.03116:8132 333.27985:44531 376.18127:5686 419.25873:15219 581.30377:13695 915.59747:95344",13.8423669428115,"12819","21.415","915.59424","PI 40:3|PI 18:0_22:3","12585",22.126,"[M-H]-","915.5968","2.79599054957026","C49H89O13P","PI","211.61","915.59436:824366 916.59771:572589 917.60107:173347","78.95825:17676 152.99487:48605 178.28516:13561 223.00012:44948 241.01079:171275 259.0209:15095 283.26321:216325 283.33389:12961 297.03793:25502 315.04962:8980 333.27899:231508 338.16959:5371 419.25525:95004 469.2623:11504 581.30634:83513 599.32092:21166 631.32556:17701 806.0025:6504 915.59198:751679","15851.6898200638","239299","6.62421899801663",0,0,6.62954278599196,9.29920801838728,9.16239132875691,10.1774195379892,9.34429590791582,NA,NA,NA,9.58871463558226,NA,9.04439411935845,NA,8.97727992349992,9.05528243550119,NA,9.03066713624694,9.1006623390052,9.11113567023471,NA,NA,NA,9.85642552862553,NA,NA,9.31288295528435,9.64024493622235,NA,NA,17.8272310438922,17.8707861184241,17.7977501718775,17.8661197933031,17.8534496752288,17.9559903826063,17.9703137664803,17.6477816249947,17.8931770816681,17.7751344133132,18.0118278164771,17.9022514455728,NA,NA
"neg_PE 32:1|PE 16:0_16:1_[M-H]-__B","8245","22.157","688.49512","PE 32:1|PE 16:0_16:1","[M-H]-","688.49231","C37H72NO8P","PE","111.27491:5858 140.01099:7684 167.37341:5840 178.29738:16859 196.03889:6004 253.21779:368395 255.23317:125149 288.12512:6668 452.28143:17592 688.51288:30014",39.8930350668141,"8759","21.389","688.49103","PE 32:1|PE 16:0_16:1","8245",22.157,"[M-H]-","688.49231","1.85913478097024","C37H72NO8P","PE","126.56","688.49103:740749 689.49438:349874 690.49774:96923","78.95776:8886 95.60085:5124 140.01028:32174 168.04132:8218 196.03542:23891 227.20335:5602 253.21611:1351782 255.23187:475127 432.25027:7199 434.26691:12719 450.26633:10477 452.27893:70573 688.50421:143905","10233.3478048708","223271","4.58337527259287",0,0,4.56761770650308,NA,NA,NA,9.04439411935845,NA,NA,NA,NA,NA,NA,NA,NA,NA,NA,NA,NA,NA,NA,NA,NA,NA,NA,NA,NA,NA,NA,NA,17.8833473183731,17.7487235400267,17.777730483696,17.8352115645047,17.8402124163415,17.7381516492031,17.7590819540555,17.6912596140195,17.6758881373175,17.6942082335876,17.8137436205445,17.8067635736641,NA,NA
"neg_PE 38:5|PE 18:1_20:4_[M-H]-__A","9644","22.201","764.52606","PE 38:5|PE 18:1_20:4","[M-H]-","764.52362","C43H76NO8P","PE","78.95807:96830 100.60046:28637 140.0108:426680 168.42842:35226 178.28992:69859 196.03729:414920 204.84651:43607 205.19624:218209 255.23283:178705 259.24274:875552 281.24832:5377736 285.22458:62850 285.32877:34630 303.23251:10806079 329.24841:276315 376.86929:35615 460.28421:125844 478.2934:780533 482.27042:52570 500.28241:43917 552.92725:31766 764.52191:1212471",35.3114120969032,"10212","21.426","764.52161","PE 38:5|PE 18:1_20:4","9644",22.201,"[M-H]-","764.52362","2.62908816347773","C43H76NO8P","PE","23533.49","764.52344:6887478 765.52679:3863757 766.53015:1047833","78.95855:33651 96.9685:14747 122.00069:16350 140.01129:199219 163.07394:7313 177.0916:10095 196.03757:182767 205.19534:96398 214.04901:11777 231.21082:13809 241.21402:7356 255.23248:78615 259.24249:442767 279.2309:14322 281.24777:2590936 285.22189:23122 301.21759:7390 303.23187:5543425 321.51184:6242 329.24802:168850 367.8595:6023 452.27835:13719 460.2818:86918 478.29187:425109 482.26517:28060 500.27621:22557 690.5625:18779 764.51874:563547","2271531.3874198","55782884","4.07209384767522",0,0,4.0839460255001,12.7725207763147,9.9351650496037,15.1973318952055,12.6759570329417,10.7632123668144,12.2880008897076,10.569855608331,NA,12.115693952197,11.1724275086455,NA,11.9711842724047,11.4413880293467,9.29691620687929,11.933321820733,10.9046346216681,NA,12.1567151442247,9.89784545600551,9.1548181090521,11.5201275503248,11.497352893477,9.20945336562895,12.0552824355012,13.547978966547,NA,15.5387648763755,25.7693919515714,25.7488374533215,25.6669214474722,25.7444814713745,25.7319904763109,25.6935737338456,25.6844965232377,25.6942573403974,25.7563698168568,25.6459668671752,25.7346466780472,25.8656468175783,NA,NA
"neg_PE 34:2|PE 16:0_18:2_[M-H]-__A","8729","22.281","714.51117","PE 34:2|PE 16:0_18:2","[M-H]-","714.50787","C39H74NO8P","PE","78.95907:21068 140.01134:143522 178.33539:56327 196.03856:96638 253.21815:169610 255.23341:1943185 279.23367:4992674 281.24921:84345 434.27344:58950 452.27899:203715 458.2709:30024 476.28024:41684 714.5108:489632",40.1798640324535,"9278","21.511","714.50708","PE 34:2|PE 16:0_18:2","8729",22.281,"[M-H]-","714.50787","1.10565612111705","C39H74NO8P","PE","10279.69","714.5072:7252036 715.51055:3620474 716.51391:906668","78.95808:39502 92.7599:5244 96.64532:5258 96.96797:15824 114.88576:5195 122.00028:12431 138.67038:5724 140.01057:259180 152.99759:6139 178.02711:7344 196.03661:178343 214.04704:14249 253.2159:191027 255.23143:4079914 261.22165:7441 279.23126:9209734 281.24652:157886 304.82419:7072 402.23557:6032 434.26501:99985 450.2641:7590 452.27588:400563 458.26556:56620 476.27725:88777 500.21222:6651 714.50317:1006761","463283.807096262","15173629","3.0532169140043",0,0,3.03942442562331,11.6799198785184,9.04439411935845,13.3716405346118,11.4681148863781,NA,11.2485206049384,NA,NA,11.2871351860867,9.06608919045777,NA,9.83605035505807,10.7355560239115,NA,10.5555477716471,NA,NA,10.2573878426926,NA,10.1459321458205,9.87344411251538,NA,NA,10.2514824106202,11.0035179121086,NA,12.4369717450491,23.8877967174936,23.850306370139,23.8423877519655,23.8232565351603,23.9039948974592,23.903453455578,23.8925688484894,23.8319795343917,23.8121150093368,23.8598036659189,23.7891413732588,23.935009078381,NA,NA
"neg_PE 38:5|PE 18:1_20:4_[M-H]-__B","9653","22.439","764.52722","PE 38:5|PE 18:1_20:4","[M-H]-","764.52362","C43H76NO8P","PE","78.9585:18953 122.00072:6750 140.01114:101324 196.03783:84032 205.19531:52510 214.04858:7912 231.209:6473 259.24316:235376 281.24878:1381646 285.22009:12718 303.23309:2827846 460.28604:38216 478.29495:225024 482.26071:14704 500.28091:13949 690.55676:7794 764.52429:245811",27.8854027691367,"10213","21.66","764.52185","PE 38:5|PE 18:1_20:4","9653",22.439,"[M-H]-","764.52362","2.31516718878961","C43H76NO8P","PE","9081.43","764.52338:2836661 765.52673:1526231 766.53009:417179","78.95831:12679 91.6649:5941 96.96794:5538 109.59441:5555 114.42268:5787 121.99964:11121 139.99031:6838 140.01021:86424 142.97668:5685 156.46379:5252 196.03627:82708 205.19426:47353 209.83177:5615 214.04648:9793 231.21083:6711 255.23335:5839 259.24142:203167 281.24689:1185527 285.21857:12813 303.23117:2517308 336.93329:5681 460.2851:29627 478.29254:191404 482.27115:14682 500.27853:8425 704.66382:13235 764.52356:251047","1323915.34205239","23032821","5.74795133454296",0,0,5.75595078468708,11.7960396088298,NA,13.9885071789232,11.9248125036058,NA,10.5381889320524,NA,8.876516946565,11.116993677547,9.20212382383046,NA,10.7764330324447,12.4146852358072,NA,10.431497604258,NA,NA,11.3674147512468,9.10852445677817,NA,11.5873087283335,10.0566377151132,NA,10.5887146355823,11.3712321283696,NA,13.3880172853451,24.4685473577362,24.4306149978301,24.4768715148324,24.3228215775966,24.5347059915038,24.3588889904694,24.5329627298913,24.3548275103929,24.6001536119905,24.4095429526985,24.4457380556755,24.5002644530347,NA,NA
"neg_PI 40:3|PI 18:0_22:3_[M-H]-__B","12584","22.452","915.59991","PI 40:3|PI 18:0_22:3","[M-H]-","915.5968","C49H89O13P","PI","88.72438:6228 152.99388:20451 181.85304:5608 209.33524:5970 223.00084:11056 241.01018:85232 259.02222:7855 283.26218:102294 297.03799:15409 305.24637:18061 311.29312:22261 333.1998:10491 333.27817:123728 419.2561:44934 581.30768:43930 599.32202:9948 915.59589:322380",17.8582730056327,"12820","21.732","915.59607","PI 40:3|PI 18:0_22:3","12584",22.452,"[M-H]-","915.5968","0.797294180119367","C49H89O13P","PI","539.44","915.5954:2506005 916.59875:1669938 917.60211:520278","78.95812:32719 96.96851:17446 134.98537:5357 148.13663:19830 148.18446:6089 152.96657:7334 152.99464:150817 222.95113:7253 222.9998:111751 241.01039:524586 259.02036:44589 283.26276:606426 289.29535:6491 297.03632:79968 305.24689:53492 311.29337:52521 315.0462:31260 333.27829:742440 419.2547:277989 437.26813:25162 447.2858:19409 469.27032:29357 581.30591:257791 599.31702:61016 609.3399:20333 627.3584:7580 631.32367:54041 649.34082:6731 915.59027:2048628","28361.89103664","674276.5","4.20627013348975",0,0,4.20362005029236,10.6054795180617,NA,9.48179943166575,NA,9.2807707701306,8.98868468677217,NA,9.12928301694497,9.13699111208023,9.319672120947,9.26209484537018,9.2240016741981,9.49185309632967,NA,9.18982455888002,NA,9.33091687811462,NA,NA,NA,NA,NA,NA,NA,9.96289600533726,NA,NA,19.4512714912206,19.3858560827717,19.3659315168279,19.3135097272459,19.2876808202503,19.3600240195719,19.316601947726,19.2887624596277,19.4035550796549,19.316891365815,19.3949022490304,19.4678045309756,NA,NA
"neg_MLCL 54:6|MLCL 18:2_18:2_18:2_[M-H]-__A","14776","22.465","1185.73877","MLCL 54:6|MLCL 18:2_18:2_18:2","[M-H]-","1185.73535","C63H112O16P2","MLCL","78.95778:5828 82.31969:5642 152.99478:119445 178.34341:5490 231.23151:5842 279.23288:90529 415.22662:30465 433.23523:38779 648.86365:8456 695.47028:24863 725.28357:6914 1185.73596:26935",29.8059576975692,"14315","21.736","1185.73401","MLCL 54:6|MLCL 18:2_18:2_18:2","14776",22.465,"[M-H]-","1185.73535","1.13010040564906","C63H112O16P2","MLCL","186.82","1185.73438:120361 1186.73772:95269 1187.74109:34778","78.9576:14350 86.89803:5856 152.97005:9373 152.99434:129492 279.23187:97106 387.6478:6100 415.22672:30526 433.23361:43057 695.46564:23912 1185.7312:18456","5488.72858477013","104674.5","5.24361576579791",0,0,5.30290165357474,NA,NA,NA,NA,NA,NA,NA,NA,NA,NA,NA,NA,NA,NA,NA,NA,NA,NA,NA,NA,NA,NA,NA,NA,NA,NA,NA,16.7062936509962,16.676411661565,16.7412694660754,16.6264362847069,16.5022568734862,16.6766871243554,16.5868104741269,16.5730998014636,16.6812933245208,16.6746888264758,16.6550694655271,16.7890878281569,NA,NA
"neg_GM3 42:2;O2_[M-H]-","14979","22.469","1261.82007","GM3 42:2;O2","[M-H]-","1261.81543","C65H118N2O21","GM3","83.01354:9026 86.99903:5455 87.0081:75179 100.03994:6018 101.02335:8796 113.02418:12640 115.00262:5962 119.03487:8840 126.05461:15969 126.57335:6892 138.05591:7823 142.05029:25593 150.05612:9146 154.04996:7014 168.0666:14992 170.04459:13050 178.34399:13015 290.08862:441624 646.61725:10722 808.65857:8553 970.71509:18784 1261.81519:246271",21.5439954022943,"14444","21.742","1261.81335","GM3 42:2;O2","14979",22.469,"[M-H]-","1261.81543","1.64841858068376","C65H118N2O21","GM3","4151.24","1261.81494:1190196 1262.81829:1192028 1263.82165:486033","83.01273:20773 87.00747:268598 89.02316:20431 96.04412:7553 97.02752:9515 98.05939:6884 100.03909:21751 101.02312:35894 109.02827:11301 112.03961:12079 113.02302:49370 115.00328:10925 119.03391:21532 125.02511:5890 126.05463:46417 127.03784:8050 138.05489:41246 139.03868:5860 140.07018:9058 142.04961:72760 143.03366:29466 150.05499:18854 154.04958:24205 161.04495:12932 168.06522:32431 170.04451:35468 179.05415:11188 180.06587:10782 194.04471:7317 202.07089:8686 246.0972:9990 272.07217:13367 290.08691:1258302 365.33786:7509 646.61658:41143 790.64465:6971 808.67499:20199 970.71387:51140 1217.80444:16164 1261.8075:801904","79706.8555491802","2191204","3.63758260523348",0,0,3.64909355480364,NA,NA,NA,NA,NA,NA,NA,NA,NA,NA,NA,NA,NA,NA,NA,NA,NA,NA,NA,NA,NA,NA,NA,NA,9.84549005094438,NA,NA,21.1108426541952,21.0672662830443,21.1677482764619,20.9823439784756,21.0878176079526,21.0282534519323,21.0173813820588,21.0658460327035,21.0607341873361,20.9866586905216,21.0396868398192,21.0797712193576,NA,NA
"neg_PE 36:3|PE 18:1_18:2_[M-H]-","9198","22.47","740.52661","PE 36:3|PE 18:1_18:2","[M-H]-","740.52362","C41H76NO8P","PE","133.6748:76793 140.01154:644189 196.03741:367811 216.45673:77988 254.02487:72477 279.233:19430498 281.24887:9671411 407.10181:74061 458.25916:166958 460.28369:307125 476.27841:257185 478.29446:946209 740.5246:2768198",38.2317893200148,"9794","21.686","740.52234","PE 36:3|PE 18:1_18:2","9198",22.47,"[M-H]-","740.52362","1.72850664785713","C41H76NO8P","PE","15971.35","740.52203:1937681 741.52538:1076075 742.52874:267397","78.95821:7672 140.01045:51991 196.03694:36495 253.45721:5415 279.23175:1602289 281.24713:882691 392.22513:5778 458.26791:7426 460.27899:17268 476.27756:32039 478.29257:74411 740.52203:229145","1202995.69501852","25972666","4.63177594097779",0,0,4.67406586640462,12.3668685861671,9.47775826644389,14.172505642093,12.2859801059282,10.2395985292491,11.6298119443822,NA,NA,11.7723145739216,9.10852445677817,NA,11.0734721539765,10.6339034093485,NA,11.5137275959524,8.91288933622996,NA,11.2934716488381,NA,8.97441458980553,11.6183855022586,10.3365065598103,9.28540221886225,11.4162697445232,11.8069523282107,NA,14.3938596592641,24.6649255132951,24.6417554270218,24.6572734126388,24.5111238273318,24.6161421625156,24.5343779322006,24.6781276049184,24.488691635973,24.6722673520813,24.6124579648402,24.6191374717189,24.6945048685416,NA,NA
"neg_PE 34:2|PE 16:0_18:2_[M-H]-__B","8730","22.554","714.51123","PE 34:2|PE 16:0_18:2","[M-H]-","714.50787","C39H74NO8P","PE","93.11485:7444 93.28604:6530 99.92998:5742 140.0105:21048 196.03816:11258 251.2029:9912 253.21735:80235 255.2323:306157 279.23251:555802 281.24805:52445 443.9201:5596 452.27927:17951 476.27954:8931 714.51093:73832",48.1733052256412,"9281","21.784","714.50848","PE 34:2|PE 16:0_18:2","8730",22.554,"[M-H]-","714.50787","-0.853734473124595","C39H74NO8P","PE","531.39","714.50726:1475235 715.51061:814780 716.51397:195684","86.20129:5317 140.01059:53958 178.27783:7198 178.34157:7013 196.0365:41428 214.47032:5493 226.22284:5157 253.21605:302785 255.23177:870488 279.23175:1497078 281.24738:166761 434.26569:17959 452.27704:63212 458.26276:9657 476.27634:22651 478.28732:12706 714.5061:222293","39413.4651544022","846615.5","4.65541502067965",0,0,4.68733465375103,NA,NA,9.19229281447077,NA,NA,NA,NA,NA,NA,NA,NA,NA,NA,NA,NA,NA,NA,NA,NA,NA,8.92184093707449,NA,NA,NA,NA,NA,NA,19.6637995569837,19.6487437658476,19.7053505834654,19.5926577707202,19.760507178433,19.7306376343111,19.7150805416494,19.6772069170881,19.6582655353755,19.5277652444236,19.7678563023733,19.7121373642829,NA,NA
"neg_PE O-34:1|PE O-18:0_16:1_[M-H]-__A","8496","22.65","702.54761","PE O-34:1|PE O-18:0_16:1","[M-H]-","702.54431","C39H78NO7P","EtherPE","77.60347:7144 253.21666:182964 255.23134:5975 281.24606:7808 448.32123:9326 466.32678:18343 702.54016:26414",26.9416176869772,"9038","21.896","702.54395","PE O-34:1|PE O-18:0_16:1","8496",22.65,"[M-H]-","702.54431","0.512423195058803","C39H78NO7P","EtherPE","195.63","702.54449:789361 703.54784:412094 704.5512:107860","78.95763:14060 85.8407:6048 124.71268:5880 152.99507:39915 168.04268:10866 178.33263:7652 183.12547:5869 227.20078:12105 241.21591:37730 253.21617:2176513 254.22131:7741 255.23114:44911 267.2352:13746 281.24759:66545 282.25052:18820 283.26291:59933 284.26697:51322 325.2146:6278 416.02753:5857 419.255:14803 420.26044:18594 438.27103:7987 448.31775:83329 466.3288:192086 688.76276:6647 702.53906:302926","14858.278419994","222226","6.68611162509969",0,0,6.71527725723142,8.84235034341381,NA,NA,NA,NA,8.98013957763916,NA,NA,NA,NA,NA,NA,NA,NA,NA,NA,NA,NA,NA,NA,NA,NA,NA,NA,NA,NA,NA,17.5831562405669,17.6346409110076,17.6918661735643,17.6708844180777,17.763393937402,17.823616027755,17.7155464694173,17.7881447902371,17.8117635144599,17.7599401825385,17.9041406567688,17.8816337937261,NA,NA
"neg_PE 37:4|PE 17:0_20:4_[M-H]-__A","9421","22.657","752.52673","PE 37:4|PE 17:0_20:4","[M-H]-","752.52362","C42H76NO8P","PE","78.95831:7500 120.77988:5260 140.01115:28821 196.03688:29400 205.19505:11378 259.2424:65097 269.24835:356186 303.23291:774432 448.28973:6714 466.29608:61852 715.89752:6566 752.52698:78004",35.2478073693282,"9999","21.863","752.52631","PE 37:4|PE 17:0_20:4","9421",22.657,"[M-H]-","752.52362","-3.57463862717814","C42H76NO8P","PE","299.64","752.52509:831155 753.52844:424209 754.5318:159293","115.8175:5475 122.00142:6875 140.01094:42149 196.03795:29421 205.19412:18327 227.20013:46725 253.21579:164416 255.23125:37260 259.24106:84148 265.93976:6275 269.24731:464259 281.24686:29305 291.23056:12031 303.23129:1079058 304.23563:57849 305.23795:34328 448.29071:20637 464.31262:9503 465.32663:12596 466.29688:82441 702.54041:79955 752.52246:120662","23350.8989113845","328093.5","7.11714767631315",0,0,7.10256414840223,9.13442632022093,NA,NA,9.17741953798924,NA,NA,NA,NA,NA,NA,NA,NA,8.92777796208234,NA,9.31741261376487,8.81057163474115,9.02790599656988,9.12412131182919,NA,NA,8.93957921431469,NA,9.06069593168755,NA,NA,NA,NA,18.4076951378541,18.3929378682667,18.2541936060877,18.210319377619,18.4518067446232,18.4955466790675,18.2934941009642,18.2297341731874,18.3533794661323,18.183863110526,18.242583341138,18.3652587569723,NA,NA
"neg_MLCL 54:6|MLCL 18:2_18:2_18:2_[M-H]-__B","14775","22.726","1185.73853","MLCL 54:6|MLCL 18:2_18:2_18:2","[M-H]-","1185.73535","C63H112O16P2","MLCL","152.99432:47195 178.26492:6991 206.7364:6416 279.23233:46649 280.45615:5601 406.53662:6038 415.22614:14032 433.2348:27347 695.46832:11321 1185.73938:15515",35.4428133960815,"14314","21.984","1185.73376","MLCL 54:6|MLCL 18:2_18:2_18:2","14775",22.726,"[M-H]-","1185.73535","1.34094003341554","C63H112O16P2","MLCL","441.07","1185.73425:364533 1186.7376:333692 1187.74096:150821","78.95786:40915 148.54643:5251 152.99452:234476 153.34303:5247 171.00478:12167 279.23212:248417 279.30151:12397 415.22537:82750 433.23547:157052 433.36154:10964 489.26416:10941 569.22546:7493 695.46429:64875 769.5105:10229 1185.73315:64802","8810.66581384933","241559","3.64741773804716",0,0,3.58013917081926,NA,NA,NA,NA,NA,9.27844945822048,NA,NA,NA,NA,NA,NA,NA,NA,NA,NA,NA,NA,NA,NA,NA,NA,NA,NA,NA,NA,NA,17.8812095762129,17.855087458408,17.9332468897587,17.8613716841156,17.8636418386885,17.8828221334001,17.8608808612447,17.962060033652,17.8776555930933,17.972536726326,17.9979622870225,17.9479793091216,NA,NA
"neg_PE 37:4|PE 17:0_20:4_[M-H]-__B","9423","22.987","752.5271","PE 37:4|PE 17:0_20:4","[M-H]-","752.52362","C42H76NO8P","PE","78.95824:10489 130.7285:9852 140.01076:70305 196.03708:56649 205.19684:32348 259.24307:154470 269.24844:885528 285.22043:11303 303.233:1955769 448.28534:29200 466.29709:145695 500.28113:13420 658.74316:8528 752.52722:164909",32.2166843418374,"9997","22.193","752.52252","PE 37:4|PE 17:0_20:4","9423",22.987,"[M-H]-","752.52362","1.46174813763977","C42H76NO8P","PE","2360.64","752.52344:3607804 753.52679:1732817 754.53015:452248","78.95812:15446 121.99995:8015 140.0106:92315 177.0914:7787 196.0365:72804 205.19475:43489 231.21155:7063 242.32581:5990 253.21577:48231 255.23177:10027 259.24109:223715 269.24683:1064676 279.23102:12031 285.21844:12857 303.23068:2625286 304.18274:5534 338.46295:6125 417.68933:5629 448.29041:41273 466.29532:219248 482.26328:12025 500.2757:9305 702.52997:19215 752.51959:267847","151268.676162122","3883865.5","3.89479697899224",0,0,3.91644176648738,NA,9.41996017784789,9.31741261376487,NA,NA,9.29232163280204,NA,NA,NA,NA,NA,NA,NA,NA,NA,NA,NA,9.19229281447077,NA,NA,NA,NA,NA,10.6679985356725,NA,NA,9.85798099512757,21.9362756095964,21.8402085738221,21.9241129662329,21.8271690066344,21.8483593240212,21.8357416474195,21.9164958152506,21.7664282128956,21.86976213118,21.9081067111072,21.9474514529715,21.9403662948186,NA,NA
"neg_PE O-38:6|PE O-18:2_20:4_[M-H]-","9356","23.147","748.53125","PE O-38:6|PE O-18:2_20:4","[M-H]-","748.52869","C43H76NO7P","EtherPE","81.28072:5330 140.01053:7587 155.45148:5295 155.56004:5865 196.0378:10959 197.96869:6046 259.24399:25985 303.23318:268458 329.24976:65629 444.28479:13914 462.3031:48351 618.76636:6112 748.53314:36143",30.3666652717096,"9944","22.574","748.52722","PE O-38:6|PE O-18:2_20:4","9356",23.147,"[M-H]-","748.52869","1.96385258115702","C43H76NO7P","EtherPE","21853.4","748.52826:2822542 749.53161:1437242 750.53497:406349","78.95761:16664 140.01056:55455 179.03429:7525 196.03679:50757 197.61595:5764 205.19472:55314 231.21465:11234 259.24225:217369 261.96432:5448 265.25217:27863 285.21997:10643 301.21024:6980 303.23187:2790685 329.24854:17487 384.7092:6887 401.24741:16300 444.28833:177214 462.29913:475932 493.17758:5762 748.52991:292230","1616181.16824205","55226774","2.92644500336386",0,0,2.90988662498423,13.1189410727235,10.6882503091332,15.0164165762318,13.32178719982,9.10590850857116,12.952377251968,11.2888660741658,9.31061278165953,12.6047848570864,11.3224915375975,NA,12.8081597728684,13.8062475185316,10.5255208090951,12.7854524681585,10.2455527062557,NA,13.1281554709392,10.5038257379958,NA,12.7885144326066,10.6934869574993,9.02790599656988,13.0110524998006,12.656871725614,8.81057163474115,14.3323163301992,25.7201411147597,25.8316321702213,25.6735404915157,25.7101903366573,25.7571401167055,25.7049631187122,25.7216516183545,25.6782408896679,25.7158249276822,25.7397322043938,25.7175867964873,25.7474010578022,NA,NA
"neg_PE O-40:6|PE O-18:1_22:5_[M-H]-__A","9888","23.478","776.56409","PE O-40:6|PE O-18:1_22:5","[M-H]-","776.56","C45H80NO7P","EtherPE","117.42037:6882 189.36436:6401 285.26083:24225 320.58694:5723 329.24899:295552 405.27203:6222 406.28009:7306 446.30508:19783 464.31619:52450 776.56525:44812",24.5775940318445,"10448","23.744","776.55835","PE O-40:6|PE O-18:1_22:5","9888",23.478,"[M-H]-","776.56","2.12475533111012","C45H80NO7P","EtherPE","24025.81","776.55878:7084446 777.56213:4281230 778.56549:1163408","78.95787:27644 139.99019:7173 140.01048:92820 163.56676:5820 178.32826:9717 179.17972:7561 196.0365:79719 205.19403:10517 231.21075:55300 251.20117:30791 259.24216:13877 267.2684:51213 270.76279:6116 285.25793:314510 303.23193:219508 311.23767:18128 329.24771:4445034 331.26398:57199 357.27805:19589 403.26053:26702 446.30368:275665 462.29898:6502 464.31473:688706 472.32269:14825 490.32883:32073 776.5614:682723","2250786.60751666","52475214","4.28923759608996",0,0,4.27395007092878,13.3490047180277,9.50581155391959,14.6757365553619,12.8029201985853,9.59058704991503,13.0769825659812,10.8368393597487,NA,13.2730670757221,11.8668925276766,NA,12.8319009861964,12.2894425756883,9.36850646150769,13.2062512720607,12.1318569606088,NA,12.793196859061,10.9277779620823,12.3715044120433,13.0378900851425,12.1601865766007,9.3151495622563,13.2784494582205,10.4051414631363,NA,14.0501037205813,25.7594853281401,25.5981708868295,25.5906611696337,25.6320622210564,25.7198254789884,25.6733567420882,25.5379784608252,25.6378479130277,25.6548466462377,25.652381105024,25.618937925537,25.7134048705624,NA,NA
"neg_GM3 42:1;O2_[M-H]-__B","14988","23.924","1263.83594","GM3 42:1;O2","[M-H]-","1263.83105","C65H120N2O21","GM3","81.11921:7072 87.00784:59370 101.02319:12152 113.02316:11291 119.03374:10101 126.05544:14504 138.05537:9423 142.05109:15638 143.03444:8479 154.05161:6656 168.06561:9746 170.04364:7790 290.08865:345375 648.64429:8563 810.69995:6690 972.73279:10854 1263.83667:191898",22.9340654972632,"14449","23.076","1263.82764","GM3 42:1;O2","14988",23.924,"[M-H]-","1263.83105","2.69814545229821","C65H120N2O21","GM3","3798.62","1263.83093:2187684 1264.83428:1738048 1265.83764:735800","83.0126:20350 85.02824:14982 87.00759:287679 89.02445:11110 96.04498:7926 97.02837:7857 98.06064:11338 100.03971:24178 101.02332:48800 109.02843:12621 112.03938:8846 113.02332:43679 114.05563:8035 115.00249:13343 119.03411:20736 122.05997:8500 124.03893:5573 126.05472:47270 138.05518:32447 140.07147:9389 142.04985:78946 143.03381:21323 150.05458:21688 153.01743:6004 154.04999:22146 161.04503:14259 168.0654:38818 170.04483:40699 178.28944:26648 179.05516:12589 180.0659:12171 194.04645:7928 202.0708:5997 246.09995:7037 272.07733:17941 290.08725:1311486 323.59799:6383 345.01248:5919 367.35126:7824 648.62891:40007 792.6839:6214 810.68311:24915 972.73071:44988 1219.84338:20637 1263.82385:830415","263819.746340014","2735197.5","9.64536368361018",0,0,9.63660328730465,NA,NA,10.7431513941125,NA,NA,10.8113746935099,NA,NA,NA,NA,NA,NA,9.97010589061218,NA,NA,NA,NA,NA,NA,9.37503943134693,NA,NA,NA,NA,9.19229281447077,NA,NA,21.2988680576292,21.5152301345388,21.3751184666065,21.3912635213491,21.4684843410918,21.4599008360755,21.63749207872,21.2636394285728,21.4741490532621,21.2529714276178,21.182657433863,21.2219469666451,NA,NA
"neg_PE 40:5|PE 18:0_22:5_[M-H]-__A","10199","23.925","792.55725","PE 40:5|PE 18:0_22:5","[M-H]-","792.55487","C45H80NO8P","PE","80.14158:122342 140.01073:681296 149.97885:106848 196.03722:633499 231.21132:180088 276.54663:121376 283.2644:9769180 285.25854:1341081 303.23294:1350450 309.27942:695380 311.23367:141482 329.24899:19786236 462.3006:288080 480.31137:1331103 508.28204:224624 526.28851:127238 718.59583:178100 792.55914:2613239",27.8625967553192,"10724","23.057","792.55334","PE 40:5|PE 18:0_22:5","10199",23.925,"[M-H]-","792.55487","1.9304657102195","C45H80NO8P","PE","7800.75","792.55414:6666605 793.55749:4023573 794.56085:1033455","78.95825:35037 96.96925:10167 116.92188:5121 122.00075:13876 139.98692:10623 140.01099:195231 152.993:8440 178.02771:8758 178.3293:12579 196.0372:149903 205.19533:12106 214.04671:13477 231.21112:55481 251.20007:22675 255.23192:32912 259.17032:6184 259.24332:22673 279.23209:118981 281.24924:10509 283.26331:2356722 285.258:353850 303.23184:302187 309.27908:136869 311.23593:18507 327.23129:6488 329.24759:4715804 331.26349:20838 462.29895:80716 480.30853:348995 506.32364:22203 508.2851:33278 526.29468:20085 718.58362:27199 742.57166:42083 792.55042:699367","1074364.1185701","19277726","5.57308532432767",0,0,5.5835148109189,12.1879705919842,9.27612440527424,13.7042278838969,11.6247954558602,NA,11.9362698576022,NA,NA,11.579787329527,10.0334230015375,NA,11.8818787076004,9.49385544924082,NA,11.9797824307031,9.42836017270429,8.88569637333939,11.694793155,9.92035285541508,8.96578428466209,11.6302671250268,11.1357092861044,NA,11.3426302986784,12.0375469539622,NA,13.109014419439,24.1916778027966,24.2237145093684,24.0766477933745,24.2091324939896,24.3214701355997,24.1186757743727,24.2548910762265,24.1089236804466,24.3145407891211,24.1277553956204,24.1551304391836,24.2456449653396,NA,NA
"neg_PE O-38:2|PE O-20:1_18:1_[M-H]-__A","9504","24.424","756.5943","PE O-38:2|PE O-20:1_18:1","[M-H]-","756.59131","C43H84NO7P","EtherPE","89.75008:5158 178.28905:11740 188.82477:5521 255.23271:58054 279.23236:33755 281.24908:1431044 295.26456:78352 307.2674:7854 474.3392:53671 492.34961:115511 756.59448:175200",30.5665792715087,"10081","25.659","756.5929","PE O-38:2|PE O-20:1_18:1","9504",24.424,"[M-H]-","756.59131","-2.10153087796458","C43H84NO7P","EtherPE","2202.79","756.59076:4624926 757.59411:2636106 758.59747:705523","78.95795:21212 80.22343:5419 101.40992:5157 140.01086:73561 196.03709:53148 253.21703:27637 255.23203:233779 281.24734:6337770 295.2995:50514 309.27911:632150 311.29544:11926 337.31067:34386 431.29218:12928 446.30472:25476 464.31357:52427 474.33493:270499 492.34528:567983 500.35782:6406 518.36237:27595 718.70728:18617 720.71387:13290 756.5899:1042295","173038.712176027","5330996","3.24589836826039",0,0,3.26035075584562,10.609178738142,11.3630396302565,10.4817994316658,10.0223678130285,11.5299185281203,10.9454438363779,NA,11.5454471816781,10.5859014496908,NA,10.8703647195834,9.24317398347295,9.11894107272351,11.5641494899857,10.4807902010958,NA,11.4325419003883,10.5478585060584,NA,11.6077926419192,10.1947568544223,NA,11.3907063728728,9.8703647195834,NA,NA,NA,22.3356258760915,22.3694242872941,22.3243830179686,22.295980755524,22.3968054388294,22.4005855419344,22.3435029230276,22.3560129039913,22.3484401906628,22.2613064362952,22.2570741482059,22.3771045955312,NA,NA
"neg_PE 40:5|PE 18:0_22:5_[M-H]-__B","10202","24.44","792.55798","PE 40:5|PE 18:0_22:5","[M-H]-","792.55487","C45H80NO8P","PE","78.95879:26058 130.51114:19037 140.01076:214688 143.09096:22508 196.03793:160195 231.2114:184690 251.20261:30694 281.25311:19625 283.26422:2386286 285.25854:1024377 311.23462:19353 318.48978:21819 329.24899:3631896 462.30081:101679 480.31097:436718 508.29132:33951 526.29095:33382 792.55652:467927",22.6568399767701,"10725","23.527","792.55341","PE 40:5|PE 18:0_22:5","10202",24.44,"[M-H]-","792.55487","1.84214374970091","C45H80NO8P","PE","4881.29","792.55365:3263336 793.557:2176234 794.56036:617096","78.95808:17363 104.46452:5300 110.50259:5618 117.06969:6992 122.00011:8522 140.01122:94368 152.3586:5701 179.18033:16696 196.03758:65926 214.04468:7001 219.21283:5870 231.21117:72827 251.20215:13497 255.23535:9055 283.26328:1083293 285.258:479191 285.36301:8065 329.24756:1718080 331.26584:7552 462.29773:43750 480.30753:223823 508.28363:13265 526.29169:9762 792.54865:284348","387974.40349016","11597178.5","3.34542064253094",0,0,3.32943260700282,11.7665289085989,11.7644569636199,12.7974588859151,9.45532722030456,12.1318569606088,11.6284455401372,NA,11.9600019320681,11.2395985292491,9.6812384117778,10.2203783276952,10.0874628412503,8.84235034341381,11.402479172215,11.4178525148859,NA,11.0382331347318,9.26912667914942,9.06608919045777,11.9520131648895,10.140829770773,NA,11.9922302649659,11.6293566200796,10.3772105303886,NA,NA,23.5394057940378,23.5235966512702,23.4492566001853,23.4652270973878,23.4693110448001,23.5090491219596,23.4623607284421,23.4272097577731,23.5339718807482,23.3694977733374,23.4739282852623,23.4584853412501,NA,NA
"neg_PE 38:3|PE 18:0_20:3_[M-H]-__A","9744","24.448","768.55823","PE 38:3|PE 18:0_20:3","[M-H]-","768.55487","C43H80NO8P","PE","78.9583:87581 90.92735:27584 96.96958:27233 122.0008:36351 140.01151:546057 196.03799:400984 214.05122:43156 261.26132:100191 281.2486:63272 283.26501:6936908 287.24026:58682 303.23071:41108 305.24924:20330836 307.26178:96381 335.36456:34321 462.30228:203920 480.31128:880008 484.28683:78534 502.30017:102953 768.55627:2129010",32.6577716131144,"10290","23.535","768.55542","PE 38:3|PE 18:0_20:3","9744",24.448,"[M-H]-","768.55487","-0.715628800811093","C43H80NO8P","PE","13606.3","768.55383:1941689 769.55718:1110152 770.56054:286501","78.95857:10617 118.65456:6165 140.01103:66714 196.03732:61093 255.23322:9443 261.2579:8782 279.2312:6813 281.24872:5927 283.26334:941590 305.24759:2668680 307.2637:15556 333.28214:6001 462.29727:33052 480.30771:137255 480.46155:7399 484.28342:11267 502.28952:12772 748.87628:5969 768.55182:300059","902387.515565572","31688393","2.84769100018916",0,0,2.87870268360405,12.9847744600468,11.2057932493972,14.3726610446925,11.3054917921107,11.211279947482,12.3660489506706,11.0084286220706,11.1312139050863,11.72366094441,11.4424251933316,11.0854724591813,12.2224930522465,13.0483165741585,NA,12.2597432636908,11.2008986050384,11.0794847838268,11.733015321686,10.9225844027137,10.2384047393251,12.3208005488816,11.4408691676109,10.0430272835946,12.3826240265749,11.834866038362,11.5352753766208,11.2726297849764,24.9292808060724,24.9552757356072,24.8892936741373,24.926751221303,24.8739977771961,24.930321451769,24.8831475057851,24.8415544624901,24.9366593236583,24.8140570708718,24.9126269738933,24.9222592743907,NA,NA
"neg_PE O-38:5|PE O-18:1_20:4_[M-H]-__B","9389","24.621","750.54657","PE O-38:5|PE O-18:1_20:4","[M-H]-","750.54431","C43H78NO7P","EtherPE","76.52833:7679 140.01093:9061 196.03818:8525 205.19574:10216 259.24292:41785 303.23352:531392 446.30762:41106 464.31799:105968 530.20282:7099 750.55133:65340",38.2904913378656,"9977","23.695","750.54224","PE O-38:5|PE O-18:1_20:4","9389",24.621,"[M-H]-","750.54431","2.75799839186489","C43H78NO7P","EtherPE","144110.48","750.54462:14729364 751.54797:9472657 752.55133:2459177","76.74615:5211 78.95831:63468 83.04931:11169 140.01108:219769 163.07751:11686 177.09125:19173 179.03452:17027 191.10777:7012 196.03743:213808 205.12297:13112 205.19537:204461 217.19476:13929 231.21091:24542 259.24228:985668 267.20642:12031 267.26862:115445 285.22137:54004 301.21356:16213 301.64813:9267 303.23163:12212876 304.82843:8027 331.26111:16512 403.26016:46763 446.30197:687822 464.31262:1942072 482.26587:8838 604.18652:7369 687.30652:7151 750.53918:1231944","14699749.8331702","391133216","3.75824635491203",0,0,3.75058539040232,16.5222290282818,13.8415643477306,17.9507495252206,16.1640623321729,13.9208180458363,16.2351728230998,14.9112515317229,13.4011461821535,16.2634159275572,14.9017154244144,13.1045987535644,16.2171625429063,16.4213745364933,13.4050084652067,16.2180712556619,14.9680817495771,12.9025635419715,16.1577811313319,13.9492795790766,13.5612879451648,16.140829770773,15.1384718050304,13.45056690774,16.1763290066176,15.5685202603292,12.5452058274256,16.9765753105233,28.5844632060241,28.5203339269241,28.5030176120658,28.5181769672173,28.6203682919983,28.5964170433098,28.5654824960537,28.4808727696617,28.5718520347522,28.6194190513884,28.4777622184213,28.483035737517,NA,NA
"neg_PE O-40:6|PE O-18:1_22:5_[M-H]-__B","9884","24.663","776.56274","PE O-40:6|PE O-18:1_22:5","[M-H]-","776.56","C45H80NO7P","EtherPE","78.95877:13631 140.01108:52670 140.30809:8439 196.0374:31928 231.21132:31675 251.20073:12625 259.24106:8153 267.26733:28512 285.25873:163469 303.23306:105322 311.23697:9306 329.24847:2090342 349.2561:9052 446.3046:142042 464.31421:325859 466.33374:9956 490.32947:19585 776.55621:253725",35.2259004130171,"10447","24.155","776.55786","PE O-40:6|PE O-18:1_22:5","9884",24.663,"[M-H]-","776.56","2.75574327796989","C45H80NO7P","EtherPE","8492.61","776.55988:9198932 777.56323:5566286 778.56659:1537790","78.95823:53216 107.08567:6195 109.06522:8004 117.07022:21348 119.08559:6191 121.10244:7058 133.10098:10976 137.13321:5782 140.01138:150260 151.14981:13560 152.99792:5989 161.13019:6057 163.07565:18169 163.15027:8387 165.16292:13003 177.09274:11292 177.13385:7134 177.16508:23736 179.03548:15203 179.18007:42388 186.21696:5335 191.18077:19087 193.19687:9333 196.0377:151263 196.07808:9579 203.18102:11601 205.19618:17528 217.12451:6360 231.21147:249417 243.21005:10920 251.20108:40278 257.22659:52086 267.26996:79666 285.25854:1490566 301.21704:159199 301.29468:6581 303.23248:101733 311.23709:25474 327.22684:5700 329.24817:5523192 331.26141:21215 403.26208:31261 446.30362:492345 464.31442:1433820 474.33728:11409 490.32733:17439 492.34277:33137 508.28647:7958 776.55737:868343","604490.209637063","17018490","3.55196148211189",0,0,3.56428956590582,11.7389366816761,10.6917435191713,12.8324944843361,11.7176764230664,11.2336196767597,11.6799198785184,NA,10.3320365483616,11.2336196767597,9.14210705730255,10.1873520732005,11.1649069266757,NA,10.2514824106202,11.8544788341716,9.29691620687929,10.471675214392,11.0133226734254,9.2336196767597,9.2336196767597,11.0694497674278,9.39231742277876,10.1674181458317,10.2796105810525,10.609178738142,NA,9.66888498426625,24.0559087818834,24.0652466710127,24.066490146939,23.956601440221,24.0293635674711,23.9772492611243,24.0117822713175,23.9260060081922,24.0476396664322,23.990476310159,23.963350502841,24.086961131214,NA,NA
"neg_PE 38:3|PE 18:0_20:3_[M-H]-__B","9745","24.879","768.56018","PE 38:3|PE 18:0_20:3","[M-H]-","768.55487","C43H80NO8P","PE","78.87054:5415 78.95862:7997 122.0013:8074 140.01146:67346 178.29013:11234 196.0376:54441 261.25949:45019 283.26508:804123 287.24124:12658 305.24936:2156682 400.79401:5295 452.12747:6106 462.29721:23160 480.3121:124406 484.27838:8150 502.29184:7687 768.5575:186806 768.87372:10693",23.6126104276249,"10289","23.93","768.5545","PE 38:3|PE 18:0_20:3","9745",24.879,"[M-H]-","768.55487","0.4814230115919","C43H80NO8P","PE","1448.96","768.55554:3508847 769.55889:1792828 770.56225:505780","78.95808:17193 96.96851:5441 121.99973:6265 129.6167:6183 137.47668:6441 140.01057:89520 196.03703:78487 207.20956:7102 214.04398:6535 255.2326:16324 261.25769:72936 279.23141:11038 283.26279:1186885 287.23801:13347 303.23068:10189 305.24704:3288949 462.29489:46592 480.30768:212257 484.28146:16198 502.29318:11387 768.5506:326622","182827.797918975","2945750","6.2064940310269",0,0,6.00671522641826,NA,11.2749604721406,NA,10.813781191217,10.3782948559119,NA,12.1059085085712,11.6926155016946,9.45738087907253,10.1305705628054,11.750706986225,11.1904420187828,10.8925428166486,11.0133226734254,11.5584207132687,11.2969162068793,10.8811139606751,11.5328429109613,11.1592406504117,11.3564519702218,8.66533591718518,11.1013191544233,11.243173983473,10.9607259948391,10.7723145739216,11.2076244682268,10.2784494582205,21.7450751991685,21.5781275674777,21.6243202480297,21.4794284939838,21.4866602507169,21.4905913998306,21.4898156282954,21.4719748187217,21.4786195415613,21.5060053348355,21.5834909548593,21.4876859904639,NA,NA
"neg_CL 74:7|CL 18:1_18:2_18:1_20:3_[M-H]-__B","15318","27.753","1478.01575","CL 74:7|CL 18:1_18:2_18:1_20:3","[M-H]-","1478.01184","C83H148O17P2","CL","78.95798:38082 82.01034:6008 82.96635:5743 96.96886:7780 152.96999:10250 152.99474:165382 245.56725:6257 279.23279:442466 281.24896:138900 305.25113:10755 307.26443:105714 309.28128:13655 415.22678:195989 417.2421:39179 433.23703:81777 435.25027:7694 441.24008:10597 443.25726:19863 695.48181:12962 697.48401:83758 723.50024:91282 725.5174:16690 753.49597:6799 779.5307:11089 833.47546:11042 859.47272:9521 1478.01306:45516",53.8518029317668,"14773","26.656","1478.00793","CL 74:7|CL 18:1_18:2_18:1_20:3","15318",27.753,"[M-H]-","1478.01184","2.64544565482322","C83H148O17P2","CL","3829.17","1478.00952:2444501 1479.01287:2478149 1480.01623:1178311","78.95785:83198 96.9688:10037 98.93734:5890 114.03962:6258 152.99464:272813 153.99898:15586 279.23239:628596 280.23581:156475 281.2468:181337 282.25168:41816 303.23331:11903 305.24808:43260 306.25092:22040 307.26303:117713 307.33859:10172 308.26492:15087 415.22604:247239 416.22937:84875 417.2381:50878 418.24527:10137 433.2363:89047 434.24057:29968 435.24673:17495 441.24234:7881 442.24228:7173 443.25189:19322 695.46454:21059 696.4682:23501 697.4801:91735 698.48798:18667 699.49487:15723 721.47876:20483 722.492:24431 723.49683:86454 724.50848:27423 725.51556:14571 753.47693:10258 779.53192:10232 833.47156:12773 859.49927:12089 1064.72888:6064 1478.01477:99746","54690.9756792654","1381719.5","3.95818222723682",0,0,3.91910167388413,9.2807707701306,NA,NA,NA,NA,NA,NA,NA,NA,NA,NA,NA,NA,NA,NA,NA,NA,NA,NA,NA,NA,NA,NA,NA,NA,NA,NA,20.3935350046254,20.4018992646166,20.4090386726661,20.3941570206937,20.3166803835541,20.4382385471938,20.5057030252364,20.3571642952419,20.3919410428881,20.3758306494933,20.4414589529765,20.5104783074982,NA,NA
"neg_Cer 42:0;O2|Cer 18:0;O2/24:0_[M-H]-__A","7467","28.325","650.64813","Cer 42:0;O2|Cer 18:0;O2/24:0","[M-H]-","650.64569","C42H85NO3","Cer_NDS","95.35895:6545 102.20117:5486 239.23712:54071 268.26453:6311 283.29886:5844 300.29187:22274 349.34729:86625 366.37442:32098 367.35834:63257 392.38989:400304 408.38596:61436 410.40338:8321 602.62598:132375 618.62097:141587 650.64691:727386",46.8942009187322,"7980, 9200","27.212","650.64502, 710.66541","Cer 42:0;O2|Cer 18:0;O2/24:0__AA","7467",28.325,"[M-H]-, [M+CH3COO]-","650.64569, 710.66681","1.02974631231328, 1.96998084109671","C42H85NO3","Cer_NDS","232.21, 1059.81","650.64575:5469394 651.6491:3065254 652.65246:722735, 710.66577:1626269 711.66912:1081602 712.67248:278360","148.12915:9318 148.177:13008 155.11127:6170 178.29616:6877 215.101:5380 239.23712:454909 252.26648:19208 265.25259:10650 268.2637:84177 280.263:16156 282.27637:16890 300.28998:177110 300.36728:10340 349.34674:700729 351.36136:16497 365.37326:13440 366.37375:221522 367.35699:471027 392.38913:2981128 408.38409:537030 410.40018:41376 602.62341:847503 614.62988:19854 618.61743:1020083 632.6333:67297 650.64325:6009172, 154.92598:5859 178.2872:6978 239.23715:75366 268.26324:10156 300.28973:42037 349.34625:121313 349.43137:9774 366.37314:45032 367.35678:96731 392.38824:529601 408.38318:108329 408.50439:6131 410.39746:10957 602.62286:158630 618.61572:204375 632.6286:17884 650.64233:2472659 710.67169:7907","140667.240143991, 246328.993353171","1245565, 2011267","11.293448366323, 12.2474536375912",0,0,11.8352086890982,14.6083703438614,14.6127533350446,14.6943578872215,13.9307373375629,13.9544689714343,14.5628982624574,13.7991804188253,14.1953722074027,14.0642375309714,13.8888383601513,14.3401282737006,14.3826915668966,15.7817182934362,14.1178054116824,14.101811569824,13.7142455176661,13.8632183475824,15.7473013745163,13.6856248397263,17.7911374457686,13.9593680789095,13.8359516991247,13.9050108623903,13.8943441118244,14.2210583986974,13.8304161717929,13.4178525148859,21.8810523301144,21.7760189031106,21.6462941360242,21.6236930910993,21.7937926029603,21.4528620808162,21.7994104865553,21.5765627696552,21.7179148423996,21.3576083802685,21.4065460245779,21.4853109553484,NA,NA
"neg_Cer 42:0;O2|Cer 18:0;O2/24:0_[M-H]-__B","7468","28.509","650.64868","Cer 42:0;O2|Cer 18:0;O2/24:0","[M-H]-","650.64569","C42H85NO3","Cer_NDS","174.05717:5939 239.23785:13583 300.29001:7847 349.34735:21331 366.3703:7076 367.35876:59998 392.38953:111804 408.38712:25262 554.54395:6038 602.62457:40124 618.6156:15823 650.64728:267530",52.3472075484533,"7979, 9199","27.395","650.64478, 710.6651","Cer 42:0;O2|Cer 18:0;O2/24:0__BB","7468",28.509,"[M-H]-, [M+CH3COO]-","650.64569, 710.66681","1.39861066316478, 2.40619088430873","C42H85NO3","Cer_NDS","53.03, 166.7","650.64484:225561 651.64819:131524 652.65155:25515, 710.66638:804097 711.66973:543456 712.67309:138531","94.11601:5466 102.14832:5725 178.28845:7808 239.23595:21828 300.28583:11027 349.34497:39498 366.37439:8486 367.35495:79372 392.38705:160402 408.38354:37884 602.6225:54742 618.61237:22392 650.64264:439038, 110.86209:5533 213.60927:5981 239.23734:29913 257.36728:5775 268.26395:8952 300.28973:26137 312.89304:6427 349.34726:71745 366.3797:8812 367.35715:157404 392.38907:250036 408.38382:72193 578.34973:8506 602.62518:77638 618.61493:31894 632.64392:5964 650.64423:1639190 710.63605:7439","27098.0301341539, 34265.5985382106","223557.5, 254635","12.1212798202493, 13.4567512471618",0,0,12.655413157115,12.3222098437489,12.7030383889864,12.5596160858127,11.9351650496037,12.0861362250273,12.6231956354529,11.72451385312,11.8989792046225,12.4254781876453,11.9225844027137,12.3431857154479,12.4262647547021,12.2517782570359,11.9004894848346,12.3616696794928,11.2772874001304,12.1699250014423,12.0606959316875,11.2155329997457,17.4448207830894,11.8093662078161,12.0996765548596,12.0437108633472,12.1996723448364,12.326710358347,11.5206186805563,11.7418882727353,19.1199416399587,19.0524884507622,18.8605808317105,18.8021723865487,19.0310280665659,18.7173517748029,19.0352421080657,18.8738526003837,19.0354757118,18.6464215947353,18.5809872106673,18.6749232529577,NA,NA
"neg_Cer 40:0;O2|Cer 18:0;O2/22:0","8121, 6861","27.559, 27.56","682.63879, 622.61737","Cer 40:0;O2|Cer 18:0;O2/22:0","[M+CH3COO]-, [M-H]-","682.6355, 622.61438","C40H81NO3","Cer_NDS","178.29129:19033 239.23817:53229 268.26852:10096 300.28986:28846 321.31708:84995 338.34174:29318 339.32755:64381 364.35934:380904 380.35422:87583 574.39081:8728 574.59528:127331 590.58954:154876 604.60815:11791 622.61499:1661801, 102.35621:5722 227.76616:6821 239.23834:52902 268.26682:13926 300.29242:25129 321.31741:83737 338.34555:27049 339.32797:64507 364.35986:356357 380.35483:70830 473.89417:6721 574.59589:113853 590.59039:127676 622.61572:747712",49.7683421180819,"7435, 8656","26.462","622.61627, 682.63788","Cer 40:0;O2|Cer 18:0;O2/22:0__AA","8121",27.559,"[M-H]-, [M+CH3COO]-","622.61438, 682.6355","-3.03558681057616, -3.4864872981503","C40H81NO3","Cer_NDS","253.28, 858.05","622.61475:514473 623.6181:325195 624.62146:68434, 682.63544:1349478 683.63879:851602 684.64215:207466","83.66734:5211 87.83211:5349 100.513:5135 102.12238:5318 178.3302:13662 239.23712:73965 268.26569:10547 298.52267:5463 300.28839:25615 321.31552:107390 321.39587:9613 338.3407:34517 339.32556:72667 364.35757:443065 380.35162:89747 382.37875:5737 392.38779:7970 447.23245:6341 574.59119:128974 590.58612:156130 604.59747:8326 622.61206:840824, 125.8828:5624 239.23633:37574 268.26303:7226 300.29016:21852 308.8508:5596 321.31363:53981 338.34238:22166 339.32452:37304 364.35629:252577 380.35052:53747 425.8938:5830 574.58929:79853 590.58484:101171 604.59216:8295 622.61035:1324444 682.63544:8842","80863.189807857, 125711.982075551","889649.5, 1269178.5","9.08933122627024, 9.90498831138023",0,0,9.35243816777216,14.4705317811617,14.3951324383858,14.4832489648432,13.6816776552097,13.9996477365284,14.4324114047036,13.7506023179592,13.9652431725569,13.867954362086,13.7564520777868,14.133704150214,13.8884578775115,15.4870863402713,13.881305185414,13.8707500033461,13.2650289424582,13.7893298600924,15.6114283080596,13.6320864128352,16.4509051507552,13.7184258472446,13.4459201271752,13.6403579248304,13.7413616455927,14.0443941193585,13.4899733631114,13.2756880403848,21.1937743898595,21.1876112310221,21.0414031508616,21.0196436622549,21.1891235663701,20.9575356965554,21.2487325296792,21.0273161428815,21.1373451659421,20.8350434393524,20.9038664038376,20.912559000381,NA,NA
"neg_Cer 40:2;O2|Cer 18:1;O2/22:1","6755, 8037","26.288","618.58685, 678.60828","Cer 40:2;O2|Cer 18:1;O2/22:1","[M-H]-, [M+CH3COO]-","618.58313, 678.60419","C40H77NO3","Cer_NS","83.93336:5277 178.29108:12408 209.19131:32879 235.20639:26887 237.22255:259167 240.23413:6905 250.25502:11816 263.23853:194620 266.25131:16656 268.26453:41462 298.27481:16140 319.30139:240013 322.37167:7037 335.33289:6977 336.32855:218784 337.31219:144559 347.3338:28642 362.34402:973068 364.36029:28381 365.34061:8472 378.33975:164154 390.37524:111972 406.3656:13310 450.25125:6289 457.23865:6870 570.56421:132615 586.55969:173618 588.57379:272684 600.56793:11417 618.58411:1135579, 147.27625:8575 190.38098:5990 209.19101:9253 235.20662:9927 237.22166:88135 263.23795:90744 268.26578:15418 281.23886:6946 319.30093:75997 336.32755:89586 336.41562:9186 337.31052:56323 347.32993:10854 362.34335:353423 364.35428:10018 365.34293:7691 378.33844:65194 390.37396:40027 570.56409:40596 586.55957:67255 588.57269:121706 618.58398:1077431 678.65668:21518",49.1785702020097,"8579, 7333","25.392","678.6073, 618.58459","Cer 40:2;O2|Cer 18:1;O2/22:1__BB","8037",26.288,"[M+CH3COO]-, [M-H]-","678.60419, 618.58313","-4.58293663054511, -2.36023248817911","C40H77NO3","Cer_NS","705.92, 816.59","678.60565:653829 679.609:395356 680.61236:0, 618.58331:2555142 619.58666:1375326 620.59002:292210","235.20566:25458 237.22066:62713 261.22131:20715 263.23709:53707 268.26016:9597 319.30051:44128 321.31503:12247 336.32574:52404 337.31009:26840 338.34329:17293 339.32309:11897 362.34177:218691 364.35693:72526 378.33655:46907 380.35345:15313 570.56854:32022 586.5545:60850 588.57092:95423 618.5813:916084 678.67291:27813, 79.43955:6106 104.32879:5082 128.98872:5475 175.33302:6378 178.32953:12828 237.22116:89698 263.23676:93763 268.26291:14494 281.24945:5775 319.29984:77728 336.32559:79261 337.31079:56313 362.34167:343724 364.35843:13652 378.33545:52956 390.37103:8229 501.48215:6848 570.55804:36946 574.5921:7519 586.55402:64697 588.56958:86805 618.57959:418072","137261.478432506, 95572.8170312849","1866081, 1633530","7.35560130736586, 5.85069248996253",0,0,6.56380566293826,NA,10.5008418795569,NA,7.18982455888002,10.1472049249422,9.82972273508606,9.64925617751731,9.74986942739684,8.7714894695006,9.89784545600551,10.3376219019925,9.43254190038826,10.5736471874933,9.08746284125034,9.75988818322183,9.66888498426625,9.05528243550119,10.0389189892923,NA,10.8113746935099,9.95128471496697,9.97441458980553,9.87344411251538,9.07146236255662,13.0547738772299,11.8902642770211,12.5090326863065,21.8721803719167,21.8363116065422,21.7672448990419,21.7274057387449,21.7838750952803,21.6550506801311,21.7814589722422,21.6759178489589,21.8036786582142,21.5983024414231,21.577334315521,21.6485063627975,NA,NA
"neg_Cer 43:1;O2|Cer 18:1;O2/25:0","7756, 8885","28.432","662.64911, 722.67047","Cer 43:1;O2|Cer 18:1;O2/25:0","[M-H]-, [M+CH3COO]-","662.64569, 722.66681","C43H85NO3","Cer_NS","76.15038:6607 107.81306:6045 144.47142:6024 178.34053:9684 237.22058:41195 263.23615:35137 363.36176:39946 367.35858:7593 380.3891:34576 381.37479:21408 392.38986:32939 406.4046:151633 422.39749:22336 614.62787:23709 630.61847:28711 632.63788:53628 662.64661:258893, 237.22142:17200 263.2384:14345 285.27762:5694 363.36844:12634 380.3877:12697 381.36926:9252 406.4046:67463 422.40341:9706 614.62335:7444 630.62036:15607 632.64026:26150 662.64801:203697",35.9052124581943,"8225, 9444","27.317, 27.318","662.64667, 722.66711","Cer 43:1;O2|Cer 18:1;O2/25:0__AA","7756",28.432,"[M-H]-, [M+CH3COO]-","662.64569, 722.66681","-1.47892005458731, -0.415129068850822","C43H85NO3","Cer_NS","146.76, 195.28","662.64587:865393 663.64922:535020 664.65258:121442, 722.66669:1161910 723.67004:760898 724.6734:192388","97.02556:5242 167.17006:5123 237.22154:188531 239.23338:8086 250.25266:11371 251.2381:35194 263.23724:163307 265.25302:6012 266.24838:15749 268.263:28081 277.25262:21911 281.24881:5862 298.27673:9110 349.3465:17734 363.36243:155022 363.45645:11103 366.37323:17317 367.3598:17628 378.37234:15020 380.28592:11315 380.38849:159780 381.37265:105898 392.38931:110854 406.40442:680768 408.38297:20129 420.41199:15923 422.39905:102499 614.62152:101228 630.61572:128711 632.63269:208690 644.62933:10103 662.64185:1093862, 191.55782:6864 237.22099:108627 251.23586:19510 259.23831:7583 263.23639:104762 266.24591:7209 268.26407:17405 277.25104:15685 281.24384:6459 289.68683:5675 298.27612:12495 303.23151:71762 349.34668:18380 363.36069:93464 366.37592:23425 367.35788:12628 378.37418:10641 380.38776:106138 381.37201:83177 392.38791:73639 406.40369:420268 408.37396:12117 422.39844:70501 436.27933:12889 452.99045:7122 614.62207:58677 630.61395:95594 630.83661:11773 632.633:181592 632.87384:8924 662.64288:1748766","55718.0773197043, 78973.5708551037","512758, 704684.5","10.866349685369, 11.2069402484521",0,0,10.8287703095874,12.8572034715082,13.007027266894,12.9393955601816,12.2452555803066,12.2629757012279,13.376532412848,12.0175044011094,11.9373738201921,12.5924570372681,12.2440664641948,12.7249401184624,12.703471046072,15.6779398163901,12.3171299263845,12.6422773785039,11.9225844027137,12.0143692422351,14.6615554424678,11.0216740428584,17.3801228092339,11.3592004851336,11.617008227652,11.9417812422785,11.2894425756883,13.5096513111781,12.4731983836775,12.8189815394324,20.4797141595135,20.3921717051665,20.2287552894184,20.1567546392776,20.3669998126643,20.1092185214469,20.3893246398659,20.2019647477521,20.2997099849891,20.0094814795879,20.0262046190648,20.0946447361807,NA,NA
"neg_Cer 34:2;O2|Cer 18:2;O2/16:0_[M-H]-__B","4892","22.178","534.49097","Cer 34:2;O2|Cer 18:2;O2/16:0_[M-H]-__B","[M-H]-","534.4892","C34H65NO3","Cer_NS","81.12667:5363 235.20572:28688 237.22127:22559 254.24783:14149 255.23285:16360 261.22189:17347 263.24063:7453 278.24808:35567 280.26404:79304 296.26093:12373 486.46823:14972 502.465:16600 504.48019:36520 534.49103:104961",50.5700420512685,"5596, 6852","21.403, 21.404","534.4881, 594.50916","Cer 34:2;O2|Cer 18:2;O2/16:0__BB","4892",22.178,"[M-H]-, [M+CH3COO]-","534.4892, 594.51031","2.05803971333986, 1.93436510807085","C34H65NO3","Cer_NS","97.87, 43.97","534.48865:397039 535.492:217046 536.49536:24461, 594.51031:331934 595.51366:133333 596.51702:31588","235.20609:35108 237.22107:28521 248.23634:5590 252.23692:6706 254.24731:25621 255.23303:16180 261.2218:15131 278.25009:27356 280.26346:98763 296.26056:16428 486.47098:17025 502.46527:18049 504.4794:34003 534.4903:136140, 136.85643:5578 146.94385:6394 178.28604:12716 183.14156:5981 185.17537:5182 185.75603:6006 222.58423:5520 235.20441:24803 237.21992:21214 254.24678:13466 255.22664:8583 261.21942:15229 278.24615:17323 280.26163:67656 296.25705:7113 486.46149:9991 502.45999:12994 504.47397:27888 534.48688:236978 594.58337:46743","7288.36325465589, 13462.1607824234","213627, 199029","3.41172382454273, 6.76391921902003",0,0,4.50331809419363,NA,NA,NA,NA,NA,NA,NA,NA,NA,NA,NA,NA,NA,NA,NA,NA,NA,NA,NA,NA,NA,NA,NA,NA,NA,NA,NA,18.7015061455099,18.7109342025314,18.7286977884086,18.6471000129817,18.7875391368478,18.5847203288243,18.6603650453919,18.5774693973623,18.6905402719484,18.5821052197585,18.6264113295502,18.6738680336812,NA,NA
"neg_Cer 36:0;O2|Cer 18:0;O2/18:0_[M-H]-__B","5526","25.823","566.55377","Cer 36:0;O2|Cer 18:0;O2/18:0_[M-H]-__B","[M-H]-","566.55182","C36H73NO3","Cer_NDS","239.23914:14707 265.2529:32607 282.27859:7811 283.26242:57371 300.28333:10207 308.29535:115507 310.6438:6632 324.29062:30138 518.53333:33840 534.52612:14948 566.55231:295819",64.0393154000311,"6280, 7510","24.809","566.55261, 626.57422","Cer 36:0;O2|Cer 18:0;O2/18:0__BB","5526",25.823,"[M-H]-, [M+CH3COO]-","566.55182, 626.57288","-1.3944002508687, -2.13861793685316","C36H73NO3","Cer_NDS","20.87, 139.97","566.55261:848581 567.55596:461514 568.55932:90046, 626.57422:693144 627.57757:377662 628.58093:87881","108.38606:5942 239.23776:60074 265.25345:102490 268.26425:13615 282.27963:23495 283.26385:195471 300.29077:34090 308.29572:370488 324.29065:85473 336.32712:11056 518.53046:145045 533.97144:6350 534.52295:45319 548.54236:11594 566.55078:964621, 178.3309:11416 239.23611:21088 265.25378:27577 282.27499:7375 283.26227:76376 300.28882:22737 308.29419:124103 324.28909:41177 518.52722:44578 519.56055:6372 534.5202:14788 548.52966:6432 566.54962:847458","10014.6079224755, 6690.7573035834","149243, 125393","6.71026977645551, 5.33582999336757",0,0,5.81495596162493,NA,9.08214904135387,NA,NA,NA,NA,8.83920378809694,9.02790599656988,NA,NA,9.17492568250068,NA,NA,8.94251450533924,9.211888294546,NA,NA,8.6582114827518,NA,13.8768046894854,NA,NA,NA,9.23840473932508,11.2100624832402,9.7714894695006,10.2644426002266,18.1714700303388,18.042407509549,18.1494742468585,18.0590275266236,18.1990204699148,18.0498006998386,18.1743551919362,17.9518652282639,18.2126531170152,18.0235215509604,18.0277440470349,18.0590433749873,NA,NA
"neg_Cer 43:2;O2|Cer 19:1;O2/24:1_[M+CH3COO]-__B","8851","27.618","720.65417","Cer 43:2;O2|Cer 19:1;O2/24:1_[M+CH3COO]-__B","[M+CH3COO]-","720.65112","C43H83NO3","Cer_NS","93.15204:5637 178.34195:16208 237.22119:34229 251.2361:40195 263.23685:33005 277.25287:29762 347.33301:30387 361.34836:29873 364.35849:32104 365.33957:26424 378.3735:35838 379.3591:20285 390.37411:158960 404.38931:141165 406.36978:26628 420.38605:20751 489.52094:7321 612.61426:36267 628.59485:49022 629.52881:10004 630.61224:89050 642.6261:6847 660.63171:738569 720.67767:12305",34.7933484514301,"8178","26.514","660.62946","Cer 43:2;O2|Cer 19:1;O2/24:1_[M-H]-","8851",27.618,"[M-H]-","660.63","0.817401571228786","C43H83NO3","Cer_NS","1329.46","660.62994:552456 661.63329:324498 662.63665:64899","178.28831:22993 199.73767:5626 237.22136:32679 251.23772:60179 255.11226:5394 263.23676:32996 277.25281:50464 282.28073:7440 328.6586:6618 347.33075:52406 361.34641:29658 364.35709:56868 365.34317:36059 378.37317:21286 379.35785:18196 380.66077:5973 390.3728:256819 404.27695:9731 404.38892:127543 406.36594:41871 420.383:20400 612.604:53451 628.59979:68866 630.61877:103058 660.6272:479059","26735.6028108418","312114","8.5659735900478",0,0,8.70824701772204,NA,NA,NA,NA,NA,NA,NA,NA,NA,NA,NA,NA,NA,NA,NA,NA,NA,NA,NA,9.04439411935845,NA,NA,NA,NA,11.9288884393976,10.3750394313469,11.8109732200022,18.4248879807975,18.2933189651135,18.2052634793612,18.2501873687556,18.4087194891362,18.1035439460143,18.2745829015246,18.2532381100931,18.2541659194553,18.0425891950434,18.093794076816,18.0712371333755,NA,NA
"neg_Cer 34:0;O2|Cer 18:0;O2/16:0__AA","4970, 6262","24.188","538.52271, 598.54401","Cer 34:0;O2|Cer 18:0;O2/16:0__AA","[M-H]-, [M+CH3COO]-","538.52051, 598.54163","C34H69NO3","Cer_NDS","128.9594:5318 227.57535:6665 237.22221:198508 239.23795:174437 239.29292:9773 253.25203:11680 254.24947:64753 255.23299:139404 255.29547:6525 268.2655:27989 280.26462:879463 296.25928:162719 296.33417:4422 298.27563:18035 300.29138:58184 486.38037:6389 490.49969:294352 502.49957:7584 506.4935:330998 520.50854:18985 538.52045:1568160, 80.72317:162682 112.66664:106783 237.2226:1702329 239.23834:1298239 254.24919:478950 255.23366:1338904 268.26538:292731 280.26523:8296769 296.26044:1525830 298.27872:153436 300.2919:686537 301.35028:128169 378.9556:145843 490.35001:270474 490.50113:2743414 506.4968:2946808 520.51257:264356 538.52197:22784730",29.0369583827474,"5698, 6943","23.3","538.52087, 598.54187","Cer 34:0;O2|Cer 18:0;O2/16:0__AA","4970, 6262",24.188,"[M-H]-, [M+CH3COO]-","538.52051, 598.54163","-0.668498215602934, -0.400974615520883","C34H69NO3","Cer_NDS","1538.53, 4028.89","538.5202:2245650 539.52355:1057847 540.52691:192326, 598.54126:3704116 599.54461:2079259 600.54797:432603","91.6081:5636 168.64679:5525 178.28862:12125 196.5831:5857 202.34103:5687 208.81232:5296 237.22169:234628 239.23723:185329 253.25291:9445 254.24835:75729 255.23233:156547 268.26355:26046 280.26392:1005197 296.25867:203262 298.27789:17210 300.28964:73590 490.49869:299571 506.49286:380868 520.51215:22830 538.51947:2022006, 100.56524:5571 112.67561:5737 237.2209:126135 239.23672:112181 254.24789:43089 255.2312:110688 268.26312:19773 280.26282:620252 296.25735:137684 298.267:8996 300.28885:59836 490.49625:195479 506.49051:251119 520.50623:24194 538.51666:2979368","201959.605427088, 263870.268442356","5166460.5, 5631616","3.90905157267898, 4.68551599474033",0,0,4.0010780752226,9.95710204156229,11.8081597728684,13.2264121927888,8.86727873970966,10.3674147512468,11.4988492065317,9.00281501560705,10.4429434958487,10.609178738142,9.14465824283188,10.6220518194564,10.9233274854192,12.9266666293473,10.5196362528432,10.298062567719,9.29691620687929,10.5736471874933,12.4181161412075,10.0334230015375,16.1218370147236,10.4777582664439,NA,10.2502984179063,10.8225708309502,12.3417967723918,12.5745935273376,12.0684424160258,23.4087108090523,23.4652470295453,23.3439612596607,23.2792974307227,23.3922481039155,23.3545433175174,23.2821416266264,23.3801748740881,23.370260369403,23.2669323388788,23.3388308942371,23.3620259383286,NA,NA
"neg_Cer 34:0;O2|Cer 18:0;O2/16:0__BB","4971, 6263","24.496","538.52295, 598.54425","Cer 34:0;O2|Cer 18:0;O2/16:0__BB","[M-H]-, [M+CH3COO]-","538.52051, 598.54163","C34H69NO3","Cer_NDS","80.88683:5808 82.72489:5075 197.92493:5698 237.22113:62455 239.23645:45596 254.25027:9029 255.23178:121281 268.26321:9050 280.26367:232496 296.259:56190 300.15167:6458 300.2897:17793 302.20035:7076 490.49963:82482 506.49554:30516 520.51074:6840 538.52148:530558, 110.83862:5657 237.22102:40034 239.23743:29133 254.24504:5942 255.23196:108513 268.26599:7865 280.26373:164240 296.25937:48838 300.28821:24784 378.45248:5995 387.17798:5619 490.50055:61586 506.49652:32332 508.31183:7933 520.51794:7153 538.52228:1117454",52.2493160601531,"5697, 6941","23.584, 23.585","538.52014, 598.5412","Cer 34:0;O2|Cer 18:0;O2/16:0__BB","4971, 6263",24.496,"[M-H]-, [M+CH3COO]-","538.52051, 598.54163","0.68706761043388, 0.718412853006102","C34H69NO3","Cer_NDS","655.28, 1249.48","538.52063:598946 539.52398:308165 540.52734:51224, 598.54144:989281 599.54479:414790 600.54815:95098","202.47173:6115 237.22139:61681 239.23729:46078 245.99954:8333 254.2476:8991 255.23227:132194 280.26385:246997 296.2583:70060 300.29056:22674 490.49823:105909 506.49133:35646 520.50879:7001 538.51849:653939, 79.57056:5754 89.30766:5951 178.28806:10171 188.60829:5204 195.4825:6029 237.21999:37108 239.23436:26978 254.24745:9198 255.2308:85598 280.2616:159490 296.25732:38565 300.2912:17566 490.49731:56048 506.49255:23962 508.32809:6912 520.51343:10495 538.51819:1020203","62570.0971703058, 74723.719638047","2161431, 1718976","2.8948459224609, 4.34699028014626",0,0,3.4181029667482,NA,NA,9.06608919045777,NA,NA,NA,NA,NA,NA,NA,NA,NA,NA,NA,NA,NA,NA,NA,NA,15.2343683897564,NA,NA,NA,NA,10.3772105303886,9.4241662888181,NA,21.9552987084264,21.9380188447294,21.8747588952136,21.9297651558525,21.8583153380995,21.8351822596954,21.9143099411633,21.9096829078072,21.8950389940763,21.8006297862937,21.8302908206406,21.8377072287152,NA,NA
"neg_Cer 34:1;O2|Cer 18:1;O2/16:0__AA","4934, 6210","23.612","536.50696, 596.52832","Cer 34:1;O2|Cer 18:1;O2/16:0__AA","[M-H]-, [M+CH3COO]-","536.50482, 596.52588","C34H67NO3","Cer_NS","107.91055:59316 151.52039:58938 235.20551:66370 237.22223:6961466 239.23705:162271 250.25294:208887 253.25232:112101 254.24907:3094539 255.23286:2220062 263.23813:3019610 266.24866:218483 268.26425:607685 280.26471:13444662 281.24881:135425 296.25977:2219029 298.27588:350534 356.51007:67063 488.4838:1645742 504.30914:65565 504.4787:2437929 506.49414:3773571 518.49176:149335 536.50421:15928608, 237.2224:2144590 250.25591:74841 254.24918:961701 255.23317:726931 263.23834:1075806 268.26425:222519 274.86069:45214 280.26489:4357230 296.25992:709819 298.27365:136196 403.09232:42922 488.48438:557357 504.47995:824523 506.4946:1261194 518.49084:76247 536.5047:6585774",47.431941915889,"5650, 6901","22.767","536.50543, 596.52637","Cer 34:1;O2|Cer 18:1;O2/16:0","4934, 6210",23.612,"[M-H]-, [M+CH3COO]-","536.50482, 596.52588","-1.13698885324369, -0.821422869387367","C34H67NO3","Cer_NS","8517.3, 12109.44","536.50476:5765404 537.50811:2558199 538.51147:497982, 596.52594:101120672 597.52929:52032916 598.53265:10700810","93.47205:5139 235.2056:7984 237.22112:783868 239.23482:15263 250.25119:24258 253.25287:10372 254.24773:342752 255.23177:228440 263.23672:341155 266.24728:23672 268.26288:64703 280.26303:1471350 281.2485:12298 294.24054:7811 296.18082:7433 296.25775:251545 298.27386:41755 488.48047:186993 504.47488:256569 506.49063:413368 518.49329:12502 536.50061:1851832, 91.03727:8748 94.43204:14189 95.04936:12935 235.20682:37940 237.22151:3861576 239.23657:84056 250.2533:111197 251.23677:17245 253.25264:42280 254.24817:2036547 255.23221:1468960 263.23709:2253988 266.24817:103204 268.26376:382211 278.24545:19716 280.26376:8013626 281.24756:93902 294.24432:18410 296.25858:1460720 298.27457:296929 308.29297:26424 477.47174:18647 488.48276:878546 500.49026:17025 504.47794:1363107 506.49301:2424614 508.5058:14320 518.4917:129861 536.5025:23041872","1538295.10578795, 1461040.33304005","34109418, 32173310","4.50988376813684, 4.54115642139417",0,0,4.37394825482185,12.7036873259676,12.4413880293467,15.3732050217139,13.4043432915858,12.2002856052243,14.3342732853072,10.5924570372681,9.4178525148859,11.5957236941016,10.6492561775173,12.4312364120711,12.2520740427962,15.7935525092639,10.6211361132746,11.0640690803855,11.2330204264745,10.4573808790725,14.5148989399809,10.9686667931952,17.2806801639494,12.2109756777264,10.4439795426012,11.5924570372681,11.7193888209421,13.1034517417161,11.0821490413539,11.7052003780631,26.0333910728019,26.0336474910109,25.946786989189,25.8856882752245,25.9950800107358,25.9078142365416,26.0392114164783,26.0181225659472,26.0739677925788,25.9651183462479,25.8984216681241,25.9332401349724,NA,NA
"neg_Cer 34:2;O2|Cer 18:2;O2/16:0__AA","4891, 6159","21.899, 21.9","534.49097, 594.51227","Cer 34:2;O2|Cer 18:2;O2/16:0__AA","[M-H]-, [M+CH3COO]-","534.4892, 594.51031","C34H65NO3","Cer_NS","103.14886:5628 143.47369:5874 235.20604:47360 237.22148:45367 254.24864:39708 255.23201:24638 261.22177:38520 266.24591:7578 280.26376:174526 296.25946:38236 486.46518:21618 502.46295:29102 504.48096:49991 534.4906:191696, 94.89368:5846 100.70955:6058 147.31799:6349 235.20625:34331 237.22166:36378 246.75294:6843 254.24734:37727 255.23207:24424 261.22165:47541 280.26382:172777 296.25824:32651 486.46393:15689 502.46307:30540 504.47949:62940 534.4906:429267",52.2101676249902,"6853, 5597","21.126","594.51093, 534.48969","Cer 34:2;O2|Cer 18:2;O2/16:0__AA","6159",21.9,"[M+CH3COO]-, [M-H]-","594.51031, 534.4892","-1.04287510173922, -0.916763145098955","C34H65NO3","Cer_NS","259.79, 504.21","594.51093:3530758 595.51428:1408274 596.51764:282592, 534.48877:536582 535.49212:180104 536.49548:43239","178.29156:13280 235.20514:143453 237.22066:101728 248.23271:6936 254.24702:110789 255.23157:75340 261.22083:119281 266.2471:21542 280.2627:436170 296.25717:107406 486.46677:52163 502.46078:88232 504.47516:159667 504.60223:3570 534.48584:1412504 594.58032:13161, 92.95747:6264 148.12639:8811 148.17555:17787 148.21239:5069 235.20541:85309 237.22147:61310 254.24782:67849 255.23068:33947 261.22101:58800 266.24741:11501 280.26324:247138 296.2572:44479 486.46664:33444 502.46091:51330 504.47501:79389 534.4873:285731","77761.4430332029, 65837.1682168257","894499, 957578","8.69329569213637, 6.87538437775572",0,0,7.27904842188181,NA,NA,NA,NA,NA,NA,NA,NA,NA,NA,NA,NA,NA,NA,NA,NA,NA,NA,NA,NA,NA,NA,NA,NA,NA,NA,NA,20.9587077549045,20.8047006076094,20.9826621988075,20.6532290828225,20.8126364119776,20.9114388035117,20.7835442272165,20.8117392162203,20.8382221587607,20.6309665075512,20.8599760371166,20.7733493160875,NA,NA
"neg_Cer 36:0;O2|Cer 18:0;O2/18:0__AA","6963, 5525","25.57, 25.573","626.57483, 566.55353","Cer 36:0;O2|Cer 18:0;O2/18:0__AA","[M+CH3COO]-, [M-H]-","626.57288, 566.55182","C36H73NO3","Cer_NDS","86.79106:5709 87.07317:5149 145.65849:6068 224.19382:5964 239.23849:32632 265.25494:47484 282.2821:18843 283.2648:31706 300.28922:20128 308.29675:203817 308.37451:11970 324.29199:39847 518.53217:69189 534.52673:87590 548.53607:7076 566.55292:935841, 98.25857:6309 155.30922:5703 178.33813:18042 239.23798:102115 265.25342:154431 268.26517:15909 281.28168:6437 282.28021:48251 283.26443:107563 300.29123:47101 308.29608:650119 324.29062:122506 326.30963:6978 518.53009:209518 534.52612:231386 548.5401:15899 566.55115:1135870",59.9616607675207,"7508, 6279","24.567, 24.568","626.57196, 566.55096","Cer 36:0;O2|Cer 18:0;O2/18:0__AA","5525",25.573,"[M+CH3COO]-, [M-H]-","626.57288, 566.55182","1.46830485236553, 1.51795470357638","C36H73NO3","Cer_NDS","1857.27, 185.11","626.57208:3965730 627.57543:2112165 628.57879:492997, 566.55151:7765711 567.55486:4272772 568.55822:838223","134.42572:5577 239.23657:107497 244.04872:5909 265.25238:159139 268.26416:18578 282.27786:59999 283.26254:141230 300.28906:75021 308.2941:731489 324.28906:160238 326.30252:13315 518.3504:11541 518.52734:241066 534.52118:318754 548.53693:34624 566.54675:4077358 613.02399:6325 626.56488:7086, 166.47009:5740 239.23669:420756 252.26765:12727 265.25241:546173 267.26776:13647 268.26352:62739 280.26315:10728 281.28394:19714 282.27856:194678 283.26276:377617 300.28918:159634 308.29419:2376820 324.28922:456424 326.30371:29165 518.52771:718951 530.53149:12111 534.52277:824861 548.53809:51470 566.54803:4244822","72049.7722945532, 59403.5040959604","1601564, 1362664","4.49871327618211, 4.35936548525245",0,0,4.16232549654043,11.120237877342,12.3381792499001,11.2807707701306,9.34872815423108,11.5372184005386,11.9574648468052,10.6917435191713,12.3054917921107,11.1661630826461,10.5999128421871,11.7099453802325,11.654636028528,13.7593680869471,11.4619909505856,11.4983506079296,11.577900836887,10.9708249013626,12.7872904265596,10.5545888516776,14.8730114698462,11.6969675262343,10.5038257379958,10.2772874001304,11.7308946465417,13.2739412597768,13.2457012462858,13.0535865436392,21.5721742282167,21.5212697458754,21.4265754738914,21.4284976803834,21.4962257376431,21.4848597626468,21.5617177253151,21.5038771632083,21.59149769321,21.4464452532623,21.4167619701637,21.5352264826544,NA,NA
"neg_Cer 42:2;O2|Cer 18:1;O2/24:1__AA","7390, 8586","27.208, 27.21","646.61694, 706.63812","Cer 42:2;O2|Cer 18:1;O2/24:1__AA","[M-H]-, [M+CH3COO]-","646.61438, 706.6355","C42H81NO3","Cer_NS","95.05023:77430 178.28972:146374 199.65027:76896 237.22261:3333994 239.24109:95964 250.25327:124635 253.15053:73143 263.23856:2712202 266.25018:208587 268.26611:464753 298.27307:171140 347.33286:2868442 363.35916:111271 364.35983:2841009 365.34378:1789638 390.37546:12990313 406.37003:2021608 406.46106:64989 598.59613:1471547 614.36957:145501 614.59003:2070752 616.60577:2950004 628.58014:158648 646.61536:14840556, 94.39288:135983 101.23769:135660 132.05804:108864 137.28371:129254 237.22159:2501085 249.0007:122390 250.25093:184032 263.23788:2158130 266.2438:124039 268.26526:443262 298.27411:184002 347.33188:2201358 364.35886:2067315 365.3429:1377729 390.37445:9432026 406.36926:1422933 490.00784:145914 598.59393:1327882 614.58795:1706220 616.60461:2626452 627.64905:120005 646.61511:14181057",36.9470334470231,"9123, 7895","26.114","706.63416, 646.61365","Cer 42:2;O2|Cer 18:1;O2/24:1","7390",27.208,"[M+CH3COO]-, [M-H]-","706.6355, 646.61438","1.89631004956223, 1.12895726194013","C42H81NO3","Cer_NS","10528.5, 13724.27","706.63611:25126572 707.63946:18013588 708.64282:4674446, 646.61401:21957592 647.61736:13657849 648.62072:3248000","80.02689:7250 95.04921:7949 105.22721:6365 148.13466:13258 148.17868:12270 235.20403:13058 237.22171:1065240 239.23792:32185 250.25349:44361 251.24242:7337 255.23317:15783 263.23727:1003930 266.24817:52335 268.26395:173377 281.24768:42961 298.27448:93672 347.33115:872494 363.36264:26629 364.35794:953522 365.34201:703252 378.37881:9700 390.37329:3993454 395.69174:5838 404.35446:8138 406.36871:688967 408.38321:22383 587.57556:11036 598.59247:445501 610.60144:10517 614.5871:690078 616.60199:1181911 628.59131:60274 641.6712:8241 646.61224:9966661 651.59711:7136 706.50714:17795, 80.0262:6737 95.04919:6624 106.674:5403 123.62771:4995 225.22095:9014 235.20769:21708 237.22176:1409772 239.23753:53318 250.25356:73823 251.23538:8622 255.23294:19981 263.23743:1151661 266.24854:100422 268.26434:222831 281.24649:33987 298.27466:82322 347.33139:1187606 349.35068:6514 363.36346:25183 364.35809:1203334 365.3421:816508 378.37616:9909 388.36029:13698 390.3735:5263144 404.3511:19221 405.35638:11249 406.36905:869199 408.38251:36503 571.54865:6654 587.57239:11985 598.59314:642446 610.59631:14068 614.58752:792245 616.60297:1319089 618.61505:11810 628.58722:53520 646.61322:5850720","2213644.41496841, 1527273.86834557","28601212, 22843099","7.7396874474005, 6.68593113546271",0,0,7.14968224960586,12.4280984118325,11.7996863613313,13.6889059306127,10.6856248397263,10.0980320829605,11.6794800995055,9.05799172275918,9.24317398347295,11.3831642606351,9.62935662007961,NA,11.3162815317462,13.0739741646667,NA,10.468624042918,10.6501542136751,NA,11.0223678130285,9.05528243550119,14.5152070304087,11.0667619323869,NA,10.65999589243,8.7279204545632,12.002815015607,8.76818432477693,12.1072170755914,25.7838018253347,25.7363288943049,25.5252480753049,25.7618752145483,25.6798704959556,25.5735513868163,25.5867990232484,25.5910435851422,25.6261396357726,25.4270208322565,25.5756304727447,25.6732245768418,NA,NA
"neg_Cer 43:2;O2|Cer 19:1;O2/24:1__AA","7690, 8850","27.456","660.63251, 720.65393","Cer 43:2;O2|Cer 19:1;O2/24:1__AA","[M-H]-, [M+CH3COO]-","660.63, 720.65112","C43H83NO3","Cer_NS","75.64416:5299 98.98199:6681 178.34425:10226 251.23814:35235 277.25323:34541 347.33084:31330 364.35605:32174 365.3403:19909 390.37454:153728 406.37015:18249 612.60822:20652 628.60126:24974 630.62482:40552 660.63171:184239, 100.11967:5630 147.86411:5920 251.23714:17805 277.25668:8498 347.33374:14253 364.35925:9972 365.34406:9361 390.37515:60717 406.37494:8007 590.19318:6057 612.60455:7303 628.56543:19380 629.52844:11561 630.54309:35986 660.63239:163936 720.67645:13430",37.8980689831976,"9400","26.352","720.65076","Cer 43:2;O2|Cer 19:1;O2/24:1_[M+CH3COO]-","8850",27.456,"[M+CH3COO]-","720.65112","0.499548241874074","C43H83NO3","Cer_NS","55.03","720.65076:348200 721.65411:212643 722.65747:47573","251.23543:44730 277.25012:40096 282.28815:5832 347.32825:29561 364.35562:37679 365.34106:23799 390.37177:146840 406.36731:23983 612.60455:18037 628.56207:28668 629.52301:16855 630.58502:51984 660.62769:432272 702.56085:7253 704.53046:7245 720.71979:48913","10414.4467531522","122878.5","8.47540192397547",0,0,8.28647346256974,NA,NA,NA,NA,NA,NA,NA,NA,NA,NA,NA,NA,NA,NA,NA,NA,NA,NA,NA,9.4797802640291,NA,NA,NA,NA,10.8454900509444,NA,NA,17.1157955354165,16.976765478088,16.9048462691476,16.851077989243,17.1459321458205,16.8569725634938,16.9422281188113,16.9088968566472,17.0452690684889,16.7618888051942,16.820228833478,16.8898247695806,NA,NA
"pos_CAR 10:0_[M+H]+","2665","3.52","316.24979","CAR 10:0","[M+H]+","316.2482","C17H33NO4","CAR","80.9469:7945 85.02776:71400 88.65166:5700 257.17279:6619 290.86862:5506 316.24625:18379",19.0730408907606,"1109","3.561","316.24844","CAR 10:0",NA,NA,"[M+H]+","316.2482","-0.758897600110723","C17H33NO4","CAR","35.2","316.24811:94371 317.25146:13921 318.25482:0","85.02792:45506 316.24976:18123","1493.98372014577","34105.5","4.38047740143312",0,0,4.4067608042154,9.95419631038687,9.29920801838728,10.2227949028681,10.1611318829843,8.78135971352466,10.5018371849023,10.2656150464845,10.7829982089204,9.84862294042934,10.5783726913608,10.3094763538411,10.1382718001722,10.612868497291,10.5333297323058,10.6017707884077,11.1104833098162,10.4304525516655,9.44708322620965,10.2550285698187,9.08214904135387,10.7952279660287,10.7030383889864,10.4335854411505,11.2203783276952,12.71681946133,12.5769566647061,12.7298331388484,15.038318884385,15.0724257369864,15.0974149224151,15.1148810288415,15.0809424092393,15.0428563380359,15.0743087414403,15.0378043099981,15.0185044760734,15.1197517122014,14.8766128672486,14.99916323377,"2665","3.52"
"pos_CAR 12:0_[M+H]+","3432","4.135","344.28104","CAR 12:0","[M+H]+","344.27951","C19H37NO4","CAR","77.60367:5914 81.06976:21432 83.08543:31039 85.02818:5346722 85.10096:29517 86.03149:8208 89.05927:6947 95.08546:89578 97.10091:14079 109.10116:81826 110.07757:5797 123.11754:22161 144.1022:224542 153.44826:7121 165.16382:20657 178.33443:8319 183.1749:222887 201.18544:52427 285.20737:557866 327.08286:8866 344.2811:1728713",77.7724087556845,"1501","4.737","344.28003","CAR 12:0",NA,NA,"[M+H]+","344.27951","-1.51040066251554","C19H37NO4","CAR","67.59","344.27982:53547 345.28317:11712 346.28653:0","85.02769:26761 344.28094:22627","22445.9404225919","128067.5","17.5266483866648",0,0,18.1573547938358,8.99435343685886,9.25266543245025,10.140829770773,8.65105169117893,8.60733031374961,9.11894107272351,10.4635243732712,9.83920378809694,9.5274770060604,9.86573327085176,8.61470984411521,9.77313920671969,9.62021982550749,9.87805091272854,9.30606168942834,9.76487159073609,11.2443638351205,10.4797802640291,9.49585502688717,9.92777796208234,9.88874324889826,9.88417051910844,11.1491119907069,11.1842554954054,12.9051989459628,12.4491486453754,12.6024669018306,17.0394867158949,17.0505820448395,17.0426746861831,16.9571133806073,16.9759151226802,16.8873515299139,17.3036291516563,17.1324193991604,16.883060877543,16.6156296369681,16.4129501844365,16.4023459286184,"3432","4.135"
"pos_CAR 14:1_[M+H]+","4270","5.524","370.29721","CAR 14:1","[M+H]+","370.2952","C21H39NO4","CAR","80.9475:8476 85.02772:85592 91.50871:5703 91.52547:6684 108.79307:7294 311.22183:7460 370.29593:37128",21.3508005576118,"1926","5.528","370.29489","CAR 14:1",NA,NA,"[M+H]+","370.2952","0.837169912040807","C21H39NO4","CAR","55.02","370.2952:554991 371.29855:140777 372.30191:23029","85.02748:223609 95.08571:6053 101.67048:5270 109.10044:7669 135.11505:8251 144.10086:14590 177.15051:6100 191.17915:20227 209.18878:11195 311.22202:39090 370.29572:231904","14586.7844536406","163169.5","8.93965137702852",0,0,9.07641641269188,11.876516946565,11.8185821774809,11.7355560239115,11.4072677642447,11.7435721889356,11.6899979714194,11.6474584264549,11.8486229404293,11.7077904955288,11.8929222236306,11.8876014245087,11.5048189876328,12.1446582428319,11.9915218460757,11.9181178510318,12.1405102723682,12.0098286173681,12.1318569606088,12.1579784499454,12.0771495155897,11.9729797860663,12.2854022188623,12.0529076283133,12.2894425756883,14.0694497674278,13.3391540909321,14.0752284276845,17.3669197979276,17.3906727901951,17.4846419797335,17.4099378101439,17.3414406403985,17.2901268721694,17.3712406380123,17.2481962882372,17.2685145876643,17.0875767904313,17.049114680948,17.1535619272449,"4270","5.524"
"pos_CAR 14:0_[M+H]+","4354","6.919","372.31265","CAR 14:0","[M+H]+","372.31079","C21H41NO4","CAR","81.07009:94869 83.08609:33456 85.02847:16875130 85.10116:83213 89.06007:16070 95.08572:254314 97.10138:90260 101.13543:12950 103.07703:16427 109.10173:170391 111.1173:115432 123.11749:144215 127.07572:17114 137.13318:68897 144.10251:718612 145.08765:26943 178.28642:14987 193.1958:50655 211.20677:746338 219.23071:13956 229.21729:169800 313.23889:1944706 367.55676:45082 372.31274:8360173",15.8435690058401,"1977","6.646","372.31107","CAR 14:0",NA,NA,"[M+H]+","372.31079","-0.752059858311356","C21H41NO4","CAR","264.53","372.31107:5176218 373.31442:1428144 374.31778:169687","79.66153:6147 81.06929:7473 85.02802:1683603 85.10081:11173 95.08521:21152 97.10101:10298 109.10082:18011 111.11587:10584 119.51347:5084 123.11667:19694 137.13211:8412 144.10138:74169 193.19334:7473 211.20523:128367 223.80013:5694 229.21548:22838 313.23706:346784 372.31042:1659209","45277.3490487107","627649.5","7.21379512748927",0,0,7.35436379031431,9.55074678538324,9.28540221886225,8.63299519714296,10.4696418172395,9.24317398347295,9.12928301694497,10.5117526537674,9.81217730551445,8.69696752623429,10.1369911120802,10.0701209444768,10.8041310211833,10.5352753766208,11.4093909361377,11.6452080827747,9.51175265376738,9.98299357469431,10.311748315005,10.981567281903,10.5896511465148,11.0728025345442,11.5454471816781,8.89178370321831,11.0313565962557,12.7198166030181,12.403810931786,12.7069276396174,19.2751401246642,19.3450500044796,19.3615990061267,19.315790825909,19.3141738526292,19.2438898712021,19.2860636095258,19.1830998342864,19.1645779864411,19.1476024382506,19.0423487240488,19.0577775991177,"4354","6.919"
"pos_LPC 14:0_[M+H]+","7184","7.034","468.31076","LPC 14:0","[M+H]+","468.3085","C22H46NO7P","LPC","83.02524:6576 84.22598:7790 86.09551:206288 89.05913:7536 104.10597:92364 124.99898:93041 146.31688:6206 184.07233:7672032 258.11032:20499 260.36325:8049 285.24197:83980 391.22845:11333 450.29779:70660 468.18695:11833 468.3075:52322",43.9240249864978,"3843","7.119","468.30826","LPC 14:0/0:0",NA,NA,"[M+H]+","468.3085","0.512482690283205","C22H46NO7P","LPC","19.21","468.30811:220037 469.31146:66460 470.31482:8404","89.05927:7565 104.10606:128488 133.08614:7444 162.85286:6228 184.07314:242636 276.57349:5396 285.24329:9776 450.30222:30265 468.31253:79627","5764.47730553782","87273","6.60510960496124",0,0,6.7574377304413,NA,NA,NA,NA,NA,NA,NA,NA,NA,NA,NA,NA,NA,NA,NA,NA,NA,NA,NA,NA,NA,NA,NA,NA,10.843921051289,6.7279204545632,11.1830150008828,16.476856932862,16.4017461800997,16.4647371780581,16.4241662888181,16.4161377685783,16.4103519706674,16.4848858157372,16.4291615200579,16.3485206965855,16.2391882753732,16.1962563177362,16.2347051838794,"7184","7.034"
"pos_LPC 16:1_[M+H]+","8059","7.625","494.32663","LPC 16:1","[M+H]+","494.3241","C24H48NO7P","LPC","86.09592:202746 104.10657:88050 124.99991:75840 145.20082:8220 184.07393:7659116 258.10727:18196 311.26147:76099 337.27509:9309 476.3219:75969 494.33301:66485",36.3182246755942,"4354","7.481","494.32443","LPC 16:1/0:0",NA,NA,"[M+H]+","494.3241","-0.66757821441334","C24H48NO7P","LPC","65.38","494.32401:218203 495.32736:62139 496.33072:8980","86.09583:8260 104.09298:7423 104.10625:111722 122.58102:5946 134.87479:5715 183.95262:5900 184.07327:226488 476.31976:28121 494.33005:85688","7506.94669148435","118108.5","6.3559749649554",0,0,6.4557328178647,NA,NA,NA,NA,NA,NA,NA,NA,NA,NA,NA,NA,NA,NA,NA,NA,NA,NA,NA,NA,NA,NA,NA,NA,10.2644426002266,NA,NA,16.8773919864774,16.9136374280491,16.8371474475448,16.8384160757973,16.8610020676031,16.8942019860506,16.8891593143456,16.9236988832951,16.8201041525884,16.749515936376,16.6395244257505,16.6490736955971,"8059","7.625"
"pos_LPC 22:6_[M+H]+","11105","7.858","568.34247","LPC 22:6","[M+H]+","568.33978","C30H50NO7P","LPC","84.27934:79875 86.09596:2617575 91.34217:74495 104.10656:1085047 124.99988:1302502 133.32515:74940 184.07397:81299344 218.83585:73645 258.11435:236049 259.14191:77292 385.28003:102870 550.33813:746967 568.34583:538569",57.9797235805487,"5988","7.307","568.33966","LPC 22:6",NA,NA,"[M+H]+","568.33978","0.211141300083006","C30H50NO7P","LPC","53.51","568.33929:278566 569.34264:109292 570.346:19406","86.09615:8511 104.10642:6126 139.10812:5237 178.30124:7772 184.07318:523162 307.98053:6338 417.05664:6020 550.32971:9196 568.33691:10185","10242.7922891557","107253.5","9.55007742325959",0,0,9.61716373122697,NA,NA,8.8703647195834,NA,NA,NA,NA,NA,8.63662462054365,8.81057163474115,NA,NA,8.78135971352466,NA,NA,NA,NA,NA,NA,NA,NA,9.11374216604919,NA,NA,9.01959072835788,9.4241662888181,NA,16.7092857886445,16.6456162181019,16.7120432984081,16.7969394911185,16.8401017476857,16.7697861998414,16.8767687247587,16.8417240377643,16.6592015450653,16.5217997779451,16.4527077754035,16.5054549290131,"11105","7.858"
"pos_LPC 16:1/0:0_[M+H]+","8058","8.063","494.32663","LPC 16:1/0:0","[M+H]+","494.3241","C24H48NO7P","LPC","86.09628:277508 86.10835:15288 104.10682:2827858 124.98065:9121 124.99992:91950 163.01416:11591 184.0735:5500676 199.04031:7804 240.10123:12667 258.11093:88131 286.88397:8554 310.80927:7584 311.25894:154009 340.3031:8760 417.24194:47733 476.31464:457459 494.32443:828338",49.5614548782113,"4355","7.729","494.32492","LPC 16:1/0:0",NA,NA,"[M+H]+","494.3241","-1.65883071457148","C24H48NO7P","LPC","48.26","494.3248:406526 495.32815:113963 496.33151:21846","80.58984:5559 86.09603:13333 104.10639:189981 124.99974:6105 152.95996:5001 184.07346:393496 258.11029:7181 476.31726:45072 494.33081:149641","6084.15101208696","80564.5","7.551900666034",0,0,7.67813908447274,NA,NA,NA,NA,NA,NA,NA,NA,NA,NA,NA,NA,NA,NA,NA,NA,NA,NA,NA,NA,NA,NA,NA,NA,NA,NA,NA,16.3629711636053,16.2963606107127,16.2592283438492,16.2920339854995,16.3075388122346,16.306293145924,16.4455645486912,16.3293058282086,16.2993511357963,16.1984066713932,15.9878635298246,16.1530571683114,"8058","8.063"
"pos_CAR 20:4_[M+H]+__A","6576","8.098","448.34436","CAR 20:4","[M+H]+","448.3421","C27H45NO4","CAR","81.06944:11184 85.0277:53581 95.08517:9882 121.10024:6686 131.88322:5237 135.1161:6578 144.10115:6748 147.32306:5106 157.04768:7204 448.34262:84211",28.9799775090064,"3435","7.503","448.34271","CAR 20:4",NA,NA,"[M+H]+","448.3421","-1.36056819110824","C27H45NO4","CAR","43.77","448.34265:151580 449.346:50744 450.34936:11524","85.0277:42513 95.08546:7353 206.87381:5846 448.34418:125717","11016.1187962609","123932","8.88884129705075",0,0,8.72900349409483,NA,NA,NA,9.92332748541919,NA,8.97441458980553,NA,9.4797802640291,9.43254190038826,10.3253054550897,8.67948009950545,10.0953970227926,9.9614496943982,11.0354864512921,11.3247431104944,10.2946207488916,11.4040771362412,10.8933015308606,10.871135184243,10.8113746935099,10.8478403556307,11.567005370247,11.140829770773,11.7082217300383,10.3793783670713,8.8008998999203,10.7073591320809,16.9964072842479,17.1196402762788,17.1112477649802,17.036645846134,17.0434011564022,16.9130647050576,16.9120238712206,16.925287850447,16.8868516108314,16.8653587284488,16.7364812097145,16.736837908596,"6576","8.098"
"pos_LPC 20:4_[M+H]+","10085","8.146","544.34277","LPC 20:4","[M+H]+","544.33978","C28H50NO7P","LPC","84.27335:530422 86.09592:11099115 104.10663:4126546 124.9998:4802458 184.07391:396550720 258.11154:1153344 526.33771:3830707 544.34918:3805735",36.5616860687282,"5446","7.53","544.34076","LPC 20:4",NA,NA,"[M+H]+","544.33978","-1.80034610005326","C28H50NO7P","LPC","369.23","544.33997:461609 545.34332:167301 546.34668:28475","75.48081:5352 86.09612:9291 93.87214:5741 104.10644:6610 124.99989:8122 178.07719:6280 184.07333:900548 281.90024:6509 526.33069:13850 544.34637:30948","100979.137892626","970944","10.4000990677758",0,0,10.4581815861168,NA,NA,NA,NA,NA,8.96578428466209,NA,NA,NA,NA,NA,NA,9.34207466799914,NA,9.26209484537018,NA,NA,NA,NA,NA,NA,NA,NA,NA,9.48179943166575,NA,10.2491134527137,19.8987327491414,19.9257992530722,19.8643342812802,19.8633363325969,19.9212903513755,19.8844880416663,20.1060849276379,20.1200353284429,19.8935548406934,19.7166453287596,19.6352628849171,19.6557595500487,"10085","8.146"
"pos_LPC 22:6/0:0_[M+H]+","11103","8.206","568.34229","LPC 22:6/0:0","[M+H]+","568.33978","C30H50NO7P","LPC","75.67105:9498 86.08551:13904 86.09644:207033 104.10706:1891005 114.72074:10296 125.00005:69023 181.02621:13757 184.07385:2966602 195.26657:11810 258.11118:47270 385.27551:14518 491.255:25618 509.91727:9095 550.33008:257168 568.341:424829",57.0510927192874,"5987","7.567","568.33942","LPC 22:6/0:0",NA,NA,"[M+H]+","568.33978","0.633423900048985","C30H50NO7P","LPC","109","568.3396:682606 569.34295:269407 570.34631:45583","86.09621:24296 95.47533:5631 104.10656:301396 124.9996:10575 184.07321:564272 258.108:7824 550.3302:73025 568.33917:181397","15129.0591898405","189634","7.97803093846066",0,0,8.23640768843092,NA,NA,9.20212382383046,NA,NA,8.84862294042934,9.08214904135387,NA,8.90689059560852,NA,NA,NA,NA,NA,NA,NA,NA,NA,NA,NA,9.24317398347295,NA,NA,8.97441458980553,12.5545888516776,11.8360503550581,12.5842578877446,17.5635016683475,17.5673322458177,17.5546338152921,17.592208819109,17.5261935510242,17.4844689098227,17.6012992708381,17.5394920565018,17.495995517962,17.3304705172968,17.2794292171993,17.2506315140807,"11103","8.206"
"pos_CAR 18:2_[M+H]+__A","5847","8.216","424.34402","CAR 18:2","[M+H]+","424.3421","C25H45NO4","CAR","85.02776:105297 89.05894:7032 113.05903:6637 144.10362:6868 424.34256:100479",31.0663783136418,"2909","7.597","424.34253","CAR 18:2",NA,NA,"[M+H]+","424.3421","-1.01333334588856","C25H45NO4","CAR","214.3","424.34265:2844330 425.346:955809 426.34936:149994","81.06892:20165 81.07887:6136 83.08458:61959 85.02738:904534 85.0398:36569 95.08452:27325 97.09997:44535 107.08495:8666 109.10027:25886 111.11613:25296 119.08394:8882 121.1007:8414 123.11578:19621 125.13168:9160 133.08174:6873 135.1162:12483 137.09441:11521 137.13181:11164 139.10959:5656 141.61891:5091 144.10071:64810 147.11546:20296 149.13155:13515 153.12663:7823 157.04848:17464 161.13129:16644 163.14651:16769 165.12708:10061 165.16261:8401 167.14203:5911 175.14636:17676 179.14253:14779 179.17725:12324 181.15756:7342 189.16237:8427 193.15614:8258 207.17387:7547 219.20869:8018 241.14482:9605 245.22484:24542 253.1404:8292 255.15665:10900 263.23654:28709 267.16061:7956 269.17462:10537 281.17554:7429 283.19534:7832 309.20773:8354 365.26993:11526 424.34177:1732974","44923.105468476","498575.5","9.0102914139335",0,0,9.14173553140571,NA,NA,NA,NA,NA,NA,NA,NA,NA,NA,NA,NA,NA,NA,NA,NA,8.7515440590891,NA,NA,NA,NA,NA,NA,NA,13.618500215815,13.4934802196993,12.7907557501183,18.9468948549026,19.0290607095164,19.1249239996643,19.0360099046095,18.9247632208877,18.9301367055217,18.9451751807439,18.8055329179903,18.8670886638952,18.7970756919882,18.6587972354953,18.7463896649702,"5847","8.216"
"pos_LPC 15:0_[M+H]+__B","7653","8.27","482.32687","LPC 15:0","[M+H]+","482.3241","C23H48NO7P","LPC","77.98528:4745 86.08585:6176 86.09589:111390 89.05926:7649 98.98495:6163 104.10659:56009 125.00005:56285 133.08537:8880 184.07391:4549544 227.20334:11133 258.11429:9016 299.26053:43653 464.32071:43560 482.18802:7057 482.33252:38479",45.1720858008214,"4122","7.644","482.32504","LPC 15:0",NA,NA,"[M+H]+","482.3241","-1.94889701761565","C23H48NO7P","LPC","20.29","482.32504:116043 483.32839:30764 484.33175:5526","83.16443:4803 89.05972:12610 104.10625:9407 133.08559:13077 177.11223:7443 184.07349:255477 227.20021:9139 254.86685:6084 283.17737:13333 482.33328:10833","1721.93806420837","16299","10.5646853439375",0,0,10.6044816993752,NA,NA,NA,NA,NA,NA,NA,NA,NA,NA,NA,NA,NA,NA,NA,NA,NA,NA,NA,NA,NA,NA,NA,NA,8.95419631038687,NA,10.3890935219045,14.1119507061532,13.9453523847573,14.1767185767442,14.0994300035404,13.9734283155401,13.974952273534,14.0098286173681,14.0711271249483,14.0566377151132,13.9559222940185,13.540733475261,13.8295245490783,"7653","8.27"
"pos_LPC 18:2_[M+H]+","9070","8.304","520.34253","LPC 18:2","[M+H]+","520.33978","C26H50NO7P","LPC","83.36284:345958 86.09593:8435716 89.16971:345978 104.09543:326209 104.10655:4159104 124.99979:4115936 184.07388:350457568 221.1402:415726 258.11493:885761 333.06348:365441 337.27863:1271100 502.33746:3328675 520.34784:3453588",53.7394465587652,"4889","7.649","520.3407","LPC 18:2",NA,NA,"[M+H]+","520.33978","-1.76807546782404","C26H50NO7P","LPC","535.45","520.33936:749369 521.34271:290658 522.34607:50289","86.09587:18001 104.10673:6240 178.34383:6325 184.07324:1216374 423.46762:6397 502.3334:24874 520.34454:41921","83775.5000434965","1025568","8.16869286517291",0,0,8.22230534237243,NA,9.12928301694497,NA,NA,NA,NA,NA,NA,NA,NA,NA,NA,NA,10.0306671362469,NA,NA,9.29462074889163,NA,NA,NA,NA,10.5584207132687,NA,9.4093909361377,11.0940776856719,9.51766938813381,12.3406846543634,19.9916809938943,19.9691194766223,19.9891269745974,19.955671189575,19.9668630847328,20.0206178420132,20.178965073281,20.0671914296362,19.9436723591237,19.8246760044445,19.7532412370686,19.7880380224427,"9070","8.304"
"pos_LPC 20:4/0:0_[M+H]+","10080","8.493","544.34222","LPC 20:4/0:0","[M+H]+","544.33978","C28H50NO7P","LPC","76.47307:105909 82.81186:118179 86.09638:1772026 89.15732:97969 104.10701:19118228 113.65765:113750 125.00031:658934 178.33148:205654 181.02663:215942 184.07381:29844272 258.11136:572817 361.27194:199103 526.15338:129224 526.32977:2758806 544.34106:5520264",35.1481115783723,"5445","7.799","544.34045","LPC 20:4/0:0",NA,NA,"[M+H]+","544.33978","-1.2308488643136","C28H50NO7P","LPC","176.87","544.34064:1587041 545.34399:604136 546.34735:98571","86.09544:6766 104.10622:75069 171.45724:6485 178.33511:11511 184.04076:5137 184.0731:150637 184.10995:8189 363.68567:6443 526.33081:17143 544.34302:41239","33056.0497749999","430581.5","7.67707153581841",0,0,7.82780785123965,NA,NA,NA,NA,NA,NA,NA,NA,NA,NA,NA,NA,NA,8.71080643369935,NA,NA,NA,NA,NA,NA,NA,NA,NA,NA,11.7960396088298,10.1497471195047,9.60177078840771,18.7727140642952,18.7398893614682,18.8103519705105,18.7469931630932,18.6801671953135,18.6915595180274,18.7829630264241,18.7987945184045,18.6469629490013,18.5561954310733,18.4769795156854,18.5004956945142,"10080","8.493"
"pos_LPC 22:5_[M+H]+__A","11191","8.498","570.35803","LPC 22:5","[M+H]+","570.35541","C30H52NO7P","LPC","86.08575:101011 86.09616:1697235 98.98485:78217 104.10678:741461 106.48571:63131 125.00002:1019208 135.12877:70398 147.30367:106975 184.07376:68708360 258.11243:189579 387.29434:99836 493.27579:72582 552.34827:628143 570.35895:438396",27.6205310687042,"6039","7.793","570.35602","LPC 22:5",NA,NA,"[M+H]+","570.35541","-1.06950857174797","C30H52NO7P","LPC","33.22","570.35632:177615 571.35967:74319 572.36303:21649","86.09655:8140 89.05989:8911 133.08633:15682 146.98103:9579 184.07471:99706 210.84615:6441 227.20247:6534 257.95193:6880 259.23578:5721 272.07751:6092 371.22055:6140 511.25812:8594 570.33392:10841","7450.22686811372","64947.5","11.4711526511624",0,0,11.6135334356131,9.15734693536284,NA,9.63843591399047,9.53915881110803,9.29232163280204,9.54303182025524,9.8008998999203,NA,9.16239132875691,NA,8.8703647195834,9.51963625284321,9.39874369193819,8.85798099512757,NA,8.93073733756289,8.76155123244448,8.61838550225861,NA,NA,8.90086680798075,8.91587937883577,7.8703647195834,8.90989308377004,10.6847486204216,9.79279029430106,10.6679985356725,15.9957229932774,15.981232790459,16.0686943198255,15.9760718047628,15.8922107536702,15.9927171012448,16.1831507319343,16.2006687606301,16.0449490266994,15.8264491794237,15.5738246735046,15.7822559962503,"11191","8.498"
"pos_LPC 18:2/0:0_[M+H]+__A","9066","8.677","520.34222","LPC 18:2/0:0","[M+H]+","520.33978","C26H50NO7P","LPC","81.06956:29735 86.08545:56387 86.09647:868515 86.10852:49170 93.07045:38409 102.508:30560 104.10709:9998637 106.74553:29122 125.00037:277190 152.29889:31293 163.01689:33815 181.02927:52667 184.07414:15733242 191.94473:34255 258.11234:323377 337.27585:380127 404.22116:35736 443.25836:184214 502.33322:1592988 520.34283:3144970",53.4431465437294,"4890","7.955","520.34088","LPC 18:2/0:0",NA,NA,"[M+H]+","520.33978","-2.11400327676514","C26H50NO7P","LPC","460.68","520.34009:164191 521.34344:62867 522.3468:11506","104.10643:46757 184.07344:100988 502.32758:13420 520.34808:45645","49438.7762462551","775285.5","6.37684778655799",0,0,6.4296217621885,NA,NA,NA,NA,NA,NA,NA,NA,NA,NA,NA,NA,NA,NA,NA,NA,9.67595703294175,NA,NA,NA,NA,10.9068905956085,NA,NA,10.5420645422834,10.1823943534045,10.9549232920303,19.5893109999576,19.5448588099335,19.636785677195,19.5828439542,19.6300217720527,19.5456526780818,19.664379573294,19.6400895624361,19.5286219840104,19.4486789416302,19.3827211147931,19.4021127227089,"9066","8.677"
"pos_LPC 15:0/0:0_[M+H]+","7648","8.705","482.32639","LPC 15:0/0:0","[M+H]+","482.3241","C23H48NO7P","LPC","86.09637:288663 104.10696:3073506 125.00014:86738 133.08487:12212 141.78654:8042 153.11226:7139 163.01538:20747 178.28346:20241 181.0257:7997 184.0737:4889816 187.28955:7042 258.11127:92987 299.25934:202596 405.24258:65427 464.31509:474648 474.75912:7742 482.32516:827729",48.1463479816072,"4120","7.987","482.32489","LPC 15:0/0:0",NA,NA,"[M+H]+","482.3241","-1.63790281264188","C23H48NO7P","LPC","121.61","482.32452:804957 483.32787:256737 484.33123:32952","86.09635:26216 89.05952:10840 92.78235:5285 104.1067:398390 115.79901:5460 124.99772:5975 133.08557:15577 177.11226:6569 178.3008:8381 184.07324:753854 258.1091:16224 283.17288:14466 299.25699:29533 372.57291:5422 405.23956:7807 464.3132:97212 482.32239:266863","9877.10945325175","137163","7.20100132925917",0,0,7.2851680725178,NA,NA,NA,NA,NA,NA,NA,NA,NA,NA,NA,NA,NA,NA,NA,NA,NA,NA,NA,NA,NA,NA,NA,NA,NA,9.10328780841202,NA,17.1414885128558,17.043315708302,17.0867996856235,17.0985873018122,17.0905569891096,17.0439457691013,17.1819869083444,17.1745258751565,16.9887512465852,16.9404971344582,16.9159493836901,16.8356433558431,"7648","8.705"
"pos_CAR 16:1_[M+H]+__B","5080","8.77","398.32806","CAR 16:1","[M+H]+","398.32651","C23H43NO4","CAR","83.08565:12599 85.0274:882633 85.03959:37266 85.04472:24569 95.08402:6049 97.1002:21420 100.7979:5968 111.1162:11858 118.96648:5971 135.11537:5497 144.10088:44334 160.26796:6662 203.19949:5716 237.22121:23739 255.22911:13558 339.254:108570 398.32797:565375",16.2581119874532,"2428","7.208","398.32648","CAR 16:1",NA,NA,"[M+H]+","398.32651","0.075315097609498","C23H43NO4","CAR","115.26","398.32626:134022 399.32961:40780 400.33297:12735","85.01934:6600 85.02785:68186 191.34399:5772 357.14526:9713 398.32809:93292","14210.2926363466","180643","7.86650611224713",0,0,7.95233137371499,11.1472049249422,11.1947568544223,10.4777582664439,11.0416591516372,11.1692986957929,10.6183855022586,10.9248125036058,10.4408691676109,11.4767462039395,11.6238814900135,11.0484868739923,10.9715435539508,11.9177450134432,10.6759570329417,11.4361909954814,11.383704292474,11.8185821774809,11.3089078040639,11.656871725614,11.6334493747135,11.1916761463524,11.4491486453754,11.5774288280357,11.9851303734669,13.5575833627799,12.6976191990787,13.6149398473107,17.4976803445942,17.5196823190901,17.5961023809791,17.5679115251031,17.554229092304,17.4270181459334,17.5042293281369,17.3960110055166,17.4072179649095,17.3209062937631,17.2390577155799,17.2842276726434,"5080 - not 100% sure","8.77"
"pos_LPC 22:5/0:0_[M+H]+__A","11190","8.817","570.35803","LPC 22:5/0:0","[M+H]+","570.35541","C30H52NO7P","LPC","86.09604:59203 89.05885:15122 104.10658:571802 124.99959:20044 133.0853:10181 178.27589:6935 178.33769:13052 184.07402:948540 258.11255:18887 470.96268:6099 552.35339:96775 570.36523:170689",33.5964371553729,"6037","8.061","570.35541","LPC 22:5/0:0",NA,NA,"[M+H]+","570.35541","0","C30H52NO7P","LPC","57.12","570.35541:581659 571.35876:235934 572.36212:47714","86.09606:22247 89.0593:25660 104.10667:276133 104.74981:5351 133.08592:35169 177.112:17615 184.0732:525854 271.30881:5930 371.22617:10137 552.34332:67745 553.42249:7624 570.35297:193092","9691.75014529305","120816","8.02190947001478",0,0,8.08035273552091,11.0714623625566,10.2455527062557,9.74651432113846,10.5868397879618,10.8533095554037,10.9136374280491,9.73809225962049,8.79766152585376,10.567005370247,10.007027266894,9.39231742277876,10.7073591320809,8.98013957763916,8.99717948093762,9.94104760634058,NA,10.1137421660492,9.32192809488736,NA,8.94544383637791,NA,9.21916852046216,8.83920378809694,8.83289001416474,12.5612879451648,11.2384047393251,12.0861362250273,17.0096755590358,16.9101156757919,16.9760046573825,16.8692685062024,16.9133569390736,16.8920802794432,17.0533107728191,16.8727590350268,16.7567387326914,16.7154258119159,16.697089737317,16.7459500019773,"11190","8.817"
"pos_CAR 16:0_[M+H]+__A","5148","8.949","400.3443","CAR 16:0","[M+H]+","400.3421","C23H45NO4","CAR","79.06477:5662 85.02771:120667 93.62843:6371 229.40692:5400 341.26996:14218 400.34293:95986",37.471749159958,"2473","8.187","400.34207","CAR 16:0",NA,NA,"[M+H]+","400.3421","0.0749359111568434","C23H45NO4","CAR","13.99","400.34201:47399 401.34536:15094 402.34872:6814","85.02781:15350 400.33932:10691","1609.68736847949","46984","3.42603305056932",0,0,3.4389028306588,9.51372759595244,NA,NA,NA,9.08480838780436,8.67948009950545,NA,NA,8.82017896241519,8.98584193700334,9.45327063401062,9.11894107272351,NA,NA,9.56414948998573,9.09803208296053,8.75822321472672,9.24317398347295,8.92777796208234,NA,10.0566377151132,10.364134655008,10.2360141919001,9.83447104998422,13.5044465991496,12.6368511566265,13.0073777333213,15.5197898012794,15.5431828988728,15.4677010643365,15.5199740378335,15.4572205422115,15.4366790134732,15.5072061959083,15.5270798681656,15.6207639415534,15.5325690017477,15.5510773651193,15.4811372037422,"5148","8.949"
"pos_LPC 20:3_[M+H]+","10154","8.953","546.35822","LPC 20:3","[M+H]+","546.35541","C28H52NO7P","LPC","86.09589:401435 104.10675:185160 124.99966:201932 183.33888:17585 184.07387:17364348 258.11121:59148 272.61374:18375 363.29709:57408 368.70737:21349 528.35364:162904 546.36243:156513",44.7579241872332,"5485","8.179","546.35571","LPC 20:3",NA,NA,"[M+H]+","546.35541","-0.549093126099695","C28H52NO7P","LPC","36.44","546.35541:174380 547.35876:66108 548.36212:11177","89.05936:16231 104.72929:4892 133.08479:18980 136.07332:5798 165.09135:6306 172.60027:6434 178.29523:6130 183.76988:5246 184.0733:360914 247.20453:8092 279.04974:5163 291.23282:8194 403.2359:7171 528.35364:8446 529.383:10997 546.35376:10454","9834.42620994168","106750","9.21257724584701",0,0,9.27905906009647,NA,NA,NA,NA,NA,NA,NA,NA,NA,NA,NA,NA,NA,NA,NA,NA,NA,NA,NA,8.98868468677217,NA,NA,NA,NA,11.5924570372681,8.88264304936184,13.4892207835217,16.7277343638236,16.6920569485625,16.7105105045318,16.697211938048,16.7556048099517,16.7382374298399,16.9319378519885,16.827938080145,16.6649472077551,16.4667615660951,16.5754210657949,16.4646733716389,"10154","8.953"
"pos_LPC 18:2/0:0_[M+H]+__B","9069","8.977","520.34253","LPC 18:2/0:0","[M+H]+","520.33978","C26H50NO7P","LPC","86.09602:28058 104.10654:301601 116.08286:6308 124.99988:9440 184.0739:496790 258.11404:6401 337.2753:9122 502.33859:47895 520.34906:91625",52.202205805799,"4888","8.206","520.34015","LPC 18:2/0:0",NA,NA,"[M+H]+","520.33978","-0.711073829441475","C26H50NO7P","LPC","38.35","520.34015:396778 521.3435:183573 522.34686:27612","86.09626:13007 104.10641:185061 107.79114:5203 125.00166:6234 184.0735:345981 258.11298:8469 319.37125:5534 502.33435:47794 520.34668:137984","4830.41500820738","51979.5","9.29292318742463",0,0,9.51774655979912,NA,10.1724275086455,10.3454052467178,NA,10.3793783670713,9.46352437327118,9.45738087907253,NA,10.1484765821783,10.8772841335232,NA,11.111787735801,11.0867996856235,10.4988492065317,8.66177809777199,10.6438561897747,10.6653359171852,10.8193807908646,10.3185428097027,11.3431857154479,9.10852445677817,11.6960981709559,12.1962947450283,10.9001120629775,11.3089078040639,11.6447575925163,9.4655664048094,15.7722887965501,15.6276193766679,15.7032547337481,15.7566866178541,15.79230734979,15.6483575820097,15.6827477511439,15.6860080183929,15.5993898634132,15.386131937315,15.4211115049666,15.4231815812235,"9069","8.977"
"pos_LPC 22:5_[M+H]+__B","11189","9.059","570.35785","LPC 22:5","[M+H]+","570.35541","C30H52NO7P","LPC","86.09592:425656 89.43506:20587 104.09521:16789 104.10658:208959 124.98258:24695 124.99995:222640 142.29881:21771 184.07393:15062205 189.46481:17815 220.02162:19393 258.11597:27162 387.30185:26090 552.35425:141848 570.36365:125888",26.8932425846082,"6038","8.263","570.35571","LPC 22:5",NA,NA,"[M+H]+","570.35541","-0.525987822292035","C30H52NO7P","LPC","16.92","570.35571:177256 571.35906:68872 572.36242:21736","86.09615:5557 89.05897:25717 133.08543:41377 177.11143:16248 184.07343:362131 274.15472:6350 318.33145:6153 371.23132:11642 552.35205:6666 570.3551:8759","2810.35282347684","28751.5","9.77463027486162",0,0,9.92861652198243,10.5449644327892,10.6952282914958,11.3072008091408,9.11113567023471,10.6275338844728,10.8233672400462,10.6101020629997,9.96434086779242,10.2667865406949,10.298062567719,10.1861142395416,10.515699838284,NA,9.41362792902417,8.98868468677217,9.12928301694497,9.38154295118458,10.0861362250273,10.0874628412503,9.54303182025524,9.71424551766612,10.2203783276952,9.93221475196838,8.89784545600551,10.4040771362412,11.3404064908533,10.6147098441152,14.8122274539421,14.8203784363237,14.8600685158673,14.8894088960304,14.8501868376458,14.8104712209572,15.0343261239749,14.8098183609501,14.7858611057596,14.6642806049752,14.5313205346082,14.5165002922228,"11189","9.059"
"pos_CAR 16:0_[M+H]+__B","5147","9.19","400.34396","CAR 16:0","[M+H]+","400.3421","C23H45NO4","CAR","81.06993:64210 83.08536:90663 85.02818:10671944 85.10088:66777 95.08553:146266 97.10083:51744 109.10109:118302 111.11638:38634 123.11706:90792 125.13178:22333 137.13295:52869 144.10213:415988 145.08635:21502 221.2251:34423 239.2379:396969 257.24841:108222 341.27026:1372530 370.12491:21935 400.34393:7208610",13.7539461682233,"2476","8.413","400.34311","CAR 16:0",NA,NA,"[M+H]+","400.3421","-2.52284233910935","C23H45NO4","CAR","1030.5","400.34177:503155 401.34512:242434 402.34848:48358","85.02776:128049 109.29457:5903 341.26962:25614 400.34363:178955","447478.141141198","6132692","7.29660222853517",0,0,7.35903960978571,10.729620743553,8.84862294042934,10.5727002264873,8.83920378809694,NA,10.9336906549522,9.97441458980553,NA,11.8795832496128,11.3987436919382,9.09539702279256,10.6564248632778,11.4204866128258,9.72962074355304,11.3734089602287,11.930367747439,NA,12.0838117072529,9.30833903013941,10.2155329997457,11.8328900141647,12.0185479418717,10.9772799234999,11.6379833037778,12.3739526553702,12.0119260663068,12.5550683913333,22.6368131081294,22.646653189158,22.6407793472403,22.6498385615512,22.5817375492262,22.5573000862632,22.5254276134236,22.5388188593695,22.4715606141668,22.4059007711397,22.3616244382292,22.3691785078618,"5147","9.19"
"pos_LPC 16:0_[M+H]+__B","8150","9.263","496.34229","LPC 16:0","[M+H]+","496.33981","C24H50NO7P","LPC","84.15466:1325954 84.16476:1193682 86.09589:31136142 98.98413:1371989 104.09315:1061100 104.10656:13597013 124.99985:15890361 184.07381:1196156416 258.11319:2385746 308.82913:838288 313.27682:9489058 419.26401:1509414 478.33716:11464344 496.34857:10928241",36.4209326151099,"4400","8.469","496.34143","LPC 16:0",NA,NA,"[M+H]+","496.33981","-3.26389293658032","C24H50NO7P","LPC","679.41","496.33987:396019 497.34322:121223 498.34658:16727","86.09629:13063 104.10678:9347 124.99897:7148 133.08551:8888 184.07332:953578 200.35857:5489 283.17642:5726 313.27734:9383 478.32971:12845 496.34406:31690","139215.531923661","1954803","7.12171671128298",0,0,7.27216842404449,10.57931593758,NA,10.9964734887332,12.6891244049133,10.7202442582876,12.0244471240407,11.609178738142,10.8618623400591,12.5142209093581,12.2366122002158,11.9140113285412,11.5053153561362,11.5550683913333,11.0334230015375,12.5572243494545,11.5072991241228,NA,12.6934869574993,11.6183855022586,12.7228075311696,12.4470832262096,12.0478055540076,11.1414685553931,12.786065381164,9.56605403817109,10.0848083878044,10.6706562491184,20.9579883443254,20.8891890287151,20.9404139720066,20.9022013860939,20.8968364383285,20.9003450146938,20.9990069744615,20.9305359515593,20.8729566291321,20.7247594705992,20.6574693621613,20.7057049387355,"8150","9.263"
"pos_LPC 20:3/0:0_[M+H]+__A","10151","9.283","546.35681","LPC 20:3/0:0","[M+H]+","546.35541","C28H52NO7P","LPC","86.09649:499644 92.87811:20984 104.10709:5801090 116.31428:18868 125.00021:187901 184.0741:9406537 210.9108:23497 258.11115:201690 363.29227:148360 439.57367:21889 469.2775:83648 528.34796:913579 546.35834:1832742",48.1511281884004,"5484","8.473","546.35559","LPC 20:3/0:0",NA,NA,"[M+H]+","546.35541","-0.329455875618201","C28H52NO7P","LPC","36.27","546.35583:478733 547.35918:207052 548.36254:36931","86.09632:16650 89.05994:10185 104.10677:216118 121.06471:8031 133.08582:15587 165.09082:6250 184.07339:419401 258.11035:10662 528.34265:56395 529.54907:5275 546.35394:181790","12683.08259299","163302.5","7.76661875537117",0,0,7.82460362693897,9.12412131182919,NA,NA,NA,NA,NA,NA,NA,NA,NA,NA,NA,NA,NA,NA,NA,NA,NA,NA,NA,NA,NA,NA,NA,9.70390357344466,9.02513956227851,9.71938882094208,17.4850745636986,17.3079034109913,17.3792175848052,17.3756758339773,17.3208534222912,17.3377264211276,17.4235919577376,17.3135119415051,17.2633333953521,17.1716654856907,17.1032570688436,17.1462902284568,"10151","9.283"
"pos_LPC 22:5/0:0_[M+H]+__B","11186","9.344","570.35712","LPC 22:5/0:0","[M+H]+","570.35541","C30H52NO7P","LPC","83.3615:27450 86.09631:962068 93.0703:30875 104.1069:9237269 119.08583:36244 124.99989:361499 163.01637:36121 181.02686:39047 184.07367:14178927 240.10274:35224 258.11252:279982 300.854:27809 387.29141:112139 442.89645:29964 475.75934:29158 493.27106:87913 552.34521:1255016 570.35602:2445450",29.8901774568909,"6036","8.519","570.35535","LPC 22:5/0:0",NA,NA,"[M+H]+","570.35541","0.105197564378676","C30H52NO7P","LPC","18.47","570.35535:166274 571.3587:61598 572.36206:24550","86.09563:5816 89.05898:18518 104.10633:75331 126.94173:6253 133.08504:23045 177.11159:11848 184.07309:142563 258.04565:5138 258.10886:6591 371.23062:9550 552.34796:17596 553.42493:7306 570.35846:39488","2634.79081309843","35461.5","7.4300038438826",0,0,7.47661651682636,11.2233984147116,10.8360503550581,10.6017707884077,10.5038257379958,9.69696752623429,10.3630396302565,10.6873756834375,10.868822554775,10.7870863245516,8.70735913208088,10.6952282914958,9.01680828768655,10.1279943209764,10.7903484967519,10.7838167593202,10.7039035734447,10.4635243732712,NA,10.1045987535644,10.1006623390052,NA,9.69522829149575,10.8834069863884,10.1736771363034,10.7279204545632,10.8742129348309,10.4767462039395,15.1525225251168,15.1362702251114,15.292645167479,15.1917146958331,14.9969588954838,15.1931017915646,15.1271883010432,15.0734721539765,15.1006212781112,15.0784844174115,14.9905915180627,14.8807792563804,"11186","9.344"
"pos_LPC 17:1_[M+H]+__B","8631","9.352","508.3421","LPC 17:1","[M+H]+","508.33981","C25H50NO7P","LPC","86.09583:24217 88.03983:6686 104.0929:9206 104.10661:143282 105.11028:27030 125.00022:6802 184.07408:705518 185.07651:6974 325.2785:9031 490.33524:18366 508.36139:56513",49.4693991812438,"4638","8.291","508.33963","LPC 17:1/0:0",NA,NA,"[M+H]+","508.33981","0.354093849152383","C25H50NO7P","LPC","23.47","508.33963:209893 509.34298:68530 510.34634:9837","86.09606:8794 104.10619:118848 116.67791:5877 176.52826:5682 184.07315:201080 187.99188:5507 374.0965:5786 490.33282:28107 508.34198:83550","2602.58411647603","41638.5","6.25042716830826",0,0,6.31091399161247,11.0734721539765,11.3303567169579,11.3586512008929,11.7515440590891,11.2520740427962,11.4178525148859,8.16490692667569,11.2986354067342,NA,11.4152135987653,11.5410966153495,11.4387918525783,10.4978518369511,11.6510516911789,10.6741922681457,11.328674927328,11.2743781532464,11.0334230015375,10.298062567719,11.6969675262343,10.9614496943982,11.4262647547021,10.3520434257954,11.0505289055306,12.1620765703743,11.9610878899973,12.0947375050481,15.4108488064055,15.3713342407695,15.3908071162156,15.3296211752176,15.3192134448642,15.4054739043298,15.4447237419099,15.3144416300369,15.3614640746316,15.2884335467931,15.1912905948814,15.120237877342,"8631","9.352"
"pos_CAR 18:1_[M+H]+__A","5905","9.542","426.3598","CAR 18:1","[M+H]+","426.35779","C25H47NO4","CAR","79.05321:59114 81.06955:253615 83.08482:323268 85.02776:27208684 85.10043:143425 95.0849:500220 97.06438:94289 97.10057:391210 103.03886:55244 107.0183:46162 107.08514:169992 109.10065:364541 109.34769:43937 111.07984:150379 111.11643:240849 115.07438:53663 121.08651:41279 121.10083:393343 123.11624:182834 125.09589:172362 125.13207:80872 130.98672:46010 135.11641:453652 137.13272:94929 139.11096:260247 144.1017:1482067 149.13228:297406 151.1479:82229 153.12703:206290 153.67616:46180 157.04933:282081 163.14752:201025 165.16255:69112 167.14287:142887 177.1637:170198 181.15891:157522 191.17802:125858 195.17404:141212 205.19698:89256 213.11501:88019 227.12883:150232 241.14346:278312 247.24232:594149 255.15973:379009 265.25369:946670 269.17569:457983 283.19165:501346 283.25763:66939 297.20639:436347 311.22318:371925 325.23962:149540 367.28583:1510216 370.10284:103492 426.35986:21952914",21.6369004815417,"2952","8.735","426.35861","CAR 18:1",NA,NA,"[M+H]+","426.35779","-1.92326731024678","C25H47NO4","CAR","982.72","426.35751:345152 427.36086:107830 428.36422:19402","85.02742:137089 144.10228:6726 367.28372:12453 426.35788:206626","158298.719309962","2142667.5","7.38792739937309",0,0,7.5450346677588,8.77478705960117,NA,NA,8.75822321472672,NA,NA,NA,NA,NA,NA,NA,NA,NA,8.7176764230664,8.63662462054365,9.47775826644389,NA,NA,8.65105169117893,9.25502856981873,NA,8.63662462054365,NA,8.87958324961278,11.7481928495895,11.8089641749193,11.8021124185861,21.065178123799,21.0373110039263,21.119949236549,21.11093502437,21.1358889856228,21.0246141781338,21.0522708549029,20.9513921559981,20.9250820792711,20.8549870530947,20.8248468955151,20.8590577502042,"5905","9.542"
"pos_LPC 22:4_[M+H]+","11261","9.586","572.37378","LPC 22:4","[M+H]+","572.37109","C30H54NO7P","LPC","86.09639:103848 93.6017:6427 104.09501:6209 104.10695:76730 119.96619:6569 125.0002:54791 126.77161:6029 184.07375:3935807 258.1123:12667 345.06726:6064 389.31119:7515 554.36346:43825 572.3642:217674",15.886792631603,"6070","8.747","572.3714","LPC 22:4",NA,NA,"[M+H]+","572.37109","-0.541606669919568","C30H54NO7P","LPC","22.08","572.37219:400515 573.37554:146236 574.3789:19836","86.09644:12434 104.10583:12251 131.15117:5424 152.79575:5945 157.492:5576 178.30284:11917 184.07347:717841 220.99998:5819 554.36505:11622 572.37524:32888","6073.82673231978","62095.5","9.78142817485934",0,0,9.6978090942622,NA,NA,NA,NA,NA,NA,NA,NA,NA,NA,NA,NA,NA,NA,NA,NA,NA,NA,NA,NA,NA,9.01680828768655,NA,9.29462074889163,9.03342300153745,8.92777796208234,9.26209484537018,15.9595718477969,15.8584667346833,15.974324956365,15.8609172242215,15.9501001988091,16.0746014324809,16.2042272405682,16.0505714171343,15.8937518287077,15.8186820283333,15.7005209974982,15.7964706084146,"11261","9.586"
"pos_LPC 18:1_[M+H]+","9168","9.603","522.35828","LPC 18:1","[M+H]+","522.35541","C26H52NO7P","LPC","81.14996:869232 83.94112:779137 84.19391:1087298 86.09595:27487784 98.98595:1055597 104.09319:845722 104.10658:13088923 124.99995:14281220 130.83783:1014266 178.32491:1767851 184.07387:1099442688 258.11075:1907553 262.84482:913930 339.29401:5212208 445.27505:1000301 504.35355:9974604 522.36469:10528758",44.510198031761,"4935","8.784","522.35571","LPC 18:1",NA,NA,"[M+H]+","522.35541","-0.574321609952084","C26H52NO7P","LPC","670.92","522.3551:588747 523.35845:220122 524.36181:32595","75.34812:5937 80.67501:5539 81.61137:6507 84.16901:5883 86.09551:9614 124.99958:5686 152.52303:6780 178.33168:6371 184.07317:861689 293.92102:5460 504.34473:13876 522.35791:37546","113518.68241045","1546684.5","7.33948535790264",0,0,7.40307890728646,NA,NA,NA,NA,NA,8.90086680798075,NA,NA,8.89481776330794,NA,NA,NA,9.0389189892923,NA,10.9483672315847,10.4083297407674,NA,9.08746284125034,NA,10.2819300269554,9.7714894695006,NA,9.13699111208023,9.07146236255662,NA,NA,NA,20.6041432649335,20.5260263504372,20.645365545212,20.5268860328133,20.6051503194,20.5821153293745,20.7236709423543,20.611951443033,20.5390584437198,20.3760681423757,20.3842641511019,20.4108446668146,"9168","9.603"
"pos_LPC 16:0/0:0_[M+H]+","8152","9.657","496.34238","LPC 16:0/0:0","[M+H]+","496.33981","C24H50NO7P","LPC","86.09644:24947590 86.10864:1730888 104.10703:284647296 125.00018:7828792 134.48003:750771 163.01486:1049144 178.33012:1112282 181.02629:848797 184.07379:449279072 258.11133:9726509 313.27502:18070102 388.25626:851796 419.25894:5499384 478.33069:48599880 496.34152:94063440",43.623667198323,"4399","8.831","496.34113","LPC 16:0/0:0",NA,NA,"[M+H]+","496.33981","-2.65946831873325","C24H50NO7P","LPC","7281.23","496.34021:4385812 497.34356:1488075 498.34692:229909","75.10773:5599 86.09615:56834 89.05911:10936 104.10659:914068 124.99937:15357 133.08571:9396 184.07326:1786829 258.11017:47169 283.17792:11684 313.27365:58089 419.25867:15312 461.39044:6232 478.3298:249913 496.34:753743","1717268.88795849","24541144","6.99750952098438",0,0,7.07672739772727,13.2516303414115,12.3896313392605,13.1184544703104,13.4850745636986,12.6363980488838,13.0043960514265,12.4403501192006,12.1627060184824,14.0706241224303,13.7383034114746,13.424953571261,13.3905720374715,13.0779839739628,12.4288835520102,13.9642506062701,13.9269445427987,12.1494295900567,14.0034300687718,14.1449768240501,14.7064960180612,14.5338772100333,13.319107575825,13.0199381564248,14.3450586699652,12.843921051289,13.0330788061306,12.5762481298433,24.6325813674657,24.5341645289407,24.5513305313998,24.6040543334933,24.5952879902039,24.5325530696636,24.6694924799243,24.5460629941548,24.5567604916433,24.4427065119682,24.3705022397538,24.3127298198623,"8152","9.657"
"pos_CAR 17:0_[M+H]+__A","5544","9.789","414.36011","CAR 17:0","[M+H]+","414.35779","C24H47NO4","CAR","81.06902:13522 83.08475:16842 85.02769:1744207 85.03979:57962 85.10001:8378 95.08452:35102 97.10028:25817 109.10044:23771 111.11574:9668 123.11619:17786 137.13055:9421 144.10144:69872 235.24205:10732 253.25226:13328 271.26172:16945 355.2851:230953 377.01443:5602 395.40158:6777 414.23526:131656 414.35864:1324025",45.1008925467928,"2733","8.954","414.35788","CAR 17:0",NA,NA,"[M+H]+","414.35779","-0.217203591128685","C24H47NO4","CAR","69.13","414.35788:1374428 415.36123:417315 416.36459:53674","85.02729:609318 85.03984:23602 85.04531:15957 95.08486:10506 97.09999:8616 106.80332:6030 109.10049:12826 123.11733:6179 137.13225:6777 144.10072:33019 145.08455:6475 178.34189:7704 235.2426:9493 253.25769:6862 271.15317:9671 355.28268:158000 414.23898:60849 414.35684:1069038","8575.0896041789","128445","6.67607894754868",0,0,6.71986396173615,9.89935692292311,9.06069593168755,8.90086680798075,NA,9.29920801838728,NA,9.17242750864548,8.95710204156229,9.81217730551445,10.2045711442492,10.0993478104032,10.1072170755914,9.53138146051631,10.6786001390995,9.28771237954945,9.85798099512757,10.6697708885255,11.2917462808339,11.0133226734254,11.1823943534045,9.89935692292311,9.85642552862553,10.209453365629,10.240791332162,12.3646818558646,12.0024634388925,12.5003439692704,17.0279707712939,17.0590803538257,17.0844866183099,17.0702048196573,17.0062712838285,16.9558655510739,16.9855640242657,16.9294433576842,16.8953504354165,16.8487818511078,16.776458735876,16.8604323091569,"5544","9.789"
"pos_CAR 18:1_[M+H]+__B","5906","9.792","426.35986","CAR 18:1","[M+H]+","426.35779","C25H47NO4","CAR","85.02775:150311 121.98859:6371 144.10352:7301 426.35928:127955",24.685918541084,"2949","8.966","426.35806","CAR 18:1",NA,NA,"[M+H]+","426.35779","-0.633270943637353","C25H47NO4","CAR","133.73","426.35776:234315 427.36111:74901 428.36447:16894","85.02744:104777 144.09947:10221 202.71901:6945 367.28296:10399 426.35785:189084","22461.3780359248","284522","7.89442575123359",0,0,8.13116878775724,NA,NA,8.72451385311995,NA,NA,NA,NA,NA,8.70390357344466,8.7279204545632,8.66533591718518,NA,9.16741814583174,NA,NA,9.7944158663501,NA,8.90086680798075,9.40726776424473,8.91288933622996,8.70735913208088,10.1836353814732,8.51963625284321,8.72451385311995,11.5999128421871,10.595257481449,11.6183855022586,18.1331572671596,18.1785141085736,18.2269671713768,18.1777990831762,18.1577219304849,18.1030469975948,18.1450614353623,18.0323040660918,17.940474193571,17.9271529427601,17.8730234894502,17.9577822265669,"5906","9.792"
"pos_LPC 17:0_[M+H]+","8718","9.836","510.35803","LPC 17:0","[M+H]+","510.35541","C25H52NO7P","LPC","86.09578:52261 86.59331:5252 104.10647:29407 124.99985:18105 133.81586:5562 178.28606:17889 184.0739:2246453 327.29282:10031 492.35336:31273 510.35052:59289",40.5339582965747,"4685","9.009","510.3559","LPC 17:0",NA,NA,"[M+H]+","510.35541","-0.960115226393748","C25H52NO7P","LPC","13.16","510.3559:215506 511.35925:67162 512.36261:64564","86.09609:5008 104.10701:5988 154.68607:6112 184.07344:498745 492.3508:7837 510.36365:17730","2015.4239271331","22275.5","9.04771577353191",0,0,9.14266326148157,NA,NA,NA,NA,NA,NA,NA,NA,NA,NA,NA,NA,NA,NA,NA,NA,NA,NA,NA,NA,NA,NA,8.81378119121704,NA,NA,NA,NA,14.4855777709032,14.3953333009049,14.4931048925391,14.4744030865747,14.4936678466692,14.4112461518404,14.6518365262701,14.5671836751939,14.3700743491069,14.2687612826373,14.2036538855296,14.2557662571288,"8718","9.836"
"pos_LPC 22:4/0:0_[M+H]+","11260","9.887","572.37378","LPC 22:4/0:0","[M+H]+","572.37109","C30H54NO7P","LPC","84.29451:6436 86.09641:65053 97.02:5170 104.107:662428 125.00032:29249 147.2756:8024 170.66368:5556 178.29037:6278 184.07378:1019568 249.73181:6204 258.11151:16346 339.29187:16754 389.31024:14243 421.31274:6357 495.298:7272 511.23355:6085 554.36188:117243 572.3667:485059",19.2749883683136,"6069","9.033","572.37134","LPC 22:4/0:0",NA,NA,"[M+H]+","572.37109","-0.43677957258626","C30H54NO7P","LPC","34.64","572.37134:503157 573.37469:202825 574.37805:35238","78.45853:5055 86.09563:15247 104.10621:190040 124.99913:8108 133.08566:6299 176.14156:5416 184.07323:366791 258.11185:9171 554.36627:51724 572.37494:164433","8217.55032573945","104951","7.82989235523192",0,0,7.95053812815385,NA,NA,NA,NA,NA,NA,NA,NA,NA,NA,NA,NA,NA,NA,NA,NA,NA,NA,NA,NA,NA,NA,NA,NA,NA,9.18982455888002,NA,16.7591079684817,16.6910891862365,16.7636403180829,16.6675273882258,16.6504768089247,16.7371549002476,16.7456480662093,16.7783210155772,16.6059713672917,16.5221370568178,16.4675100295056,16.4469863370966,"11260","9.887"
"pos_CAR 20:2_[M+H]+__A","6711","9.945","452.37546","CAR 20:2","[M+H]+","452.37341","C27H49NO4","CAR","77.52484:15990 81.06907:123911 83.08459:259031 85.02754:4400145 85.03961:179252 85.04519:119728 93.06977:23609 95.0731:14962 95.08466:156624 97.06415:22005 97.10025:301665 107.08495:45737 109.10023:117408 111.07964:23075 111.11606:139468 119.08466:20037 121.10041:72688 123.11625:68178 125.09605:31258 133.10088:43138 135.11642:52477 137.095:21710 137.13312:31647 139.11087:40142 144.08018:18933 144.10124:272706 147.11632:56793 147.27864:22430 149.13226:39613 151.11171:21574 151.14743:22306 157.04903:45062 161.13162:62732 163.14786:20249 165.12686:25261 167.14331:23177 175.14769:49751 177.1646:28078 189.16437:52963 191.17944:25820 193.15866:14308 207.17104:16538 209.18533:16116 217.19678:21844 221.19173:18828 225.11395:16564 227.12804:20090 235.20541:19944 239.12854:15872 241.14267:19310 253.14534:31338 255.1593:37334 267.15845:21648 269.17596:41460 273.25772:58143 281.18051:22862 283.19131:40430 291.26898:93751 295.18936:25109 297.20496:30610 311.22061:18826 323.22186:26090 393.29697:19238 442.81775:14427 452.37512:5295622",17.4184749502443,"3500","9.099","452.37393","CAR 20:2",NA,NA,"[M+H]+","452.37341","-1.1494928492692","C27H49NO4","CAR","41.67","452.37372:513965 453.37707:178091 454.38043:24442","77.23154:4712 83.0844:14034 85.0274:195885 89.05878:10799 89.42799:4865 95.08479:7447 97.10026:14505 109.09989:8371 111.11565:9947 133.0843:14690 144.10161:11143 239.14595:12770 452.37347:455037","11122.9254803952","133631","8.3236116472938",0,0,8.5228029584905,NA,NA,NA,NA,NA,NA,NA,NA,NA,NA,NA,NA,NA,8.66177809777199,NA,NA,NA,NA,NA,NA,NA,NA,NA,NA,13.8997345423575,13.1438614818679,13.9103616586031,17.0785156893639,17.1238991054614,16.9794698545907,17.1344162925571,17.0735662942878,17.0374718831365,17.0545513266019,16.9307142409538,17.0182545223172,16.9105373349367,16.714460188456,16.8088510829783,"6711","9.945"
"pos_LPC 18:1/0:0_[M+H]+__A","9163","9.968","522.35791","LPC 18:1/0:0","[M+H]+","522.35541","C26H52NO7P","LPC","86.08586:191338 86.09637:3550396 104.10703:41441720 125.00024:1120189 126.90184:206253 184.07397:63854148 258.11203:1406333 339.29175:2065180 445.27734:516040 504.34769:7628720 522.35815:14929696",41.5066341378452,"4937","9.118","522.35669","LPC 18:1/0:0",NA,NA,"[M+H]+","522.35541","-2.45043886872262","C26H52NO7P","LPC","2352.12","522.35529:470369 523.35864:155244 524.362:20732","85.66177:5279 86.09646:17421 104.1067:227080 184.07341:449841 287.7243:5745 339.29102:11039 504.34537:67876 522.35565:200695","360524.626411447","5436607.5","6.63142642560544",0,0,6.71761662965998,NA,9.97727992349992,NA,NA,NA,NA,10.103287808412,NA,NA,NA,9.37503943134693,8.82017896241519,11.9851303734669,10.2384047393251,9.4241662888181,10.1484765821783,NA,NA,NA,10.6247954558602,11.4361909954814,8.83289001416474,9.37503943134693,NA,NA,11.5844927969759,11.1761731491075,22.4615703722582,22.4447803500579,22.3610484920158,22.4153064550731,22.4089663962172,22.3791771219721,22.4488104942546,22.3693566555264,22.3414748459153,22.2234396611865,22.1827550160285,22.1940405150252,"9163","9.968"
"pos_CAR 17:0_[M+H]+__B","5541","10.119","414.35983","CAR 17:0","[M+H]+","414.35779","C24H47NO4","CAR","81.06918:24234 83.08505:21921 85.02773:3566731 85.03989:115909 85.10037:26600 91.05711:12223 95.08493:47358 97.10098:32716 109.10056:34299 111.11657:14244 123.11653:27293 137.1322:15433 144.10159:149932 151.14769:7106 163.48367:5357 235.24126:15928 253.25325:121575 264.25848:5471 271.26376:34116 285.01031:39974 342.37643:6997 355.07184:61036 355.28537:462551 369.8175:10876 414.23642:229275 414.35864:2603492",38.0617243148064,"2732","9.281","414.35779","CAR 17:0",NA,NA,"[M+H]+","414.35779","0","C24H47NO4","CAR","39.87","414.35779:1263855 415.36114:409022 416.3645:62557","85.02728:509927 85.03987:20448 97.09988:6184 104.48595:5036 109.10066:6256 115.73505:5166 144.10037:27005 178.34398:11652 247.87102:6165 253.25099:34720 254.41763:5719 271.2597:7539 355.19073:10610 355.28342:112641 355.38382:5765 414.23489:60940 414.3566:780267","10343.9748686534","114627","9.02403000048279",0,0,9.07486286005977,9.25974326369078,9.41362792902417,9.22158712126481,9.16992500144231,9.09539702279256,8.83920378809694,10.2573878426926,8.99435343685886,9.82813648419411,10.2911706993219,9.43254190038826,9.04439411935845,9.9957671508778,11.2270141936491,11.004922678569,9.5077946401987,10.2288186904959,10.0674343607565,9.35974956032233,10.9541963103869,11.6640027628865,11.2615073092021,9.54303182025524,10.4199601778479,12.2609195336629,11.1254134704833,11.880348808156,16.9159260491161,16.9097290466172,16.9169757314803,16.9317186018069,16.9288190596016,16.8196676846005,16.7933873968587,16.651584304407,16.7894827014494,16.6202484683108,16.5851386002076,16.6522007689096,"5541","10.119"
"pos_CAR 20:2_[M+H]+__B","6710","10.14","452.37543","CAR 20:2","[M+H]+","452.37341","C27H49NO4","CAR","81.06939:12838 83.08459:36166 85.02753:507701 85.03959:20060 89.05914:12234 95.08461:20157 97.10029:37966 109.10079:12428 111.11575:21086 121.10108:6332 123.11629:12758 135.11618:9403 144.10121:34666 147.11681:7674 161.13058:5329 189.16386:7172 193.1571:7410 239.14996:7851 273.26047:9236 291.26724:11757 345.01172:6355 452.37482:655327",32.1272679375615,"3471","8.135","450.35812","CAR 20:3",NA,NA,"[M+H]+","450.35779","-0.732750731285536","C27H47NO4","CAR","17.64","450.35785:193894 451.3612:72014 452.36456:9886","81.06963:11008 81.26777:6092 85.0277:52741 95.08484:17886 109.10101:9739 111.77653:5592 123.56171:6371 216.97247:5657 450.35995:155420","4431.52126814258","58550","7.56878098743395",0,0,7.65206499111608,9.21431912080077,9.87498134765377,8.84235034341381,9.54109661534952,9.59618975614441,9.02236781302845,10.471675214392,8.93957921431469,10.8105716347411,7.14974711950468,8.76155123244448,10.075479149488,10.3728650601126,9.97584796800678,9.32192809488736,10.8834069863884,9.90086680798075,10.240791332162,9.72109918870719,9.74483383749955,10.3442959079158,10.1137421660492,10.6812384117778,10.4125698468052,11.9057630496028,11.3734089602287,12.1468868354159,15.8900267220584,15.8250084466403,15.8415643477306,15.8331865903896,15.7198166030181,15.788769303209,15.9557180089724,15.9773917351889,15.8795353887127,15.8468615272867,15.6071279985772,15.6464462061547,"6710","10.14"
"pos_LPC 18:1/0:0_[M+H]+__B","9166","10.222","522.35815","LPC 18:1/0:0","[M+H]+","522.35541","C26H52NO7P","LPC","86.0965:55977 104.10715:749805 125.00086:21541 128.47768:5473 169.90048:5682 184.07397:1149331 234.12631:5799 258.11084:23112 339.29065:37038 445.27194:9186 504.34717:134887 522.20892:11017 522.35675:288685",40.7735278367996,"4936","9.364","522.35663","LPC 18:1/0:0",NA,NA,"[M+H]+","522.35541","-2.33557454681926","C26H52NO7P","LPC","654.34","522.35577:508757 523.35912:165112 524.36248:25165","86.09547:10109 104.10623:210358 167.4762:5148 184.07323:361557 504.35007:58703 522.35913:174201","139852.997173006","1834519","7.62341502993459",0,0,7.78035432665526,NA,NA,NA,NA,NA,NA,NA,NA,NA,NA,NA,NA,NA,NA,8.67948009950545,NA,NA,NA,NA,NA,NA,NA,NA,NA,NA,NA,NA,20.7792753046972,20.801372082373,20.841159669318,20.8646516656967,20.8155529458645,20.8245804519773,20.9426161588851,20.8125471091968,20.7761044701267,20.7055750185756,20.6040681374604,20.5128851046157,"9166","10.222"
"pos_LPC 17:0/0:0_[M+H]+__A","8720","10.227","510.35809","LPC 17:0/0:0","[M+H]+","510.35541","C25H52NO7P","LPC","85.32389:5663 86.09646:42047 104.10712:538085 125.00024:9587 129.99484:5556 178.29272:6942 180.97569:5508 184.0741:826680 258.11133:18851 327.2937:28738 433.27325:12044 492.34692:88607 510.35657:247714",41.5703527235743,"4686","9.378","510.35632","LPC 17:0",NA,NA,"[M+H]+","510.35541","-1.78307113463578","C25H52NO7P","LPC","113.83","510.35562:315051 511.35897:146917 512.36233:15398","104.10617:81703 178.33525:6878 184.07318:305880 492.34808:26191 510.36044:91046","23336.1941016849","307769","7.58237317653336",0,0,7.79905223109712,NA,NA,NA,NA,NA,NA,NA,NA,NA,NA,NA,NA,NA,NA,NA,NA,NA,NA,NA,NA,NA,NA,8.82336724004623,NA,9.70043971814109,NA,NA,18.242169282278,18.2207278486681,18.3123910919248,18.2477235819173,18.1822682517532,18.3091832233424,18.2652258633397,18.2509830321837,18.147368912454,18.1165774867194,18.012160747153,17.9324454613609,"8720","10.227"
"pos_LPC 20:2/0:0_[M+H]+","10251","10.356","548.37354","LPC 20:2/0:0","[M+H]+","548.37109","C28H54NO7P","LPC","86.09643:459485 104.107:5366200 125.00038:125098 144.49658:17292 155.64044:19349 163.01466:20356 178.28656:70210 184.07397:8411604 199.03648:22874 217.60455:20812 258.11224:164230 291.27258:21298 365.30856:152702 471.29037:78569 481.26443:23420 530.36328:971251 548.37402:1972259",46.3648655847241,"5534","9.492","548.37134","LPC 20:2/0:0",NA,NA,"[M+H]+","548.37109","-0.455895660092022","C28H54NO7P","LPC","129.46","548.37128:215087 549.37463:75309 550.37799:11569","86.09653:7180 94.18501:5334 104.10635:101809 144.60661:5601 184.07343:196764 530.36536:32985 548.37726:93031","17609.0249973149","242534","7.26043564915224",0,0,7.40064421137829,NA,NA,NA,NA,9.18239435340453,9.29001884693262,8.75822321472672,8.73809225962049,NA,8.85174904141606,NA,8.87344411251538,NA,NA,NA,NA,NA,NA,NA,NA,NA,9.34207466799914,NA,NA,NA,NA,NA,17.9541451807031,17.9152550186558,17.9514213273473,17.9132225187782,17.8992743054947,17.8634966557416,18.0098067528862,17.8762891093784,17.7886036424392,17.7352320686595,17.6569136118626,17.714560804394,"10251","10.356"
"pos_LPC 17:0/0:0_[M+H]+__B","8716","10.582","510.35779","LPC 17:0/0:0","[M+H]+","510.35541","C25H52NO7P","LPC","86.09582:27888 89.05914:7615 104.10658:320683 115.50133:7773 124.99897:7533 133.08551:8543 184.07401:513209 258.11307:11431 283.17416:9052 327.29248:17291 492.35349:60688 510.35983:158415",39.8230739584863,"4687","9.723","510.35678","LPC 17:0/0:0",NA,NA,"[M+H]+","510.35541","-2.68440379618692","C25H52NO7P","LPC","334.03","510.35461:179486 511.35796:55678 512.36132:9020","104.09285:7834 104.10636:88134 107.86835:5925 184.07294:161908 492.34705:24683 510.35773:68655","62920.419156168","883547.5","7.12133973059378",0,0,7.22371861624018,NA,NA,NA,NA,NA,NA,NA,NA,NA,NA,NA,NA,NA,NA,NA,NA,NA,NA,NA,NA,NA,NA,8.93663793900257,NA,NA,NA,NA,19.8602670977416,19.7606322449483,19.8747697747985,19.7826463453426,19.7728284141578,19.7452229516922,19.7869443928538,19.7345459028315,19.6476094956541,19.6923192230005,19.5363325999418,19.5516012539655,"8716","10.582"
"pos_LPC 19:1/0:0_[M+H]+__A","9747","10.797","536.37366","LPC 19:1/0:0","[M+H]+","536.37109","C27H54NO7P","LPC","83.14621:12149 86.09637:265669 104.10704:3043844 119.02452:12837 125.00027:80434 148.23834:14578 149.04474:28028 167.05531:30874 178.28844:23937 184.07402:4559026 239.09555:17533 258.11163:103072 259.00089:17145 299.06339:160274 300.06082:12926 344.97647:20245 353.30698:111295 359.02884:22567 382.31445:14394 415.03665:41335 459.29031:50160 470.37625:15863 511.77301:12673 518.36359:528943 536.37341:1116758",34.1005478131754,"5248","9.925","536.37152","LPC 19:1/0:0",NA,NA,"[M+H]+","536.37109","-0.801683774662842","C27H54NO7P","LPC","24.94","536.37079:216211 537.37414:70140 538.3775:15757","80.38963:4999 104.10624:94055 154.25574:6436 184.07306:173463 299.06232:23374 377.47189:5861 433.20007:8866 476.24265:10316 518.36084:21017 536.37262:89848","3480.25966790707","44517.5","7.81773385277041",0,0,7.94251916824386,NA,NA,NA,NA,NA,NA,NA,9.00842862207058,NA,NA,NA,NA,NA,8.82654848729091,NA,NA,NA,NA,NA,NA,NA,NA,NA,NA,NA,NA,NA,15.4932612907225,15.4127352233132,15.452402131602,15.4316934673706,15.5337251537256,15.5462614543123,15.5106096558057,15.4760183452329,15.3425955780296,15.3907063728728,15.1984834104911,15.18982455888,"9747","10.797"
"pos_CAR 18:0_[M+H]+__B","5976","11.065","428.37576","CAR 18:0","[M+H]+","428.37341","C25H49NO4","CAR","80.06212:5117 81.06883:17353 83.08457:23745 85.02746:3395494 85.03948:138821 85.0453:97560 85.10017:30989 95.08453:55299 95.4134:5123 97.10017:41456 101.05878:6735 103.72316:5828 109.1003:35954 111.11582:23102 123.11631:22595 137.1324:14519 144.1011:133595 145.08572:8373 153.16446:7879 249.25844:13844 267.26846:111957 285.27829:33994 309.28033:11408 369.30157:483027 428.37506:3093268",15.1873783023606,"3005","10.215","428.3743","CAR 18:0",NA,NA,"[M+H]+","428.37341","-2.07762662025802","C25H49NO4","CAR","508.95","428.37302:79740 429.37637:22280 430.37973:7966","85.02763:44413 98.76609:5836 428.37515:61477","166490.267062145","2938000","5.66678921246238",0,0,5.70268559315147,10.3072008091408,9.12928301694497,10.8470573460913,10.8161836814323,9.9614496943982,10.6402449362224,9.76983784362944,10.0525680508041,11.5381889320524,9.39660478118186,9.72109918870719,10.8970891283128,10.2842457498297,9.69696752623429,11.2772874001304,11.0532471259124,9.64925617751731,10.7598881832218,9.91288933622996,10.3695973462787,11.4372319010395,10.3498340914573,10.5830827675029,10.3685064615077,11.8185821774809,11.4083297407674,11.5003439692704,21.480710339241,21.4086350180415,21.4917669954236,21.4929401673706,21.4810189167618,21.4006720489707,21.5158066552915,21.6298724063324,21.5542314347775,21.5118327455138,21.4309644566774,21.3030605227885,"5976","11.065"
"pos_LPC 18:0_[M+H]+__B","9276","11.132","524.37354","LPC 18:0","[M+H]+","524.37109","C26H54NO7P","LPC","85.75516:6070 86.09594:70737 104.10668:288618 124.99989:25443 178.33034:9218 184.07413:2781019 184.52959:5340 197.03583:6008 255.29733:5355 258.11053:11446 339.29501:10068 341.30963:28753 447.28394:7159 506.3696:74140 524.38025:138248",49.9236595865262,"4981","10.266","524.37292","LPC 18:0",NA,NA,"[M+H]+","524.37109","-3.48989491400232","C26H54NO7P","LPC","1280.64","524.37097:492860 525.37432:149991 526.37768:24334","86.09579:12303 104.10586:8166 124.99857:6807 184.07324:948853 229.35591:5437 251.96466:5846 341.31219:6879 489.44162:6582 506.36481:26135 524.37653:32632","201895.903523588","2800351.5","7.20966291280178",0,0,7.32711135893775,NA,NA,NA,9.01680828768655,8.67948009950545,NA,NA,NA,9.93221475196838,9.01122725542325,NA,NA,NA,NA,NA,NA,NA,9.99717948093762,10.283088353024,NA,8.7714894695006,NA,NA,9.39660478118186,8.8703647195834,NA,NA,21.5166084926017,21.4144147877113,21.463875553203,21.4199329254958,21.4964637227608,21.3956638262569,21.4835934086586,21.4656540836196,21.3342738309623,21.2410695886058,21.2245481603059,21.2264468852058,"9276","11.132"
"pos_CAR 20:1_[M+H]+__A","6780","11.277","454.39172","CAR 20:1","[M+H]+","454.3891","C27H51NO4","CAR","85.0277:147444 109.10112:7037 113.99761:6270 454.38953:156476",47.2378177609198,"3543","10.416","454.38882","CAR 20:1",NA,NA,"[M+H]+","454.3891","0.616211964536977","C27H51NO4","CAR","235.14","454.38898:74746 455.39233:25589 456.39569:4228","85.02777:29913 454.39127:66989","33553.1417554167","328091.5","10.2267634959811",0,0,10.5774216852832,NA,NA,NA,NA,NA,NA,NA,8.62570884306447,8.81698362325538,8.74819284958946,NA,NA,NA,NA,NA,8.58496250072116,NA,NA,NA,NA,NA,NA,NA,NA,11.1953722074027,9.82017896241519,11.1045987535644,18.372422990233,18.381048596093,18.441205638287,18.4004083426539,18.4035946044921,18.2915619398769,18.355213428116,18.2862509108271,18.1712452239432,18.0623834918763,17.9699148431325,18.0724728420633,"6780","11.277"
"pos_LPC 20:1_[M+H]+__B","10353","11.338","550.38983","LPC 20:1","[M+H]+","550.38672","C28H56NO7P","LPC","86.08752:6153 86.0959:68877 104.10633:31575 110.36372:5915 125.00008:30864 179.3795:6141 184.07399:2977462 258.11591:12251 306.15488:5711 313.70996:6453 317.78146:5851 367.31827:10094 473.29648:7079 532.38373:29354 550.39124:28233",42.3813697398535,"5579","10.465","550.38666","LPC 20:1",NA,NA,"[M+H]+","550.38672","0.109014258124181","C28H56NO7P","LPC","16.09","550.38617:56416 551.38952:19373 552.39288:5340","148.13069:8783 148.17886:21881 184.07329:116155 307.99091:6470 410.22772:6186 532.41791:5717","1894.56533753308","19111","9.91348091430629",0,0,10.2920759318398,NA,NA,NA,NA,NA,NA,NA,NA,NA,NA,NA,NA,NA,NA,NA,NA,NA,NA,NA,NA,NA,NA,NA,NA,NA,NA,9.12412131182919,14.266200912499,14.1870427143399,14.335041363415,14.2262616533155,14.32178719982,14.1468868354159,14.2179576978641,14.2442894981353,14.2268637169824,13.9361778225768,13.9115792414021,13.9075479240468,"10353","11.338"
"pos_LPC O-17:0_[M+H]+","8162","11.494","496.3783","LPC O-17:0","[M+H]+","496.37619","C25H54NO6P","EtherLPC","78.1053:5205 86.09589:12576 89.05895:15168 104.1063:185665 124.99934:9687 133.08578:13024 152.94531:6127 184.07285:36647 283.17905:9678 496.37732:56652",47.3846280255861,"4404","10.643","496.37665","LPC O-17:0",NA,NA,"[M+H]+","496.37619","-0.926716488910316","C25H54NO6P","EtherLPC","33.13","496.37567:139018 497.37902:40168 498.38238:8579","78.73547:6291 86.09622:8930 89.05921:7352 104.10624:143363 124.99937:7377 126.3884:5236 133.08546:14437 183.62355:6083 184.07239:30523 283.17654:19747 496.37723:92402","7611.27444182562","147428","5.1627061628901",0,0,5.16962866647993,8.97154355395077,NA,NA,NA,NA,NA,NA,NA,NA,NA,NA,NA,NA,NA,8.76487159073609,NA,NA,NA,8.77807712953536,NA,NA,NA,NA,NA,8.75488750216347,9.25738784269265,NA,17.1702576157623,17.1744868636293,17.2175696412665,17.1690441814376,17.1719195380667,17.3155299323331,17.2341718902029,17.1580770991328,17.1619388419848,17.1148708644003,17.0155457253673,17.0880014308332,"8162","11.494"
"pos_LPC 18:0/0:0_[M+H]+","9277","11.552","524.3736","LPC 18:0/0:0","[M+H]+","524.37109","C26H54NO7P","LPC","86.09638:4976594 104.10692:59183732 125.00025:1245320 184.07367:93329296 258.11163:2264903 341.30621:3114090 349.80499:293243 447.29034:784023 506.36044:11688374 524.3717:26670066",46.9098733247369,"4980","10.693","524.3725","LPC 18:0/0:0",NA,NA,"[M+H]+","524.37109","-2.68893542541482","C26H54NO7P","LPC","17367.76","524.37079:2984652 525.37414:984576 526.3775:158910","78.52855:4999 82.14001:4925 86.09619:53362 86.12328:6075 104.10665:818552 110.00862:5117 124.99943:13747 164.64671:5533 184.07336:1581473 208.09387:6413 258.11069:37442 274.37106:6741 289.27109:5565 341.30634:44278 447.27866:12939 506.18835:6514 506.36041:255808 524.37158:757166","2462295.21386226","43326534","5.68311144819998",0,0,5.71382818227662,12.7883105037009,11.8447057644119,12.7958367409336,13.7956338445068,11.5760118742068,13.4116433878691,12.3151495622563,11.4913520735634,14.0180262658432,13.734074491428,13.0784844174115,13.3046365238073,13.1844104822499,12.1078709142796,14.2335447840849,13.8394990693617,11.3174126137649,14.4109812670438,14.964024927755,14.1130909834424,14.4609677625704,13.1393914704193,12.6591039634737,14.3330854506018,12.0861362250273,12.4501802471648,11.7891260464252,25.4169425825843,25.3714752982252,25.3897376710034,25.3660145221935,25.365520823558,25.4280426792646,25.4651207048394,25.4401214556229,25.3499137099793,25.3035086154812,25.2123927784871,25.1961354752452,"9277","11.552"
"pos_CAR 20:1_[M+H]+__B","6777","11.605","454.39139","CAR 20:1","[M+H]+","454.3891","C27H51NO4","CAR","85.0276:219079 126.6856:5938 144.10208:8754 172.5265:5523 282.30991:6308 293.27972:9747 395.31708:13455 454.39188:272859",36.6545351766305,"3546","10.743","454.38947","CAR 20:1",NA,NA,"[M+H]+","454.3891","-0.814280096138261","C27H51NO4","CAR","76.57","454.38962:88614 455.39297:30791 456.39633:0","85.02818:18805 87.34625:5645 454.38797:35302","5954.79558461459","63661.5","9.35384115142526",0,0,9.46565397056819,NA,NA,NA,NA,NA,NA,NA,NA,NA,NA,NA,8.67948009950545,8.95419631038687,8.95128471496697,8.66177809777199,NA,NA,NA,8.59991284218713,8.7279204545632,NA,NA,8.69348695749933,8.92481250360578,11.0478055540076,10.5058115539196,10.8081597728684,16.1170139764677,16.0560025863154,16.0191563255842,16.0281866660389,16.0012322452444,15.9133335625306,16.0385761027688,15.9097524816381,15.9137075417731,15.8217490733467,15.5964809684828,15.8010262515061,"6777","11.605"
"pos_LPC 20:1/0:0_[M+H]+__A","10351","11.742","550.38928","LPC 20:1/0:0","[M+H]+","550.38672","C28H56NO7P","LPC","86.09641:294711 104.10696:4271958 108.84589:18917 124.99978:92952 178.29065:42857 184.07373:6632704 258.11136:121775 367.32138:174748 473.30353:57357 532.37726:814306 550.38794:1947170",34.8898627616238,"5578","10.869","550.38654","LPC 20:1/0:0",NA,NA,"[M+H]+","550.38672","0.327042774579101","C28H56NO7P","LPC","322.31","550.38617:289838 551.38952:103560 552.39288:16779","87.24735:5380 104.10623:95405 134.03484:5152 139.93785:5170 184.07326:195262 532.38007:26997 550.39185:78136","34837.6725164532","535078","6.51076525599131",0,0,6.56623262988272,NA,NA,8.72109918870719,NA,NA,NA,NA,NA,NA,NA,NA,NA,NA,NA,NA,NA,NA,NA,NA,NA,NA,NA,NA,NA,NA,NA,NA,19.0909704191263,19.0307829670093,19.0265774734112,19.0993221240875,19.1069283728137,19.0173521549963,19.1239622357508,19.0450450466911,19.0279950610657,18.9159727178867,18.8296700945831,18.855777935968,"10351","11.742"
"pos_LPC 20:1/0:0_[M+H]+__B","10352","12.084","550.38947","LPC 20:1/0:0","[M+H]+","550.38672","C28H56NO7P","LPC","76.23329:5942 81.86865:5471 86.09605:16627 104.10663:196742 112.95834:6093 184.07416:321693 258.11584:7500 532.38336:33663 550.3949:89805",37.7991087356276,"5580","11.224","550.38678","LPC 20:1/0:0",NA,NA,"[M+H]+","550.38672","-0.109014258330739","C28H56NO7P","LPC","34.05","550.38641:232925 551.38976:74897 552.39312:14409","104.10631:98095 184.07349:181260 204.22473:5203 237.99075:6028 532.3811:25198 550.39301:88268","3467.25810805581","49567.5","6.99502316650187",0,0,7.11733687599981,NA,NA,NA,NA,NA,NA,NA,NA,NA,NA,NA,NA,NA,NA,NA,NA,NA,NA,NA,NA,NA,NA,NA,NA,NA,NA,NA,15.7205114784704,15.5946453486172,15.6319159520279,15.6347826950377,15.5786085607378,15.5995642107365,15.627818838757,15.6287018395302,15.5809651359773,15.4312690636806,15.3465137331656,15.4480517596277,"10352","12.084"
"pos_LPC 19:0/0:0_[M+H]+__A","9848","12.185","538.38947","LPC 19:0/0:0","[M+H]+","538.38672","C27H56NO7P","LPC","86.09641:16929 104.10667:190393 149.04639:8971 184.07413:284959 201.1304:5718 223.69606:5442 258.11002:9162 283.04971:7248 299.06506:13494 300.06555:11789 301.06448:24276 355.33112:6179 361.02679:8614 417.04379:13108 520.38452:42192 538.39575:81267",41.2283675367166,"5305","11.329","538.38696","LPC 19:0/0:0",NA,NA,"[M+H]+","538.38672","-0.445776225825517","C27H56NO7P","LPC","47.07","538.38611:175405 539.38946:55314 540.39282:12973","77.02603:5491 104.10707:57589 161.97209:5635 184.07455:157406 520.38159:23119 538.39331:71966","6883.84282654725","97270","7.07704618746505",0,0,7.21072921775201,NA,NA,NA,NA,NA,NA,NA,NA,NA,NA,NA,NA,NA,NA,NA,NA,NA,NA,NA,NA,NA,NA,NA,NA,NA,NA,NA,16.645841346799,16.5445117089518,16.6688711376949,16.5982997150248,16.5944704058068,16.5275380944961,16.6589784917282,16.5950680395157,16.4332268091456,16.4223604778326,16.3733749724782,16.4080477294899,"9848","12.185"
"pos_CAR 20:1_[M+H]+__C","6778","12.514","454.39145","CAR 20:1","[M+H]+","454.3891","C27H51NO4","CAR","85.02766:163269 90.81017:6075 144.10091:6770 198.16751:5885 352.44385:5398 395.31927:15553 454.39194:189707",31.5619863591875,"3545","11.681","454.38928","CAR 20:1",NA,NA,"[M+H]+","454.3891","-0.396136262952371","C27H51NO4","CAR","32.63","454.38864:164580 455.39199:50062 456.39535:6436","85.02776:50174 126.17917:5035 173.06055:5861 320.00864:6643 454.39062:98456","2559.50877596511","24443.5","10.4711222859456",0,0,10.3689255068418,NA,NA,NA,8.57364718749332,NA,NA,NA,NA,NA,NA,8.74146698640115,NA,8.87958324961278,8.876516946565,8.80413102118332,NA,NA,NA,NA,8.6582114827518,NA,8.78135971352466,8.93073733756289,8.6724253419715,10.0539258815311,NA,9.11374216604919,14.6430106128974,14.8118262177036,14.7374058025854,14.7536868440535,14.7161764058074,14.5753028750734,14.5790212393784,14.4821777111875,14.4958550268872,14.46192702259,14.4146852358072,14.3392236972352,"6778","12.514"
"pos_LPC 19:0/0:0_[M+H]+__B","9850","12.59","538.38965","LPC 19:0/0:0","[M+H]+","538.38672","C27H56NO7P","LPC","86.09657:42172 87.44739:5279 104.10712:584440 105.11043:61943 106.1125:11846 124.99976:18016 149.04559:7659 167.05679:9559 184.07394:623144 185.07721:6721 234.76279:6727 258.11044:12160 299.06274:22082 300.06418:10998 301.05975:25977 346.97327:7337 355.32135:19308 417.03326:17631 461.2998:7299 520.37897:74390 538.39648:238522",42.5705279772585,"5306","11.752","538.38751","LPC 19:0/0:0",NA,NA,"[M+H]+","538.38672","-1.46734674297279","C27H56NO7P","LPC","107.6","538.38611:446337 539.38946:152401 540.39282:24555","86.09567:8711 104.10609:184226 184.07312:314803 520.38055:54682 538.39148:153546","18438.8719770999","233446.5","7.89854291115946",0,0,7.99149600961286,NA,NA,NA,NA,NA,NA,NA,NA,NA,NA,NA,NA,NA,NA,NA,NA,NA,NA,NA,NA,NA,NA,NA,NA,NA,NA,NA,17.8936570408402,17.8340265587575,17.9294664746481,17.8307751419939,17.8950012614619,17.8314371458324,17.9712628728887,17.8643191659948,17.7705219493514,17.6989352234793,17.592997129211,17.6254092016265,"9850","12.59"
"pos_CAR 20:0_[M+H]+","6831","13.154","456.40744","CAR 20:0","[M+H]+","456.40469","C27H53NO4","CAR","85.02757:419380 85.03958:15281 85.10127:6050 86.22592:5932 144.10123:13383 295.2948:6212 396.6055:6031 397.33334:58685 456.40698:503967",35.4256066007399,"3583","12.346","456.40442","CAR 20:0",NA,NA,"[M+H]+","456.40469","0.591580248661416","C27H53NO4","CAR","195.93","456.40424:88673 457.40759:27780 458.41095:4132","85.02816:24841 92.04992:6137 258.79236:6077 456.40582:55274","39433.7429331746","380822.5","10.3548878895482",0,0,10.3015729153757,8.7279204545632,NA,NA,9.17492568250068,NA,NA,9.16992500144231,NA,9.47370574961942,8.8703647195834,NA,NA,8.67595703294175,9.01122725542325,NA,NA,NA,8.66177809777199,9.32418054661874,NA,9.2240016741981,9.19475685442225,9.25738784269265,NA,10.6838718686226,10.840777923595,10.8161836814323,18.6616424212859,18.6710503364763,18.711589680419,18.691869580482,18.7159586397593,18.5557611944433,18.5215544346841,18.4710599376021,18.4428422795198,18.3470849638644,18.340823716009,18.3378831856339,"6831","13.154"
"pos_CAR 22:1_[M+H]+__A","7666","13.256","482.42313","CAR 22:1","[M+H]+","482.42041","C29H55NO4","CAR","85.02763:131955 85.03958:7543 89.0586:9843 133.08565:6737 482.42377:215469",47.1930511022197,"4131","12.439","482.41992","CAR 22:1",NA,NA,"[M+H]+","482.42041","1.01571158652559","C29H55NO4","CAR","29.86","482.41968:201364 483.42303:63398 484.42639:13279","85.02726:66018 101.094:5740 283.17389:9790 482.42044:189074","30629.7570646734","196889.5","15.5568260697871",0,0,17.0909485410354,NA,NA,NA,NA,NA,NA,NA,NA,NA,NA,NA,NA,NA,NA,NA,NA,NA,NA,NA,NA,NA,NA,NA,NA,9.15734693536284,8.90689059560852,10.7523806465529,17.6880385343753,17.5754284523935,17.656208364565,17.6309922724772,17.6194462547832,17.5985323491463,17.64851206795,17.326640145667,17.1945356478184,17.1501042566173,17.022617055214,17.0566588812584,"7666","13.256"
"pos_LPC 20:0/0:0_[M+H]+","10456","13.704","552.40491","LPC 20:0/0:0","[M+H]+","552.4024","C28H58NO7P","LPC","86.09638:48770 104.10696:613425 116.38667:5883 125.00001:17712 184.07393:987763 258.11224:24729 369.33893:36477 475.32416:7721 528.87299:5666 534.39429:112587 552.40479:288676",42.5193969293606,"5635","12.888","552.40192","LPC 20:0/0:0",NA,NA,"[M+H]+","552.4024","0.868931778582035","C28H58NO7P","LPC","122.46","552.40186:241372 553.40521:80661 554.40857:15316","88.11179:9804 104.10626:86672 184.0731:175681 201.48737:6066 534.39087:28476 552.40436:86554","21585.6154184314","291997.5","7.39239733848112",0,0,7.59864462200966,NA,NA,NA,NA,NA,NA,NA,NA,8.76818432477693,NA,NA,NA,NA,NA,NA,NA,NA,NA,NA,NA,NA,NA,NA,NA,NA,NA,NA,18.2084677636742,18.1784168470316,18.1402256595185,18.1933328445825,18.1630992841359,18.1520619791029,18.2278180374178,18.1591223660175,18.1264877055014,17.9476198172604,17.8808988025427,17.9648710402198,"10456","13.704"
"pos_CAR 24:2_[M+H]+","8648","13.714","508.43872","CAR 24:2","[M+H]+","508.436","C31H57NO4","CAR","83.08488:11512 85.02756:123420 97.10069:14524 178.32809:12567 508.43808:277116",15.6011763429634,"4694","15.29","510.45074","CAR 24:1",NA,NA,"[M+H]+","510.45169","1.8610967866301","C31H59NO4","CAR","16.39","510.45175:173151 511.4551:57491 512.45846:10868","77.80774:5780 85.02778:46547 109.84513:6114 510.45471:165670","2305.25930310355","24708.5","9.32982294798773",0,1,9.59585115867192,NA,NA,NA,NA,NA,NA,NA,NA,NA,NA,NA,NA,NA,NA,NA,NA,NA,NA,NA,NA,NA,NA,NA,NA,NA,NA,NA,14.6416002158344,14.6259370995385,14.6728120420288,14.7399915146842,14.6551952776883,14.5689061545021,14.5750073559014,14.6102174370683,14.3784303393172,14.3737487937028,14.3886900272743,14.3201659167754,"8648","13.714"
"pos_LPC 22:1/0:0_[M+H]+","11553","13.78","578.42114","LPC 22:1/0:0","[M+H]+","578.41803","C30H60NO7P","LPC","86.0963:6272 104.09319:7883 104.10651:132636 178.32922:10053 184.07394:214584 560.41547:26140 578.42712:61603",34.5450376841182,"6217","12.959","578.41742","LPC 22:1/0:0",NA,NA,"[M+H]+","578.41803","1.05460059751511","C30H60NO7P","LPC","50.44","578.4176:242419 579.42095:87469 580.42431:20184","86.09586:5307 104.10645:78102 184.07326:163237 560.40759:28859 578.4212:64000","3784.58775125768","50484.5","7.4965340872103",0,0,7.52568955967637,NA,NA,NA,NA,NA,NA,NA,NA,NA,NA,NA,NA,8.79116288855502,NA,NA,9.15987133677839,NA,9.27379559921426,NA,NA,NA,9.03342300153745,NA,NA,NA,NA,NA,15.7101876034675,15.7723403508326,15.6325408765469,15.6662794900069,15.6035973702608,15.5817301948597,15.7503144410669,15.6575417597034,15.6145085612351,15.4448854735829,15.4318566663211,15.5039809783347,"11553","13.78"
"pos_CAR 22:0_[M+H]+","7719","15.512","484.43863","CAR 22:0","[M+H]+","484.436","C29H57NO4","CAR","81.06915:8629 83.085:9871 85.02748:1068612 85.0396:42704 85.04509:30690 85.10027:12983 91.05318:8123 95.08453:20282 97.10001:17316 109.10043:8884 111.11636:7345 123.1156:10301 127.78648:6958 135.07983:36982 144.10118:50126 178.29138:5417 209.11707:91690 293.99228:5797 299.16394:6989 305.32062:10255 323.33038:21625 391.08594:5650 396.7236:6137 425.36441:171331 484.43814:1499417",17.2184228787173,"4165","14.788","484.43546","CAR 22:0",NA,NA,"[M+H]+","484.436","1.11469832960571","C29H57NO4","CAR","47.53","484.43539:31023 485.43874:8742 486.4421:0","85.02797:13539 484.43723:22631","10064.7725662633","107373.5","9.37360947185598",0,0,9.36798932679411,NA,NA,NA,NA,8.876516946565,NA,NA,NA,9.4178525148859,NA,NA,NA,NA,9.07146236255662,NA,NA,NA,NA,NA,NA,NA,8.94836723158468,NA,NA,8.95128471496697,NA,9.80896417491926,16.8857202020115,16.8333966283343,16.7186398969543,16.8696299872723,16.8690636267182,16.6590342582956,16.7204981186367,16.705888831688,16.5298727875711,16.6347543393464,16.5298117979161,16.5315337640309,"7719","15.512"
"pos_CAR 24:1_[M+H]+__A","8734","15.514","510.45447","CAR 24:1","[M+H]+","510.45169","C31H59NO4","CAR","78.94189:7453 81.06966:16156 83.08453:21072 85.02744:1554810 85.03956:66764 85.04501:42949 85.10014:24685 95.08452:27600 97.06421:8106 97.10033:31340 109.10004:20126 111.11589:20485 121.10071:21500 123.11613:16393 125.09671:7450 125.13097:9377 135.11607:18710 137.13293:7066 144.10092:86650 149.13182:22287 153.12631:14705 157.04857:19787 163.14806:10414 167.14088:11090 177.16225:9133 181.15623:9674 191.17796:6866 195.17493:10312 205.19754:7294 211.97935:5754 227.1281:15086 237.21886:6993 241.14281:25183 255.15994:30442 265.25372:7625 269.1748:40960 283.19031:42411 297.20657:43530 311.22049:35246 325.23788:28417 331.33862:24025 339.25574:29742 349.34732:55027 353.26941:25823 367.28503:17720 381.30032:12172 395.31464:13570 451.38016:63458 510.45374:3274229",12.8740642476139,"4736","17.434","512.4679","CAR 24:0",NA,NA,"[M+H]+","512.46729","-1.19031987375785","C31H61NO4","CAR","20.92","512.46686:78814 513.47021:27559 514.47357:3607","85.02766:16399 214.66544:5233 512.46875:72299","16138.4833766055","159495","10.1184885899906",0,0,10.6073509430335,NA,NA,NA,NA,NA,NA,NA,NA,NA,NA,NA,NA,NA,NA,NA,NA,NA,NA,NA,NA,NA,NA,NA,NA,NA,9.31741261376487,8.84235034341381,17.3374999534305,17.3404412642252,17.3329369024746,17.2992080183873,17.3411800003051,17.2285368865999,17.3275877286508,17.2669146151804,17.0814834380937,16.9278821056489,17.061118006832,16.9415176348059,"8734","15.514"
"pos_CAR 24:1_[M+H]+__B","8733","16.007","510.45432","CAR 24:1","[M+H]+","510.45169","C31H59NO4","CAR","84.6297:7116 85.0276:229645 95.08525:6386 144.10208:14073 297.21408:7738 353.27768:7382 451.37216:11428 510.45505:476523",18.3223476397257,"4695","14.781","510.45111","CAR 24:1",NA,NA,"[M+H]+","510.45169","1.1362485643974","C31H59NO4","CAR","53.41","510.45108:306547 511.45443:114378 512.45779:16117","85.0274:62038 152.05014:6561 510.4516:262269","11375.487237983","124658.5","9.12532016507743",0,0,8.98806888949735,NA,NA,NA,NA,NA,NA,NA,NA,NA,NA,NA,NA,NA,NA,NA,NA,NA,NA,NA,NA,NA,NA,NA,NA,8.86418614465428,NA,NA,17.0547738772299,17.0835728169248,16.9959989561083,17.1116858699815,17.1078607003286,16.9059980277034,16.9489261128892,16.8941546076811,16.8624920734875,16.8799660796644,16.7825247725239,16.7007918956214,"8733","16.007"
"pos_LPC 24:1/0:0_[M+H]+__A","12719","16.087","606.45197","LPC 24:1/0:0","[M+H]+","606.44928","C32H64NO7P","LPC","86.09575:9676 104.10653:116857 184.07393:191536 238.46829:6026 588.44659:22562 606.45374:53405",39.6740019734277,"6874","15.348","606.44855","LPC 24:1/0:0",NA,NA,"[M+H]+","606.44928","1.20372803491432","C32H64NO7P","LPC","16.68","606.44849:101608 607.45184:37458 608.4552:5032","94.93909:6677 104.10627:44111 184.07295:81751 588.43616:12740 606.45123:41519","3816.89662930343","37189","10.2635097187433",0,0,10.4092449324215,NA,NA,NA,NA,NA,NA,NA,NA,NA,NA,NA,NA,NA,NA,NA,NA,NA,NA,NA,NA,NA,NA,NA,NA,9.9188632372746,10.103287808412,10.3140167039014,15.3028173934293,15.1748476800114,15.3530089466772,15.2538474849874,15.3208005488816,15.2225307870282,15.1551344548578,15.1902876785804,15.0714204621154,15.0122316896616,14.9131699161228,14.8877917913416,"12719","16.087"
"pos_LPC 22:0/0:0_[M+H]+","11645","16.104","580.43671","LPC 22:0/0:0","[M+H]+","580.43372","C30H62NO7P","LPC","104.10625:78431 178.28839:16243 184.07266:106218 562.42596:17639 580.43738:36310",54.2014019863914,"6260","15.373","580.43292","LPC 22:0/0:0",NA,NA,"[M+H]+","580.43372","1.37827967683641","C30H62NO7P","LPC","30.05","580.43317:119272 581.43652:40628 582.43988:9781","104.10622:40697 184.07329:72759 313.25229:6618 562.43054:14284 580.4314:37986","4522.82519979258","44975.5","10.0561977071796",0,0,10.3454136910116,NA,NA,8.77807712953536,9.03342300153745,9.25502856981873,9.11113567023471,9.12153351734003,9.17741953798924,9.95128471496697,NA,NA,NA,NA,10.661778097772,NA,8.96289600533726,9.55074678538324,NA,9,NA,9.21916852046216,8.88569637333939,10.0361736125535,8.98013957763916,NA,NA,NA,15.5979361490957,15.5556675918407,15.523960063393,15.5221523858023,15.464450026946,15.4492131421026,15.5050982159295,15.362765744154,15.3836030519009,15.2265250870861,15.1375515530144,15.1735600296805,"11645","16.104"
"pos_LPC 26:0_[M+H]+","13953","17.862","636.49908","LPC 26:0","[M+H]+","636.49628","C34H70NO7P","LPC","86.0959:10881 151.37053:5849 184.07387:509461 221.83965:5949 397.83096:5822 636.50568:8978",61.8139340842246,"7541","17.173","636.49554","LPC 26:0",NA,NA,"[M+H]+","636.49628","1.16261480734918","C34H70NO7P","LPC","17.4","636.49554:408249 637.49889:166225 638.50225:34153","86.09602:11435 113.74595:6769 120.10285:5402 178.29532:9372 184.07327:790376 188.8774:6046 254.01778:5217 422.40707:5332 486.63724:6018 636.49579:22209","1235.6136127447","16877.5","7.32107013920721",0,1,7.3986623918128,NA,NA,NA,NA,NA,NA,NA,NA,NA,NA,NA,NA,NA,NA,NA,NA,NA,NA,NA,NA,NA,NA,NA,NA,NA,NA,NA,14.2228703556565,14.118859983718,14.0529925102032,13.914571997649,14.1204808984898,13.9883296492311,14.0851404617018,14.0515488384404,14.0340251459749,13.9048227542942,13.9168124977098,13.8777634182826,"13953","17.862"
"pos_CAR 26:1_[M+H]+__A","9858","17.99","538.48523","CAR 26:1","[M+H]+","538.48297","C33H63NO4","CAR","81.06937:13055 83.08493:21611 83.41232:11155 85.02755:1475648 85.03948:59536 85.04539:42509 85.1005:23326 95.08472:31713 97.10041:28263 109.1002:15113 111.11723:13268 121.10107:14366 123.1162:12162 135.11621:14287 139.11064:11662 144.10129:83171 149.13263:14130 153.12495:11876 157.05083:11895 163.14792:11827 255.16113:25440 269.1749:37095 270.09253:9038 283.1925:32702 297.20764:39238 299.05933:14639 301.06128:26778 311.22485:24888 325.23737:34755 339.25327:32409 353.26974:28402 359.36826:15639 367.285:18134 377.37991:48678 381.29907:19646 479.41281:62352 538.48535:3454346",22.1783381660829,"5311","17.342","538.4834","CAR 26:1",NA,NA,"[M+H]+","538.48297","-0.798539645436764","C33H63NO4","CAR","31.77","538.48328:206076 539.48663:82138 540.48999:12218","85.02743:41139 144.55081:5281 178.33623:10136 538.48291:188541","6552.25669833753","84764.5","7.72995381125062",0,0,7.85103355111453,NA,NA,NA,NA,NA,NA,NA,NA,NA,NA,NA,NA,NA,NA,NA,NA,NA,NA,NA,NA,NA,NA,NA,NA,NA,9.2336196767597,9.07146236255662,16.4139253748844,16.3753279686588,16.4067198769902,16.4680512291742,16.3539393731012,16.3670051468223,16.5061215908926,16.409075975223,16.3182426877516,16.1813464049557,16.1975622718027,16.13729137537,"9858","17.99"
"pos_CAR 24:0_[M+H]+","8794","18.065","512.46954","CAR 24:0","[M+H]+","512.46729","C31H61NO4","CAR","85.02741:287051 89.05865:12020 133.08554:11960 144.10219:7607 333.35504:6037 453.39633:41343 512.46881:488093",33.5779019818071,"4003","8.712","476.37344","CAR 22:4",NA,NA,"[M+H]+","476.37341","-0.0629758072306011","C29H49NO4","CAR","11.28","476.37323:54834 477.37658:17676 478.37994:3113","85.02787:11427 313.2717:8341 433.23416:11706 476.37289:36000","1824.46090833994","20581.5","8.86456724893687",0,0,9.1100818485529,NA,NA,NA,NA,NA,8.76155123244448,NA,NA,NA,NA,NA,NA,NA,NA,NA,NA,NA,NA,NA,NA,NA,NA,NA,NA,10.6229669447905,9.09011241966429,9.88722061546838,14.238255446104,14.3644766798647,14.4205524036934,14.4135618216151,14.4538493452865,14.3362973371225,14.3694610307836,14.1143930548673,14.32178719982,14.0583300262057,14.1273495410591,14.1899017558215,"8794","18.065"
"pos_LPC 26:1/0:0_[M+H]+","13884","18.566","634.48346","LPC 26:1/0:0","[M+H]+","634.48059","C34H68NO7P","LPC","87.85443:5956 93.30953:7215 94.31463:5451 104.10621:73385 122.82156:5998 184.07291:139444 556.04053:6114 616.47113:17396 634.4743:38689",33.0402471898376,"7490","17.903","634.48114","LPC 26:1/0:0",NA,NA,"[M+H]+","634.48059","-0.866850788888003","C34H68NO7P","LPC","12.4","634.47986:183428 635.48321:66852 636.48657:16898","89.05894:6653 104.09326:5949 104.1063:86927 184.07298:176796 202.31731:6410 616.47113:23071 634.48572:82108","2375.38423048235","26725.5","8.8880815344235",0,0,9.22598743066683,NA,NA,NA,NA,NA,NA,NA,NA,NA,NA,NA,NA,NA,NA,NA,NA,NA,NA,NA,NA,NA,NA,NA,NA,NA,NA,NA,14.7902975819969,14.7669946864218,14.7078983162412,14.7901448269498,14.7039576302497,14.5949660220164,14.7375114326221,14.7297800429559,14.5908793952606,14.4160717760782,14.498038896276,14.428425605502,"13884","18.566"
"pos_LPC 24:0/0:0_[M+H]+","12799","18.658","608.46777","LPC 24:0/0:0","[M+H]+","608.46503","C32H66NO7P","LPC","75.13821:5677 86.09639:73004 99.62652:5941 104.10707:840935 125.0004:23695 147.3042:7734 184.07407:1264452 258.11243:25802 425.4028:30561 531.37805:13216 590.4585:159469 608.46814:375897",45.5631950469357,"6916","18.001","608.46533","LPC 24:0/0:0",NA,NA,"[M+H]+","608.46503","-0.493043947058684","C32H66NO7P","LPC","30.85","608.46454:185957 609.46789:69456 610.47125:14146","104.10633:78714 118.88779:5563 184.07332:141885 258.1109:7608 278.65741:6311 590.45129:23399 608.46912:72037","2863.98848821116","59669","4.79979300509672",0,0,4.82504939890688,NA,NA,NA,NA,NA,NA,NA,NA,NA,NA,NA,NA,NA,NA,NA,NA,NA,NA,NA,NA,NA,NA,NA,NA,NA,NA,NA,15.9166025985773,15.8502601037486,15.9384999113344,15.8789848742109,15.8802292164089,15.8404583162979,15.9344280406268,15.912351405529,15.8159836266527,15.6989759061328,15.8279876837153,15.7717731523747,"12799","18.658"
"pos_SM 34:2;O2|SM 18:2;O2/16:0_[M+H]+","16284","19.179","701.56305","SM 34:2;O2|SM 18:2;O2/16:0","[M+H]+","701.5592","C39H77N2O6P","SM","86.09601:453625 98.98452:19152 99.28288:13479 104.1068:121177 124.99992:266981 184.07404:15377589 262.25739:30827 500.48798:31471 683.54865:19682 701.56189:18113",41.653837566815,"8888","18.482","701.56146","SM 34:2;O2|SM 18:2;O2/16:0",NA,NA,"[M+H]+","701.5592","-3.22139599905238","C39H77N2O6P","SM","9642.39","701.55957:3416027 702.56292:1511004 703.56628:353477","86.09576:109653 104.10602:42392 111.61305:6727 124.99933:64106 184.07326:5963448 184.80882:5884 262.25412:11468 683.55743:13001 701.56671:29223","926892.044340492","14201973","6.52650194688085",0,0,6.6157600644282,9.48784003382305,NA,9.8073549220576,9.37286506011259,NA,NA,9.94544383637791,9.1548181090521,9.1006623390052,9.29232163280204,NA,9.75988818322183,8.74819284958946,9.02790599656988,9.07681559705083,9.40087943628218,8.99435343685886,10.4594316186373,9.24317398347295,8.82017896241519,8.92481250360578,NA,9.85953478638265,NA,9.29232163280204,NA,8.70390357344466,23.8416533118471,23.8400264266622,23.7872529568705,23.7643231156577,23.7536738899321,23.7548373587947,23.8413433052557,23.7848374978635,23.7034822410419,23.6049858049705,23.5700678518953,23.597713419711,"16284","19.179"
"pos_SM 33:1;O2|SM 17:1;O2/16:0_[M+H]+__B","15906","19.994","689.56256","SM 33:1;O2|SM 17:1;O2/16:0","[M+H]+","689.5592","C38H77N2O6P","SM","86.096:6690651 88.73067:185095 98.98503:240025 104.10665:1882716 124.9808:246834 124.99994:4074566 184.07408:212065104 250.25381:377361 481.42618:222979 488.48358:273849 671.55493:320130 689.5578:309722",39.0165705359456,"8625","19.3","689.56287","SM 33:1;O2|SM 17:1;O2/16:0",NA,NA,"[M+H]+","689.5592","-5.32224064292489","C38H77N2O6P","SM","3284.33","689.55884:2786352 690.56219:1422902 691.56555:321042","86.09579:83952 98.98491:7519 104.10645:21409 105.49451:5384 124.99963:53250 184.07329:4816565 250.25371:11970 671.55212:13765 689.56476:21951","224701.250799003","4953707.5","4.53602177357066",0,0,4.56651060882715,9.15987133677839,NA,NA,9.21916852046216,NA,8.74146698640115,NA,NA,13.008603695797,NA,NA,NA,NA,NA,NA,10.2008986050384,NA,10.9447120610435,NA,NA,10.9151324489507,NA,NA,9,NA,NA,NA,22.3303129452065,22.2927223894232,22.2299559142769,22.2960771294354,22.1814731938239,22.1767127948317,22.2535641807596,22.2501280812039,22.2737882019964,22.2060506068517,22.1487775673915,22.1087145922553,"15906","19.994"
"pos_CAR 26:0_[M+H]+","9948","20.582","540.50116","CAR 26:0","[M+H]+","540.4986","C33H65NO4","CAR","83.08467:22255 85.02757:2808283 85.03967:108652 85.04521:79754 85.10044:28896 95.0847:43513 97.10091:39520 109.10053:34131 111.11642:36322 123.11583:25935 125.13204:21451 144.1013:108294 379.39288:20779 397.41022:34486 481.42709:441275 540.5014:5735160",43.116058646018,"5373","19.961","540.49969","CAR 26:0",NA,NA,"[M+H]+","540.4986","-2.01665647233221","C33H65NO4","CAR","17.2","540.49902:606724 541.50237:280208 542.50573:60840","85.02731:150157 85.03951:6321 144.10043:6743 226.31677:6257 481.42514:43608 540.49872:643995","8417.08969848987","88987.5","9.45873262929048",0,0,9.60932689400098,NA,NA,NA,NA,NA,NA,NA,NA,NA,NA,NA,NA,NA,NA,NA,NA,NA,NA,NA,NA,NA,NA,NA,NA,8.74483383749955,NA,8.8008998999203,16.5399614989431,16.5553680226956,16.4448693012315,16.4701504352744,16.4978674261546,16.379361443466,16.5922526254169,16.4377520723236,16.434025458619,16.2148313505384,16.1416681175973,16.2376767889057,"9948","20.582"
"pos_PC 42:9|PC 20:4_22:5_[M+H]+","21667","20.628","856.58948","PC 42:9|PC 20:4_22:5","[M+H]+","856.58508","C50H82NO8P","PC","84.28581:7222 86.09599:268825 98.98396:24822 104.10676:46083 124.99994:177355 184.07411:6575036 280.31042:8704 552.35175:9477 570.35748:19041 743.59283:7683 806.4115:10079 856.60797:36971",37.9163613455073,"11960","19.907","856.58502","PC 42:9|PC 20:4_22:5",NA,NA,"[M+H]+","856.58508","0.0700455814175533","C50H82NO8P","PC","445.56","856.58502:8033144 857.58837:6162940 858.59173:1888009","75.63063:6077 86.09619:366885 98.98518:30407 104.10667:51760 113.06784:5942 124.99969:251036 125.02043:13836 134.0822:5629 168.96704:5897 184.07349:12012006 279.03455:5546 358.91452:5885 526.33051:21227 552.34564:18191 570.35681:36073 639.03101:7813 856.58582:188202","53968.3257197444","766477.5","7.04108414398914",0,0,7.23016745581213,NA,8.93663793900257,NA,NA,NA,NA,NA,NA,NA,NA,NA,NA,NA,NA,NA,NA,NA,NA,NA,NA,NA,NA,NA,NA,NA,NA,NA,19.5968194289565,19.5944394241398,19.5802843338879,19.5545307716014,19.6048970385348,19.5412062959437,19.6236832686802,19.4967543234748,19.3974385815374,19.3749503125722,19.3608192276911,19.3475197265408,"21667","20.628"
"pos_Hex2Cer 34:1;2O|Hex2Cer 18:1;O2/16:0_[M+H]+","21854","21.111","862.63","Hex2Cer 34:1;2O|Hex2Cer 18:1;O2/16:0","[M+H]+","862.625","C46H87NO13","Hex2Cer","95.08469:15515 102.46074:12712 109.10114:16026 136.33423:13815 252.26917:224489 256.26352:53480 264.26923:2345926 265.25385:16878 282.21011:18053 282.27982:290761 339.41821:13540 490.49887:64091 502.49786:122186 504.51245:39337 520.50836:514285 548.12671:16308 682.552:17657 844.60541:41990",50.0488938198863,"12100","20.376","862.62524","Hex2Cer 34:1;O2|Hex2Cer 18:1;O2/16:0",NA,NA,"[M+H]+","862.625","-0.278220547703223","C46H87NO13","Hex2Cer","2743.89","862.62445:5337756 863.6278:3077790 864.63116:7093709","85.02798:8976 121.10117:9723 135.11722:7259 178.34329:10701 211.20482:6897 247.24127:11227 249.04311:5730 252.26849:141196 256.26389:36927 264.26828:1741978 282.27869:225433 282.34833:12460 490.49673:51686 502.3598:4560 502.49799:148757 504.51355:34992 520.50793:481742 664.54987:5929 682.55646:20975 844.61029:70716","300616.633613299","6814165.5","4.41164268189992",0,0,4.46184910599506,9.50382573799575,NA,10.1984450414524,NA,NA,11.1692986957929,9,NA,12.703471046072,11.7300455028792,NA,9.4262647547021,NA,NA,11.894059846274,12.7056323873614,NA,12.3949985145017,10.0084286220706,NA,12.6521727535097,10.7623820387104,NA,12.5908209309305,NA,NA,NA,22.6256468687648,22.7219169096687,22.6854032681249,22.7087593292506,22.7085627519893,22.7075904162173,22.750308920139,22.6084258452265,22.7943518068133,22.6925816625941,22.6041034388085,22.581869002203,"21854","21.111"
"pos_SM 34:1;O2|SM 18:1;O2/16:0_[M+H]+","16354","21.137","703.57831","SM 34:1;O2|SM 18:1;O2/16:0","[M+H]+","703.57489","C39H79N2O6P","SM","86.09605:35252944 98.98497:2638333 104.10665:8850621 125.00007:20820712 178.2876:2963496 184.07419:1060390720 264.2691:3197848 456.76819:1201908 685.56543:1629878 703.57764:1383110",22.9481803366228,"8918","20.418","703.57678","SM 34:1;O2|SM 18:1;O2/16:0",NA,NA,"[M+H]+","703.57489","-2.68628120028993","C39H79N2O6P","SM","67863.7","703.57581:334932032 704.57916:163505424 705.58252:37728800","78.19033:100913 80.97647:67756 85.68969:80819 86.09592:3674985 98.98563:302526 104.10641:1303061 104.12222:33530 124.99961:2396017 131.27394:86052 131.29823:85222 131.32469:70704 131.33748:57898 166.05748:58085 178.33823:62016 183.34293:96330 184.07333:240409024 184.8073:96709 212.20731:60264 264.27023:447412 272.21387:51364 272.45428:44621 272.52414:62015 276.2272:148370 276.30472:321401 276.43204:752506 276.51755:542994 276.57828:197963 502.50256:299728 520.5119:86500 626.49677:86756 644.78741:168193 685.57245:463170 703.58405:854962","15786868.4969009","362299552","4.35740767819136",0,0,4.32221815381121,15.6545521224528,12.0707918094231,15.6154572204706,16.3773630629189,12.2333200827308,16.3824044986899,15.2840288086437,12.0963857344526,17.7260251944827,16.5147140541385,13.0617087046606,15.7929173580967,15.4412907569844,12.4898479604393,17.095592759098,17.2848150652825,12.380731612683,17.7069815832335,14.3946636503912,14.1518093591798,17.7047547329423,15.9343819650622,13.2949078809536,17.4351004922312,12.2252074369435,13.0091287895393,12.0285967770671,28.4201763787381,28.3889367082966,28.4026656145197,28.4238012048208,28.3772411176313,28.4558674915584,28.5192565101643,28.4413609254674,28.4848184699927,28.5579785013728,28.3495196228219,28.4953607603246,"16354","21.137"
"pos_PC O-36:5|PC O-16:1_20:4_[M+H]+","18369","21.253","766.57782","PC O-36:5|PC O-16:1_20:4","[M+H]+","766.57452","C44H80NO7P","EtherPC","86.08545:8449 86.09596:116386 97.10001:5639 98.98431:6601 104.10686:30011 125.00005:65632 178.28912:18811 184.07413:3060928 354.52563:6122 480.34955:9490 766.58301:30831",28.5306180420242,"10130","20.521","766.57483","PC O-36:5|PC O-16:1_20:4",NA,NA,"[M+H]+","766.57452","-0.404396431038607","C44H80NO7P","EtherPC","359.22","766.57471:1932558 767.57806:903658 768.58142:228041","83.98352:5808 86.09581:75946 98.98521:5963 104.10651:22672 124.99959:58092 184.07341:3519481 185.07629:72592 186.07852:27406 312.20276:6229 480.34991:9341 625.50812:12838 766.58252:84885","64755.5160245524","1231356.5","5.25887637126635",0,0,5.28795096557537,NA,NA,NA,NA,NA,NA,NA,NA,NA,NA,NA,NA,NA,NA,NA,NA,NA,NA,NA,NA,NA,NA,NA,NA,NA,NA,NA,20.3425727921496,20.2480329440078,20.2977704665303,20.1324896885646,20.1821227361504,20.1170533048138,20.2823848713232,20.2965611428765,20.2216673568624,20.2418958917784,20.189823352645,20.1117126104554,"18369","21.253"
"pos_PC 40:7|PC 18:1_22:6_[M+H]+","20887","21.257","832.58911","PC 40:7|PC 18:1_22:6","[M+H]+","832.58508","C48H82NO8P","PC","80.49555:24106 86.09595:432382 95.0121:20656 98.98415:22565 104.10622:52244 124.99969:242798 136.81816:27754 184.07397:10499017 258.4993:23676 504.33865:33527 522.35876:28423 712.51282:22470 832.60193:79509",49.083915355144,"11493","20.524","832.58667","PC 40:7|PC 18:1_22:6",NA,NA,"[M+H]+","832.58508","-1.90971474059848","C48H82NO8P","PC","5955.28","832.58533:12159714 833.58868:7019552 834.59204:1838985","77.97765:8739 86.09613:360744 98.98509:34960 104.10667:62984 124.99966:231613 178.29924:10091 183.34029:8895 184.07333:14810458 278.65268:8756 339.28476:6518 504.34607:21129 522.35535:36338 529.91638:5556 550.33038:16621 568.33954:10853 639.75793:14669 649.53308:16688 832.58624:360766","756444.118442269","12439011","6.08122396902993",0,0,5.99578285355077,8.86727873970966,NA,8.82336724004623,NA,NA,NA,NA,NA,9.2240016741981,9.319672120947,NA,9.06608919045777,9.20945336562895,NA,NA,NA,NA,NA,NA,NA,9.14465824283188,NA,NA,NA,NA,NA,NA,23.7095208658315,23.6050858726833,23.7279176509188,23.4624101581378,23.4630785409505,23.5356059607863,23.6584015297937,23.646073583879,23.5477093281541,23.5603618746145,23.5763308332452,23.544562411654,"20887","21.257"
"pos_PC O-38:6|PC O-18:2_20:4_[M+H]+","19393","21.368","792.59387","PC O-38:6|PC O-18:2_20:4","[M+H]+","792.59021","C46H82NO7P","EtherPC","86.09587:81248 104.10597:15936 124.99968:50292 184.07394:2095537 185.07753:50893 186.07796:14232 250.6422:6149 506.36267:7442 734.57819:14972 792.58508:16194",33.0005858830512,"10657","20.653","792.59222","PC O-38:6|PC O-18:2_20:4",NA,NA,"[M+H]+","792.59021","-2.53598893183546","C46H82NO7P","EtherPC","900.39","792.58966:4040731 793.59301:2342783 794.59637:633312","86.09571:149218 98.98474:15098 104.10627:39601 124.99924:97266 181.99028:5372 184.0733:6000201 185.07678:69765 186.07753:29107 233.83957:6550 321.246:5616 506.36218:10697 609.51636:8840 734.57129:36556 792.59882:122554 792.90436:7883","218986.339525991","3050085.5","7.1796787180553",0,0,7.24957594180194,NA,NA,NA,NA,NA,NA,NA,NA,NA,NA,NA,NA,NA,NA,NA,NA,NA,NA,NA,NA,NA,8.98868468677217,NA,NA,NA,NA,NA,21.586276766598,21.5358078812533,21.3979263089429,21.5657891514973,21.5260416381528,21.545013940841,21.6735721923948,21.6503874011628,21.6054383723367,21.4490392966796,21.4104239189363,21.3291404624716,"19393","21.368"
"pos_PC 38:5|PC 18:1_20:4_[M+H]+","19982","21.736","808.58893","PC 38:5|PC 18:1_20:4","[M+H]+","808.58508","C46H82NO8P","PC","81.8447:226025 86.09595:6054699 98.98368:348319 103.39518:254210 104.10699:1115771 124.99992:3835932 178.33241:567511 184.07402:179810656 184.69629:245797 240.17067:241913 243.75587:268487 504.35303:285504 522.36975:258742 526.33014:272271 808.59338:1100538",18.8662369979118,"10990","20.998","808.5863","PC 38:5|PC 18:1_20:4",NA,NA,"[M+H]+","808.58508","-1.50880844858407","C46H82NO8P","PC","53648.77","808.58441:42466472 809.58776:29083734 810.59112:8088810","86.09609:836244 98.9854:67588 104.10658:163553 124.99961:628835 153.40833:12893 184.0733:37536472 184.80853:13442 339.29059:11358 504.34323:53326 522.35687:109219 526.33118:63828 544.33417:14525 625.52008:25827 640.97131:33680 808.58655:900991","9748211.99067465","152577760","6.38901238992803",0,0,6.32193541355678,12.2928967554092,NA,11.943613701614,12.3072008091408,NA,12.2488170592785,9.10852445677817,NA,12.2697111211428,11.3619437737352,8.8008998999203,12.2969162068793,12.1771080417037,NA,12.9879745242962,12.1839454717572,NA,12.158294103604,9.07681559705083,10.5915223465707,12.6889059306127,11.3325960577892,NA,11.7834075421735,NA,9.27379559921426,NA,27.1960818809875,27.1306687475968,27.1737707537715,27.172906467283,27.2006201234929,27.2574461132846,27.4010982548895,27.2663656444581,27.2466076762506,27.1466162177292,27.0435311546443,27.1357744062858,"19982","21.736"
"pos_PE P-40:7|PE P-18:1_22:6_[M+H]+__A","18675","22.365","774.54712","PE P-40:7|PE P-18:1_22:6","[M+H]+","774.54321","C45H76NO7P","EtherPE","169.11201:72 171.07701:31 173.24701:71 183.54701:60 184.10506:11718 184.43901:354 185.07906:4296 186.063:1095 211.106:60 221.04401:91 226.19:65 251.21101:47 267.12402:55 269.112:96 292.33502:950 293.07901:57 338.26205:344 338.655:67 339.25906:1342 339.73502:110 371.05707:157 384.88907:283 385.27902:17757 385.92102:135 386.28802:63 388.285:94 388.59802:50 389.21201:40 389.83206:368 390.26804:52415 390.897:688 391.22601:97 414.125:176 416.27301:46 436.20102:232 437.10602:81 446.17401:86 462.228:62 464.19901:236 494.34006:365 496.298:302 502.28:246 502.71402:40 504.26001:81 508.28406:721 512.29102:116 518.284:85 519.75903:35 520.34204:14394 520.78699:477 522.33203:594 529.23602:52 576.414:78 577.435:45 589.26898:83 589.66803:373 601.61499:66 602.36102:38 605.46503:96 606.97198:34 607.35602:37 609.49103:69 611.88306:90 612.24799:89 613.43402:52 620.67804:44 626.43799:62 631.61902:52 632.427:41 633.51605:1909 633.84198:26 634.20502:77 635.02203:37 646.862:126 693.56201:130 715.41699:103 716.51599:458 717.64301:53 721.32898:39 722.034:31 738.34198:66 739.28503:62 742.58008:4191 743.091:139 753.00903:128 753.43298:133 753.73401:50 756.52704:5185 756.901:302 757.51501:267 774.93799:125",50.35680554517,"10266","21.903","774.54767","PE P-40:7|PE P-18:1_22:6",NA,NA,"[M+H]+","774.54321","-5.75823264914372","C45H76NO7P","EtherPE","1382.42","774.54401:5351559 775.54736:3293574 776.55072:846142","79.05404:97061 81.0332:14466 81.0597:7071 81.06966:111560 83.08528:26557 86.09654:7196 91.05389:119666 93.06952:162699 95.04902:20881 95.07288:9427 95.08508:137963 97.06451:23069 97.10077:18290 105.04486:6247 105.06953:95232 107.08524:93978 109.06569:13115 109.10088:61619 115.14539:5716 117.06956:67803 119.0669:9442 119.08523:139204 121.06452:10487 121.10081:100847 123.08044:11920 123.11607:29710 129.05119:6771 129.06981:34982 131.0853:107004 133.10077:120852 135.07991:17429 135.11658:54256 137.09555:12320 141.06934:21919 143.08505:40909 145.10077:80677 147.08043:17294 147.11649:65993 149.09488:13678 149.132:25341 151.14624:5995 155.01013:9954 155.08655:12959 157.10046:33985 159.11655:58227 161.09682:17878 161.13231:47836 163.11159:12173 163.14671:6584 167.08554:6805 169.10114:28439 171.11636:44898 173.13213:31344 175.11057:15671 175.1481:26512 181.10068:11706 183.11696:26956 184.07317:353127 185.07597:70094 185.1328:26410 186.0779:29200 187.11263:9619 187.14836:18775 189.1628:11698 195.11687:13399 197.13182:12966 199.14792:17021 201.12668:9730 201.16376:15552 203.17903:7232 209.1335:13944 211.14725:13161 213.16548:15958 215.1808:9335 223.14827:15028 225.16653:9154 227.17938:6419 245.22678:8157 287.27203:13786 292.30005:210020 293.22614:7839 305.28387:54507 310.31049:30011 311.23734:11701 335.26944:5828 354.27826:41114 355.07349:13228 359.03308:9401 385.27292:2389785 387.29202:12652 390.27621:675934 446.30399:20107 464.31366:32502 508.28445:7690 633.52008:61384 716.55872:8013 756.53662:11841 774.57629:14697","200990.965098314","4988811.5","4.0288346252071",0,0,4.00503085902037,NA,NA,NA,NA,NA,NA,NA,NA,NA,NA,NA,NA,NA,NA,NA,NA,NA,NA,NA,NA,9.12928301694497,NA,NA,NA,NA,NA,NA,22.2331129051624,22.2515251734232,22.2623383388097,22.2372846634109,22.1772911755968,22.3279311286461,22.3521291203499,22.3364188425334,22.2490031806288,22.2752094781975,22.1776658887856,22.2132154897197,"18675","22.365"
"pos_PC O-40:7|PC O-18:1_22:6_[M+H]+__A","20396","22.427","818.61029","PC O-40:7|PC O-18:1_22:6","[M+H]+","818.60577","C48H84NO7P","EtherPC","184.07304:418825 184.75105:1647 490.21301:752 503.327:928 508.38202:7844 550.27808:4808 550.58502:2267 631.63501:2009 633.45105:9661 635.54498:3762 677.47101:1619 690.724:1002 786.75299:843 802.625:1141",36.4554049939727,"11199","21.69","818.60712","PC O-40:7|PC O-18:1_22:6",NA,NA,"[M+H]+","818.60577","-1.64914547328708","C48H84NO7P","EtherPC","3393.84","818.60596:10385963 819.60931:7365205 820.61267:1932306","83.08535:7890 85.93418:7636 86.09599:346172 98.98467:30391 104.10642:92436 124.99948:241257 125.02055:12325 151.48503:6307 184.07315:14345884 185.07684:15702 508.37808:44700 633.56543:10976 635.53607:11194 639.79175:12765 818.60614:340247","547887.840851574","10457628.5","5.23912128693015",0,0,5.24564421489326,NA,NA,NA,NA,NA,NA,NA,NA,NA,NA,NA,NA,NA,NA,NA,NA,NA,NA,NA,NA,NA,NA,NA,NA,NA,NA,NA,23.3079642611098,23.3279053696307,23.4385784236692,23.2898324562499,23.3016748060336,23.3712491476048,23.3366031243714,23.3528298461126,23.308131655157,23.3780562736364,23.2229969365299,23.1368489343791,"20396","22.427"
"pos_PC 37:4|PC 17:0_20:4_[M+H]+","19542","22.552","796.58893","PC 37:4|PC 17:0_20:4","[M+H]+","796.58508","C45H82NO8P","PC","79.4575:16684 84.27003:17872 86.09598:646015 86.10831:22990 87.75872:13529 89.00342:14642 98.98479:24942 104.1067:105953 108.44713:15011 124.99995:395018 166.06458:16168 184.07405:15741794 185.0802:16744 188.38626:15230 327.29169:22198 492.35132:20076 510.36353:36905 526.33142:21617 796.599:184575",28.8957819481228,"10739","21.812","796.58606","PC 37:4|PC 17:0_20:4",NA,NA,"[M+H]+","796.58508","-1.23025151315519","C45H82NO8P","PC","3051.98","796.58612:10271577 797.58947:6016642 798.59283:1627802","86.09616:258835 98.98583:19069 104.10669:44919 124.99972:174638 183.33441:7535 184.07347:12028921 184.81995:7456 185.0777:11084 186.08127:5823 424.41177:6487 445.24789:6243 492.35101:16599 510.35587:40474 526.32751:17446 544.33868:6291 613.53198:10590 639.16223:12571 796.58588:323117","671250.924172373","10287923.5","6.52464925669765",0,0,6.51787627675733,NA,NA,NA,NA,NA,NA,NA,NA,NA,NA,NA,NA,NA,NA,NA,NA,NA,NA,NA,NA,NA,NA,NA,NA,NA,NA,NA,23.3423401657012,23.1972052924025,23.3263629641994,23.3977874226405,23.3780204101052,23.2899646906124,23.457342925941,23.2989183858195,23.2592438630928,23.1839948256833,23.1377799515596,23.2487498991792,"19542","22.552"
"pos_PC O-32:1|PC O-16:0_16:1_[M+H]+__A","16814","22.62","718.57837","PC O-32:1|PC O-16:0_16:1","[M+H]+","718.57452","C40H80NO7P","EtherPC","86.02096:37685 86.09597:366841 104.10728:71861 104.76382:45350 119.1885:34545 124.99978:214849 184.07408:13693235 482.36609:43983 718.58417:282873",30.8733400630201,"9206","21.896","718.57751","PC O-32:1|PC O-16:0_16:1",NA,NA,"[M+H]+","718.57452","-4.16101589568512","C40H80NO7P","EtherPC","2302.19","718.57544:2873874 719.57879:1416255 720.58215:305614","86.08583:8260 86.09616:92158 98.98511:7098 104.10688:40399 124.99982:64855 125.01883:9715 125.09534:6593 177.96797:4960 178.29424:12648 184.0733:6709106 185.0757:6953 332.79309:5578 482.35913:21168 535.51196:10129 577.51044:17228 718.57385:226779","303535.410359456","5045064","6.01648285055365",0,0,5.94816578108093,NA,NA,NA,9.64925617751731,NA,NA,NA,NA,NA,NA,NA,NA,9,NA,9.14465824283188,NA,NA,NA,NA,NA,NA,NA,NA,NA,NA,NA,NA,22.2893648965301,22.2743653555141,22.3106909891242,22.2584731597075,22.2078996654141,22.378493842784,22.4307863567941,22.3834609340062,22.2492222693956,22.252696612286,22.1298137658691,22.2018487187982,"16814","22.62"
"pos_PE P-40:7|PE P-18:1_22:6_[M+H]+__B","18674","22.648","774.54645","PE P-40:7|PE P-18:1_22:6","[M+H]+","774.54321","C45H76NO7P","EtherPE","77.95831:8854 79.05437:56735 80.31802:7379 81.07002:48182 83.08562:9688 86.0965:23819 91.05445:53454 93.07001:77262 95.08578:66723 97.10149:12776 105.07037:47463 107.08586:41629 109.10175:32269 117.07011:27934 119.08592:63311 121.10129:31290 124.60572:9476 124.99888:12570 129.07062:17558 131.0858:57166 133.10167:39706 135.11804:20345 143.08603:14145 145.10213:29542 147.11719:27626 155.08452:9411 159.11526:16540 161.09987:9521 161.13263:13038 171.11696:11406 173.13188:11100 175.14891:10686 178.35526:11812 183.11923:12200 184.0741:612631 185.07736:135221 185.1338:11794 186.0789:41224 292.30157:95037 299.20151:8562 310.31424:9436 339.29221:42773 352.24249:9595 385.27563:689820 390.27832:205213 633.53363:9766 774.59235:11968",44.6056451252527,"10265","22.14","774.54303","PE P-40:7|PE P-18:1_22:6",NA,NA,"[M+H]+","774.54321","0.232395039652198","C45H76NO7P","EtherPE","827.91","774.5426:629369 775.54595:322749 776.54931:88619","79.0534:15011 81.06895:15371 91.05314:18073 93.06867:22626 95.08469:16929 105.06879:12990 107.08488:10519 109.09976:11245 117.06861:10083 119.08392:16094 121.10033:13440 122.40382:5212 131.08397:16648 133.09991:10785 145.10181:6884 157.09824:6718 171.11656:5919 178.29959:11689 184.07233:115756 185.07565:34765 186.07724:12202 292.30017:31717 368.72852:5498 385.27335:286094 390.27643:83129 633.52692:8468","223224.399416956","3767624.5","5.92480485825898",0,0,5.96470864100932,8.84862294042934,NA,NA,NA,NA,NA,NA,NA,NA,NA,NA,NA,NA,NA,NA,NA,NA,NA,NA,NA,NA,NA,NA,NA,NA,NA,NA,21.9094463316822,21.6915143660128,22.0013030398646,21.8478965416326,21.8425460081831,21.8712261983006,21.8991592233345,21.804097926263,21.8646535546806,21.749907880687,21.7455274383329,21.771187189149,"18674","22.648"
"pos_PE P-36:4|PE P-16:0_20:4_[M+H]+__A","16981","22.687","724.53082","PE P-36:4|PE P-16:0_20:4","[M+H]+","724.52759","C41H74NO7P","EtherPE","79.0539:681032 81.06952:1102189 83.04905:87212 83.0853:234757 85.06453:232975 85.10084:85989 91.05396:1280546 91.5098:84473 91.71659:85570 93.06953:1230111 95.04952:107326 95.08518:1433695 97.06461:499963 97.10145:192622 105.05497:97315 105.06973:1124199 107.0854:925681 109.06477:92010 109.10104:657985 110.81011:78644 117.06978:648825 119.08546:1924748 121.10109:1083611 123.08018:293505 123.11699:262692 129.05435:1408529 131.08556:880784 133.10121:1298034 135.08066:204664 135.11699:528871 137.09554:157115 137.13211:132685 143.08514:279698 145.10114:503493 147.11685:662941 149.09471:190604 149.13268:208707 157.10127:756843 159.1172:304840 161.09686:209114 161.13254:483863 163.14854:120527 167.14337:84172 169.08788:116629 171.1165:639739 173.1339:138994 175.11401:162547 175.14854:497124 177.16351:162235 185.13292:537897 187.14752:257543 189.16449:298233 191.18054:154723 197.11769:242563 199.14929:252830 201.16473:241954 203.17998:2350034 213.16298:100232 215.17839:151824 227.18092:105488 241.19672:101326 266.28537:2602128 269.22763:1315790 279.2706:303039 284.29605:281318 287.23685:217809 330.28143:95496 361.2756:13318220 364.26324:6577204 420.28958:163222 438.29892:270681 583.51288:124645 706.53247:107534",15.0562452411617,"9337","21.936","724.5285","PE P-36:4|PE P-16:0_20:4",NA,NA,"[M+H]+","724.52759","-1.25599081737689","C41H74NO7P","EtherPE","208.35","724.5274:243826 725.53075:119885 726.53411:31101","81.0698:9315 91.05311:7762 93.06886:5286 97.06391:5224 105.06852:6307 107.08415:6542 115.2127:5159 119.08463:15008 121.10019:12614 131.08359:9277 133.10011:10787 145.10112:8518 157.09969:6988 185.13052:6973 203.17931:20388 266.28519:24112 269.23071:8443 279.26553:8089 361.2753:123699 364.26199:43788 558.24109:5952 583.50452:5928","25217.1805137015","631410","3.99378858644961",0,0,4.00143665527463,9.34429590791582,NA,NA,9.13955135239879,NA,8.91288933622996,9,NA,9.17741953798924,8.79116288855502,NA,NA,9.49984588708321,NA,NA,NA,NA,NA,NA,NA,NA,NA,NA,NA,NA,NA,NA,19.2726753422805,19.2682632808955,19.2681718857614,19.310262182627,19.2045401007552,19.3094941174118,19.3482894325906,19.3448766838356,19.2430344834737,19.244612371602,19.1713600750655,19.1871732331989,"16981","22.687"
"pos_PC O-40:7|PC O-18:1_22:6_[M+H]+__B","20394","22.688","818.60962","PC O-40:7|PC O-18:1_22:6","[M+H]+","818.60577","C48H84NO7P","EtherPC","81.93213:30659 86.09593:975932 98.98397:81880 104.10652:245093 124.98329:41475 124.99991:496601 180.65642:30086 184.07391:24151678 242.08051:145932 330.31555:30191 508.37628:74331 633.58972:35333 677.56494:113306 806.55298:52054 818.62323:232318",45.563569639566,"11198","21.977","818.60638","PC O-40:7|PC O-18:1_22:6",NA,NA,"[M+H]+","818.60577","-0.74516943600071","C48H84NO7P","EtherPC","883.51","818.60638:4684223 819.60973:2438032 820.61309:696683","78.07788:5030 86.09581:179365 98.98459:13382 104.10653:46777 117.53545:5549 124.99955:131158 184.07339:7403102 185.07668:6773 193.19011:6244 508.38135:21511 633.57849:22754 635.53455:14121 638.22211:6928 677.56476:13211 760.58966:8368 818.61395:173096 818.93683:10140","197259.389431246","2701534.5","7.30175348237255",0,0,7.09513998903603,NA,NA,NA,NA,NA,NA,NA,NA,NA,NA,NA,NA,NA,NA,NA,NA,NA,NA,NA,NA,NA,NA,NA,NA,NA,NA,NA,21.393981124154,21.333324624636,21.3336838572366,21.3873899862711,21.4564140782672,21.3429633574474,21.5512858168032,21.498460178059,21.5957728561857,21.2740220495294,21.3391633357126,21.335958375565,"20394","22.688"
"pos_PC 32:0|PC 16:0_16:0_[M+H]+__A","17307","22.738","734.57318","PC 32:0|PC 16:0_16:0","[M+H]+","734.5694","C40H80NO8P","PC","84.22224:8423 85.99254:5544 86.09601:188039 98.98438:8887 104.10636:34128 124.99995:101650 184.07408:6685016 185.07941:6220 225.9624:5820 478.33325:13466 496.34808:21955 551.5105:10125 676.38489:6672 734.58411:101201",29.8045084240775,"9517","22.012","734.57025","PC 32:0|PC 16:0_16:0",NA,NA,"[M+H]+","734.5694","-1.15714049620636","C40H80NO8P","PC","696.55","734.56879:1669839 735.57214:876366 736.5755:186423","86.09583:52238 104.1064:13534 124.99927:36132 145.36992:6194 184.07327:3662922 470.24457:5614 478.32785:10221 482.02344:5977 496.34241:15075 551.50317:8601 734.57672:145017 734.84937:9584","110088.857240895","1866932.5","5.8967775878825",0,0,5.76188282641515,11.467605550083,9.57931593758001,11.2502984179063,12.4040771362412,9.2336196767597,12.0576533399639,10.8641861446543,9.7176764230664,12.0977029635247,10.393390457444,10.4888443464573,11.4093909361377,10.2597432636908,8.99435343685886,11.5240519187178,10.5459297690855,8.93663793900257,11.977995368613,NA,10.2957689344205,11.3470676571659,11.3695973462787,10.6995724532873,11.9954138522252,NA,NA,NA,20.8238531136135,20.8170101762171,20.810297833831,20.8377264745492,20.9064884211887,20.8376317825703,20.9809484117432,20.9214814095334,21.0364660936171,20.8268246513571,20.7642091022292,20.7991155821169,"17307","22.738"
"pos_PC O-32:1|PC O-16:0_16:1_[M+H]+__B","16813","22.789","718.57788","PC O-32:1|PC O-16:0_16:1","[M+H]+","718.57452","C40H80NO7P","EtherPC","86.09595:409722 98.984:18849 104.10671:144299 124.99979:232435 154.2908:13860 184.07391:14829260 482.36606:39660 535.50513:17336 676.07123:16833 718.58862:182444",33.0414223170029,"9202","22.065","718.57513","PC O-32:1|PC O-16:0_16:1",NA,NA,"[M+H]+","718.57452","-0.848902908410706","C40H80NO7P","EtherPC","2380.03","718.57428:5640925 719.57763:3161330 720.58099:624592","83.13259:5919 84.27967:5798 86.09623:119384 98.98528:13000 104.10674:50129 124.99979:74924 178.29185:7845 184.07332:8362968 185.07822:8859 482.35867:23604 535.50604:8718 603.53241:7092 638.12476:6722 718.57349:287663","360995.431671705","5782624","6.24276161949498",0,0,6.29031269865462,NA,NA,NA,NA,NA,NA,NA,NA,NA,NA,NA,NA,NA,NA,NA,NA,NA,NA,9,NA,NA,NA,NA,NA,NA,NA,NA,22.4850959437466,22.3427924981397,22.424890799199,22.5738198206618,22.5391062611294,22.4536835923423,22.5593009958275,22.4728385610249,22.4304002281108,22.4908303161217,22.2674325147716,22.3559357714611,"16813","22.789"
"pos_PE P-38:5|PE P-18:1_20:4_[M+H]+__A","17806","22.797","750.54657","PE P-38:5|PE P-18:1_20:4","[M+H]+","750.54321","C43H76NO7P","EtherPE","79.05357:111881 81.06905:223568 83.08472:45748 85.06509:32709 85.10011:183382 91.05348:223778 93.06903:211375 95.08459:251294 97.0638:79626 97.10123:41613 105.06925:174176 107.0845:191320 109.10053:142712 117.06901:120044 119.07016:24894 119.08472:341787 121.10073:202451 123.08057:42113 123.11635:39503 129.05345:182812 131.08456:177747 133.1004:249835 135.11551:82595 137.09677:38888 137.13069:24991 143.08534:62634 145.10004:91240 147.11639:102164 149.13231:43922 157.09982:113244 159.11664:61178 161.09843:39987 161.13176:112303 171.11572:116854 173.13266:35631 175.14618:55218 184.073:39450 185.13342:59117 187.14812:45540 189.164:32156 197.11729:34289 199.1476:39073 201.16194:42984 203.17926:272102 266.28366:53292 269.22781:121767 287.2413:29866 292.30029:333031 310.30884:51784 354.28012:48615 361.27533:1586773 364.26208:169114 387.29163:588438 390.27823:818914 390.36499:19347 514.61237:29572 609.5271:359173",48.7329147799496,"9819","22.335","750.5434","PE P-38:5|PE P-18:1_20:4",NA,NA,"[M+H]+","750.54321","-0.253149981831217","C43H76NO7P","EtherPE","4837.89","750.5434:116899432 751.54675:52400644 752.55011:12605328","77.03915:27604 79.05412:570316 81.03324:79489 81.06982:1142967 83.0487:55629 83.08539:276611 84.08059:19821 85.0647:163852 85.1011:106172 91.05418:1043368 93.06977:936505 95.04897:113654 95.08537:1285357 97.06466:456667 97.10104:254246 99.0803:42635 101.06126:18245 103.03839:32822 105.06983:924284 107.08534:835237 109.06461:68845 109.10103:735873 111.08057:69214 111.11647:85486 115.05562:25640 117.06978:573575 117.08791:43660 119.08544:1548338 121.06762:43106 121.1011:1105376 123.08045:252759 123.11668:348499 125.09624:93886 127.0764:21603 129.05447:837841 129.07034:120609 131.08559:820715 131.10397:13431 133.10118:1373214 135.08015:130145 135.1169:694954 137.09621:163523 137.13255:195734 143.08551:281408 145.10132:539930 147.07993:45269 147.117:773659 149.09663:151323 149.13246:351670 149.15768:29757 151.1118:64029 151.14819:99531 155.01079:108957 157.10127:661736 159.11703:395288 161.09692:184141 161.13275:603397 163.11232:110691 163.14833:278140 165.12836:26373 165.16325:53989 167.14447:29714 169.08372:42210 171.11664:590480 173.09961:36956 173.13326:249485 175.11209:137652 175.14838:581465 177.12746:49877 177.1642:168094 178.30069:46272 179.1068:23653 179.14473:23250 179.17891:30426 180.04276:32958 183.11722:51646 185.13286:448362 187.1125:16137 187.14862:315037 189.12772:98715 189.16411:331631 191.14407:31869 191.1796:133671 197.11864:185583 199.14883:269450 201.123:22278 201.16429:372817 203.18001:2126280 205.19646:77280 211.14116:25593 213.16429:176539 215.17996:82759 217.15732:23775 217.19923:27508 221.1922:34893 227.17902:126590 229.19942:28709 237.14178:27113 241.19539:141273 243.21121:56894 245.228:148681 259.24384:62829 261.25418:25467 266.28476:205699 267.21167:47854 269.22723:1155612 271.24463:69656 279.26984:203616 284.29929:35964 285.22247:70807 287.23944:244042 292.30106:1716888 305.28461:417724 310.31158:272251 330.27991:390288 356.29462:45720 361.27499:13246280 364.26196:696092 364.34229:21727 387.29102:3155288 390.27789:6249628 420.28424:29548 438.30011:27920 446.30472:196416 464.31509:342756 484.28708:71815 591.52264:21159 609.52478:638490 732.53253:150305 750.54376:30193","2433569.07902028","48427254","5.02520559811276",0,0,4.99736324754106,11.7887183326905,NA,11.6978363579624,12.0091287895393,9.03066713624694,11.1910592145317,10.0484868739923,NA,12.3108967487977,10.6320864128352,NA,11.9744145898055,11.927407612949,NA,12.2413873639989,11.2992080183873,NA,11.380461065089,9.16490692667569,10.328674927328,11.698270577692,11.0168082876865,NA,11.2544381482673,11.7747870596012,NA,11.8517490414161,25.6399435532093,25.5517070883342,25.4279888620584,25.5064287766591,25.5800110026777,25.523056268358,25.6736999592849,25.5423024073227,25.5297928572446,25.5288387119104,25.4748867651289,25.4497928533482,"17806","22.797"
"pos_PC O-38:5|PC O-18:1_20:4_[M+H]+","19469","22.908","794.60999","PC O-38:5|PC O-18:1_20:4","[M+H]+","794.60577","C46H84NO7P","EtherPC","86.09585:25514138 104.10607:7353714 124.99968:13321508 162.59851:2851909 178.27672:3670291 184.07393:723817152 508.37967:3637308 794.61578:5282828",20.1198958484058,"10699","22.155","794.60632","PC O-38:5|PC O-18:1_20:4",NA,NA,"[M+H]+","794.60577","-0.692167135881263","C46H84NO7P","EtherPC","46250.8","794.60651:8747150 795.60986:4835630 796.61322:1309148","79.17076:5090 86.09613:282988 98.98513:29919 104.10665:76633 124.9997:178191 184.07338:12874912 185.07784:19478 186.0795:11989 275.44333:6452 490.35574:6842 508.37854:33910 535.59186:7400 611.54266:10791 639.15863:11268 653.54968:10448 794.60687:314870","11215648.8146083","152152040","7.37134304253058",0,0,7.29205599676498,11.8548683832602,NA,11.4928546201748,11.6860627498954,9.22881869049588,11.7648715907361,8.95128471496697,NA,12.1854949242109,9.78790255939143,NA,10.4199601778479,12.1674181458317,NA,12.7017396386744,11.9829935746943,NA,11.5722265127937,NA,NA,12.4421659722293,9.98441845880114,9.29462074889163,11.6361714416359,NA,NA,NA,27.2620766319003,27.107058839133,27.456023089272,27.1185826312023,27.1911111879589,27.1420232076923,27.1936476248511,27.1522794259008,27.2020611822428,27.1706934445469,27.0711615034829,27.2523368484002,"19469","22.908"
"pos_PE P-36:4|PE P-16:0_20:4_[M+H]+__B","16984","22.999","724.53156","PE P-36:4|PE P-16:0_20:4","[M+H]+","724.52759","C41H74NO7P","EtherPE","79.05341:98891 81.069:149053 83.08449:50144 85.06425:19617 85.10077:28624 91.05332:189839 93.06889:156295 95.08458:214630 97.064:83991 97.10148:32575 105.06914:154369 106.18212:16572 107.08472:158435 109.10023:120318 116.55482:20923 117.06913:76204 119.08464:243674 121.10046:191056 123.08044:41487 123.11552:48796 129.05405:167402 129.07265:27558 131.08481:106689 133.10045:154336 135.08086:20988 135.11621:82773 143.0845:45266 145.1008:82292 147.1163:98523 149.13326:34324 157.10078:93908 159.11584:41647 161.09853:21781 161.13153:50692 163.14905:29771 170.0334:21580 171.11612:61491 173.13292:24156 175.11272:22536 175.14809:68227 177.16357:30823 178.33191:49292 185.13213:55837 187.14957:41064 189.16306:34306 197.11603:28638 199.14751:30293 201.1626:43221 203.14287:25723 203.17935:251266 266.28436:334486 269.22644:123185 279.26859:135628 284.29639:48678 287.24005:31518 330.28372:31311 361.27521:1413210 364.2626:735630 364.367:20017 420.29395:22464 438.30444:35610 583.50934:29982",34.6131072087883,"9338","22.222","724.5304","PE P-36:4|PE P-16:0_20:4",NA,NA,"[M+H]+","724.52759","-3.87838922732261","C41H74NO7P","EtherPE","27729.01","724.52911:186614000 725.53246:88212776 726.53582:20826822","75.04356:30141 77.03867:96344 79.05376:1225674 81.06939:1957052 83.04864:171479 83.07558:48645 83.08503:676336 85.06428:397581 85.10069:280283 91.05376:1839056 93.06931:1926638 95.04874:128586 95.08495:2493432 97.06423:1260580 97.07932:59507 97.10056:663651 99.07979:47775 101.05947:46445 103.03862:101648 105.06933:1806560 107.04939:65580 107.08499:1799989 109.06451:134998 109.10061:1380304 109.11742:30984 111.07967:165034 111.11618:204514 117.0512:60062 117.06946:1196826 119.08505:3184518 121.10069:2451926 123.08:462931 123.11627:776473 124.01365:34298 125.09575:197678 127.07541:34531 129.05403:2047121 129.07047:307989 131.08514:1897315 131.10484:28605 131.11897:43917 133.10077:2361930 135.07988:292458 135.11649:1486328 135.13506:19739 135.14061:56896 137.09572:241235 137.13217:436024 139.10957:34862 143.06345:45910 143.08517:616513 145.10075:1088967 147.08028:123930 147.11655:1437684 149.0961:386510 149.13208:799956 151.14789:220540 153.08942:34186 155.01053:205340 157.10091:1399347 158.10907:47284 159.11649:751876 161.09628:397632 161.13239:1039068 163.1118:240834 163.14783:583280 165.12749:36678 165.16364:92747 167.1434:44712 169.08543:117468 171.11635:1338182 173.10075:31565 173.1326:575542 175.11172:395626 175.14816:1029727 177.12741:98159 177.16385:429046 178.29642:63587 179.18019:55294 180.04224:82209 183.11696:76119 185.1324:1080012 187.11288:43340 187.14825:640630 189.12743:237574 189.16385:692697 191.1795:309342 197.11786:461043 199.14798:607254 201.16393:820104 203.17972:5512310 205.15765:76673 205.19675:109973 207.13467:51911 211.13596:85011 213.16415:389598 215.17999:222422 217.15848:51522 217.19896:49559 219.21173:89508 221.1497:48855 227.18018:288224 229.19647:59677 231.17181:52540 235.23953:37952 237.22171:50179 241.19542:349832 243.21127:193658 245.22781:167230 259.24106:113802 261.25891:244100 266.28516:4779558 267.21198:72274 269.22726:2886689 271.24292:162901 279.26917:3152786 281.21155:32804 284.29575:692601 285.22214:166373 287.23859:691392 287.30292:53213 295.23059:43554 297.28171:36711 305.24637:48850 330.28076:918308 330.36795:55110 346.25024:45985 361.27563:34229452 364.26279:14640941 420.28922:444274 438.30017:865913 484.28354:126029 552.5144:64922 565.49664:38568 583.51276:1247828 650.8681:33678 706.52026:323841 724.5343:106396","4985459.81421357","128668376","3.87465822543184",0,0,3.86646941244023,12.8579809951276,NA,12.7260052311286,12.9355334129508,9.50382573799575,12.7770497884388,12.1068900450922,NA,13.4756067843403,12.0556213747817,9.7797193551434,13.0461008450288,13.6124077931387,NA,13.6322000421851,13.1091777033553,NA,12.7617589788688,8.84862294042934,9.64565843240871,12.9980614856364,12.2908828224296,10.1124395067816,12.8699793329,NA,NA,NA,26.9416731726219,26.8760335928912,26.9416292082496,26.8536112911145,27.0290654289928,27.0011397946119,27.0268087702914,26.9575156818536,26.902843653559,26.9179092340591,26.9090694143488,26.9365308312515,"16984","22.999"
"pos_PC 32:0|PC 16:0_16:0_[M+H]+__B","17306","23.06","734.573","PC 32:0|PC 16:0_16:0","[M+H]+","734.5694","C40H80NO8P","PC","86.09593:9072856 98.98314:512803 104.10631:1335885 112.12667:313550 124.98109:407247 124.99992:4583761 178.28625:655209 184.07391:236477456 237.77629:296488 478.3371:586290 496.34863:426155 627.14026:378684 691.35437:384540 734.57581:2228819",18.1548897969253,"9518","22.315","734.57092","PC 32:0|PC 16:0_16:0",NA,NA,"[M+H]+","734.5694","-2.06923947557266","C40H80NO8P","PC","70587.75","734.57043:336139680 735.57378:179438080 736.57714:42925816","78.16202:125505 80.97653:114128 85.72231:79051 86.09622:4743197 98.98602:359346 104.1067:1182634 124.99984:3193712 131.17088:92302 131.19351:140643 131.22235:81703 131.2343:96047 178.34009:89360 184.07343:304618528 272.44202:75852 276.54797:173393 276.61911:360396 276.74872:910945 276.83502:638837 276.89569:231707 419.26749:84807 478.33276:805125 496.3428:1028839 551.50415:362643 644.11865:228138 734.57172:8653684","16037679.9406715","241676088","6.63602265056175",0,0,6.58443880759598,15.8630731220099,14.5120614167522,15.8806836123177,17.1956701746731,14.6766182635885,16.7488217946147,15.4182149886598,15.0190259792418,17.5051059714997,16.0841024768805,16.2007645335837,15.9113919878435,15.6422491697375,14.0455890392974,17.2168216280039,16.5388709463086,13.9004894848346,17.6618894125393,14.4486325677306,16.495355392236,17.5190526196972,16.8349277455285,16.0986284206357,17.4240678482981,13.8147827150621,13.595607155062,13.535639892993,27.9319163070859,27.8426439265183,27.7959481831284,27.829313269071,27.8543313943595,27.799695549662,28.0900843063805,27.8798725312111,27.8760364978067,27.8671164791326,27.8022910329193,27.7151592194192,"17306","23.06"
"pos_PE P-38:5|PE P-18:1_20:4_[M+H]+__B","17805","23.108","750.5462","PE P-38:5|PE P-18:1_20:4","[M+H]+","750.54321","C43H76NO7P","EtherPE","79.05413:69354 81.06973:126322 83.04877:12622 83.08533:27579 84.29948:9032 84.77146:8880 85.06521:11697 85.1017:10833 91.05407:133023 93.06978:129897 95.08552:156111 97.06469:45271 97.10152:20402 105.06993:116475 107.08554:103483 109.1011:75355 117.07013:75996 119.08569:175555 121.10125:107472 123.08143:20544 123.11667:40359 129.05446:95833 129.07158:15704 131.08563:88592 133.10126:116742 135.08037:14893 135.11732:61819 137.09677:13807 143.08603:29667 145.10138:48485 147.11693:63737 149.09538:13781 149.13287:29606 150.55809:8937 151.14671:9833 157.10179:67541 159.11749:29186 161.09746:14015 161.13219:49249 163.11395:12501 163.14803:18871 171.11713:59356 173.1337:20383 175.11333:12662 175.14879:32946 177.16196:14126 180.0434:11157 184.07434:19533 185.13387:35140 187.14896:23479 189.16396:25830 191.18074:12423 197.11856:26977 199.14642:18033 201.16554:27601 203.18013:179992 213.16374:11487 227.17992:10297 241.19164:12673 266.28589:22439 269.22794:86837 279.26407:11413 287.23749:25724 292.30112:186757 310.31189:30481 330.2803:11224 361.27563:978530 364.26291:53298 387.29178:249988 390.27875:515024 446.30539:18749 464.32053:25910 478.33038:28095 609.52051:12102",23.6703958126555,"9820","22.578","750.54364","PE P-38:5|PE P-18:1_20:4",NA,NA,"[M+H]+","750.54321","-0.572918379925835","C43H76NO7P","EtherPE","2606.99","750.54401:29105212 751.54736:14453590 752.55072:4146802","77.0391:10957 79.04417:7232 79.05378:196853 81.03295:36880 81.0694:325920 83.04885:22566 83.08504:101031 85.06437:50802 85.10073:34196 91.05372:302181 93.06931:277469 95.04862:31469 95.08496:398498 97.06423:149978 97.10052:70165 99.08071:6248 101.05976:5545 103.03871:12353 105.06932:267732 105.08569:10403 107.085:250687 109.06396:24867 109.10061:240953 109.11846:5977 111.08025:17998 111.11672:24129 113.09531:6059 115.05463:10273 117.06937:173137 117.58772:5612 119.08506:472588 121.10073:348390 123.07981:75267 123.11625:120826 125.09588:23364 129.05403:291654 129.07069:45338 131.08516:252151 131.10796:12719 133.10077:420996 135.07977:44228 135.11647:192193 135.14003:8502 137.09557:54572 137.13225:68686 141.06978:9135 143.08517:84718 145.10086:151438 147.08096:15112 147.11661:253762 149.09602:51843 149.13199:92666 151.1118:17489 151.14839:33640 153.12643:6352 155.01016:21639 157.10094:194314 159.1165:104642 161.09631:54286 161.13237:168326 161.16304:8129 163.11128:29365 163.14766:79170 165.12685:9753 165.16328:18993 167.1432:8563 169.08363:16108 171.11623:196250 173.13237:71134 175.11191:60310 175.14819:162158 175.18169:10734 177.13031:8758 177.1638:62484 179.10432:5177 179.17932:9492 180.04173:12368 181.15591:5752 183.11902:14229 184.07382:16641 185.13239:151918 187.14824:97122 189.12743:26790 189.16382:108924 189.20221:9088 191.17935:52813 197.11806:66736 199.14818:81583 201.12776:7181 201.16408:108600 203.14676:26948 203.17976:755021 205.15761:12244 205.19676:29229 207.13539:6868 211.13501:13196 213.16451:51467 215.18019:39879 217.19742:8951 221.18996:7217 227.17958:48379 238.43243:5624 241.19505:43642 243.21141:24460 245.2269:35104 247.24417:6958 259.2417:19980 261.2597:7013 266.28702:6719 267.21194:18664 269.2272:376520 271.24307:20808 285.22183:19739 287.24005:84381 292.30121:631718 295.22989:8638 305.28479:136369 310.31223:92816 330.28104:133670 361.27567:4560046 364.25702:7739 387.2933:34557 390.27878:2093638 446.30524:59056 464.3165:117774 464.44293:8297 484.28882:21609 578.53864:9489 609.52881:173729 732.53955:39536 750.539:10634","1179202.73285089","29976439","3.93376522425124",0,0,3.93158980527285,11.3157156580222,NA,NA,11.0518886559054,NA,8.96578428466209,NA,NA,10.9329528921947,9.50382573799575,NA,NA,12.2711711911398,NA,11.7397806097733,8.84862294042934,NA,9.61838550225861,NA,NA,10.7706638929168,NA,NA,11.0430272835946,NA,NA,NA,24.8166843805443,24.9287222113905,24.8826583469918,24.7081453048042,24.8192167563461,24.7999468722768,24.86439096219,24.8996704757097,24.8297683101467,24.8448436581685,24.8562267972414,24.7947741903091,"17805","23.108"
"pos_PC 40:5|PC 18:0_22:5_[M+H]+__A","21041","23.534","836.62103","PC 40:5|PC 18:0_22:5","[M+H]+","836.61639","C48H86NO8P","PC","77.79773:101207 77.80753:86776 86.09602:3522130 86.10808:117115 98.98438:170215 104.10663:515268 124.9999:2294810 178.28711:195328 184.07416:92926640 185.07834:105071 506.36346:106071 524.37927:181015 675.48016:109516 805.74579:265741 836.63947:653197",19.7909580343324,"11596","22.732","836.61707","PC 40:5|PC 18:0_22:5",NA,NA,"[M+H]+","836.61639","-0.812797846320543","C48H86NO8P","PC","14173.52","836.61548:23179786 837.61883:15089072 838.62219:4465382","78.04326:9449 85.84966:9321 85.86013:12053 86.09612:499698 98.98496:41974 104.10664:98509 124.99968:342983 132.15634:6838 178.29388:17219 183.33546:5968 184.07336:21253704 184.81291:7395 185.05884:11828 278.29248:11613 278.3653:11095 506.36349:17883 524.37384:51761 550.38373:14720 552.35083:23162 570.35675:5741 606.56506:8780 641.29449:14076 653.55121:22064 836.61816:519256","1927429.16160332","29079026","6.62824525691927",0,0,6.71635747972814,10.431497604258,NA,NA,10.2045711442492,NA,10.380461065089,NA,NA,9.58496250072116,9.1548181090521,NA,9.66533591718518,10.6564248632778,8.90689059560852,10.5755392468345,9.44501484586842,NA,9.79279029430106,NA,NA,9.21431912080077,9.82972273508606,NA,9.03617361255349,NA,NA,NA,24.8866806538107,24.8616282960304,24.8069753309829,24.8211996120686,24.6442812132403,24.8462022601597,24.894242237935,24.6692622521929,24.7566118012711,24.7798483766675,24.6614970549946,24.6284014840932,"21041","23.534"
"pos_PE P-37:4|PE P-17:0_20:4_[M+H]+","17429","23.585","738.54706","PE P-37:4|PE P-17:0_20:4","[M+H]+","738.54321","C42H76NO7P","EtherPE","157.13506:503 159.14902:92 161.96802:74 171.09201:467 173.162:45 175.16402:469 177.20901:170 179.19501:66 183.17201:66 185.10207:617 187.162:191 189.18607:259 197.145:171 199.11501:81 201.16206:510 203.13406:1864 205.21301:113 213.13701:284 215.02:84 215.44501:55 227.12502:148 241.05801:172 243.229:86 254.367:138 258.97906:178 269.20807:2950 271.19501:533 277.117:78 280.30905:6764 280.67307:174 285.25302:113 287.30005:268 298.16406:202 298.51001:84 303.28702:86 360.96106:1456 361.27802:101570 361.888:759 362.27106:449 370.16:63 377.20007:236 377.54504:849 378.27905:330820 379.28906:880 379.741:175 434.32001:216 441.20605:378 452.33502:1156 467.38107:236 474.246:101 483.68701:83 484.27405:3553 484.64102:168 495.42001:153 521.32904:84 535.23199:88 538.078:53 564.14801:54 566.5:105 578.41901:53 596.76801:88 597.18207:64 597.53101:8820 598.302:64 607.43604:57 623.22803:48 641.35602:120 653.48401:68 659.63098:94 661.64301:79 664.66602:40 680.72504:78 693.37805:128 694.56604:102 697.33099:135 703.69702:60 708.52399:157 719.94006:280 720.51202:36542 721.08307:1255 721.60004:368 738.47003:134 738.94501:74",30.9021660625873,"9608","22.747","738.54346","PE P-37:4|PE P-17:0_20:4",NA,NA,"[M+H]+","738.54321","-0.338504229071776","C42H76NO7P","EtherPE","2176.08","738.54376:433030 739.54711:252548 740.55047:31013","75.69685:4952 79.05301:9450 81.06929:14973 83.08465:8604 91.05345:13266 93.06923:13251 95.08596:10755 97.06337:6868 105.0688:13298 107.0846:12993 109.10009:6084 119.08437:21097 121.1001:12261 129.054:13591 131.08397:8123 133.10007:12856 135.1154:10043 145.0999:6177 147.11661:7489 157.10039:12861 161.13177:6681 171.11572:10757 203.17937:31814 217.11748:5694 269.22546:11884 280.29938:30916 293.28333:17054 330.28119:7237 361.2738:207232 378.27704:98658 597.52985:10305 618.7326:5672","232651.108798652","3898654","5.96747258922316",0,0,6.03619621730875,NA,NA,NA,NA,NA,NA,NA,NA,NA,NA,NA,NA,NA,NA,NA,NA,NA,NA,NA,NA,NA,NA,NA,NA,10.8368393597487,9.60733031374961,NA,21.9017544546551,21.9355542744667,21.8904643125022,21.9688450015273,21.7631414345965,21.9523491664894,22.0046703603841,21.823580655869,21.8986135646972,21.8727124499648,21.7665483190108,21.7287758308489,"17429?","23.585"
"pos_PC 33:0|PC 16:0_17:0_[M+H]+__A","17751","23.601","748.58868","PC 33:0|PC 16:0_17:0","[M+H]+","748.58508","C41H82NO8P","PC","76.53359:24802 86.09592:750556 98.98492:45993 104.10651:120524 124.99992:381503 159.19621:28793 178.32814:59003 184.07397:23219984 492.34171:26024 496.33945:30628 510.35089:34491 748.59973:270102",22.1935561391567,"9786","22.817","748.5849","PC 33:0|PC 16:0_17:0",NA,NA,"[M+H]+","748.58508","0.24045363020098","C41H82NO8P","PC","2334.15","748.5849:5470756 749.58825:2982486 750.59161:756217","86.09622:131280 98.98564:12611 104.10677:30046 124.99989:95834 128.28006:6824 184.07362:8008383 478.33871:6422 492.34576:15352 496.3436:13770 510.35684:13253 565.52533:13118 638.21814:7732 748.58771:277799","263389.682340706","4416676","5.96352737535435",0,0,6.11934579541605,9.83289001416474,NA,10.4262647547021,12.2517782570359,NA,11.0133226734254,9.1548181090521,8.84235034341381,11.7944158663501,10.7228075311696,NA,10.3880172853451,11.5488219084588,NA,11.919980595049,11.5152070304087,NA,12.0063260785249,NA,8.78790255939143,11.7210991887072,11.407798850222,9.21916852046216,11.9266666293473,NA,NA,NA,22.0598454709825,21.9364776338425,22.0999134355765,22.1323647969921,21.9452562828625,22.1023352179225,22.0890657190668,22.1079232596434,22.1174845776175,21.8869364307348,22.0273863440635,21.912442780183,"17751","23.601"
"pos_PC 35:1|PC 17:0_18:1_[M+H]+__A","18692","23.791","774.6048","PC 35:1|PC 17:0_18:1","[M+H]+","774.60071","C43H84NO8P","PC","84.13753:26020 86.09592:615008 98.98441:35029 104.10651:123022 124.99982:378411 133.86008:11879 157.15964:15079 184.07385:19486818 185.07686:22860 258.41052:13981 259.73734:14681 492.34714:19515 504.34933:26837 510.36819:32528 522.362:33737 678.32159:27086 774.61584:236307 774.9115:18929",23.889184773073,"10275","22.971","774.59973","PC 35:1|PC 17:0_18:1",NA,NA,"[M+H]+","774.60071","1.2651679599246","C43H84NO8P","PC","1799.18","774.59967:5598418 775.60302:3037238 776.60638:744664","86.06284:12682 86.07281:5725 86.09612:156155 98.98547:9220 104.10642:33476 104.48986:5436 124.99957:108943 184.07336:8288677 339.29184:6705 492.35092:10124 504.34604:11901 510.35263:21075 522.34619:6504 591.52466:11954 638.20599:7835 774.60193:302219","295735.762310677","5316690","5.56240371943215",0,0,5.62237186847307,NA,NA,NA,9.46147944728616,NA,9.65642486327778,NA,NA,NA,NA,NA,9.01122725542325,9.39231742277876,NA,NA,9.01680828768655,NA,9.08746284125034,NA,NA,9.36413465500805,NA,9.1548181090521,9.02236781302845,NA,NA,NA,22.3607849420438,22.3876426739012,22.4135956503943,22.29100062275,22.3143204724491,22.3994104086132,22.3231636393757,22.4165877775665,22.3736659666712,22.1994779515666,22.1938507743085,22.2204447550054,"18692","23.791"
"pos_PC 33:0|PC 16:0_17:0_[M+H]+__B","17752","23.925","748.58875","PC 33:0|PC 16:0_17:0","[M+H]+","748.58508","C41H82NO8P","PC","84.19299:10479 85.07578:9784 86.09603:304118 98.47207:6688 98.98479:13849 104.10677:58504 125.00001:169284 125.02069:12421 178.33266:16569 184.07408:10345673 185.07628:9901 397.33502:7043 478.33841:9479 492.354:10886 510.35803:22223 565.52557:14251 607.55792:8203 677.06262:10436 692.60431:8130 748.60229:113394",13.5675864058609,"9788","23.12","748.58551","PC 33:0|PC 16:0_17:0",NA,NA,"[M+H]+","748.58508","-0.574417005547616","C41H82NO8P","PC","2304.49","748.58441:20361170 749.58776:9451758 750.59112:1667352","75.73222:8809 78.12:13223 80.97628:6239 85.77036:8358 86.0963:577004 95.08479:7037 98.98635:49751 104.10675:110284 124.99995:380582 131.02052:7293 131.04308:7637 131.05464:7646 167.0726:6640 183.33322:12210 184.07361:31631440 184.8134:17954 212.84451:10564 273.37769:8680 277.17096:33252 277.28726:81854 277.35904:29521 478.33423:36539 492.34836:36625 496.34576:22382 510.3587:75810 524.3703:10195 565.52289:41647 605.54761:34762 606.55145:24119 607.5506:78694 643.10266:26017 748.58832:845713","399198.964233034","4875439","8.18795936597779",0,0,8.26558444030821,10.4241662888181,NA,9.81698362325538,11.5788443915582,NA,11.8974673417219,10.8680508537452,NA,11.9897492754621,10.7004397181411,10.2360141919001,9.58683978796183,11.5357613779867,NA,11.6781599575428,9.43045255166553,NA,12.0617087046606,NA,10.5430318202552,12.0112272554233,12.035830072835,10.0714623625566,12.1830150008828,NA,NA,NA,22.2112597440576,22.1771783167602,22.3047985959945,22.2229181010856,22.2470017687964,22.0366069463689,22.415983867317,22.2571627953968,22.3059239663208,22.1085920917321,22.0584786696251,22.0419638870673,"17752","23.925"
"pos_PC 35:1|PC 17:0_18:1_[M+H]+__B","18691","24.072","774.60437","PC 35:1|PC 17:0_18:1","[M+H]+","774.60071","C43H84NO8P","PC","86.09585:420226 90.64867:16351 98.98533:24175 104.10613:58213 124.99975:233667 129.43349:18542 142.74785:18761 147.89804:21793 184.07381:12998796 237.08118:37448 277.22333:19273 492.34586:25625 508.89957:20679 510.35385:36106 774.61932:129025",26.0305395445042,"10277","23.243","774.60175","PC 35:1|PC 17:0_18:1",NA,NA,"[M+H]+","774.60071","-1.34262722272621","C43H84NO8P","PC","3326.2","774.60095:8943056 775.6043:4789338 776.60766:1179130","85.94717:5854 86.06288:10803 86.07276:9425 86.09608:243230 98.98531:18510 102.12769:6542 104.10657:54216 120.96564:8042 124.99963:169765 164.00879:21798 183.33963:13801 184.07323:13190230 184.80992:11249 328.27789:6220 491.25507:10397 492.34387:16732 504.34677:18649 510.35562:32509 522.35779:6363 591.54181:15339 633.52423:20546 639.29083:10575 731.49695:39142 774.59991:451877","758642.13520178","14870266","5.10173883373559",0,0,5.08491571212758,9.24555270625568,9.07948478382682,NA,10.1649069266757,NA,NA,NA,NA,10.5924570372681,NA,NA,8.96289600533726,10.2045711442492,NA,11.1247675358225,NA,NA,9.4241662888181,9.05256805080415,NA,10.8533095554037,NA,9.53915881110803,10.1357092861044,NA,NA,NA,23.8301356641623,23.8217062606446,23.8582831785087,23.7783229207746,23.7870920055157,23.8045844239335,23.9860805518475,23.9059357989477,23.8666874991059,23.8313205824958,23.6950481337109,23.7828999556539,"18691","24.072"
"pos_PC 40:5|PC 18:0_22:5_[M+H]+__B","21038","24.107","836.61987","PC 40:5|PC 18:0_22:5","[M+H]+","836.61639","C48H86NO8P","PC","83.3663:39388 86.09592:996895 98.98403:67256 104.10708:161663 124.98328:53337 124.99994:589587 178.3316:100301 184.07402:27687352 254.29195:41991 314.38101:39911 320.20261:37180 338.35349:49107 506.36548:63778 524.37573:65045 836.62897:343546",15.7785762869313,"11598","23.261","836.61786","PC 40:5|PC 18:0_22:5",NA,NA,"[M+H]+","836.61639","-1.75707769713499","C48H86NO8P","PC","4620.34","836.61664:7002582 837.61999:4054301 838.62335:2408783","77.9474:5429 86.09616:273548 98.98535:19669 104.10681:46217 114.59633:5927 124.97993:11168 124.99966:203850 125.02076:9642 155.77333:5675 178.33603:13074 183.33894:6305 184.07343:11542921 184.81099:11525 506.36041:20435 524.37701:30463 552.35107:22057 570.3551:8226 606.55591:17367 635.11786:5942 639.03955:11919 653.5459:23238 836.61652:313427","438249.407512538","7803090","5.61635720608808",0,0,5.57761740805113,NA,NA,NA,NA,NA,NA,NA,8.94251450533924,9.47167521439204,NA,NA,NA,NA,NA,8.94836723158468,NA,NA,NA,NA,NA,NA,NA,NA,9.08214904135387,NA,NA,NA,22.9023692257305,22.8832057834303,22.9460115283586,22.8819841645648,22.9133335625306,22.8686353195529,23.0741906355514,22.9774668538007,22.9386642988155,22.8888272146257,22.7571238355514,22.8109900810004,"21038","24.107"
"pos_PE P-34:1|PE P-16:0_18:1_[M+H]+__A","16318","24.204","702.54657","PE P-34:1|PE P-16:0_18:1","[M+H]+","702.54321","C39H76NO7P","EtherPE","81.06915:39210 83.08488:38485 85.065:5326 85.10066:11925 91.99237:6269 93.0691:13469 95.08483:66231 97.06439:13430 97.10052:43722 102.52135:5716 107.08477:12980 109.10043:48053 111.11568:20273 121.10043:38227 123.11662:23669 133.40819:5929 135.11623:38866 137.13239:9168 149.13226:27178 153.12656:8176 163.14871:9081 178.28151:23313 183.04652:5381 184.07457:9175 235.93591:5684 239.23579:14767 247.2429:21535 257.24872:18573 265.25204:34642 266.28375:83127 279.26923:8922 292.30023:28630 311.25397:9453 313.27402:527507 339.28983:1156374 364.26208:241280 364.36761:9698 390.27786:94371 420.29092:11415 438.30176:10112 561.51843:9044",43.4175747668541,"8906","23.61","702.54407","PE P-34:1|PE P-16:0_18:1",NA,NA,"[M+H]+","702.54321","-1.22412399372383","C39H76NO7P","EtherPE","8297.12","702.54358:24886156 703.54693:16908208 704.55029:4019362","79.0538:46996 79.51258:6659 81.06934:273762 83.04857:12945 83.08495:261487 85.06432:23142 85.1007:54407 93.0579:7059 93.0692:110955 95.08487:377238 97.05224:8601 97.06407:128695 97.10053:288677 99.07958:15308 101.05961:6426 107.08485:151057 109.1005:289453 111.07961:56566 111.11613:171442 113.09532:11069 115.07507:12080 121.10052:386915 123.11617:138853 125.09543:46995 125.1319:44532 127.11025:15764 129.06175:7344 129.08984:13580 135.11624:426600 137.13185:67320 139.1109:66112 141.12695:6335 149.13187:230332 151.14761:60678 153.12691:71980 155.0099:85728 155.14471:7237 163.1476:112932 165.16353:63639 167.14217:35508 169.15857:12447 177.16357:52772 179.1799:24763 180.04251:11235 181.15787:20606 183.17284:6061 191.17914:38163 195.17563:13671 205.19508:30061 209.19321:13078 219.21027:33213 221.22777:7313 223.20407:8948 225.22237:8404 237.2205:9318 239.23521:11746 247.24205:214600 257.24908:8587 261.25754:63664 265.25272:399275 266.2843:735190 279.26837:575018 284.29504:101274 292.30118:15982 308.2951:136230 311.25833:94110 313.27402:326016 339.28955:13311370 364.26135:2668786 390.27798:62108 392.29352:23424 397.43594:6953 419.26031:12801 420.2879:56548 438.29855:134584 462.29489:13323 530.53253:11409 543.51727:17561 561.52417:292635 684.53375:52321 702.54529:7603","1551524.88607191","22660258","6.84689859255755",0,0,6.77240936339177,11.2491134527137,11.5933911227917,10.9277779620823,10.8470573460913,10.8780509127285,9.74819284958946,11.2842457498297,11.5220910688871,11.7899411283909,10.977995368613,11.281350514981,11.243173983473,11.8336807486547,10.403012023575,12.3353903546939,11.9016211583461,11.6834332928354,11.2221911384563,9.98726401207254,12.0080784108683,10.9203528554151,11.3309168781146,11.3706874068072,12.4152135987653,10.2784494582205,10.4408691676109,9.98013957763916,24.5156298255494,24.5086981317327,24.3575040835831,24.3330024402985,24.3884341069642,24.4025443582026,24.6485434458854,24.5496260542813,24.4581218297764,24.4220556525677,24.3285607113485,24.4451736395428,"16318","24.204"
"pos_PC O-34:1|PC O-18:1_16:0_[M+H]+","17687","24.264","746.6098","PC O-34:1|PC O-18:1_16:0","[M+H]+","746.60577","C42H84NO7P","EtherPC","84.11801:413414 86.09596:7437670 98.98439:747274 104.10676:1785175 111.30095:474273 123.87694:450903 124.99978:4638660 178.33331:769139 184.07402:244280800 508.37918:728668 513.47473:498482 746.61267:3199462",15.3817795365897,"9759","23.428","746.6084","PC O-34:1|PC O-18:1_16:0",NA,NA,"[M+H]+","746.60577","-3.5226087255577","C42H84NO7P","EtherPC","71731.63","746.60608:4788558 747.60943:2448446 748.61279:594139","86.09615:134459 98.98595:15769 104.09523:4665 104.10664:46970 124.99977:80541 173.42381:5311 184.07338:8333616 286.87234:5893 508.37714:25426 563.54163:11432 746.60645:280577","7464005.15554377","165676000","4.50518189450721",0,0,4.45603213653279,12.8077574035893,9.32867492732795,12.4486325677306,12.5257654788219,NA,13.1611318829843,9.26209484537018,NA,13.7061722171304,12.4719291876417,10.8986013874039,13.2519261574964,13.3855928136014,11.0707918094231,13.8732518429021,14.0531622590021,9.5352753766208,13.1155314041668,10.5117526537674,12.4622466342443,13.7185328760692,12.4470832262096,11.4752267777423,13.2016644887114,10.2384047393251,10.120237877342,NA,27.2852817024984,27.2851827699496,27.3365888239626,27.4260718652648,27.3513686054532,27.2889805201624,27.3268463856911,27.4407626106491,27.3184477870343,27.2508918364959,27.263604043219,27.2459560786588,"17687","24.264"
"pos_PC O-40:5|PC O-18:0_22:5_[M+H]+__A","20562","24.487","822.64075","PC O-40:5|PC O-18:0_22:5","[M+H]+","822.63708","C48H88NO7P","EtherPC","86.09586:4087417 98.98447:566464 104.10672:1087628 117.05321:243685 124.99976:2670023 184.07388:115910280 196.34431:301208 510.38895:295660 822.64569:933328",23.3025621650395,"11290","23.619","822.638","PC O-40:5|PC O-18:0_22:5",NA,NA,"[M+H]+","822.63708","-1.11835464560465","C48H88NO7P","EtherPC","5782.35","822.63715:17830814 823.6405:10761008 824.64386:2910755","77.99692:6596 85.90156:6655 86.09615:348927 98.98512:29367 104.1066:95772 124.99973:236359 184.07341:16428300 185.07774:7469 274.31757:7623 466.32385:6817 510.39447:52481 552.33588:7660 639.56146:10119 640.22156:16085 681.56445:8769 822.63855:433824","677201.144456469","11026888","6.14136231778602",0,0,6.17405166006344,8.88874324889826,NA,NA,NA,NA,NA,NA,NA,NA,NA,NA,NA,NA,NA,NA,NA,NA,NA,NA,NA,NA,NA,NA,NA,NA,NA,NA,23.4318810170817,23.4271711304649,23.2813145707811,23.2683833710116,23.3520428868199,23.4024150242461,23.5809988227384,23.4442141686007,23.4127029247036,23.3369743406206,23.2881879396819,23.386586271626,"20562","24.487"
"pos_PE P-38:4|PE P-18:0_20:4_[M+H]+__B","17880","24.601","752.56366","PE P-38:4|PE P-18:0_20:4","[M+H]+","752.5589","C43H78NO7P","EtherPE","79.05345:154705 81.06898:234738 91.05345:280387 93.06903:281829 95.08456:305861 97.06409:159534 97.10011:65675 105.06889:190050 107.08453:215961 109.10049:160633 117.06935:179142 119.08483:295485 121.10028:259360 123.07964:61294 123.1144:48518 129.05396:236835 131.08496:159276 133.10042:219554 135.11798:115093 145.10081:90076 147.11586:135059 149.13271:49443 157.10001:75323 159.1178:55061 161.13176:62248 163.14951:65876 171.11671:110950 175.14754:96247 185.13249:112373 197.11897:56734 203.17897:445580 269.22632:185575 294.31656:468645 307.30026:195409 312.32684:71081 330.27994:52699 361.27518:2252731 392.18713:96916 392.29416:1129612 422.80109:52676 466.33063:68471 611.54388:70219",34.0422931500232,"9860","23.698","752.55951","PE P-38:4|PE P-18:0_20:4",NA,NA,"[M+H]+","752.5589","-0.810567784198039","C43H78NO7P","EtherPE","49535.54","752.55945:114992744 753.5628:73094264 754.56616:18176658","75.04395:15970 77.03838:45592 79.05373:536145 81.06937:782774 83.0485:53489 83.08493:245181 85.06432:139965 85.10066:126230 91.05368:719370 91.06673:26487 93.06928:777208 95.04845:49816 95.08494:903284 97.06419:483463 97.10059:248432 103.03899:31751 105.06925:677206 105.08605:32985 107.04993:21931 107.08492:670358 109.06428:52487 109.10052:511317 111.08001:52713 111.11623:74073 115.05467:21474 117.06937:487461 119.08503:1175392 121.10065:954840 123.07979:190558 123.11626:295588 125.09531:63917 125.13144:20837 127.07468:16996 129.05402:771934 129.06967:95473 131.08508:684073 131.10791:25221 133.10074:903510 135.07988:122579 135.11646:618985 135.14032:33112 137.09523:104662 137.132:147016 141.06921:23276 143.0853:228008 145.10078:433467 147.08017:36202 147.11655:536025 149.09621:130366 149.13206:297826 151.14815:66630 155.01028:82849 157.10091:542215 159.11642:298577 161.09651:144980 161.13231:381993 161.16296:21806 163.11261:80810 163.14766:237613 165.16351:29543 167.14264:32888 169.08727:56083 171.11629:533229 173.13263:187466 175.11166:166654 175.14796:413383 175.18233:14320 177.13049:31315 177.16347:151465 178.34219:32451 180.04405:22726 183.11684:39370 185.13226:386873 187.1144:13740 187.14803:251877 189.12708:83441 189.16388:278563 191.17987:128516 197.11804:176983 199.14856:214115 201.12311:21702 201.16411:288628 203.14722:76265 203.17964:2048881 205.15584:25155 205.19537:35607 211.13441:27064 213.1631:127700 215.17928:91524 217.15691:19373 223.13342:21069 227.18002:98761 237.14792:20173 241.19502:118691 243.21121:60405 245.2269:68226 247.24307:41036 259.24429:48998 267.2092:34979 269.22711:1018104 271.24365:54189 285.22037:46637 287.2384:264780 289.28934:82207 294.31683:1886023 295.23093:21410 307.23486:15368 307.30078:1203681 312.32733:249199 330.28085:304515 361.27545:12806667 392.29465:5600582 392.53448:39879 448.32028:160761 466.33203:322818 484.28073:55000 611.54279:488668 734.55701:105512 752.55017:31717","10221251.1724146","195406368","5.23076667205369",0,0,5.21467060618784,14.5624213187642,13.1953722074027,14.3390148682501,14.8371351252961,13.0689461796488,14.3009959663679,14.000616254184,12.8597288926784,14.7826911327461,13.9362698576022,12.9177450134432,14.415477707698,14.9385228836367,13.0194169829442,14.6960981709559,14.3064889647286,12.7467242440258,14.356039240984,13.0056245491939,13.0803178929571,14.3689838250953,13.7889222039606,12.644982855229,14.2651754907889,13.6964242405789,13.3648186236554,13.6869381716704,27.4783714344565,27.5475295412241,27.5461236540139,27.5128020578814,27.4953724724486,27.4611223114826,27.70692152869,27.5717920999876,27.6502575528185,27.5376684424976,27.5605496317805,27.4667613172062,"17880","24.601"
"pos_PC O-42:6|PC O-22:2_20:4_[M+H]+","21453","24.641","848.65808","PC O-42:6|PC O-22:2_20:4","[M+H]+","848.65277","C50H90NO7P","EtherPC","86.08543:51211 86.09602:724717 104.1068:176493 124.99973:499320 178.33641:103923 184.0741:18852600 562.43054:71585 748.41132:48371 848.65552:151109",37.5468048276187,"11824","23.745","848.65271","PC O-42:6|PC O-22:2_20:4",NA,NA,"[M+H]+","848.65277","0.0707002936853529","C50H90NO7P","EtherPC","1052","848.65234:12467771 849.65569:7810960 850.65905:2137154","86.09629:286875 90.62735:5453 90.64047:6390 98.98518:29977 104.10671:74646 124.99985:205557 125.02065:11014 183.34157:11797 184.07364:12137945 184.80911:8567 185.07549:15687 211.94417:6433 483.62238:6184 562.42523:34608 638.89716:8970 665.58496:6935 790.61462:7411 848.65448:303673","308148.625338328","3701634.5","8.32466374890142",0,0,8.23600210063746,NA,NA,NA,NA,NA,NA,NA,NA,NA,NA,NA,NA,NA,NA,NA,NA,NA,NA,NA,NA,NA,NA,NA,NA,NA,NA,NA,21.7976361974179,21.7127016307704,21.8467896183974,21.8060885741316,21.9186521806472,21.713065096313,21.9717259673623,21.9068726175767,22.0448059850692,21.8332456666524,21.7965331877223,21.6204587964775,"21453","24.641"
"pos_SM 40:2;O2|SM 18:1;O2/22:1_[M+H]+__A","19114","24.759","785.6579","SM 40:2;O2|SM 18:1;O2/22:1","[M+H]+","785.65308","C45H89N2O6P","SM","86.09589:949983 98.98393:66570 104.10679:178684 113.59065:56027 124.99992:614817 175.62294:50399 184.07387:30949630 185.0789:73221 264.271:78871 450.74991:51380 767.65216:68953",27.580226892744,"10497","23.866","785.6568","SM 40:2;O2|SM 18:1;O2/22:1",NA,NA,"[M+H]+","785.65308","-4.73491429567135","C45H89N2O6P","SM","2630.09","785.65326:2786344 786.65661:1558236 787.65997:293783","86.08643:6720 86.09575:92797 86.23959:5483 98.98454:9986 104.10627:22823 124.99941:75157 184.07332:4304123 237.54968:5552 264.27185:6732 337.27145:13415 496.42529:6064 584.57544:8701 644.57928:7238 767.64874:8678 785.65302:18737","755289.926634854","7190783.5","10.5035831858219",0,0,10.4774825504669,NA,NA,NA,10.1357092861044,NA,NA,NA,9.12928301694497,NA,NA,NA,NA,NA,NA,8.93957921431469,NA,9.16741814583174,NA,NA,NA,10.1749256825007,NA,NA,NA,NA,NA,9.30833903013941,22.7013073081337,22.754372940235,22.8006904082999,22.8023426109668,22.9085172303344,22.8520741606887,22.868205754592,23.0589499331633,22.7045738613484,22.6781195435204,22.7361601465986,22.4211965330982,"19114","24.759"
"pos_PC 38:2|PC 18:1_20:1_[M+H]+","20245","24.817","814.63599","PC 38:2|PC 18:1_20:1","[M+H]+","814.63202","C46H88NO8P","PC","84.27259:6836 86.09608:176837 98.98414:15134 104.10662:25023 125.00016:110134 184.07426:5062621 185.07713:9100 402.26013:5911 494.97998:6774 504.34937:5836 526.27362:6005 532.38385:9231 550.39508:10569 806.04279:11320 814.63531:76514",19.9938911304377,"11111","23.913","814.63214","PC 38:2|PC 18:1_20:1",NA,NA,"[M+H]+","814.63202","-0.147305773762845","C46H88NO8P","PC","15901.07","814.63214:23029004 815.63549:13940342 816.63885:3664180","78.00575:7456 85.89254:8302 85.90393:6958 86.09615:364191 98.98512:29645 104.10665:74374 124.99969:265624 129.71191:7253 178.29616:10480 184.07336:18164988 185.07768:8148 275.48862:6869 504.34763:28897 522.36237:10979 532.38098:26011 550.38849:49210 631.56885:26836 640.40149:16987 814.63226:548378","2223804.92119977","25791319","8.62230008942069",0,0,8.46012069702283,12.6799198785184,13.0140204703149,12.272921326867,12.5330863421676,11.7714894695006,12.4714211964249,12.5978197886455,12.2485206049384,12.1560830762887,12.6215940390175,12.1013191544233,12.4377520723236,12.257977058564,11.5517082616207,12.2905948880826,12.0887882387169,11.5736471874933,11.8533095554037,12.1696118826042,11.8849336479498,11.3761253892762,11.1019756709492,11.3168471836025,11.1711767976518,12.4931048925391,12.4320198468125,12.7191748823281,24.6536055468194,24.6591088644923,24.5863757350078,24.5770532771022,24.76634621552,24.5378851187931,24.8960532431053,24.7629515217484,24.6789712230061,24.4756759219136,24.5618970344376,24.5627184955569,"20245","24.817"
"pos_PE P-36:2|PE P-18:0_18:2_[M+H]+__B","17118","24.821","728.56201","PE P-36:2|PE P-18:0_18:2","[M+H]+","728.5589","C41H78NO7P","EtherPE","79.05326:8900 81.0691:46953 83.08463:21777 93.06929:18633 95.08453:59265 97.06469:10782 97.10035:20456 107.08496:16981 109.1004:31716 121.1003:23349 123.11617:22806 133.10081:10768 135.11604:12907 141.68303:8509 147.11682:8083 149.13144:12333 161.13159:6411 163.14861:10056 165.1676:8242 175.14755:10785 245.2254:10831 263.2366:16406 294.31699:65935 306.27911:8534 307.30054:29557 337.27502:696738 339.29156:47194 392.2948:146622 587.54767:11161 710.49634:11613 728.50055:104383",59.6718716932096,"9410","23.902","728.55878","PE P-36:2|PE P-18:0_18:2",NA,NA,"[M+H]+","728.5589","0.164708714749198","C41H78NO7P","EtherPE","4483.15","728.55963:10649612 729.56298:4925928 730.56634:1127038","79.05386:30600 81.06937:168761 83.04881:7359 83.08496:85244 85.10024:8397 86.60265:4995 91.05402:20554 93.0693:54807 95.08495:198204 97.06413:55338 97.0891:6987 97.10052:88903 99.08051:9581 105.06934:19377 107.08487:69117 109.10052:146187 111.07935:18498 111.11599:35815 113.09684:7876 119.08471:27970 121.10046:106156 123.0808:8393 123.1162:94629 125.09602:10192 125.1326:10064 127.11054:9414 133.10069:48472 135.11632:98764 137.0961:11293 137.13196:39658 139.11154:9983 147.1165:49832 149.1106:6751 149.132:55015 151.11156:7402 151.14778:30719 153.12666:16686 155.00995:25101 161.13208:53238 163.14774:53861 165.12732:7694 165.16339:14084 167.14224:13194 175.14723:45764 177.16345:16497 179.14293:8838 179.17625:9723 181.15729:5994 189.16397:17943 193.158:9809 203.17812:9574 219.21225:6486 221.19139:6002 245.22607:47888 247.24242:18232 261.21994:9811 263.23682:111063 265.25049:13033 266.28632:6837 289.28952:19784 292.30209:13330 294.31555:318021 306.28018:58759 307.29944:221648 312.32693:33193 337.27365:4856158 339.28964:264420 364.27414:6289 365.3071:24663 390.27814:49909 392.29245:1053396 448.31799:25027 460.2825:11321 466.33041:46008 556.57825:6682 569.52124:8096 587.53918:125162 710.54602:21335 728.49652:45387","1024183.70289313","14200929","7.21208945480347",0,0,7.07582821607137,10.1421070573025,NA,10.3520434257954,9.93073733756289,NA,9.12412131182919,NA,NA,10.1761731491075,8.90388184573618,NA,9.92332748541919,9.93663793900257,NA,10.2082343583398,9.41574176829009,NA,NA,NA,NA,9.33762190199251,9.14974711950468,9.1548181090521,9.57553924683453,NA,NA,NA,23.7216638203225,23.8035810151035,23.7765642557107,23.7421950061572,23.9351776417003,23.6806662081904,23.9345056998204,23.9065708100251,23.8477726046334,23.6766947633942,23.7131074806742,23.6664553660047,"17118","24.821"
"pos_SM 40:2;O2|SM 18:1;O2/22:1_[M+H]+__B","19113","24.99","785.65741","SM 40:2;O2|SM 18:1;O2/22:1","[M+H]+","785.65308","C45H89N2O6P","SM","84.25152:8560 86.09592:199890 98.9846:14484 104.10653:48523 124.99986:131909 153.19398:5356 178.28847:19072 184.07388:5639244 224.31441:6202 262.25708:6844 264.26553:8664 563.7818:5708",37.5283569201483,"10496","24.08","785.65503","SM 40:2;O2|SM 18:1;O2/22:1",NA,NA,"[M+H]+","785.65308","-2.48201152595909","C45H89N2O6P","SM","4564.55","785.65259:6000678 786.65594:3977400 787.6593:901854","81.79756:5192 86.09568:164520 98.98409:12288 104.10641:39892 113.62943:6368 124.98015:7540 124.99926:100528 165.81412:5387 178.30141:13367 184.07326:6160994 264.267:8102 767.64374:9062 785.65155:20968","641976.957286961","13117760.5","4.89395241883674",0,0,4.97927064242144,NA,8.93073733756289,9.21431912080077,10.319672120947,9.05528243550119,10.0821490413539,9.05799172275918,NA,10.2538474849874,10.2443638351205,8.83605035505807,9.11894107272351,8.97727992349992,NA,10.2215871212648,NA,NA,8.85174904141606,NA,NA,10.4747199465265,9.73470962022584,9.04165915163721,9.55458885167764,NA,NA,NA,23.6173684769607,23.4774764131385,23.6433055200736,23.6569595326283,23.6829285943961,23.653209617302,23.6554899977715,23.719244979968,23.6467286580562,23.618897161867,23.4942300928249,23.5549514479934,"19113","24.99"
"pos_DG 36:3|DG 18:1_18:2_[M+NH4]+","13959","25.201","636.55957","DG 36:3|DG 18:1_18:2","[M+NH4]+","636.55621","C39H70O5","DG","79.05428:23359 80.5715:16557 81.06958:218159 83.08531:109648 85.1011:23329 93.06983:79181 95.07269:19389 95.08524:294157 97.06453:42168 97.10107:157878 99.08057:20193 105.07016:19810 107.08501:68262 109.10099:208294 111.08051:32118 111.11664:76570 119.08575:28667 121.10108:170378 123.11674:119398 133.10164:44406 135.1171:127343 137.13214:51152 139.11116:18148 147.11794:38956 149.13255:94911 151.14821:44972 153.12714:23881 161.13277:54853 163.14833:62094 165.16486:37796 175.14877:42944 177.16179:22111 178.28589:23940 189.1638:23639 205.19389:21299 245.22731:86346 247.24254:72151 263.23743:153516 265.25412:121647 268.392:19793 319.26706:21133 337.27469:2036914 339.29034:2416454 381.32651:17901 527.48181:21515 545.50214:17378 601.52045:992930 619.52698:38482",42.9180298571658,"7543","24.261","636.55682","DG 36:3|DG 18:1_18:2",NA,NA,"[M+NH4]+","636.55621","-0.958281437630643","C39H70O5","DG","22.63","636.55682:405241 637.56017:231941 638.56353:46158","75.69164:5746 79.69743:5149 81.06865:17603 83.0844:7734 95.08463:19101 97.10018:10674 107.08528:5214 109.10014:12152 117.71631:5644 118.34984:5896 121.10068:12082 123.11629:11562 135.11688:11632 149.13208:6540 163.14807:7424 177.1638:5881 229.59622:5781 263.23676:13908 265.25024:15232 337.27365:249870 339.28946:255846 450.15613:6246 601.52112:138519 619.53894:9136","8118.41430021898","51137","15.8758126214267",0,0,17.6637985677322,NA,NA,NA,NA,NA,NA,NA,NA,NA,NA,NA,NA,NA,NA,NA,NA,NA,NA,NA,NA,NA,NA,NA,NA,NA,NA,NA,15.6871295993945,15.6529569791385,15.6779673358713,15.6608872703026,15.6999248425141,15.6311202018473,15.7006293628516,15.3017105255904,15.2730670757221,15.2403441466314,15.1281957556175,14.9325838692893,"13959","25.201"
"pos_SM 38:0;O2_[M+H]+","18194","25.263","761.65747","SM 38:0;O2","[M+H]+","761.65308","C43H89N2O6P","SM","86.08591:83052 86.09589:1471886 98.98377:83012 104.10629:412134 124.99975:1040976 125.01917:54564 184.07387:53562500 227.1398:73401 606.55811:173969 674.42853:127338 761.65302:126061",21.4491627653761,"10029","24.338","761.6546","SM 38:0;O2",NA,NA,"[M+H]+","761.65308","-1.99565923099009","C43H89N2O6P","SM","1140.05","761.65411:8829930 762.65746:4459334 763.66082:1166629","80.97616:5514 86.09584:226432 98.98502:22047 102.73143:6087 104.10612:67985 124.97995:10882 124.99947:163924 183.33363:6495 184.07335:12273966 185.07628:165113 276.27905:6225 338.51202:5668 398.35956:6545 453.70102:5799 578.58759:17021 605.54919:7807 606.56079:39303 620.57349:13184 639.06146:11117 651.7525:6474 743.64093:7971 761.64752:88834","104492.685456056","2065907.5","5.05795566626558",0,0,5.12078224841382,NA,NA,NA,NA,9.59058704991503,NA,NA,9.26209484537018,9,NA,9.98868468677217,NA,8.78463484555752,NA,9.11894107272351,NA,NA,9.21916852046216,NA,10.3706874068072,NA,9.68999797141945,9.66533591718518,NA,NA,NA,NA,21.0811472697522,21.0023885804433,21.0218637787821,20.9592831667114,20.9971567346224,20.911239826429,20.9989457051798,21.0181397192595,20.9271044635116,20.8900972502706,20.8735334791202,20.8245493766405,"18194","25.263"
"pos_Hex3Cer 42:2;O2|Hex3Cer 18:1;O2/24:1_[M+H]+__B","26901","25.447","1134.79248","Hex3Cer 42:2;O2|Hex3Cer 18:1;O2/24:1","[M+H]+","1134.78735","C60H111NO18","Hex3Cer","85.02877:7335 87.99636:5410 121.10033:5408 123.11545:6754 144.59052:5901 252.26955:121798 264.26971:1243246 266.28275:7225 279.668:5500 282.2803:154577 282.34689:10737 366.38135:6865 384.41595:5876 600.60846:27646 612.61115:94379 614.62921:25111 630.62054:233217 792.66821:16536 954.72241:7865 1116.77112:9514",53.0924229939365,"14575","24.458","1134.78967","Hex3Cer 42:2;O2|Hex3Cer 18:1;O2/24:1",NA,NA,"[M+H]+","1134.78735","-2.04443590230972","C60H111NO18","Hex3Cer","3586.61","1134.78796:695935 1135.79131:631817 1136.79467:230085","97.4945:5668 107.14036:5290 178.29996:11664 247.23843:5557 252.26811:93092 264.26813:959643 282.27835:127180 366.36697:8031 488.73215:7221 600.60626:25125 612.60645:102268 614.61945:20490 630.61609:265155 792.66815:22977 954.71729:28000 1116.77051:23557","33140.3508223553","295563.5","11.2125992628844",0,0,11.4445154900851,NA,NA,NA,NA,NA,NA,NA,NA,NA,NA,NA,NA,NA,NA,NA,NA,NA,NA,NA,NA,NA,NA,NA,NA,NA,NA,NA,18.3373213672932,18.1808561307161,18.2711620702896,18.2976999504852,18.1972742953077,18.1653192234275,18.3498038622574,17.995419373182,18.0734355421963,17.8835859756289,17.9506982732332,17.9145019259253,"26901","25.447"
"pos_PE P-36:1|PE P-18:0_18:1_[M+H]+__A","17194","25.5","730.57831","PE P-36:1|PE P-18:0_18:1","[M+H]+","730.57452","C41H80NO7P","EtherPE","79.05319:16403 81.06992:109482 83.08559:125526 85.10134:25370 93.0704:36947 95.08559:187162 97.06522:42194 97.10137:145783 107.08592:59540 109.1014:150708 111.08128:27712 111.11705:58028 121.10143:150102 123.11612:39380 126.84579:15841 135.1172:157265 137.12991:19627 139.11148:25807 148.62041:16282 149.13324:64238 151.14783:19229 153.12805:25206 163.14764:40675 174.69333:17804 177.16298:22947 205.19676:23463 247.24416:91834 265.25372:132787 294.31711:388280 307.29694:37656 308.29434:18688 312.32578:43745 339.29077:4974893 340.30234:22119 341.30499:17304 367.32175:57275 392.29462:1025650 429.40833:16363 448.31726:20657 466.33493:29434 574.745:16344 589.55487:31215 730.49207:106478",22.4954139534729,"9446","24.75","730.5755","PE P-36:1|PE P-18:0_18:1",NA,NA,"[M+H]+","730.57452","-1.34141004538024","C41H80NO7P","EtherPE","10165.09","730.57544:35725508 731.57879:21180848 732.58215:5249596","79.05379:71286 81.06939:373998 83.04858:19834 83.08502:367474 84.08026:6264 85.06438:24508 85.07433:6523 85.10071:95142 91.05479:10783 93.05772:10030 93.06933:157999 95.08496:509233 97.06422:200923 97.10057:415343 99.08017:18847 101.05917:14224 107.085:176421 109.10061:404542 111.0798:75682 111.11626:241992 111.1339:8126 113.0952:13157 115.0747:16206 121.10064:499617 123.11633:186311 124.0139:7090 125.09563:73775 125.13213:55434 127.11083:12364 129.0621:8817 129.09006:11783 135.11644:571950 137.13202:96003 139.11136:82373 141.12947:8966 143.10529:12727 149.13206:322737 151.14783:87722 153.12708:88452 155.01025:113274 155.03651:10945 155.14328:12540 163.14793:147508 165.16353:95459 167.1427:47992 169.15811:10153 171.13866:8812 177.16383:82127 178.34695:9457 179.18045:27777 180.0417:16293 181.15915:33166 191.17929:57526 193.19519:11147 195.17413:23054 205.19539:43904 207.2126:11151 209.19044:21498 219.2113:10603 223.20424:14769 233.23013:6123 240.74852:6739 247.24255:339299 253.25722:9920 265.25317:551086 266.28482:43037 275.27344:12215 279.26944:32981 289.28983:90045 293.28613:29177 294.31665:1085381 307.30066:773060 308.29593:216314 311.25952:19421 312.32724:128757 312.40302:9770 313.2753:87734 336.33026:8787 337.45654:12918 339.29041:17879488 341.1376:13256 341.30661:39040 364.26309:156169 367.32251:778963 374.27887:10264 392.2944:3554472 418.30505:17660 419.25443:15623 448.32181:88211 462.29803:25572 466.33078:169667 558.55835:15650 571.54773:22949 589.5578:349678 712.56775:73459 730.56958:16812","505547.454182637","19619071","2.57681647710351",0,0,2.59254572904793,10.403012023575,9.2336196767597,NA,10.3106127816595,10.7623820387104,9.4262647547021,10.1749256825007,10.3072008091408,10.2934716488381,10.0821490413539,10.3608470841797,10.4797802640291,10.3219280948874,10.2796105810525,8.9188632372746,9.84549005094438,10.9381093262192,10.3847837500933,NA,10.635718120331,9.33985000288462,NA,9.20701432017753,10.7706638929168,8.83920378809694,NA,NA,24.231582293357,24.1870244347144,24.2400112877368,24.2634902884694,24.2727405436692,24.1769805643582,24.2199008467628,24.2345699786712,24.2432604376395,24.1659060215706,24.1616920969827,24.2011824183392,"17194","25.5"
"pos_PC O-42:5|PC O-22:1_20:4_[M+H]+","21515","25.646","850.67438","PC O-42:5|PC O-22:1_20:4","[M+H]+","850.6684","C50H92NO7P","EtherPC","86.09596:423795 104.10683:99999 125.00021:238052 184.07399:10669472 194.27997:35018 238.6125:35280 564.4472:39907 583.09821:39682 850.67548:147040",23.2827457655243,"11856","24.68","850.66907","PC O-42:5|PC O-22:1_20:4",NA,NA,"[M+H]+","850.6684","-0.787615950014971","C50H92NO7P","EtherPC","4955.16","850.66833:11079293 851.67168:8310321 852.67504:2354573","86.09612:339428 98.98512:27115 104.10662:95407 124.99961:248250 148.1382:11546 148.18634:11256 184.07335:15369720 526.33856:8183 564.44012:53904 639.68335:13960 667.60004:16037 850.66986:409008","295585.633128579","6868134.5","4.30372516916462",0,0,4.29700622327279,NA,NA,NA,NA,NA,NA,NA,NA,NA,NA,NA,NA,NA,NA,NA,NA,NA,NA,NA,NA,NA,NA,NA,NA,NA,NA,NA,22.7830589766659,22.7652543266912,22.8069220504985,22.7724241226126,22.6681777737993,22.7040610927047,22.7263871903041,22.7022405485776,22.7188746044168,22.6170864967441,22.620056461149,22.6656486307767,"21515","25.646"
"pos_PC O-44:6|PC O-24:2_20:4_[M+H]+","22279","25.783","876.68835","PC O-44:6|PC O-24:2_20:4","[M+H]+","876.68408","C52H94NO7P","EtherPC","86.09587:3079084 104.10714:898464 125.00005:1843205 184.07394:92829216 590.45447:422643 876.68054:741839",33.7643872142688,"12370","24.817","876.68573","PC O-44:6|PC O-24:2_20:4",NA,NA,"[M+H]+","876.68408","-1.88209189339969","C52H94NO7P","EtherPC","2954.6","876.68481:13671231 877.68816:10300296 878.69152:3149518","78.86591:5666 80.97579:9103 86.09609:350711 98.98499:34931 104.10651:99101 121.28075:4898 124.99963:271415 125.02084:12780 150.46138:5480 178.30031:12380 183.33798:7935 184.07333:14767821 590.45782:49864 639.93994:15935 693.61011:8310 856.04932:35017 876.68463:396584","295763.224201643","5191416","5.69715900636056",0,0,5.70844100651885,NA,NA,NA,NA,NA,NA,NA,NA,NA,NA,NA,NA,8.93957921431469,NA,NA,NA,NA,NA,NA,NA,NA,NA,NA,NA,NA,NA,NA,22.4055146750462,22.2722379327636,22.2858525843518,22.3444709237788,22.3292149341561,22.4235165598067,22.3895601845076,22.3331438826219,22.197527477696,22.1822349057239,22.1968431230414,22.2720445304191,"22279","25.783"
"pos_SM 42:2;O2|SM 18:1;O2/24:1_[M+H]+__A","20195","25.925","813.68848","SM 42:2;O2|SM 18:1;O2/24:1","[M+H]+","813.68439","C47H93N2O6P","SM","86.09586:38762036 98.9842:1880322 104.10663:8171984 124.99975:26570548 138.12965:1931672 148.04721:1539421 184.07381:1086268928 187.5092:1583449 211.80861:1697982 264.26712:2264562 326.44708:2025018",19.8280328308216,"11087","24.953","813.68573","SM 42:2;O2|SM 18:1;O2/24:1",NA,NA,"[M+H]+","813.68439","-1.64683016719472","C47H93N2O6P","SM","85755.46","813.68536:158144144 814.68871:103269104 815.69207:27772164","78.06683:47231 80.97615:33761 85.82202:31181 85.83118:28588 86.09589:2554446 98.98473:249555 104.10645:633268 124.99953:1784540 130.3743:30090 130.83417:30935 183.33339:44916 184.07344:106875784 184.81595:43794 264.26996:219260 272.72131:34710 272.78934:36228 277.83911:88584 277.94449:155631 612.61609:173877 641.87177:87152 736.61615:35725 795.68018:222463 813.69415:293930","18714246.8061375","293428320","6.37779162084202",0,0,6.29048294218275,14.7175693306831,12.3665954260714,14.2748876951314,14.5890073605586,13.0530773870993,14.9106427304696,12.9854861991046,12.5933911227917,15.2954102245947,13.7064960180612,13.0505289055306,14.5995060973031,14.5504461926036,12.7376698631774,15.2035391871733,14.6840911065291,12.1526017440192,14.6187296155676,12.9164393225808,13.750706986225,15.3497304458492,13.4563544151083,13.2594490462857,14.8397942902026,12.0317012027403,12.189206834597,11.4088604360248,28.2899399327604,28.0392470661113,28.1455940305098,28.0775149764903,28.1921735964633,28.2100821087302,28.308862127135,28.1494832400749,28.1110651288774,28.0904935106508,28.0445922297694,28.0901568504613,"20195","25.925"
"pos_DG 38:4|DG 18:0_20:4_[M+NH4]+","14975","26.098","662.57477","DG 38:4|DG 18:0_20:4","[M+NH4]+","662.57178","C41H72O5","DG","79.05335:55617 81.06908:216343 83.08493:84710 85.06447:41811 85.10032:154988 91.05322:171195 93.069:107236 93.89259:28708 95.08459:317916 97.10031:137700 105.06883:172504 107.08482:139287 109.10029:217276 111.11649:69825 117.06916:120143 119.08479:249879 121.1009:187406 123.11586:100414 129.0526:63760 131.08485:161810 133.10025:245793 135.11664:84007 137.13083:43620 143.08473:43046 145.1003:119245 147.11639:113406 149.09581:58293 149.13388:44695 157.10046:102170 159.11708:58247 161.09624:48206 161.13126:89631 163.14676:54590 171.11646:187881 173.13124:48570 175.11443:41782 175.14824:117118 177.16281:66208 178.32748:71882 185.13197:142527 187.14824:114560 189.12856:55477 189.16382:164687 191.17851:52740 199.14752:103313 201.16263:85427 203.14391:33079 203.17934:719042 213.16231:49236 227.17999:36220 241.19595:32680 243.21021:50430 245.22855:49412 259.24765:60053 269.22699:595960 285.28046:119609 287.23807:426146 341.30621:3922751 361.2757:544798 383.34589:31161 433.17957:32079 529.10242:34818 627.53833:125561",39.2320043468897,"8098","25.072","662.5719","DG 38:4|DG 18:0_20:4",NA,NA,"[M+NH4]+","662.57178","-0.181112452507545","C41H72O5","DG","361.62","662.57159:461702 663.57494:238550 664.5783:34722","108.12303:5786 148.13571:14117 148.1848:14188 160.59183:6091 203.17719:17991 269.22522:14314 287.23532:13435 341.30655:101095 361.27277:15925 627.54199:9291 662.60065:7168","84826.1023300914","506395.5","16.7509589500877",0,0,17.324784825209,NA,NA,NA,NA,NA,NA,NA,NA,NA,NA,NA,NA,NA,NA,NA,NA,NA,NA,NA,NA,NA,NA,NA,NA,NA,NA,NA,19.0405867196804,18.9817344985474,19.2170489135563,19.1030213770571,19.0869059146447,19.1294792407184,18.9173575097872,18.7220703892845,18.7562077246644,18.4660804455035,18.7282526997644,18.4128344401193,"14975","26.098"
"pos_SM 43:2;O2|SM 19:1;O2/24:1_[M+H]+__A","20726","26.239","827.7041","SM 43:2;O2|SM 19:1;O2/24:1","[M+H]+","827.70007","C48H95N2O6P","SM","86.09595:433565 98.9836:32414 104.10674:107135 109.1015:22905 125.00003:270210 184.07408:13013258 185.07764:250607 278.2868:24241 339.94724:19305 685.60931:21823 686.62604:225126 827.69922:30886",21.4589172973153,"11377","25.252","827.70093","SM 43:2;O2|SM 19:1;O2/24:1",NA,NA,"[M+H]+","827.70007","-1.03902371300846","C48H95N2O6P","SM","557.91","827.69977:1871902 828.70312:1072256 829.70648:219762","80.69734:5569 86.0957:85700 104.10606:22124 124.99932:54936 148.17188:24920 148.19467:6552 184.07315:3133990 185.07637:31974 278.28513:11853 607.51715:6675 686.62164:56586 779.7113:5558 827.67572:14313","47433.3186773812","807968","5.87069273503173",0,0,5.87101427299064,10.7262181593322,9.41574176829009,NA,10.5924570372681,11.4460494067166,11.9628960053373,9.83289001416474,NA,10.283088353024,11.1189410727235,9.59991284218713,8.83289001416474,10.2021238238305,11.4898479604393,11.2685420003001,9.54303182025524,11.6515002206527,10.5933911227917,10.3014961949825,11.1078709142796,11.2360141919001,9.4178525148859,11.6370776571437,11.0334230015375,10.4051414631363,9.96289600533726,10.6193029554157,19.6550869400945,19.6108157920183,19.7157810523426,19.6129332720151,19.645834312059,19.6348606703153,19.7127486430172,19.6120909736716,19.7151861427838,19.596844901263,19.3952370577708,19.5501605714401,"20726","26.239"
"pos_Cer 42:3;O2|Cer 18:2;O2/24:1_[M+H-H2O]+__B","13647","26.398","628.60559","Cer 42:3;O2|Cer 18:2;O2/24:1","[M+H-H2O]+","628.60272","C42H79NO3","Cer_NS","79.05379:16791 81.06918:53166 82.06483:30044 83.08507:24642 91.05369:11796 93.06911:32243 94.06847:9298 95.08494:74088 96.08078:10157 97.10065:33257 105.06986:13971 107.08495:26288 109.10052:54008 111.11607:14007 119.08527:16731 121.10085:51711 123.11648:28042 133.10344:11620 135.11646:42150 137.13242:14010 147.11731:12431 149.13194:19812 151.14879:8542 161.13377:8476 163.14848:16346 203.1792:6912 209.19041:17974 219.20947:6619 236.23769:8407 245.22641:15842 250.2541:809565 252.26982:130755 262.25394:7944745 263.24884:27964 264.26984:1310970 280.26514:1221508 282.28101:201451 316.55054:7405 331.34232:7550 349.34814:19095 366.3754:27549 378.37466:10237 390.37997:15680 411.27475:6763 598.59985:66785 610.59894:169187 628.3869:15273 628.60968:249379",38.8733995176745,"7375, 7766","25.354","628.60388, 646.61432","Cer 42:3;O2|Cer 18:2;O2/24:1",NA,NA,"[M+H-H2O]+, [M+H]+","628.60272, 646.61328","-1.84536267998831, -1.60838020522723","C42H79NO3","Cer_NS","781.38, 1488.07","628.60352:2976011 629.60687:1823334 630.61023:413177, 646.61462:5051866 647.61797:2729683 648.62133:656312","81.07017:13862 82.0648:8772 93.06964:12290 95.08469:17703 97.1003:8378 105.06998:5473 109.10071:16040 109.85601:6106 111.94292:7198 119.97293:5370 121.09994:15906 123.11656:7404 135.1149:12715 147.11377:5766 149.13301:8814 163.14729:11966 166.4725:6510 209.18829:9873 250.19525:12750 250.25267:249459 252.26831:49346 262.25262:2627326 264.26843:596073 280.2634:431281 282.27921:95552 349.34528:9773 366.37161:14958 598.59186:38720 610.59332:101391 628.604:206829, 79.05437:7346 81.06952:15950 82.06485:6045 83.08546:11485 93.06966:11025 94.0696:7793 95.08487:24656 97.10049:13554 98.15425:5332 107.08437:10532 109.10085:17420 121.10046:19802 123.11594:10709 135.11601:14771 137.13405:6990 147.11745:6068 149.13216:11322 163.14784:9087 209.19006:8869 211.20256:5319 245.22755:9095 250.25296:380371 252.26897:82200 262.25302:4134198 264.26877:893693 280.26382:597742 282.27939:124319 349.34717:13291 366.37485:13358 390.37503:5843 408.38135:7319 508.54083:6105 598.5946:72998 610.59442:177382 628.60498:373673","113745.915693674, 115752.331284168","2467527.5, 1856920","4.60971217924316, 6.23356586628221",0,0,5.34390955434707,NA,NA,NA,NA,9.02513956227851,NA,NA,NA,NA,NA,NA,NA,NA,NA,8.99435343685886,NA,NA,NA,NA,NA,NA,NA,NA,NA,9.00842862207058,NA,NA,22.0601397910718,21.9855490849399,22.047102272698,22.0748672855968,22.0721384935825,22.0726560138542,22.0836202086406,22.045598703978,21.9429164245386,21.9102617331443,21.8377257047208,21.9726527622412,"13647, NA","26.398, NA"
"pos_DG 38:3|DG 18:0_20:3_[M+NH4]+__A","15048","26.53","664.59076","DG 38:3|DG 18:0_20:3","[M+NH4]+","664.58752","C41H74O5","DG","79.05417:42065 81.06952:201965 83.08517:75648 85.10078:74469 91.05396:30654 93.06949:90832 95.07301:17073 95.08527:291989 97.06438:12305 97.10088:107316 99.0801:13266 105.06967:51488 105.08354:9620 107.08521:105251 109.08616:11726 109.10087:202557 111.11662:42203 113.09621:11880 117.0698:23138 119.08537:42873 121.10102:152666 123.09979:9948 123.11674:104951 125.09607:10420 127.11282:10750 131.08565:59250 133.10106:54624 135.11678:101603 137.09567:9801 137.13264:54266 139.11105:12124 145.10075:54286 147.11661:44559 149.13257:64281 151.14832:24615 159.11636:48547 161.13237:34038 163.14847:83502 165.16396:31195 171.11781:11238 173.13295:63926 175.14893:38775 177.1638:86818 179.17712:11847 187.14877:64244 189.16498:35438 191.14409:17173 191.17947:75995 201.16516:39000 203.17776:11905 205.19525:32587 215.17923:24486 219.17296:13357 229.19484:10017 233.18982:17129 243.21449:10315 249.25812:17625 261.25821:18610 267.26846:44688 271.24286:221575 285.27942:56022 289.25357:393579 341.306:2028787 345.28085:62859 363.29031:1366134 439.20511:22594 440.21017:31834 495.26648:45697 496.27127:96549 551.32837:15129 552.33398:66545 555.51489:15185 608.39624:28489 629.55042:406044 647.56537:11649",42.814725966196,"8141","25.485","664.58862","DG 38:3|DG 18:0_20:3",NA,NA,"[M+NH4]+","664.58752","-1.65516198671809","C41H74O5","DG","44.17","664.58765:243146 665.591:81177 666.59436:31706","81.06942:9719 84.07996:6468 95.08501:13064 107.08344:5506 109.10105:7374 119.08665:6064 121.10064:5812 123.11739:6174 130.25471:5074 135.11691:6837 177.16374:6668 271.24347:18251 289.25415:40809 341.30664:135652 345.28302:7385 363.29071:98400 423.26562:5722 496.26645:11753 552.33331:7073 629.55585:40315","20397.3842401645","96759","21.0806067034224",0,0,23.0251918195502,NA,NA,NA,NA,NA,NA,NA,NA,NA,NA,NA,NA,NA,NA,NA,NA,NA,NA,NA,NA,NA,NA,NA,NA,NA,NA,NA,16.7254461450282,16.6564807286398,16.724633752978,16.64886311085,16.7135341924351,16.6949291492538,16.4698007796383,16.2986175089575,16.1636103692728,15.9554001747266,15.9890618184499,15.7051463678038,"15048","26.53"
"pos_PC O-44:5|PC O-24:1_20:4_[M+H]+","22332","26.622","878.70288","PC O-44:5|PC O-24:1_20:4","[M+H]+","878.69971","C52H96NO7P","EtherPC","86.09595:6288672 98.98457:544970 100.42884:301471 104.10638:1497342 124.99998:4317344 178.28226:647358 184.07411:187625792 240.52806:435514 592.4798:634320 878.70935:1577324",24.9273039024797,"12409","25.611","878.7005","PC O-44:5|PC O-24:1_20:4",NA,NA,"[M+H]+","878.69971","-0.899055719560673","C52H96NO7P","EtherPC","9842.95","878.69995:9995339 879.7033:7182662 880.70666:2228035","85.94496:7983 86.09613:334613 98.98473:34446 104.10668:96373 124.99967:240562 178.2975:7545 183.33397:5997 184.07339:14362356 526.34027:6981 592.47137:40030 639.54968:10656 695.64075:11944 856.66339:32647 878.69971:438709","677746.966955332","10922959.5","6.20479245533531",0,0,6.28934928805298,9.06339508128851,NA,NA,9.55842071326866,NA,NA,NA,NA,NA,NA,NA,8.90388184573618,NA,NA,NA,NA,NA,NA,NA,NA,NA,NA,NA,NA,NA,NA,NA,23.401150479901,23.3802910221563,23.5053285628288,23.4466875546962,23.3659491325137,23.3889230486829,23.4174004535463,23.381429676437,23.3104110034621,23.3105322124443,23.1758723452154,23.2199035047935,"22332","26.622"
"pos_DG 40:4|DG 18:0_22:4_[M+NH4]+","15952","26.79","690.60718","DG 40:4|DG 18:0_22:4","[M+NH4]+","690.60309","C43H76O5","DG","79.05401:35605 81.06075:7087 81.06951:114979 83.08517:48920 85.06458:6803 85.10088:50085 91.05399:53922 93.06962:66794 95.07278:9757 95.08533:181744 95.09926:9401 97.0646:8003 97.10092:65358 99.08012:12600 105.057:7577 105.06984:87703 107.08521:53085 109.10099:104910 111.07977:8965 111.11649:27271 117.06995:26312 119.08554:98146 120.227:5956 121.10112:103402 123.08071:6137 123.11666:56265 129.07072:12168 131.08562:65828 133.10126:107486 135.11691:74803 137.09662:9957 137.1328:35513 143.08551:14607 145.10144:58060 147.11691:61021 149.09651:6720 149.13277:36734 151.14723:15908 157.10104:19580 159.11702:40542 161.13293:39125 163.11412:10921 163.14822:20568 165.16454:6726 171.11742:45912 173.13264:28803 175.14838:43859 177.13045:9026 177.16458:21443 185.13303:48304 187.14905:26018 189.12904:10394 189.16429:48268 191.18063:22031 199.14885:32135 201.16396:31081 203.14212:11259 203.18016:129288 205.19669:22394 213.1635:31211 215.18076:48609 217.1515:11657 217.1962:114954 219.21234:8091 227.18071:18312 229.19911:11036 231.16685:8747 231.21205:42101 233.19194:9978 241.19475:11600 245.19603:6720 249.25671:6988 255.21013:7983 267.26883:27828 269.23001:8900 271.2428:9940 285.28104:50115 287.2775:11543 297.18213:11603 297.25934:176200 297.3317:11996 315.26996:318348 333.28116:12158 341.30688:1151142 371.29721:16908 389.30759:612366 407.31494:6744 635.51166:7145 655.57019:130481 673.58344:8100 690.45355:10607",27.0556978075144,"8646","25.723","690.60394","DG 40:4|DG 18:0_22:4",NA,NA,"[M+NH4]+","690.60309","-1.2308082780429","C43H76O5","DG","72.31","690.60474:329265 691.60809:210175 692.61145:53669","79.05436:5686 81.06989:12356 83.08574:6843 93.06916:5579 95.08463:17008 105.06996:7156 109.10118:10593 119.0844:7073 121.10069:11554 123.11592:6760 133.10129:8512 137.13264:5278 145.10081:6493 163.14586:5557 175.14746:7700 203.18022:16484 217.1964:15779 231.21106:6583 244.57211:5751 297.25626:18359 315.26797:47457 315.34326:8210 341.30597:156734 389.30634:79270 389.41129:7235 551.86041:5844 655.57239:20588","12821.097874089","64357.5","19.9216841457313",0,0,21.0523025679678,NA,NA,NA,NA,NA,NA,NA,NA,NA,NA,NA,NA,NA,NA,NA,NA,NA,NA,NA,NA,NA,NA,NA,NA,NA,NA,NA,16.1758808708856,15.9497811243766,16.0115985408506,16.2222666228274,16.2370792217989,16.0982788732746,15.9974661916148,15.7674603139157,15.5969758945932,15.4851374741986,15.403877487505,15.4116764859349,"15952","26.79"
"pos_CoQ9_[M+H]+","19513","28.418","795.63446","CoQ9","[M+H]+","795.6286","C54H82O4","CoQ","81.06964:44847 95.08498:59378 107.08556:35050 109.10062:75568 121.10133:41465 123.11719:46862 135.11612:38517 149.13239:55492 161.13248:21251 163.14822:36088 167.36777:20274 177.16422:21522 183.03134:18878 184.07364:40975 189.12434:22732 197.08151:772138 197.12325:36769 203.18121:30188 211.0952:23050 237.11485:42359 264.26965:43732 795.63745:89645",44.5411787674201,"10724","27.316","795.62976","CoQ9",NA,NA,"[M+H]+","795.6286","-1.45796669454459","C54H82O4","CoQ","58.25","795.62811:240400 796.63146:166021 797.63482:54737","95.08445:5358 109.10072:10350 109.25639:5876 135.11563:6950 184.07298:10376 191.11176:6228 197.0806:133513 237.11035:6654 252.304:6386 795.62488:29998","28228.2962253814","185291","15.2345749255935",0,0,16.3748456586142,NA,NA,NA,NA,NA,NA,NA,NA,NA,NA,NA,NA,NA,NA,NA,NA,NA,NA,NA,NA,NA,NA,NA,NA,NA,NA,NA,17.5523163649261,17.5700113184509,17.4514526142251,17.5458694544869,17.6036625625747,17.5738838306565,17.6438491453481,17.3031742664932,17.0913527364401,17.1801811243144,17.0463673386218,16.9542985643186,"19513","28.418"
"pos_CoQ10_[M+H]+","21893","29.347","863.69659","CoQ10","[M+H]+","863.69122","C59H90O4","CoQ","81.0692:5853 95.08489:16400 109.101:13938 121.10139:7436 123.11736:13564 135.11612:8755 147.27966:8523 149.13283:8036 161.13126:7113 177.16548:7711 197.0426:9550 197.0806:173721 231.21312:7816 863.69971:18316",33.9180003912716,"12123","28.248","863.69336","CoQ10",NA,NA,"[M+H]+","863.69122","-2.47773735611241","C59H90O4","CoQ","482.48","863.69012:172480 864.69347:163523 865.69683:49243","81.06986:8555 93.06908:5657 95.08556:11738 109.10105:8132 121.10061:7334 135.1171:7419 149.13376:12921 161.13254:10029 197.08057:170321 237.10878:7857 358.25821:5644 863.68427:21662","426569.752832886","2762773","15.4399131898598",0,0,16.7910537736745,NA,NA,NA,NA,NA,NA,NA,NA,NA,NA,NA,NA,NA,NA,NA,NA,NA,NA,NA,NA,NA,NA,NA,NA,NA,NA,NA,21.5220479538706,21.4233395900014,21.3825316811745,21.4494615283422,21.4721508816436,21.4877625236155,21.4126819948185,21.1575640496819,21.0801070576802,21.0033580057911,20.857081186012,20.8307828774374,"21893","29.347"
"pos_TG 55:2_[M+NH4]+__A","23442","31.166","918.85339","TG 55:2","[M+NH4]+","918.84839","C58H108O6","TG","95.08544:7043 97.10056:5890 123.47797:6565 591.54553:8186 603.53687:9716 619.56171:22689 631.57251:8246",70.558976275593,"13122","30.118","918.84943","TG 55:2",NA,NA,"[M+NH4]+","918.84839","-1.13185157780932","C58H108O6","TG","285.59","918.84869:672599 919.85204:1467564 920.8554:733522","95.08582:10008 96.69331:5313 126.36683:5966 165.09135:13097 280.82135:5973 591.53705:15362 603.53485:20300 605.55237:24555 617.5553:23404 619.56866:61782 631.56586:15490","55426.3058524285","495248.5","11.1916150886734",0,0,11.2555329977536,NA,NA,NA,11.3901689562002,8.88264304936184,9.63662462054365,NA,8.8610869059954,NA,10.0993478104032,9.04439411935845,NA,9.64205169292798,NA,8.87344411251538,9.02236781302845,9.17242750864548,NA,NA,NA,NA,NA,NA,NA,10.0525680508041,9.79766152585376,11.2384047393251,18.9213528294508,19.1509372328954,19.0440391868959,18.749617410254,19.03280984632,18.914224525282,19.0684712822341,18.818438629772,18.9467007086567,18.887999976307,18.6768730320103,18.6003811830727,"23442","31.166"
"pos_CE 18:1_[M+NH4]+","15227","31.571","668.63837","CE 18:1","[M+NH4]+","668.63397","C45H78O2","CE","97.40609:7171 109.10036:9305 112.07896:5580 135.11699:8826 147.11589:12917 161.13228:14133 369.35181:86568 401.2114:6489",77.2265090669631,"8242","30.53","668.63354","CE 18:1",NA,NA,"[M+NH4]+","668.63397","0.643102234152919","C45H78O2","CE","10.89","668.63324:66308 669.63659:52400 670.63995:12427","113.89678:5194 147.11526:11530 161.13228:9669 369.35196:59528","4437.84695954735","18054","24.5809624434881",0,1,25.9174616571123,NA,NA,NA,NA,NA,NA,NA,NA,NA,NA,NA,NA,NA,NA,NA,NA,NA,NA,NA,NA,NA,NA,NA,NA,NA,NA,NA,14.356039240984,14.0904432750816,14.4372969327076,14.2351167143963,14.1879705919842,14.4902241357596,14.369256533388,13.819580375155,13.750706986225,13.6766182635885,13.2755425560867,13.4893462407191,"15227","31.571"
"pos_TG 54:1_[M+NH4]+__B","23107","31.597","906.85406","TG 54:1","[M+NH4]+","906.84839","C57H108O6","TG","81.06923:130305 83.08479:130088 85.10034:99852 93.06995:10630 95.08475:250802 97.10032:143410 107.08514:21514 109.10052:174831 111.11611:78202 121.1003:42691 123.11615:106547 125.13264:22987 135.11617:49909 137.13179:48703 149.13257:26903 151.14719:26128 153.26724:8798 163.14499:11002 165.16417:20984 179.18251:11305 188.26347:11258 203.00592:9466 221.22598:11727 239.23653:73030 247.2408:28986 249.25792:14026 265.25226:54973 267.26898:97769 275.27576:12072 293.28415:50584 313.27118:14727 341.30466:38358 355.58606:10672 487.28702:9858 551.50702:59832 577.52234:105939 579.53564:704119 605.5509:1692237 607.56702:527739 633.58282:636145 633.78058:12986",75.147890297584,"12911","30.526","906.84808","TG 54:1",NA,NA,"[M+NH4]+","906.84839","0.341843249027694","C57H108O6","TG","1430.34","906.84766:829184 907.85101:690268 908.85437:318250","81.06904:16503 83.08508:13037 85.10046:12851 95.08446:28083 97.09965:20437 105.21895:4747 109.10001:23183 111.11588:8625 123.11573:14268 137.13222:7363 178.29477:10616 239.23619:15292 265.25397:14619 267.26785:15033 293.28052:9935 313.272:9201 551.50323:29550 577.51862:31762 579.53461:196066 605.54962:440847 607.56512:134219 633.58099:213500","229070.685159261","1034759","22.1375880914552",0,0,23.4067958040779,11.6829945836817,11.9196082386032,12.2862689626798,13.281640300066,12.0154150523867,11.9266666293473,12.209453365629,11.6266216523584,12.0579917227592,12.0216740428584,11.4083297407674,11.4356702609366,12.1795981308498,11.6040898614692,11.209453365629,11.5849625007212,11.211888294546,11.4299297413533,11.1337844091799,11.6257088430645,10.6934869574993,11.0382331347318,11.5245417150359,10.6908710092923,12.1241213118292,12.2833777892856,12.4220647661728,20.2546319069748,20.1876420368979,20.2904767733898,20.0780634830885,20.1407648783857,20.0288220187204,19.9312554705279,19.5352298055978,19.534849991083,19.5958165544095,19.4960774647713,19.2707538532049,"23107","31.597"
"pos_Cer 34:2;O2|Cer 18:2;O2/16:0","8970, 9761","21.883, 21.886","518.49554, 536.5061","Cer 34:2;O2|Cer 18:2;O2/16:0","[M+H-H2O]+, [M+H]+","518.49323, 536.50372","C34H65NO3","Cer_NS","79.05411:9246 79.87582:5901 81.06893:25803 82.06474:16129 83.08507:9517 91.05442:7219 93.0691:17093 93.96552:5398 95.08458:33134 97.10081:10691 105.07003:8454 107.08477:13687 109.10052:23013 119.08514:8937 121.09997:20831 123.11622:10580 133.10069:7921 135.11697:12230 147.11714:8423 149.13293:11465 184.07166:9162 209.18997:8083 245.22566:12152 250.25269:458853 256.26343:76936 262.25262:4173516 264.26984:10604 280.26349:646836 488.48431:29178 500.4845:56381 518.49396:115046, 78.42221:6196 149.04556:47482 158.65411:6489 167.05603:29277 199.3427:5514 221.08513:13938 223.06395:8649 239.09435:10939 250.25368:53669 256.26675:14299 262.25406:757287 280.26468:111212 281.05225:90803 282.05417:13997 299.06299:225916 300.06305:48182 341.02252:9762 344.97919:20589 359.03186:26980 360.02661:11871 415.03775:80953 416.03848:36937 488.48355:16067 500.48526:32747 503.10706:30857 504.10788:20238 518.32977:10927 518.49481:147151 536.49463:8269",43.7461132967645,"4860","21.141","518.49371","Cer 34:2;O2|Cer 18:2;O2/16:0",NA,NA,"[M+H-H2O]+","518.49323","-0.925759435518541","C34H65NO3","Cer_NS","192.25","518.49377:1264993 519.49712:756342 520.50048:379674","95.08527:8948 109.09943:6297 117.3667:5546 121.10089:5167 250.25327:183746 256.26352:39428 262.25333:1873563 264.26688:7295 280.26407:273687 488.48676:24886 500.48428:39530 518.49579:106929","26574.7660515943","313879","8.46656388340549",0,0,8.48167374815436,NA,NA,NA,NA,NA,NA,NA,NA,NA,NA,NA,NA,NA,NA,NA,NA,NA,NA,NA,NA,NA,NA,NA,NA,8.84549005094438,NA,9.49185309632967,18.3270394347418,18.0738905083482,18.3177261552813,18.370287245889,18.1356441629834,18.3934407363671,18.3876892098769,18.1397212075902,18.1201821792295,18.1995525369812,18.3918812743729,18.1728327799519,"8970","21.883"
"pos_Cer 38:2;O2|Cer 18:2;O2/20:0","11378, 12129","25.319, 25.32","574.55878, 592.56927","Cer 38:2;O2|Cer 18:2;O2/20:0","[M+H-H2O]+, [M+H]+","574.55579, 592.56628","C38H73NO3","Cer_NS","79.05347:22987 79.82097:12077 81.06974:27064 82.06558:22955 83.08547:15711 91.05418:11702 93.06894:31854 95.08513:47838 97.10102:18859 107.08548:21774 109.10046:45097 111.11628:11396 121.10007:34020 123.11644:17014 133.09981:14126 135.11627:29408 178.3289:37619 209.19093:16466 236.23758:71990 250.25294:693277 252.27086:18476 262.25296:7010826 264.26862:161121 280.26395:1064233 280.31784:12828 282.28024:21510 312.32657:133268 544.54474:44186 556.54645:112361 574.37323:22549 574.55676:183156, 81.06939:13793 82.06496:8062 93.06897:10984 95.08506:19223 107.0855:8266 109.10075:12408 121.10028:9518 122.34115:5678 123.11571:6837 132.08733:5579 135.11617:8029 149.13269:6688 163.14471:7354 236.23708:49424 250.25279:247710 252.26929:16378 262.25287:2508518 263.24344:6674 264.26865:193865 280.26382:357517 282.27853:27441 312.32684:47318 482.5925:7872 544.54169:21098 556.54675:46377 574.55737:89114",54.2486907640347,"6120, 6526","24.361, 24.362","574.55688, 592.56757","Cer 38:2;O2|Cer 18:2;O2/20:0",NA,NA,"[M+H-H2O]+, [M+H]+","574.55579, 592.56628","-1.89711777158576, -2.17697166305174","C38H73NO3","Cer_NS","146.35, 28.47","574.5564:369531 575.55975:176439 576.56311:37678, 592.56696:384654 593.57031:194017 594.57367:46460","178.34154:11609 228.98599:6720 250.25238:51554 252.26839:8552 262.25266:487904 264.26877:108681 280.2634:80082 282.27881:17196 312.32935:15090 455.92551:5908 544.55322:8560 556.54333:17892 574.38721:6591 574.5589:40577, 110.46874:5441 143.23073:6023 236.23653:6180 250.25327:28911 252.26756:10579 262.25262:338618 264.26849:173271 278.84903:5596 280.26242:53701 282.27823:24427 312.32455:9407 556.54285:12514 574.55859:34979 577.92621:6033","8024.23513725008, 5734.80820199214","142389.5, 87282","5.63541211764216, 6.57043628926026",0,0,5.88491105309157,NA,NA,9.27379559921426,NA,8.94251450533924,NA,NA,NA,NA,NA,NA,NA,NA,NA,8.88874324889826,NA,NA,8.8073549220576,NA,NA,8.80413102118332,NA,NA,9.07948478382682,NA,8.90989308377004,NA,17.9091782140096,17.7844559288287,17.8462984001263,17.8442644158007,17.885386564781,17.8158210617153,17.8326366403512,17.82278242,17.7903803175614,17.7238875474705,17.6721490641712,17.6103760613489,"11378, 12129","25.319, 25.32"
"pos_Cer 40:2;O2|Cer 18:2;O2/22:0","12549, 13296","26.441","602.59076, 620.60126","Cer 40:2;O2|Cer 18:2;O2/22:0","[M+H-H2O]+, [M+H]+","602.5871, 620.5976","C40H77NO3","Cer_NS","81.06927:34150 82.06488:25944 83.08522:23944 93.06924:28313 95.08493:41904 107.08479:19506 109.10053:37744 115.00515:13080 121.10098:31592 123.11545:17418 133.09979:14683 149.13155:22862 236.23656:34475 250.2527:576022 252.26476:24989 262.25275:5352506 263.25293:20760 264.26874:250436 280.26364:803561 282.27887:40956 340.35684:133596 572.58209:28359 584.57703:102087 602.39594:18792 602.58716:188658, 81.06931:5824 95.08621:7060 124.83341:5359 178.28511:11233 236.23772:15910 240.26843:314016 250.25317:66031 252.26926:39112 257.24576:6041 262.2529:669173 264.26871:345250 265.27142:10123 280.26379:93095 282.27972:50010 283.27594:19882 290.28424:5907 340.35535:15083 470.20432:6354 560.59961:8597 572.57697:7221 584.57935:16888 602.58716:40214 620.59119:6011",48.6849006474637,"6767, 7182","25.394","602.58844, 620.59882","Cer 40:2;O2|Cer 18:2;O2/22:0",NA,NA,"[M+H-H2O]+, [M+H]+","602.5871, 620.5976","-2.22374491592573, -1.96584711250791","C40H77NO3","Cer_NS","164.01, 374.21","602.5871:560938 603.59045:318592 604.59381:57426, 620.59796:609231 621.60131:328147 622.60467:59665","109.10056:5911 227.69781:6364 236.23663:24352 250.25256:73834 252.26839:12389 262.25266:812026 264.26865:144587 280.26352:125979 282.27872:18065 340.35574:16989 486.82257:6532 572.57648:12785 584.57849:26782 602.58893:72106, 78.80283:5307 82.98847:5781 109.10107:6371 111.49548:5151 236.23682:17132 250.25296:74025 252.26651:17461 262.25266:791863 264.2684:162080 280.26343:114119 282.2789:22258 340.35773:19440 572.56317:12265 584.58331:29817 602.59052:83381","44648.924308448, 35996.1101672701","733707, 499215","6.08538889617354, 7.21054258531295",0,0,6.64394668986366,NA,NA,NA,8.73809225962049,NA,NA,8.73809225962049,NA,NA,NA,NA,NA,NA,9.15987133677839,NA,NA,NA,NA,NA,NA,NA,NA,NA,NA,NA,10.0484868739923,NA,20.3090244194508,20.2160092630206,20.2512997876294,20.2899434495266,20.2965028905952,20.255344438375,20.2486665236718,20.2171104638985,20.1403430067065,20.0209216298138,20.0373217297652,20.1210604399447,"12549, 13296","26.441"
"pos_Cer 40:3;O2|Cer 18:1;O2/22:2","13223, 12452","25.346, 25.347","618.58508, 600.57434","Cer 40:3;O2|Cer 18:1;O2/22:2","[M+H]+, [M+H-H2O]+","618.58197, 600.57141","C40H75NO3","Cer_NS","76.62234:5468 81.06963:6127 109.09982:5864 116.24496:6837 121.10095:7111 252.26936:91780 262.2561:9169 264.26981:828666 282.2803:129015 322.45654:5781 489.78183:7194 582.56281:18229 600.57501:29384 618.57709:6356, 78.68306:7542 81.06972:17033 82.06477:10231 93.06949:13715 95.08467:29236 97.10023:11589 107.08438:8767 109.10141:16661 121.10121:20726 123.11711:9782 135.1165:12221 236.23763:75785 250.2515:8452 252.26886:249591 254.25166:8431 262.25293:122268 264.2688:2333474 265.26053:8026 266.28372:9158 280.26578:16742 282.27948:357051 319.30307:9774 568.95917:7857 570.57159:11743 582.5658:51772 600.3916:23275 600.57355:81360",41.1842898172401,"6714, 7142","24.373, 24.374","600.57275, 618.58307","Cer 40:3;O2|Cer 18:1;O2/22:2",NA,NA,"[M+H-H2O]+, [M+H]+","600.57141, 618.58197","-2.23120844201929, -1.77826068882179","C40H75NO3","Cer_NS","170.8, 123.88","600.57208:193997 601.57543:98156 602.57879:55084, 618.5816:155157 619.58495:71279 620.58831:14384","89.89272:5815 92.76865:5470 178.34158:9247 252.26959:29694 264.26865:220417 281.01193:6066 282.28024:33486 582.56622:7135 600.57233:15299, 85.20033:6099 178.29993:6273 252.26822:20546 264.26843:224855 282.27841:35337 582.55951:8189 600.57172:17698","7431.49172390202, 7852.65608172667","159720, 109821","4.65282477078764, 7.15041392969165",0,0,5.2419534198814,8.85798099512757,NA,9.90689059560852,9.2667865406949,NA,8.8073549220576,NA,9.1006623390052,NA,NA,NA,8.876516946565,NA,NA,NA,9.2667865406949,9.14720492494223,NA,9.15987133677839,NA,NA,NA,9.35535109642481,NA,NA,10.0014081943928,9.23840473932508,18.0926487613201,18.0141076711999,18.1322788100776,18.0836091723527,18.1211793563457,18.0497156299431,18.0665202018659,18.0432943454862,17.9703250021605,17.9476312310772,17.9497241393727,17.889872290354,"12452, 13223","25.347, 25.346"
"pos_Cer 42:4;O2|Cer 18:2;O2/24:2","13554, 14290","25.466, 25.467","626.59015, 644.60077","Cer 42:4;O2|Cer 18:2;O2/24:2","[M+H-H2O]+, [M+H]+","626.5871, 644.5976","C42H77NO3","Cer_NS","95.08463:14194 250.25375:73182 262.25369:755510 270.02316:5845 280.26459:119272 608.57965:21492 626.59296:18898, 79.05425:8603 81.06892:16049 82.06441:6673 83.08569:6441 93.06944:11625 95.08459:19649 107.08474:9394 109.10055:14543 118.23654:6691 121.10094:14100 123.11588:8718 135.11577:10169 149.13115:6862 155.18433:6533 163.1474:5939 191.1832:5388 250.25227:193314 262.25235:1936490 263.24731:8210 264.26788:11601 280.26318:288903 289.24844:8087 339.2934:9959 596.58417:10506 608.57861:41111 626.58551:56414 644.40637:35707",53.2934542829158,"7722, 7328","24.48, 24.481","644.5979, 626.5871","Cer 42:4;O2|Cer 18:2;O2/24:2",NA,NA,"[M+H]+, [M+H-H2O]+","644.5976, 626.5871","-0.46540663496838, 0","C42H77NO3","Cer_NS","107.17, 40.01","644.59845:171426 645.6018:101119 646.60516:23770, 626.58722:285850 627.59057:197417 628.59393:213063","250.25029:12262 262.25269:192476 280.26492:28662 626.58136:12627, 148.13475:10302 148.18382:17342 225.08459:6328 250.2523:22528 262.25244:257255 264.26578:6976 280.26288:38038 342.36609:6472 608.57025:11383 626.59326:16896","8897.4168821205, 6367.3552731289","77306.5, 97673","11.5092739706499, 6.51905365160167",0,0,7.88141256888346,NA,NA,NA,NA,NA,NA,NA,NA,NA,NA,NA,NA,NA,NA,NA,NA,NA,NA,NA,NA,NA,NA,NA,NA,NA,NA,8.91288933622996,17.5708785387472,17.4821225516011,17.6029960133567,17.4500352227278,17.4038442100293,17.4033532780827,17.4958238047903,17.4328273185536,17.3345439049322,17.2253110101722,17.2857905122493,17.3120586568596,"14290, 13554","25.467, 25.466"
"pos_Cer 43:1;O2|Cer 18:1;O2/25:0","14378, 15064","28.425, 28.426","646.65387, 664.66425","Cer 43:1;O2|Cer 18:1;O2/25:0","[M+H-H2O]+, [M+H]+","646.64972, 664.66022","C43H85NO3","Cer_NS","93.06895:8788 95.08482:12479 107.08595:6013 109.10107:11174 121.10071:9672 124.69833:5397 166.22508:5956 166.25687:6158 178.27928:6972 247.24538:6891 252.26933:121915 264.26962:1171180 266.28433:10497 268.26901:6741 278.28552:159541 282.2803:172598 292.29929:17201 296.29587:25185 368.3844:7861 382.40814:23480 628.64343:25964 646.41498:13101 646.6507:44458, 79.05376:6826 81.06831:7799 93.06867:5899 95.08512:11579 109.10041:8979 121.10085:9051 123.11691:6454 135.11783:10290 137.2205:6210 237.81412:6843 247.24086:8202 250.25279:29750 252.26868:176523 264.26874:1742730 266.28165:16274 278.28461:208296 282.27927:268924 296.29489:27314 348.87665:6648 382.40689:33740 382.50793:6545 439.20383:13336 440.20526:20581 495.26761:36095 496.27048:92088 551.32764:13122 552.33197:56882 608.39288:17441 616.63837:11448 628.64435:29770 646.65088:68991 664.65985:8305",35.4304772569738,"8147, 7768","27.327","664.66089, 646.65076","Cer 43:1;O2|Cer 18:1;O2/25:0",NA,NA,"[M+H]+, [M+H-H2O]+","664.66022, 646.64972","-1.00803384925566, -1.60828956979839","C43H85NO3","Cer_NS","54.87, 154.29","664.65973:423641 665.66308:238032 666.66644:42559, 646.6499:136932 647.65325:76217 648.65661:16856","121.10004:7209 147.78419:6624 250.25262:6812 252.26799:68457 264.26834:704417 266.28583:15621 278.28381:151816 282.27887:101384 292.30127:9311 296.29385:20248 296.63382:5536 382.40866:13355 496.28238:7311 506.4491:5988 616.65039:15343 628.64197:39575 646.65137:87619, 76.55021:5962 96.43909:5338 103.4753:5840 121.10029:5905 196.84856:5333 250.25267:9917 252.26871:19834 264.26816:244560 278.28485:59315 282.27866:36490 292.30029:7369 296.29221:8811 382.39731:6612 628.64569:12242 646.65607:23702","20699.2876879346, 25123.6015276413","160442.5, 216919","12.90137444127, 11.5820197989301",0,0,12.4185322930509,11.1548181090521,11.1617617433047,11.1522848423066,10.5186531556734,10.4888443464573,11.5410966153495,12.5828476285503,10.8963324039099,12.125736329395,11.8025163651212,10.871135184243,11.0014081943928,10.7515440590891,8.99435343685886,10.4019461239765,11.4802853209364,10.0154150523867,10.8470573460913,10.8517490414161,10.9188632372746,11.2070143201775,9.26209484537018,10.9285183752579,8.97727992349992,12.3250243101914,13.1008265708957,11.360298426618,18.7634490525235,18.6852176008505,18.5854577257495,18.5520160990324,18.5727224280006,18.5026259430964,18.5828292567055,18.3899757731735,18.2739549147006,18.3172403577351,18.2052778000284,18.2651663319544,"15064, 14378","28.426, 28.425"
"pos_HexCer 34:1;O2|HexCer 18:1;O2/16:0","16253, 15668","21.891, 21.892","700.5766, 682.56592","HexCer 34:1;O2|HexCer 18:1;O2/16:0","[M+H]+, [M+H-H2O]+","700.5722, 682.56158","C40H77NO8","HexCer_NS","81.07003:21255 95.08556:34352 109.10098:21262 121.10056:29597 135.11691:25186 149.13033:20480 178.2881:44143 247.24591:34684 252.21054:32188 252.26994:614094 252.50975:16520 256.2645:146395 264.26974:7107026 265.26007:23002 266.28622:33864 282.28052:740537 324.39578:19388 444.32718:26293 490.49939:114454 502.50223:381592 504.51636:155762 520.51123:720902 682.56604:258063 682.81519:15246, 79.05384:19383 80.6265:16447 81.06979:39784 83.08601:18000 85.02802:55560 93.06999:25192 95.08531:74309 97.02831:26145 97.10155:38837 109.10067:56390 121.10075:61053 123.11721:31261 127.03986:43028 135.11673:58780 145.05:29200 236.23886:57494 239.23785:42365 247.24405:93945 252.26978:1350650 256.26471:359727 264.26971:15831933 265.25763:44283 266.28531:163427 282.28055:1212233 444.33508:127426 490.50027:265348 502.50171:760901 504.51715:610448 520.51202:650322 682.56561:783550",48.577896875088,"8501, 8871","21.149","682.56097, 700.57147","HexCer 34:1;O2|HexCer 18:1;O2/16:0__AA",NA,NA,"[M+H-H2O]+, [M+H]+","682.56158, 700.5722","0.893692258582022, 1.0420053778553","C40H77NO8","HexCer_NS","799, 983.12","682.56183:1179838 683.56518:548945 684.56854:177784, 700.57202:2915249 701.57537:1713992 702.57873:410802","80.6112:5235 95.08501:5398 178.33864:23269 247.24483:12520 252.26863:113367 256.26367:32455 262.50812:5504 264.26865:1493217 265.2547:6220 266.28561:14169 282.27893:110817 302.20856:5797 444.33096:15510 490.50165:34338 502.50061:119949 504.51517:74499 520.51172:88078 682.5647:174690, 81.06973:7360 85.02889:5997 95.08536:10278 109.10046:9912 112.82253:6210 121.10176:9310 135.11563:12186 178.295:10599 211.209:6657 247.24039:15712 252.26802:254228 256.26242:67305 264.26804:3061365 265.25568:11056 266.28409:12582 280.26419:6768 282.27847:327603 444.32928:14786 490.4985:70936 502.49814:214677 502.66925:9295 504.51321:86100 520.50806:447612 682.55914:229727","65495.2859003932, 118628.704229517","1129044, 1792329.5","5.80095070700462, 6.61868837339993",0,0,5.57172763572856,10.1241213118292,8.97727992349992,9.15987133677839,NA,NA,10.9527412471865,9.34429590791582,9.26209484537018,11.9266666293473,10.800090987625,10.5536292939164,10.8649599151426,11.0195907283579,10.2550285698187,11.468624042918,11.5018371849023,11.2360141919001,11.3853231761759,10.9758479680068,11.1680452682241,11.4356702609366,11.0559602344523,9.83130724380205,11.2378074737231,10.9395792143147,10.5028318040667,NA,21.4341038735683,21.5035452927906,21.5530353415504,21.5451888556853,21.4377759428717,21.6154217468125,21.4266020892275,21.4368411412505,21.3187678602009,21.4707472367434,21.5630901132986,21.4420348250625,"15668, 16253","21.892, 21.891"
"pos_HexCer 36:1;O2|HexCer 18:1;O2/18:0","17126, 16559","23.794, 23.797","728.60748, 710.59668","HexCer 36:1;O2|HexCer 18:1;O2/18:0","[M+H]+, [M+H-H2O]+","728.60352, 710.5929","C42H81NO8","HexCer_NS","81.06994:11005 85.0279:7108 93.06984:10175 95.08555:17807 97.10151:10044 109.1014:10667 121.10142:17344 135.11775:11099 147.24982:5529 178.33662:11239 236.23918:38757 247.24399:15998 252.27036:308054 264.27029:3279482 266.28558:22932 282.28107:338474 284.297:70529 444.33673:9809 502.17624:6711 518.53198:50858 530.53156:129266 532.54913:69998 548.5437:253026 710.5918:70855 728.4989:126120, 81.06947:8573 85.02863:6540 109.09942:7498 178.33344:10981 208.96169:6147 236.23822:45146 252.26968:113009 264.2699:1229505 266.28387:16493 282.28055:103269 284.29544:32985 444.32996:9004 513.37048:5970 518.53271:23690 530.53497:57520 532.54987:45353 548.54565:49508 710.60004:60790",44.093463069578,"9056, 9414","22.961","710.5929, 728.60406","HexCer 36:1;O2|HexCer 18:1;O2/18:0",NA,NA,"[M+H-H2O]+, [M+H]+","710.5929, 728.60352","0, -0.74114382538376","C42H81NO8","HexCer_NS","73.9, 147.86","710.59338:639691 711.59673:408644 712.60009:94555, 728.60339:656350 729.60674:377529 730.6101:94508","145.92607:5370 157.73167:5579 177.39806:5870 178.28697:7281 178.35027:11673 178.40649:5870 236.23718:15797 247.24251:9241 252.26805:100356 264.26862:1327419 266.28583:8030 282.27939:110227 284.29382:29850 444.33356:11062 518.5285:25511 530.53094:84378 532.54724:62036 548.54321:64746 710.59601:126399, 98.99757:4798 109.10038:7041 178.34346:8519 252.26807:86445 264.26834:918183 266.28522:6411 282.27878:114710 284.29547:22370 342.32797:5930 363.29102:8101 364.29269:12663 518.52789:21849 530.52985:58215 532.54901:29019 548.54199:122507 710.59265:59500 728.49567:57913","14414.277783598, 27599.7345950952","152504.5, 256817","9.45170652905194, 10.7468487658898",0,0,6.48458390720351,11.1465686757408,12.0094787458881,10.2854022188623,11.4056733322819,11.9322147519684,12.0168082876865,11.8113746935099,12.0667619323869,12.0195907283579,12.4673508144876,12.3720488252728,11.7739633684336,12.2597432636908,12.1440208692669,12.0457596613827,11.9373738201921,11.8490140736948,12.4506957715729,11.8974673417219,13.2721923616446,12.2632692003727,12.5415806599912,12.6620007187185,12.4207497582968,11.8933015308606,12.0674343607565,11.2312211807112,18.6555167478183,18.6396410033142,18.7168596427847,18.6457780329037,18.6988267307942,18.698884368549,18.4428625233537,18.7302910098282,18.6186758532732,18.6258907378649,18.4489833593499,18.5485623047308,"16559, 17126","23.797, 23.794"
"pos_HexCer 38:1;O2|HexCer 18:1;O2/20:0","17435, 18030","25.214","738.62878, 756.63831","HexCer 38:1;O2|HexCer 18:1;O2/20:0","[M+H-H2O]+, [M+H]+","738.62421, 756.63483","C44H85NO8","HexCer_NS","121.10177:6360 140.78049:5570 178.3298:11246 224.23672:8940 236.23801:121856 252.2695:54535 254.24709:10625 256.25449:6038 264.26987:515634 266.2832:6415 282.28076:48281 312.33072:13544 318.4071:6146 488.4223:6018 546.55847:7500 558.57056:24331 560.58173:22498 576.57355:17975 738.63263:34871, 95.08561:64165 97.47724:31100 145.3963:32616 178.33333:67743 224.23766:80410 236.23824:872555 252.2699:711572 254.25064:106937 264.26996:8152353 282.28088:953789 312.3299:159613 444.34067:61918 546.56476:118834 558.56641:346791 560.58209:191888 576.57745:716533 738.63129:283011",37.7596796174314,"9948, 9613","24.252, 24.253","756.63306, 738.62817","HexCer 38:1;O2|HexCer 18:1;O2/20:0",NA,NA,"[M+H]+, [M+H-H2O]+","756.63483, 738.62421","2.33930547443205, -5.36131898520684","C44H85NO8","HexCer_NS","477.98, 113.97","756.63385:694087 757.6372:418246 758.64056:108199, 738.62439:298399 739.62774:167424 740.6311:38792","78.03603:5458 81.06953:7005 95.08504:9923 121.09962:10663 135.11658:7378 146.44275:6310 236.23729:11255 252.26833:83722 264.26846:994494 282.27902:104653 289.82108:5737 312.32489:21370 363.29037:22347 364.29416:34370 365.29541:23554 391.32083:6853 392.31418:18016 393.31473:13193 546.56378:24400 558.56165:73995 558.72253:8170 560.5824:25550 576.57416:142269 615.55444:6745 738.62939:68738, 84.46432:5463 85.36942:5481 102.66198:5491 102.69778:5175 136.82455:6223 148.14949:24558 182.44798:6093 224.23746:11330 236.23648:103423 252.26852:65240 254.24658:6251 264.26834:641347 266.28122:5718 282.2789:53283 312.32336:12091 444.32697:7399 546.56348:16640 558.56079:46008 560.57428:30482 576.57178:32245 738.6214:91066","27220.0248128213, 12420.8728390292","348233, 221746.5","7.8166126739342, 5.60138394023319",0,0,6.69917434155808,12.2182604987973,12.2752515434703,12.1655351413779,12.2258099406235,12.364134655008,12.3698699386349,12.4961047793401,12.1312139050863,12.4070021479242,12.5149605633302,12.225508720236,11.9214690605314,12.7127419270757,12.0738068471785,12.7517532514393,12.4369717450491,12.7964452590618,12.6052480015658,12.6266216523584,13.2872795061029,12.6354914062517,12.6657800283295,12.4460494067166,12.516438734608,12.6273058805149,12.3063465536885,12.4893462407191,19.2334113718768,19.1771445486538,19.1958936097467,19.0840946891721,19.1197846348041,19.1788617649737,19.2391649619909,19.0832507717077,19.1053381950285,18.9738542894168,18.9628254183462,18.9892503473258,"18030, 17435","25.214"
"pos_HexCer 40:1;O2|HexCer 18:1;O2/22:0","18385, 19081","26.298","766.66089, 784.67151","HexCer 40:1;O2|HexCer 18:1;O2/22:0","[M+H-H2O]+, [M+H]+","766.65552, 784.66608","C46H89NO8","HexCer_NS","92.86795:21507 109.09986:29069 121.10122:30684 140.33717:21355 236.23615:33908 247.24092:28981 252.26933:642167 264.2695:6839370 266.28607:49239 282.28018:576123 340.3598:180536 359.34656:23938 403.23682:23464 444.33902:59335 574.59937:93945 586.59918:270959 588.61084:317896 604.60901:241237 766.66443:346238, 76.62591:7035 93.06995:7709 95.08541:6448 109.10031:11115 121.10148:8296 127.03646:5258 135.34386:6177 178.2856:10280 184.07246:19375 222.65884:5653 226.22569:5455 236.2327:6041 247.24133:10256 252.26848:205113 264.26819:2118755 265.26529:7615 266.28735:13873 282.27902:234209 340.35791:43280 574.58893:30473 586.59155:93185 588.60779:39177 604.60327:152093 643.59576:8883 766.65448:55336",29.6056876444019,"10134, 10488","25.262","766.65588, 784.66644","HexCer 40:1;O2|HexCer 18:1;O2/22:0",NA,NA,"[M+H-H2O]+, [M+H]+","766.65552, 784.66608","-0.469572044561268, -0.4587938859299","C46H89NO8","HexCer_NS","745.84, 1311.23","766.65521:317890 767.65856:207851 768.66192:50029, 784.66614:2685342 785.66949:1802319 786.67285:496366","106.52683:5510 124.70723:6105 195.8965:5638 252.26836:60950 264.26852:659221 282.27884:67006 326.50931:6363 340.35837:15373 574.59869:10876 586.59296:40565 588.61163:35852 604.6037:28322 766.65717:75807, 82.15334:6183 121.10043:9113 135.11649:9586 178.3414:10244 184.07195:21437 236.23804:8210 247.24472:11806 252.26817:183316 264.26797:2081815 265.25668:7379 266.2818:14360 282.27838:210106 340.35544:48740 444.33115:14223 574.59131:42637 586.59125:147076 588.60596:63696 604.60181:299980 766.6524:144247","124889.872253578, 275796.373367612","1691707, 3052228.5","7.38247653131296, 9.03590191126294",0,0,8.46087865178998,12.1907506496624,12.0535865436392,11.5343028824546,12.1573469353628,12.6204489520133,12.3882864197627,11.7536346188534,11.5536292939164,12.383704292474,12.3140167039014,12.7232343008934,11.930367747439,11.6706562491184,11.9686667931952,12.5982851741466,12.6823362697114,12.3960695576399,12.55818151986,12.1373113907009,13.2291192206586,12.775816012673,12.2520740427962,13.0414880438815,12.3715044120433,12.516438734608,11.8841705191084,11.5043224482919,22.3637388203501,22.2434956539291,22.3293186952774,22.1811601446409,22.1773325448189,22.1826101556576,22.1775460641464,22.0689563449425,22.152639495247,22.102001310064,21.9174336347916,22.0302822015367,"18385, 19081","26.298"
"pos_HexCer 41:1;O2|HexCer 18:1;O2/23:0","18923, 19624","26.763, 26.764","780.67584, 798.68646","HexCer 41:1;O2|HexCer 18:1;O2/23:0","[M+H-H2O]+, [M+H]+","780.6712, 798.6817","C47H91NO8","HexCer_NS","78.51598:14543 85.02773:17769 85.43855:15721 95.08491:21409 121.10124:16954 147.25645:14316 229.45358:16180 238.25435:29747 247.2415:24237 250.2541:179641 252.26958:392258 264.26959:4181582 266.28589:51758 278.28598:169791 282.28036:368293 316.42313:14220 354.37451:112804 444.33337:31468 588.61523:68967 600.61377:200877 602.62952:194918 618.62286:153044 780.6795:232382, 79.05412:11372 81.07003:13090 93.06965:13370 95.08583:21076 109.10097:13667 121.1009:19734 135.11728:19955 184.0742:38876 193.73436:9895 211.20753:10753 247.24098:23999 250.25328:50470 252.26927:337330 264.26935:3950731 265.26202:15308 266.28329:48132 278.28525:288899 282.28:423128 292.3017:9491 296.29617:36704 354.37482:82441 444.34015:18832 473.07874:9710 588.6109:54441 600.60944:198529 602.62341:111540 618.61926:362120 780.67145:130427 798.57703:76295",31.5579779725189,"10417, 10785","25.703, 25.704","780.67273, 798.68414","HexCer 41:1;O2|HexCer 18:1;O2/23:0",NA,NA,"[M+H-H2O]+, [M+H]+","780.6712, 798.6817","-1.95985198378328, -3.0550343146446","C47H91NO8","HexCer_NS","113.54, 416.4","780.67273:896765 781.67608:550855 782.67944:140532, 798.68213:380650 799.68548:200325 800.68884:61706","78.46783:6565 109.10032:7286 118.12171:12047 121.10084:8111 135.11629:7101 149.04619:6240 164.00841:6925 178.34198:10900 238.25102:13034 247.24243:7178 250.25256:142961 252.26851:129146 264.26859:1468974 265.25034:6254 266.28442:25671 268.26514:8636 278.28421:136325 282.27917:123493 296.2941:8469 340.35828:7917 354.37485:37862 389.30524:7392 444.32968:11875 588.60968:37383 598.68286:6998 600.61066:115954 602.6261:91950 618.61914:86784 679.43536:6105 737.5592:12553 780.66913:188213, 104.50237:6760 250.25317:41714 252.26871:55931 264.26868:561916 278.28442:29323 282.28027:54859 354.37161:14556 588.60834:11577 600.60956:40626 602.62653:16400 618.62286:64267 780.67334:39602 798.58429:23406","16013.2901281177, 36553.3398850228","169829, 344281.5","9.42906696036468, 10.6172826262877",0,0,10.0507044176585,9.1006623390052,10.1150436501617,9.38586240064146,9.40726776424473,10.8925428166486,NA,10.1045987535644,10.3586512008929,10.7657004876511,9.09275714091985,10.8572034715082,10.5225815312548,9.54689445988764,10.3531468254981,10.8257538328831,10.6220518194564,10.0552824355012,10.6706562491184,10.3998119593257,11.9996477365284,11.2732128098543,NA,10.6856248397263,9.36413465500805,11.2015113445001,11.0887882387169,10.4645457503339,19.242059932295,19.1188726541756,19.0675604061916,19.1111687900433,18.9953641626626,19.0222946576917,18.9458952937998,18.8811438412114,18.8990765945836,18.8723532436507,18.7197932119643,18.8485557037188,"18923, 19624","26.763, 26.764"
"pos_Cer 33:1;O2|Cer 17:1;O2/16:0_[M+H-H2O]+__A","8564","20.024","506.49609","Cer 33:1;O2|Cer 17:1;O2/16:0_[M+H-H2O]+__A","[M+H-H2O]+","506.49319","C33H65NO3","Cer_NS","81.06927:7013 147.28764:7745 236.23729:11692 238.25417:38076 250.25377:339575 256.26132:6056 264.27032:37610 268.26413:58617 280.26569:25565 282.27963:8592 464.42639:5646 488.48724:60293 506.49582:32170",52.122673103807,"4607","19.325","506.49435","Cer 33:1;O2|Cer 17:1;O2/16:0_[M+H-H2O]+__A",NA,NA,"[M+H-H2O]+","506.49319","-2.29025784131529","C33H65NO3","Cer_NS","87.16","506.49304:109102 507.49639:39866 508.49975:8072","91.19987:5521 102.20829:6041 113.1234:5929 148.14372:22294 148.19513:6529 238.25084:6603 250.25284:71261 268.26489:10004 488.48242:17774 506.49924:12431","7323.58521242406","70699","10.358824329091",0,0,10.68029518663,NA,NA,NA,NA,NA,NA,NA,NA,NA,NA,NA,NA,NA,NA,NA,NA,NA,NA,NA,NA,NA,NA,NA,NA,NA,NA,9.15987133677839,16.2531272869988,16.1503819688179,16.1937563456984,16.1920615948147,16.1130502747687,16.1057448542075,16.0864265265816,16.1592800763881,15.947751070703,15.9102913820795,15.8338289631344,15.7425462864483,"8564","20.024"
"pos_Cer 36:1;O2|Cer 18:1;O2/18:0_[M+H-H2O]+__B","10273","23.119","548.54309","Cer 36:1;O2|Cer 18:1;O2/18:0_[M+H-H2O]+__B","[M+H-H2O]+","548.5401","C36H71NO3","Cer_NS","95.08539:11921 107.03114:5667 121.10096:9718 178.32991:16983 184.07068:6660 204.4119:6552 236.23787:7812 252.26976:104978 264.26993:907114 282.28082:148859 284.29657:22372 308.29657:11298 518.53308:5723 530.53949:33235 548.54462:41019",62.5214161450903,"5542","22.339","548.54126","Cer 36:1;O2|Cer 18:1;O2/18:0_[M+H-H2O]+__A",NA,NA,"[M+H-H2O]+","548.5401","-2.11470410260517","C36H71NO3","Cer_NS","82.52","548.5412:605481 549.54455:329142 550.54791:45430","104.82825:5024 114.66772:5277 178.34138:10485 236.23767:11755 252.26974:55090 264.26883:494911 282.27939:79891 284.2977:8072 457.91467:5685 530.53345:16610 548.5434:38223","18946.0400345936","141859.5","13.3554961314495",0,0,13.4522602577246,NA,NA,NA,NA,NA,NA,NA,NA,NA,NA,NA,NA,NA,NA,NA,NA,NA,NA,NA,NA,NA,NA,NA,NA,NA,NA,NA,17.0778588359718,17.0879289400999,16.6766320360048,17.195766280021,17.1398111228314,17.1566953962928,17.444189898715,17.1719879291402,17.0252477257382,17.0065671504682,17.280788890684,16.8329270895272,"10273","23.119"
"pos_HexCer 40:2;O2|HexCer 18:1;O2/22:1_[M+H]+__B","18993","26.021","782.65472","HexCer 40:2;O2|HexCer 18:1;O2/22:1_[M+H]+__B","[M+H]+","782.65039","C46H87NO8","HexCer_NS","81.06968:17707 83.08492:10785 85.10046:64001 91.03922:6785 91.0535:9665 93.06915:9268 95.0851:19405 97.10066:12651 107.08491:11531 109.1018:10624 111.11683:7213 119.08537:8322 121.10121:15626 135.11795:13897 149.12994:8753 170.69688:7486 184.07379:32805 247.24196:15573 252.26959:181830 264.26981:1107761 265.25977:8059 266.28665:16166 282.27997:77452 296.55112:8976 330.28418:18734 338.34445:15619 356.3544:33445 363.28992:10425 590.59705:38319 602.59302:205729 604.60767:67973 620.60321:55026 629.8241:8167 641.59265:118240 782.66748:8396",25.8793021774518,"10097","24.401","764.64038","HexCer 40:2;O2|HexCer 18:1;O2/22:1_[M+H-H2O]+",NA,NA,"[M+H-H2O]+","764.63989","-0.640824532465111","C46H87NO8","HexCer_NS","100.86","764.63947:576421 765.64282:371335 766.64618:97562","97.10014:5969 102.12679:44093 104.67022:6080 144.29147:5840 184.07274:83895 185.07559:28733 186.07741:16610 236.23518:7358 247.23489:6091 250.25291:26593 252.26793:71070 262.25256:360562 264.26849:914621 266.28445:8881 280.26331:33416 282.27893:70673 338.3454:9857 572.578:24019 584.57837:77527 586.59521:63827 602.59027:53182 764.6413:118105","10809.5098741662","151810.5","7.12039672760858",0,0,7.21649512842209,9.19967234483636,NA,NA,NA,NA,NA,NA,NA,NA,NA,NA,NA,NA,NA,NA,NA,NA,NA,NA,NA,NA,8.88874324889826,NA,NA,NA,NA,NA,17.282319255863,17.1658000874315,17.2419924568939,17.3217431672895,17.2898567939097,17.1947183861449,17.228903220932,17.2488263224951,17.1701891426119,17.1438614818679,16.984885692423,16.9947069952581,"18993","26.021"
"pos_Cer 41:1;O2|Cer 18:1;O2/23:0_[M+H-H2O]+__A","13225","26.318","618.62079","Cer 41:1;O2|Cer 18:1;O2/23:0_[M+H-H2O]+__A","[M+H-H2O]+","618.61841","C41H81NO3","Cer_NS","81.06954:14834 82.06467:12138 95.08472:20583 97.10031:7111 107.08587:8448 109.10049:18003 111.11627:7055 119.48873:5816 121.10036:11924 123.11663:10071 135.11629:19016 142.19911:7631 149.13171:9069 178.26888:5840 178.28462:9619 236.23701:8708 238.24957:10754 247.24237:10481 250.25276:126796 252.26852:265896 264.2684:2716011 265.2641:8300 266.28473:16365 268.2634:24423 278.28412:150384 282.27914:441316 296.29468:26765 354.37292:60828 378.37363:7877 588.60992:25378 600.60974:51911 618.41595:10742 618.61829:110521",39.5542503659338,"7146","25.28","618.62012","Cer 41:1;O2|Cer 18:1;O2/23:0_[M+H-H2O]+__A",NA,NA,"[M+H-H2O]+","618.61841","-2.764224233163","C41H81NO3","Cer_NS","183.99","618.61865:294819 619.622:171406 620.62536:34949","82.13524:5734 120.76907:5039 250.25249:55857 252.26802:40480 264.26843:369559 268.26575:8520 278.28296:23769 282.27963:61190 296.29703:6876 354.37189:12658 444.02322:5319 600.60449:14095 618.61768:39720","10438.4897385938","110809.5","9.42021193001842",0,0,9.26447260846727,NA,NA,NA,NA,NA,NA,NA,NA,NA,NA,NA,NA,NA,NA,NA,NA,NA,NA,NA,NA,NA,NA,NA,NA,NA,NA,NA,16.9458895800316,16.9728900634355,16.9594812874001,16.7109812724067,16.8051140668241,16.8301933177695,16.7794372306201,16.5842872534903,16.7356750096148,16.7294348720157,16.6056965310396,16.6547898436594,"13225","26.318"
"pos_Cer 41:1;O2|Cer 18:1;O2/23:0_[M+H-H2O]+__B","13227","26.778","618.62177","Cer 41:1;O2|Cer 18:1;O2/23:0_[M+H-H2O]+__B","[M+H-H2O]+","618.61841","C41H81NO3","Cer_NS","79.05479:5168 81.06996:10816 83.08573:7514 84.74333:5983 89.50883:5736 93.0707:8180 95.08596:13683 96.08252:6005 109.10152:9761 121.1017:11670 127.88304:6447 135.11734:12924 178.33083:32205 211.20891:8510 218.48239:6244 238.25488:12438 250.25412:96648 251.2576:65742 252.26933:210188 253.27109:8207 264.27005:1757637 265.27307:65215 266.27902:25134 268.2637:13613 278.28577:58991 282.28064:277625 283.28394:8064 296.29779:9879 354.37671:32816 378.37366:7523 464.02145:5976 588.60913:15932 600.60822:38681 618.61713:73626",29.4757136960181,"7144","25.705","618.6189","Cer 41:1;O2|Cer 18:1;O2/23:0_[M+H-H2O]+__B",NA,NA,"[M+H-H2O]+","618.61841","-0.792087645780578","C41H81NO3","Cer_NS","217.72","618.61823:213956 619.62158:114729 620.62494:27440","86.59865:5153 148.12387:5974 148.17719:21172 148.21736:6957 185.37595:6146 250.25134:23428 252.26682:21290 264.2684:180426 278.28369:13539 282.27939:25782 600.6004:8119 618.61517:15926","7554.5601455296","74397.5","10.1543198972138",0,0,9.99585651112114,NA,NA,NA,NA,NA,NA,NA,NA,NA,NA,NA,NA,NA,NA,NA,NA,NA,NA,NA,NA,NA,NA,NA,NA,8.74819284958946,NA,NA,16.481168745299,16.3407889518542,16.2749240840949,16.2244539533306,16.1373113907009,16.2927709669283,16.2796105810525,16.1402506278047,16.0509964642887,16.1307716380878,16.0001540882261,16.0372895520095,"13227","26.778"
"pos_Cer 43:2;O2|Cer 19:1;O2/24:1_[M+H-H2O]+__C","14296","27.611","644.63776","Cer 43:2;O2|Cer 19:1;O2/24:1_[M+H-H2O]+__C","[M+H-H2O]+","644.63397","C43H83NO3","Cer_NS","79.0537:9887 81.06912:19151 82.06477:16283 83.08529:10940 85.45702:6353 93.06931:13704 95.08497:22416 96.02633:5654 97.06409:6060 97.10052:12218 107.08489:9506 109.10051:18156 111.11697:9860 113.71664:6055 121.10027:21248 123.11678:11350 133.08482:7578 135.11638:21773 149.13246:11670 225.22235:9594 238.25261:8665 250.25285:113404 252.26811:98508 261.25757:11672 262.2554:13388 264.26877:923672 266.28418:350290 268.26407:14094 278.28442:3214526 279.27835:10050 282.27933:153218 292.3024:8176 296.29498:503520 349.34872:10892 366.37439:14002 390.37256:7313 570.30469:7070 614.62604:28921 626.62476:83296 644.40796:32191 644.63629:117374",23.4980561338919,"8101, 7726","26.515","662.64526, 644.63483","Cer 43:2;O2|Cer 19:1;O2/24:1__BB",NA,NA,"[M+H]+, [M+H-H2O]+","662.64459, 644.63397","-1.01110008309841, -1.33409041411324","C43H83NO3","Cer_NS","96.17, 322.52","662.64478:277982 663.64813:167921 664.65149:29339, 644.63434:271060 645.63769:168351 646.64105:75581","252.26735:20595 264.26862:173731 266.28378:37515 278.28406:352874 282.27927:24709 296.29434:58311 614.62714:7839 626.62549:23022 644.63934:49123, 161.35406:5109 178.29025:11290 252.2677:10189 264.2684:102375 266.28464:28325 278.28378:263331 282.28009:18944 296.29343:44189 626.63013:14515 644.63434:23502","9929.19695057628, 10335.6877895636","98216.5, 130597","10.1094998809531, 7.91418469762978",0,0,8.69942373700594,9.50581155391959,NA,NA,NA,NA,NA,9.56795607541547,NA,NA,8.98299357469431,9.26209484537018,8.58496250072116,9.07681559705083,NA,9.27612440527424,9.12928301694497,NA,NA,NA,9.62935662007961,9.54109661534952,NA,9.14210705730255,NA,9.16490692667569,NA,NA,17.9706170991355,18.007366782534,17.8912853178695,17.8705212535217,17.8879404979537,17.7802513944375,17.766787692621,17.8269952881192,17.6859874935441,17.7296141056962,17.6242885619416,17.6285024994929,"NA, 14296","NA, 27.611"
"pos_Cer 33:1;O2|Cer 17:1;O2/16:0__AA","8561, 9292","22.638, 22.639","506.49545, 524.50586","Cer 33:1;O2|Cer 17:1;O2/16:0__AA","[M+H-H2O]+, [M+H]+","506.49319, 524.50372","C33H65NO3","Cer_NS","81.06931:12443 82.0646:13476 83.08537:6186 85.10092:5997 93.06924:11685 95.08472:22190 97.10077:9620 109.10101:7632 121.10004:21164 123.11505:6791 135.11597:12005 178.28264:11807 184.07321:10338 197.19052:8828 233.22647:7768 236.23734:35093 238.25294:261682 242.24873:8031 250.25264:2628297 252.26857:34178 256.26328:55870 264.26877:311868 268.26355:392468 280.2663:8142 282.27887:47800 476.47571:19271 488.48349:44954 506.49356:78595, 178.33073:18263 236.23715:7630 238.25403:78587 250.25403:752294 252.27049:14076 256.26505:17170 264.27039:105509 268.2648:104653 282.28125:11611 488.48688:10547 506.49771:30648 524.53418:31584",46.6672627716952,"4606, 4991","21.878, 21.879","506.49393, 524.50458","Cer 33:1;O2|Cer 17:1;O2/16:0__AA",NA,NA,"[M+H-H2O]+, [M+H]+","506.49319, 524.50372","-1.46102655388253, -1.63964518686113","C33H65NO3","Cer_NS","109.34, 19.16","506.49393:659822 507.49728:274448 508.50064:45413, 524.50439:196078 525.50774:93147 526.5111:11253","148.13762:10257 148.1805:13547 236.23564:10244 238.25279:114142 250.25299:1149773 252.26904:15730 256.26401:18595 264.2688:127528 268.26367:183890 268.32697:9651 282.27719:19362 289.72452:6085 476.48181:21011 488.48477:30636 506.49426:88992 506.65967:8820, 143.18457:6136 157.68541:5728 157.71457:5596 178.29253:10082 238.25314:15780 250.25323:204501 264.26886:18821 268.26569:24805 469.80389:5874 488.48581:8843 506.49872:22210","7120.97686682654, 4265.10181323644","101612.5, 48561.5","7.00797329740587, 8.78288729391892",0,0,7.14030107757642,NA,NA,8.95419631038687,NA,NA,NA,8.6724253419715,NA,9.07681559705083,NA,NA,8.85486838326024,NA,NA,NA,NA,NA,NA,NA,NA,NA,NA,NA,NA,NA,NA,NA,17.2068331327893,17.266255825242,17.2209734073517,17.1928225531215,17.0989059420448,17.2260734568816,17.3451193269074,17.1935638606024,17.1497074321454,17.0877943047879,16.9210505848096,17.1419773844706,"8561, 9292","22.638, 22.639"
"pos_Cer 34:1;O2|Cer 18:1;O2/16:0__AA","9860, 9091","23.603, 23.604","538.52136, 520.51117","Cer 34:1;O2|Cer 18:1;O2/16:0__AA","[M+H]+, [M+H-H2O]+","538.51941, 520.50879","C34H67NO3","Cer_NS","79.05374:7209 81.06886:17176 82.06485:13596 83.08487:9102 93.06936:8541 95.08443:27139 97.10016:10712 107.08476:10897 109.10098:15820 121.10093:24277 123.1161:7640 135.11682:17667 149.04263:5084 149.13292:6486 211.2075:10339 247.24113:11459 252.26851:442128 256.26349:85633 264.26849:4295461 265.26077:8697 282.27936:635659 299.06021:10863 301.05914:9840 490.49942:37593 502.50015:73182 520.50946:149124, 79.05286:351522 81.06971:531653 82.06516:425073 93.06961:447504 95.08481:647833 107.08454:330538 109.1004:656478 121.10032:899460 135.11612:538198 191.24956:260430 211.2061:249081 236.2394:362646 247.24225:561458 252.26854:14495636 256.26361:2611042 264.26852:129025688 265.25192:471459 280.26413:356518 282.27924:19740006 323.49133:243999 477.71756:288736 490.49918:902489 502.50024:2263290 520.5094:4076954",30.1532873418018,"4900, 5318","22.784, 22.785","520.50952, 538.52002","Cer 34:1;O2|Cer 18:1;O2/16:0__BB",NA,NA,"[M+H-H2O]+, [M+H]+","520.50879, 538.51941","-1.40247391398696, -1.13273540140645","C34H67NO3","Cer_NS","5717.31, 1210.4","520.50903:5314212 521.51238:2297308 522.51574:415041, 538.52002:9797917 539.52337:3885380 540.52673:667568","82.89799:6002 252.26863:103711 256.26266:20239 264.26855:1039710 280.26956:7232 282.2793:161612 319.81198:6412 490.496:12614 502.50385:31387 520.51196:72551, 79.05372:6649 81.06952:12645 82.06532:5902 85.80009:5251 93.06982:12195 94.05901:7125 94.06924:7776 95.08494:21397 97.10091:7254 107.0853:9049 109.10107:13097 111.11623:8382 121.10078:22721 123.11617:7868 135.11647:24137 149.1321:10561 151.14851:7412 187.46594:5399 211.20467:23296 236.23703:18311 239.2355:9423 247.24272:25048 252.20523:7112 252.26903:630079 256.26401:126993 264.26901:6493565 265.25668:15732 277.90823:7244 280.26059:6301 282.27975:967982 300.28998:45279 490.4982:96507 502.50058:177390 520.51031:557526 538.52045:10889","625801.162522672, 417442.124759139","9563843, 4978466","6.54340689744354, 8.3849548185955",0,0,7.06341583370365,11.471675214392,10.7665289085989,11.4701504352744,12.2908828224296,10.467605550083,12.4491486453754,13.3195310053758,9.75988818322183,13.415477707698,12.5591380556424,11.3219280948874,11.5844927969759,10.3880172853451,10.3297963382207,12.6926155016946,13.0121007161516,10.4439795426012,13.2610664999994,12.0488274133639,11.6969675262343,13.1366707623419,12.9314762338868,12.1839454717572,13.3310568844266,10.8811139606751,12.233919208587,10.2143191208008,23.7986487904242,23.7221487910482,23.9033379707132,24.0064931894964,23.8064581715621,23.8707950530045,23.8089197049272,23.7442503800393,23.8376304352819,23.7244383902007,23.6789343767302,23.6553861592171,"9860, 9091","23.603, 23.604"
"pos_Cer 35:1;O2|Cer 18:1;O2/17:0__AA","10467, 9692","24.428, 24.43","552.5379, 534.52728","Cer 35:1;O2|Cer 18:1;O2/17:0__AA","[M+H]+, [M+H-H2O]+","552.53497, 534.52448","C35H69NO3","Cer_NS","75.96532:6497 87.47387:5663 121.10143:6100 250.25372:32347 252.27002:39609 264.26984:431791 268.26559:7569 278.28262:13894 282.2803:62712 516.52277:9365 534.52911:19431, 85.10029:5900 88.02777:4732 88.11126:6668 93.16525:5851 94.71678:5978 95.08631:6985 178.29492:11057 247.23869:7508 250.25357:60309 252.26961:114466 264.26971:1026546 270.28018:25349 278.28595:64654 282.28052:150912 282.34738:11291 296.29721:8122 504.5144:9035 516.52258:17477 534.52722:39178",34.5975141978615,"5216","23.537","534.5249","Cer 35:1;O2|Cer 18:1;O2/17:0",NA,NA,"[M+H-H2O]+","534.52448","-0.785745116786388","C35H69NO3","Cer_NS","237.82","534.52533:502093 535.52868:207923 536.53204:98342","105.05873:5280 162.76161:5901 250.25281:53493 252.26883:68398 264.26843:630493 268.26514:10863 270.2793:13946 277.05786:5526 278.28452:26002 282.27881:95750 504.52573:9919 516.51282:21512 534.52649:53924","16756.3386730894","222557.5","7.52899303464922",0,0,7.54210782848733,8.86727873970966,NA,NA,NA,NA,NA,NA,NA,8.78790255939143,NA,NA,NA,NA,NA,8.94836723158468,NA,NA,NA,NA,NA,NA,NA,NA,NA,NA,8.81378119121704,8.84235034341381,17.97099898289,17.7146144633584,17.8460534936545,17.7576374174352,17.769973399778,17.80556125691,17.8581631666267,17.7763366404988,17.6948339546222,17.627711987496,17.5656822536278,17.703376413421,"10467","24.428"
"pos_Cer 36:1;O2|Cer 18:1;O2/18:0__AA","10268, 11056","25.138","548.54285, 566.55383","Cer 36:1;O2|Cer 18:1;O2/18:0__AA","[M+H-H2O]+, [M+H]+","548.5401, 566.55072","C36H71NO3","Cer_NS","81.06934:127811 82.06427:103130 83.08509:77453 91.0541:68572 93.06961:78865 95.08457:251238 107.08519:116741 109.10061:147242 111.11651:61953 121.10041:202325 123.11543:89447 135.11575:212839 142.78842:57406 149.13184:110076 211.20531:130200 247.23924:130691 252.26859:4027944 264.26843:37287280 265.25482:115671 282.27927:5685208 284.23407:72783 284.29474:763835 518.28442:64993 518.53137:257466 530.5296:563349 548.54126:1098239, 79.0536:8495 81.0696:14158 82.06537:9638 83.08465:9830 85.10085:8597 93.06915:13425 95.0846:32728 97.10081:12544 107.08461:8201 109.10035:18178 109.522:5150 121.10041:28003 123.1162:7915 135.11668:21327 149.13094:8527 165.16394:7006 211.20784:12721 224.23778:9357 236.23691:65403 247.24162:16265 252.26846:479089 254.24817:10776 264.26846:4747174 265.26138:11758 270.27902:35252 282.27936:687330 284.29547:87544 308.29202:11492 518.53143:36853 530.53113:69060 548.54095:161252",45.2888985827139,"5949, 5541","24.186, 24.187","566.55145, 548.54108","Cer 36:1;O2|Cer 18:1;O2/18:0__AA",NA,NA,"[M+H]+, [M+H-H2O]+","566.55072, 548.5401","-1.28849893631695, -1.78656036252074","C36H71NO3","Cer_NS","314.8, 761.52","566.55115:593498 567.5545:270086 568.55786:58792, 548.54041:708032 549.54376:352212 550.54712:88196","76.81351:4901 83.08649:4555 236.23816:12784 252.26836:76600 264.26837:770807 282.27878:114086 284.29706:16560 518.5343:8216 530.52985:28398 548.54291:68338, 80.78607:5507 252.26859:94051 264.26846:933391 282.27893:143052 284.29462:17194 518.53699:9277 530.53137:28886 548.54047:63646","76285.1885974995, 166243.779072946","981327.5, 1729034","7.77367276444403, 9.61483574486946",0,0,9.04704953047865,9.30833903013941,10.5245417150359,9.00842862207058,NA,10.7473538294781,10.0375469539622,11.8933015308606,11.2714630279044,11.9244413923392,11.1823943534045,12.1938333325465,NA,9.08214904135387,9.96000193206808,8.92777796208234,9.16239132875691,10.3869402453243,10.4696418172395,10.7389366816761,12.6969675262343,10.075479149488,10.9203528554151,11.6573184495813,10.8089641749193,10.9439799143437,12.2315212108757,8.74819284958946,21.4821181190428,21.3936491657136,21.4125993058834,21.3481289308781,21.4281152845707,21.3784737336553,21.4538824935903,21.3878274943704,21.1285538621366,21.2310969312022,21.1572556389026,21.0976045988084,"11056, 10268","25.138"
"pos_Cer 38:1;O2|Cer 18:1;O2/20:0__AA","11474, 12209","26.309, 26.31","576.57501, 594.58539","Cer 38:1;O2|Cer 18:1;O2/20:0__AA","[M+H-H2O]+, [M+H]+","576.57141, 594.58197","C38H75NO3","Cer_NS","81.06955:18680 82.06487:26460 95.08439:46334 109.10017:24444 121.10068:49025 135.11803:25883 236.2382:69900 252.26968:600664 252.63744:20498 264.26974:6121450 282.28043:957643 292.30222:36862 312.32794:128309 546.56885:51472 558.56342:106549 576.57428:170420, 81.06952:11114 82.06439:5978 86.09037:5986 93.06959:6415 95.0847:17351 97.10059:8707 98.41599:4958 109.10118:10859 116.76306:5826 121.10002:13952 123.11581:7090 236.23746:25316 247.24126:7171 252.26848:209450 264.26859:2131776 265.2648:10834 270.2796:46099 282.27917:305400 292.29947:11767 312.32675:38396 546.56415:21083 558.56274:41650 576.57269:81654 594.58539:6512",41.4530431661779,"6575, 6174","25.279","594.58252, 576.57196","Cer 38:1;O2|Cer 18:1;O2/20:0__AA",NA,NA,"[M+H]+, [M+H-H2O]+","594.58197, 576.57141","-0.925019640419491, -0.95391479777956","C38H75NO3","Cer_NS","110.25, 391.54","594.5824:253746 595.58575:174814 596.58911:33234, 576.57214:315800 577.57549:162980 578.57885:30574","129.11426:5236 252.26833:46946 264.26855:421383 282.27982:62926 312.32489:9029 558.56433:11823 576.57886:34661, 78.58078:5214 111.78185:5446 236.23705:11448 252.26891:55622 264.26859:543504 282.27908:80700 312.32318:13200 438.0578:5416 558.56293:17259 576.5766:35405","46120.8517214844, 61034.031033862","548527, 889614.5","8.40812789917076, 6.86072799328945",0,0,7.28256696591423,10.0914353863236,NA,NA,10.539158811108,9.25266543245025,9.20212382383046,12.2443638351205,9.02513956227851,10.9578275608337,9.37937836707126,10.1573469353628,9.03342300153745,NA,9.67771964164101,8.81057163474115,11.3037807481771,NA,10.2854022188623,NA,10.7960396088298,9.20701432017753,9.4594316186373,9.97154355395077,10.3498340914573,10.6573184495813,11.0566377151132,10.4367115421372,20.5925081357058,20.5676739002,20.6006416092156,20.4556814042479,20.5058745355723,20.5096426136045,20.4548545051445,20.392910624573,20.394766210782,20.3910411074587,20.244907307943,20.3558242310667,"11474, NA","26.309, NA"
"pos_Cer 40:1;O2|Cer 18:1;O2/22:0__AA","13386, 12655","25.828, 25.83","622.61761, 604.60687","Cer 40:1;O2|Cer 18:1;O2/22:0__AA","[M+H]+, [M+H-H2O]+","622.61328, 604.60272","C40H79NO3","Cer_NS","81.06911:9236 82.06502:7432 83.08498:10321 93.0695:10048 95.08462:16007 97.10144:11148 107.08514:8256 109.10096:10493 121.10023:17516 123.11596:8692 135.11659:13092 178.33098:15497 186.22966:5891 190.03114:5891 247.23904:8067 252.26859:305195 264.26852:2998636 265.25906:10750 282.27927:437685 340.35815:57253 574.59357:27222 586.59332:50930 596.99164:6135 604.60437:127420, 79.05415:10436 81.06937:14625 82.06457:18193 82.34421:9251 83.08414:11996 90.77934:8163 93.06889:16167 95.08464:33071 97.10059:13935 107.08447:10024 109.10084:22423 121.09971:26559 135.11604:30436 172.45898:8115 220.40146:9398 238.07492:9658 247.24274:14664 252.26816:451045 264.26819:4262130 265.25266:14137 282.27908:669145 340.35782:99036 364.35809:8890 574.59247:36978 586.59271:92314 604.60028:140096",42.3588935812292,"7231, 6827","24.823","622.61469, 604.60339","Cer 40:1;O2|Cer 18:1;O2/22:0__AA",NA,NA,"[M+H]+, [M+H-H2O]+","622.61328, 604.60272","-2.2646481295169, -1.10816570592622","C40H79NO3","Cer_NS","41.24, 319.57","622.61469:697931 623.61804:455526 624.6214:106464, 604.6037:207535 605.60705:123600 606.61041:27778","81.07001:5363 89.60758:5539 95.08527:6406 148.14404:19866 148.19084:9007 148.23212:5680 247.24498:6100 252.26895:138533 264.26895:1326798 282.27954:195952 340.35822:28411 574.59027:19027 586.59137:39308 604.60095:121102, 252.26826:35181 264.26862:296068 282.27887:49799 340.35669:11976 586.59088:7841 604.60626:20351","13236.227121965, 92059.5665463235","122010.5, 982814","10.848432816819, 9.36693683101009",0,0,9.43349424774942,NA,9.66177809777199,NA,NA,NA,NA,NA,NA,9.75488750216347,10.0821490413539,8.99717948093762,NA,9.31288295528435,NA,8.84549005094438,NA,NA,NA,NA,9.62021982550749,9.12412131182919,NA,NA,NA,11.5018371849023,10.6608872703026,11.6334493747135,20.3601998175938,20.1385580485692,20.1591741166333,20.1451435533612,20.0619710129704,20.1753083211212,20.0892021758388,20.047973252448,19.8897252678913,19.9048492084773,19.9426390657375,19.9958278653716,"13386, 12655","25.828, 25.83"
"pos_Cer 40:1;O2|Cer 18:1;O2/22:0__BB","12649, 13385","26.299, 26.301","604.6059, 622.61713","Cer 40:1;O2|Cer 18:1;O2/22:0__BB","[M+H-H2O]+, [M+H]+","604.60272, 622.61328","C40H79NO3","Cer_NS","79.05386:6534 80.07384:5569 81.06948:18733 83.08544:10127 93.06957:6667 95.0849:22400 97.10046:17819 102.7021:5593 109.10058:15421 113.65916:6711 121.10127:13782 123.11759:13444 135.11752:10811 135.13802:5905 165.77962:7093 183.52724:6447 224.23634:6745 236.23839:69237 237.24146:14042 250.25389:19721 251.25856:30201 252.26889:132732 253.2738:18741 254.25041:8128 262.254:181170 263.2576:287899 264.26917:1169742 265.27292:146812 266.28067:100243 280.2659:24597 281.26837:32032 282.28:178917 283.2843:18561 284.29132:16284 340.35782:21502 364.36188:15429 574.58673:14256 586.59637:75240 604.59326:79048, 81.06969:13794 81.08026:6157 82.06369:6311 83.08414:11138 93.06884:7625 95.08486:18712 97.10016:12439 109.10075:19804 121.10124:11287 123.11641:7110 135.11557:12432 233.61696:6098 236.23642:21837 237.24167:8577 247.24236:7720 252.26877:237922 253.27228:13107 264.2688:2216890 265.27118:115783 266.27533:37307 282.27942:348218 283.28012:12549 337.27563:13822 340.35895:49040 341.30682:7664 342.31287:9972 574.58881:25753 586.59222:46485 604.60095:100117",29.548569091795,"6825, 7228","25.262, 25.263","604.60284, 622.61316","Cer 40:1;O2|Cer 18:1;O2/22:0__BB",NA,NA,"[M+H-H2O]+, [M+H]+","604.60272, 622.61328","-0.19847743992632, 0.192736011088761","C40H79NO3","Cer_NS","218.59, 39.94","604.60291:603821 605.60626:322540 606.60962:60390, 622.61365:172570 623.617:133639 624.62036:26019","89.6461:4880 137.85329:5385 165.96927:5815 252.26811:29619 264.26825:277840 282.27832:45149 340.35785:7159 586.5968:8823 604.59662:17885, 252.26776:39909 264.26831:431511 265.27151:9098 266.27319:7257 282.27832:58045 340.35886:8039 586.58679:14198 604.60565:35037","57160.6831914131, 10263.2254289061","783200, 108697","7.29835076499145, 9.44205031316976",0,0,7.45046671354092,NA,NA,NA,NA,NA,NA,NA,NA,NA,NA,NA,NA,NA,NA,NA,NA,NA,NA,NA,NA,NA,NA,NA,NA,10.9808536063797,NA,9.84392105128904,19.9715688125681,19.8156881825361,19.9107466546363,19.768174630603,19.7653427604845,19.7528951029793,19.8075027212905,19.6996266726172,19.8057674845038,19.7176948287692,19.5610361706444,19.6718865512463,"12649, 13385","26.299, 26.301"
"pos_Cer 40:1;O2|Cer 18:1;O2/22:0__CC","12651, 13381","27.261, 27.262","604.60602, 622.61658","Cer 40:1;O2|Cer 18:1;O2/22:0__CC","[M+H-H2O]+, [M+H]+","604.60272, 622.61328","C40H79NO3","Cer_NS","78.0489:5601 79.05398:14035 81.06947:30114 82.06461:25412 83.08531:11768 93.06966:25851 95.08511:44738 97.10085:16053 107.08569:17595 109.10058:24722 111.11748:8850 121.10078:42761 123.11557:11439 135.11649:33089 137.12997:6249 149.13235:11857 178.33855:12642 211.20531:18371 236.2374:27981 247.24103:23507 250.25499:12782 252.26926:706017 264.26917:6529437 265.25925:20339 282.28:1026824 340.35895:123787 364.36234:11605 574.59332:43613 586.59375:109124 604.60437:212319, 79.05387:10462 81.06879:21029 82.06448:11329 83.08511:8889 84.89715:6266 85.10052:5706 93.06971:13033 95.08471:31581 97.10055:11689 107.08456:9409 109.10043:17036 111.11617:7225 121.09998:28697 135.11635:15107 137.13002:5896 149.13144:6290 178.33255:10757 211.20744:12869 227.52441:5934 236.23662:28575 247.239:13518 250.2496:10453 252.26822:490856 264.26804:4829246 265.26706:14294 282.27902:695728 292.30008:8168 340.35812:98426 364.35358:8445 574.59235:36281 586.4007:8663 586.59125:86321 604.60236:159795",34.1470662524976,"6828, 7232","26.185, 26.186","604.60529, 622.61487","Cer 40:1;O2|Cer 18:1;O2/22:0__CC",NA,NA,"[M+H-H2O]+, [M+H]+","604.60272, 622.61328","-4.25072517039209, -2.55375214605875","C40H79NO3","Cer_NS","893.66, 1555.43","604.60278:2097007 605.60613:1179993 606.60949:234290, 622.61481:7319610 623.61816:4165443 624.62152:937187","81.06984:6097 93.06899:7678 93.11307:5227 95.08507:12179 109.09956:7147 121.09933:15299 131.85324:5288 135.11658:12946 178.30206:8766 211.20595:11323 221.24733:6053 236.23726:22556 247.23903:13593 252.26797:296279 252.32793:15522 264.26797:2825216 282.27853:431553 340.35696:62193 574.59143:28196 586.58972:77671 604.6026:185476, 79.05421:9480 81.06963:12747 83.08542:7657 93.06965:12278 94.05822:8499 94.06985:10496 95.08487:30032 97.10075:7859 107.08491:12838 109.10063:18159 111.11614:6140 120.00853:6064 121.10086:27651 123.11528:11617 135.11661:24547 149.1321:9778 178.34126:19165 211.20541:23713 236.23772:36118 247.24292:30110 250.25249:18875 252.26889:714964 259.02957:5622 264.26886:7067487 265.25525:13394 282.27948:1064566 300.28912:29305 340.35849:148863 364.35986:10733 574.59399:94632 586.43787:3788 586.59363:203247 604.60382:511955 622.61176:7658","308076.292797287, 253033.471544594","3905717, 2571740","7.88782937415299, 9.83899894797275",0,0,8.77336160872856,11.3476213685681,10.8153832958135,11.4189067312579,12.7166051413354,8.72451385311995,12.0535865436392,13.3512153218556,9.6582114827518,12.799079209029,12.5636729598275,10.8462739113499,11.7279204545632,10.8879821330585,10.6302671250268,12.1344263202209,12.1208858427878,11.403544678202,12.0234078431402,10.9076418036655,11.6952282914958,12.2404932238768,11.6763978870448,11.4506957715729,12.0129736483745,11.9458095849008,12.4885933338354,11.4923539451599,22.7920080098529,22.7513783588543,22.6799044198109,22.6905976023456,22.6522410400939,22.6065265304908,22.6607626062824,22.536624528476,22.448580899402,22.4457067400921,22.4342573814059,22.4654901796957,"12651, 13381","27.261, 27.262"
"pos_Cer 40:2;O2|Cer 18:1;O2/22:1__AA","12547, 13295","26.277","602.59058, 620.60101","Cer 40:2;O2|Cer 18:1;O2/22:1__AA","[M+H-H2O]+, [M+H]+","602.5871, 620.5976","C40H77NO3","Cer_NS","79.05402:16441 81.06943:43670 82.0648:25340 83.08533:25185 85.10126:10756 93.06973:25589 95.08502:63072 96.08086:9276 97.10064:31525 107.085:20588 109.10066:40687 111.11624:18197 121.10081:53240 121.69946:6967 123.11613:23305 135.11676:39265 137.13222:9623 138.5713:5748 149.13155:14227 211.20535:16977 224.23761:54225 236.23769:459618 247.2437:26137 250.25204:12670 252.26909:778877 253.27008:9201 254.24837:73659 264.26886:7393126 265.259:21795 266.28375:11643 282.27969:1175125 283.26559:12571 303.30118:9983 321.3154:18521 338.3396:28218 350.3399:12357 362.34576:19758 542.41211:6849 572.57715:59465 584.5766:145800 602.58588:214862, 79.05412:10280 81.06929:19600 82.0648:13730 83.08496:7742 93.06902:8541 95.08498:26035 97.10057:10732 99.51382:6245 104.95985:5545 107.08511:8555 109.10092:16833 111.11819:10794 121.10052:18495 123.1163:8004 131.64288:6439 135.11626:20588 178.28284:11853 193.60524:5742 211.20558:10188 224.23766:26057 236.23802:217837 247.24512:17660 252.26936:340797 254.24956:32760 264.26944:3219476 265.27103:45822 266.27927:11031 282.28012:471610 303.30011:7380 321.31851:9799 338.34283:13078 516.43604:6909 549.04407:5823 572.58081:23547 584.5788:61891 602.58948:127435 602.79578:10476 620.59296:9193",34.6860145181933,"6768, 7183","25.239, 25.24","602.58862, 620.59906","Cer 40:2;O2|Cer 18:1;O2/22:1",NA,NA,"[M+H-H2O]+, [M+H]+","602.5871, 620.5976","-2.52245691955191, -2.35257113458356","C40H77NO3","Cer_NS","88.94, 253.75","602.5874:1687664 603.59075:1131757 604.59411:578686, 620.59778:1101324 621.60113:668172 622.60449:148034","79.05315:5943 83.08463:5819 95.0854:7775 97.10059:7950 109.10127:7803 121.1002:11282 123.11687:8740 135.11591:13648 149.1319:6346 178.30267:11673 211.20583:14627 224.23691:23811 236.23691:185758 247.24464:9827 248.77318:5451 252.2684:228335 254.24794:37276 264.26846:2308026 282.27914:376104 321.31387:8606 327.56689:5531 338.34799:7957 572.57996:33308 584.57892:74368 602.5874:179980, 81.06928:6930 103.29471:5430 121.09992:6189 135.11545:7669 178.2986:9381 211.20653:6841 213.47588:6259 224.23668:9094 236.23714:115483 247.2424:8991 252.26897:136251 254.24785:14860 264.26883:1421591 265.27045:6060 282.27945:200557 338.33936:7669 572.58014:23524 584.57892:52635 602.5899:127344 602.79108:10415","33022.0330122958, 26101.018217106","511734.5, 344132","6.45296203642627, 7.58459492784918",0,0,6.80232371383945,NA,NA,NA,NA,NA,NA,NA,NA,8.9915218460757,NA,NA,NA,NA,NA,NA,NA,8.69348695749933,9.01122725542325,NA,NA,NA,NA,NA,NA,10.2761244052742,10.0484868739923,9.09539702279256,19.8013373451181,19.6598025718289,19.7800751380919,19.7358600789833,19.7441111529977,19.666556894019,19.7841923057186,19.6866526920794,19.7610219931117,19.6225273281137,19.4472204746488,19.5928092147484,"12547, 13295","26.277"
"pos_Cer 41:1;O2|Cer 18:1;O2/23:0__AA","13226, 13969","27.681, 27.682","618.62152, 636.6319","Cer 41:1;O2|Cer 18:1;O2/23:0__AA","[M+H-H2O]+, [M+H]+","618.61841, 636.62891","C41H81NO3","Cer_NS","79.05437:20518 81.06947:50077 82.06497:43359 83.08488:27092 85.10072:10477 93.06982:42534 94.06916:10153 95.08509:78940 97.10063:32588 107.08547:34760 109.10105:51483 111.11717:13011 121.10104:74741 121.71762:10497 123.11631:35582 135.11693:53175 139.2178:9539 149.13283:18489 178.33186:25517 211.20634:29640 238.25359:51772 247.24321:42233 250.25339:486818 252.26926:1163424 264.26907:11268531 265.25934:38696 266.28473:48108 268.26349:83315 278.28519:483306 282.27991:1779953 296.29523:76133 354.3736:230897 354.4678:6720 378.37418:28367 588.60596:86495 600.60846:206306 618.38928:20326 618.61853:371528, 79.05375:8057 81.06911:9869 82.06461:7300 83.0853:12405 93.06931:10861 94.06845:5898 95.08469:22689 97.10101:10241 107.08549:7875 109.10104:19539 111.11607:6527 121.10096:17624 123.11499:6641 135.11653:16203 178.2932:6736 187.90919:5969 211.20395:11341 238.2529:16105 247.24072:11847 250.2527:135242 252.26826:343607 264.26837:3550525 265.2623:7930 266.28363:18168 268.26315:24919 269.27228:5911 278.22089:9028 278.28442:148068 282.27927:536030 296.29355:26945 354.37381:70812 481.54297:5841 545.19934:5731 588.60492:30082 600.6087:63245 618.61865:131527 636.62585:16433",38.8436127120567,"7547, 7145","26.593","636.62976, 618.6192","Cer 41:1;O2|Cer 18:1;O2/23:0__AA",NA,NA,"[M+H]+, [M+H-H2O]+","636.62891, 618.61841","-1.33515771379909, -1.27703926551122","C41H81NO3","Cer_NS","69.9, 1331.91","636.62976:2386039 637.63311:1557098 638.63647:315340, 618.61804:246617 619.62139:125655 620.62475:29248","81.06961:10925 95.08525:12636 97.10022:6914 121.10126:15922 123.11777:7479 135.11745:16135 211.20526:10521 238.25357:49302 247.24236:16722 250.25352:504320 252.2691:313839 252.32921:10141 264.26917:3165114 266.28525:6209 268.26453:78234 278.28497:49254 282.27991:489517 296.29654:7925 300.29132:39247 354.3739:59876 368.38608:12333 588.60944:57705 600.60828:114016 618.61932:302485 636.62646:13114, 161.56502:5624 178.28886:9517 250.25229:20040 252.26823:34291 252.32133:5733 264.26862:338101 282.2789:54033 354.37643:12040 600.61676:9041 618.61487:26560","50826.9753792663, 60736.8238802508","462353.5, 679450.5","10.9930984364272, 8.93910945392649",0,0,9.86395429663208,10.7193888209421,11.2526654324503,8.83920378809694,11.6772791913122,9.1548181090521,11.0721326041672,12.3238991823973,10.8548683832602,11.3409627642517,11.3020676725265,11.0105281058865,11.3100446796475,9.49984588708321,8.83289001416474,10.9113919878435,11.4225904338926,10.8993569229231,11.1299269335104,10.0566377151132,10.9851303734669,9.55266909751427,10.2807707701306,11.0077281146323,10.9388444574662,12.1739893741665,12.4434616122274,11.0894504811159,20.3379006028609,20.2752629122525,20.192301243654,20.1758309341003,20.154066509639,20.1022012795229,20.1452269107917,20.0336636206459,19.9776977753641,19.947953634102,19.8915819965551,19.93041683908,"13226, 13969","27.681, 27.682"
"pos_Cer 41:2;O2|Cer 17:1;O2/24:1__AA","13141, 13892","26.753","616.6059, 634.61658","Cer 41:2;O2|Cer 17:1;O2/24:1__AA","[M+H-H2O]+, [M+H]+","616.60272, 634.61328","C41H79NO3","Cer_NS","79.0544:16842 81.06951:29107 82.06436:32080 83.08559:12309 93.0696:15324 95.08476:40295 97.10075:27293 107.08453:9786 109.10039:29202 121.10017:40483 123.11564:11061 135.11566:32182 149.131:12342 236.23865:30357 238.25317:472476 250.25291:4460896 251.25117:20724 252.26845:154070 262.25287:25948 264.26904:1393044 265.27167:26747 268.26379:693311 278.28552:33053 282.27954:212701 349.34158:11722 366.36874:11361 370.34109:11911 423.43265:9856 586.59509:40897 598.59351:118221 616.40204:43216 616.60339:191650, 79.51842:6053 81.06895:8687 82.06485:7405 93.07049:8600 95.08556:16107 97.10157:7923 98.48506:5473 109.09993:5465 121.10171:11892 123.11652:5898 135.11693:11633 236.23874:12435 238.25391:140960 250.25345:1388840 251.24953:6406 252.26956:54053 253.27252:15849 254.28421:13864 264.2695:449116 265.27283:128582 266.27554:54026 268.26416:192372 268.31433:3976 268.33221:5860 278.28207:8922 282.28033:69488 283.28296:16059 586.59302:15600 598.59766:37381 616.60504:65236 634.64258:13392",38.1528795027017,"7097","25.691","616.60455","Cer 41:2;O2|Cer 17:1;O2/24:1",NA,NA,"[M+H-H2O]+","616.60272","-2.96787532828408","C41H79NO3","Cer_NS","249.51","616.60364:514815 617.60699:320756 618.61035:141483","80.75624:6420 112.98803:5983 238.25337:72216 250.25342:739031 252.26917:32413 264.26923:263600 265.27103:5911 268.26425:116227 278.28345:9254 282.27988:48769 306.05637:5810 343.93521:5824 586.59943:12339 598.59888:35644 616.60645:73805","6750.8567733468","154816.5","4.36055379972213",0,0,4.37810346686448,NA,NA,NA,NA,NA,NA,NA,NA,NA,NA,NA,NA,NA,NA,NA,NA,NA,NA,NA,NA,NA,NA,NA,NA,NA,NA,NA,17.2835134425468,17.2681216159695,17.226205196963,17.2530811081968,17.2911617040384,17.3107104016678,17.3092009905227,17.1791510095939,17.1506298809742,17.227202267414,17.1232019634063,17.1753156316992,"13141","26.753"
"pos_Cer 42:1;O2|Cer 18:1;O2/24:0__AA","14542, 13826","26.76, 26.764","650.64758, 632.63727","Cer 42:1;O2|Cer 18:1;O2/24:0__AA","[M+H]+, [M+H-H2O]+","650.64459, 632.63397","C42H83NO3","Cer_NS","81.07012:11416 83.08542:11305 85.10091:6801 95.08549:23033 97.10101:8309 109.10094:19574 121.10098:14790 135.11794:13772 178.28806:16092 252.27013:223285 264.27023:2078488 265.26196:11041 266.28757:9788 267.28793:9159 282.28101:339209 284.25568:8597 284.29724:17136 285.29819:12018 292.30267:12402 300.28738:11453 310.31119:8346 368.39224:49950 546.4588:6131 602.63098:17505 614.62738:46134 632.6333:192933 650.42572:6030 650.64642:39755, 79.05386:71946 80.71983:42162 81.0687:148168 82.0647:120399 83.08554:54805 93.06909:122196 95.0847:184935 96.08039:53755 97.10091:118390 107.08442:78361 109.09986:156407 117.84544:41954 121.10054:206681 123.11625:53088 135.11604:202448 139.59146:55791 211.20544:140595 247.24197:172358 252.26836:3554806 264.26828:34225472 265.26828:117459 282.27924:5456250 292.30112:103653 345.06113:45714 368.39005:784471 392.38287:79984 602.62286:269062 614.62378:664764 632.63348:1247706",48.9096073291394,"7864","25.066","650.64532","Cer 42:1;O2|Cer 18:0;O2/24:1",NA,NA,"[M+H]+","650.64459","-1.12196429693808","C42H83NO3","Cer_NDS","36","650.64526:335396 651.64861:186630 652.65197:46075","81.06931:6783 95.08397:11414 254.28409:7746 266.2829:66556 284.29419:133903 302.30569:31058 366.37:13195 488.72241:5555 614.61859:28037 632.63361:459157 650.6427:18796","9530.77677324966","109993.5","8.66485453526768",0,0,8.73048920487694,NA,NA,NA,NA,NA,NA,NA,NA,NA,NA,NA,NA,NA,NA,NA,NA,NA,NA,NA,NA,NA,NA,NA,NA,10.6803595235137,6.7279204545632,10.1459321458205,16.5769123914703,16.7457662225138,16.8097053359511,16.736758649799,16.6135017253781,16.7955831159412,16.9457867283345,16.8701840823937,16.7483501115529,16.6819795575127,16.7652860987237,16.4827449445609,"14542","26.76"
"pos_Cer 42:1;O2|Cer 18:1;O2/24:0__BB","13828, 14541","28.064","632.63739, 650.64703","Cer 42:1;O2|Cer 18:1;O2/24:0__BB","[M+H-H2O]+, [M+H]+","632.63397, 650.64459","C42H83NO3","Cer_NS","81.06982:429273 82.06537:691832 83.08627:242861 85.10099:280527 88.20478:244689 93.07082:345351 95.08556:718193 107.08643:292335 109.10171:508873 111.11678:237261 116.09929:226492 121.10162:550292 135.11734:592006 178.28345:568365 211.20648:498974 247.24214:265587 252.21037:466433 252.27013:10790022 264.27002:105321736 265.26913:478661 282.28064:15750825 368.39178:2397650 377.58096:237740 602.62769:862017 614.62323:2013506 632.63318:3725954, 79.0536:131802 81.06951:148226 82.06505:122881 83.08543:83092 93.06881:166290 95.08475:321123 97.10099:134834 107.08512:77159 109.10062:237155 121.10016:284299 123.11691:95120 135.11653:254052 155.07849:70787 178.33472:129726 211.20508:136681 247.24336:167683 252.26837:5194818 264.26831:49980288 265.2655:246454 266.27679:93618 282.27921:7334838 368.38922:1002210 390.40237:83462 392.38556:129241 602.62677:398417 614.62238:1028041 632.6333:1972454",43.1236194585113,"7866, 7458","26.972, 26.973","650.64673, 632.63751","Cer 42:1;O2|Cer 18:1;O2/24:0__BB",NA,NA,"[M+H]+, [M+H-H2O]+","650.64459, 632.63397","-3.28904602135244, -5.59565272798048","C42H83NO3","Cer_NS","1802.97, 5020.08","650.64447:1153237 651.64782:707742 652.65118:166430, 632.63354:1588163 633.63689:963372 634.64025:204224","89.63551:5290 95.08523:7467 109.10098:7537 121.10075:8355 135.11604:9973 223.64093:5304 247.24156:8508 252.26881:203834 264.2688:2078412 265.25186:5421 282.27945:329822 292.29916:12299 300.2883:19834 300.36652:5782 368.38919:44164 440.13763:7174 503.40143:5615 602.62555:31577 614.62494:69601 632.63702:188206 650.64087:12800 650.90369:5411, 136.79803:5938 211.20454:6752 252.26845:100803 262.57617:6137 264.26837:1063636 282.27908:161059 368.39023:20174 614.62537:36052 632.63629:68941","842186.835578817, 1032886.80954179","6898266.5, 9694127","12.208673520787, 10.6547687021409",0,0,11.0830378141368,13.0552824355012,12.8826430493618,12.9916989834129,13.2440664641948,12.5724633890837,13.4165336601996,14.344434621924,12.5764843467968,13.8301190254445,13.6104481575295,12.4714211964249,12.8209766926212,12.911953675622,12.18146288127,13.1473639434093,13.2452555803066,11.8185821774809,13.4917278569493,12.2594490462857,12.6416002158344,13.2218891614713,13.0313565962557,12.6418259720418,13.1187788901545,13.2732128098543,13.8775717234855,12.763004829586,24.2608636997535,24.2722632810755,24.0698685523391,24.046560432439,23.9930776276248,23.9517311475926,24.0497622362396,23.973140203933,23.8480626979733,23.9196634254219,23.7653721023074,23.8295780658545,"14541, 13828","28.064"
"pos_Cer 42:2;O2|Cer 18:1;O2/24:1__AA","14466, 13740","25.761, 25.763","648.63275, 630.62225","Cer 42:2;O2|Cer 18:1;O2/24:1__AA","[M+H]+, [M+H-H2O]+","648.62891, 630.61841","C42H81NO3","Cer_NS","79.05424:7001 81.06908:18477 82.06468:14153 83.08454:19555 93.06955:11499 95.08479:27863 97.1002:11941 105.25723:6407 107.08502:8760 109.10078:15304 111.11578:7078 121.10037:33643 123.116:9193 135.11633:19252 149.13257:9617 165.16333:6832 206.98773:5833 211.20395:9454 222.8829:6637 247.24071:13080 252.26823:412879 264.26819:3998635 265.26132:16602 266.28384:10506 282.27908:591243 284.297:13836 331.33713:6386 349.35071:12922 366.36975:13655 600.60687:39305 612.60687:79252 630.61774:156591 648.62048:11998, 79.05387:10627 81.06962:26662 82.06516:28036 82.95921:5938 83.08541:18635 85.10084:6685 93.06989:16145 95.08541:33947 95.09891:8252 97.1011:17445 107.08579:13327 109.10086:25737 111.11712:11091 121.10103:33736 123.11649:11047 135.11688:27377 137.1315:7095 149.13319:11451 211.20554:15247 247.24228:16057 252.26923:533349 264.26907:5137204 265.26215:19977 266.28616:9877 282.27972:838447 349.34842:16472 366.37424:17699 390.36789:9438 600.60706:45065 612.60583:107877 630.61591:174361 630.85907:6308",40.4668387580224,"7810, 7405","24.751, 24.753","648.62866, 630.61816","Cer 42:2;O2|Cer 18:1;O2/24:1__AA",NA,NA,"[M+H]+, [M+H-H2O]+","648.62891, 630.61841","0.385428395491856, 0.396436253820962","C42H81NO3","Cer_NS","129.06, 3933.76","648.63019:782467 649.63354:413212 650.6369:84018, 630.61859:1613221 631.62194:1023465 632.6253:193959","121.10056:11833 135.11714:9796 148.20097:6096 211.20769:6257 252.26871:157730 264.26889:1507442 266.28183:7010 282.27948:221695 284.29581:13118 366.37411:6966 504.36966:6146 555.80969:5742 600.60797:28009 612.6109:54402 630.62024:158914 648.62292:7106, 79.05382:5639 81.06975:9709 85.02696:5097 85.27121:6060 95.08585:8670 97.1013:5952 107.08542:6875 121.10145:9284 135.11536:9926 211.20547:9167 236.96947:5201 252.26855:193348 258.76941:5725 262.25034:8861 264.26843:1923978 282.27899:319829 282.33588:6292 349.34952:8291 366.37335:15043 600.60846:28668 612.6059:73532 630.61633:148345","12568.1699142088, 88317.1481535137","357268, 2474965","3.51785491961464, 3.56842008487044",0,0,3.47334509448527,NA,NA,NA,NA,NA,NA,NA,NA,NA,NA,NA,NA,NA,NA,NA,NA,NA,NA,NA,NA,NA,NA,NA,NA,NA,NA,NA,21.4662198823266,21.3446632541871,21.4112145958521,21.4495673188251,21.4989962212684,21.3587429416168,21.4000742106858,21.4702125101583,21.4965100472662,21.4072205586673,21.4084515484437,21.4579564417987,"14466, 13740","25.761, 25.763"
"pos_Cer 42:2;O2|Cer 18:1;O2/24:1__CC","13737, 14461","27.196","630.6217, 648.63202","Cer 42:2;O2|Cer 18:1;O2/24:1__CC","[M+H-H2O]+, [M+H]+","630.61841, 648.62891","C42H81NO3","Cer_NS","79.05429:270244 81.06945:580902 82.06517:282652 83.08491:272965 89.10144:122851 93.06964:410583 94.55482:122423 95.08514:794181 97.10081:406810 107.08504:380062 109.10084:523598 111.11649:322802 121.10081:840762 123.11629:265258 135.11708:720314 144.2823:144381 149.13231:295753 169.48387:120317 178.33504:255671 180.17661:136990 211.20609:487639 247.24234:529551 252.26971:13867274 264.26956:139057984 265.25879:516053 282.28046:22513074 331.3353:193284 349.34692:529500 366.37656:716374 378.37485:208785 390.37531:344321 408.38419:286223 600.61041:1400558 612.612:3287760 630.62054:6056232, 77.48773:99346 81.06913:187053 82.06477:204932 85.84047:115396 89.05679:127873 95.08492:286668 97.10072:172277 107.08447:163021 109.10085:149014 121.10035:199343 123.11655:156191 135.11662:259617 147.14717:109932 178.33144:308319 211.20525:161587 236.23874:137367 247.24249:145856 252.26866:4457622 264.26852:44200688 265.26706:153162 282.27936:6587802 366.3757:139369 406.62631:117257 600.61102:429078 612.60663:919699 630.6189:2125834",22.5241352601242,"7813, 7409","26.118","648.63007, 630.62024","Cer 42:2;O2|Cer 18:1;O2/24:1__CC",NA,NA,"[M+H]+, [M+H-H2O]+","648.62891, 630.61841","-1.78838775475971, -2.90191337726275","C42H81NO3","Cer_NS","3273.85, 18280.82","648.63049:7929893 649.63384:4570938 650.6372:1136870, 630.61823:2357026 631.62158:1432146 632.62494:334160","79.05424:5814 81.06956:12667 82.06454:6607 83.08556:7925 93.0696:10642 95.08491:24848 97.10031:10940 101.45781:6056 107.08511:7922 109.10132:13028 111.11603:10076 121.10065:27224 122.06148:5316 123.11663:9535 135.11658:24989 149.13318:9860 178.29222:8404 211.20735:20552 247.2412:24908 252.26903:530960 264.26892:5526460 265.25623:14293 266.28513:9580 282.27963:826036 349.34665:22315 366.37393:30038 378.3801:11837 390.38049:7703 408.39279:12001 600.61078:88694 612.60974:192320 612.82623:10698 623.14764:6080 630.61975:460992 648.62415:6555, 81.06999:8567 92.56573:7393 95.0855:12847 101.55717:6124 109.10104:11363 121.10077:15631 127.09331:5488 135.1161:10793 185.62263:6772 211.20558:7897 247.24117:14874 252.26852:311367 264.26852:2936000 265.25668:7103 282.27908:475493 331.33209:8877 349.3494:13770 366.37411:17033 390.37048:6185 408.37625:6436 600.60803:41358 612.60785:91855 630.61853:192870","595874.960922706, 683492.285089947","8587664, 11764110.5","6.93873166116776, 5.80997845174905",0,0,6.34618583088718,10.6926155016946,10.1072170755914,10.3476213685681,10.5430318202552,10.4408691676109,11.1072170755914,10.2667865406949,8.82654848729091,10.8113746935099,10.6635581042173,9.59058704991503,9.95710204156229,10.4998458870832,8.88874324889826,10.9061389961954,10.3342732853072,9.84235034341381,10.4115109880121,9.67595703294175,9.55842071326866,10.5294305541462,9.0389189892923,9.73470962022584,8.42206476617281,10.0768155970508,8.84549005094438,10.7714894695006,24.3190678729323,24.2898062189487,24.2519666686002,24.3525945576725,24.3272869467062,24.3323974677115,24.3254812800808,24.1854059211452,24.2569184987667,24.2027750454987,24.0881341053306,24.0798236178864,"13737, 14461","27.196"
"pos_Cer 43:2;O2|Cer 19:1;O2/24:1__AA","14986, 14292","27.445, 27.446","662.64752, 644.63696","Cer 43:2;O2|Cer 19:1;O2/24:1__AA","[M+H]+, [M+H-H2O]+","662.64459, 644.63397","C43H83NO3","Cer_NS","81.06927:6122 93.07063:6362 95.08568:6476 121.10092:6047 178.32846:39743 238.93593:5683 266.28531:87431 278.28546:906506 296.29584:126092 337.33661:5737 495.26987:25351 551.32611:12882 614.63562:6914 626.6275:14751 644.64319:32882 645.84375:6152, 81.06972:16404 83.08609:8306 93.06992:11340 95.08543:24360 97.10129:18219 107.08611:7651 109.1013:18326 111.11713:11491 121.10125:18728 123.11653:6702 135.11731:16133 149.13277:6821 171.44791:6167 178.33255:10509 238.61218:5642 261.25519:9673 264.26871:15234 266.28473:359856 278.28494:3274480 279.27884:8277 280.29718:8489 296.29541:508197 349.34988:12328 366.37448:10749 600.18414:7656 614.62018:26487 626.62103:57331 644.40424:44291 644.63318:107865",26.6485408560563,"8100, 7725","26.354, 26.357","662.64459, 644.6344","Cer 43:2;O2|Cer 19:1;O2/24:1__AA",NA,NA,"[M+H]+, [M+H-H2O]+","662.64459, 644.63397","0, -0.667045207144797","C43H83NO3","Cer_NS","49.3, 400.53","662.64459:132346 663.64794:73665 664.6513:14656, 644.63403:111155 645.63738:65392 646.64074:29005","129.959:5178 180.97667:7398 266.28268:22910 278.28397:273435 279.74936:5461 296.29431:38231 626.63177:11069 644.63483:29728, 132.19475:5793 266.28326:29963 278.28381:207797 296.29471:33456 626.62476:8199 644.63062:18490","1472.24886730224, 1859.67646257475","27306, 35694","5.39166801180048, 5.21005340554366",0,0,4.40956534229251,NA,9.53915881110803,NA,NA,9.38154295118458,9.6724253419715,9.73301532168596,NA,9.41362792902417,9.39446269461032,9.26209484537018,8.92481250360578,9.2045711442492,NA,10.431497604258,9.68299458368168,9.05528243550119,9.12153351734003,9.09275714091985,10.8849336479498,10.3630396302565,9.35974956032233,9.29462074889163,10.1228279948077,9.76818432477693,10.3498340914573,9.50382573799575,15.9364999194823,16.0179610430741,15.9839288136058,15.9516262216654,15.9350499167666,16.0478481459344,15.9006545758541,15.9156226653035,15.9448492971949,15.8639200651725,15.8245858900925,15.8796550379859,"14986, 14292","27.445, 27.446"
"pos_Cer 44:2;O2|Cer 18:1;O2/26:1__AA","14841, 15484","27.992, 27.993","658.6532, 676.66351","Cer 44:2;O2|Cer 18:1;O2/26:1__AA","[M+H-H2O]+, [M+H]+","658.64972, 676.66022","C44H85NO3","Cer_NS","81.06941:16471 82.06513:12975 83.08557:19235 93.06997:13904 95.08579:24978 97.10104:17552 102.68116:10416 107.08604:19182 109.10078:28277 121.10052:30357 135.11731:21146 137.36809:10175 211.20227:13685 252.2695:430042 264.26962:4309552 265.25986:15095 282.28021:668301 292.30219:86588 310.3161:11844 377.38507:20601 394.40616:17699 418.41089:12826 628.63702:25237 640.64221:82756 658.65051:145189, 79.05383:12192 81.06923:19048 82.06487:15143 83.08532:13899 85.10058:5583 93.06957:12869 95.0848:28981 97.10091:25654 107.08459:13739 109.10106:20638 111.11688:6988 121.10046:29108 121.1184:6435 123.11661:15126 135.11644:21467 137.13239:6348 147.31212:6715 149.13287:9816 211.20578:9938 236.23648:15992 247.24088:16015 250.25211:18847 252.26892:402618 264.26883:4177958 265.25629:9843 266.28571:10771 278.28357:34442 280.3002:61875 282.2796:616936 292.30051:623408 310.31186:96590 312.32541:8255 374.37991:13677 377.38123:10568 386.61258:7078 394.40228:16206 406.40759:7382 465.28903:6274 590.62646:8116 628.63904:41201 640.63947:100639 658.65045:171183 676.40582:10548 676.66382:58928",24.9239639711127,"8385, 8033","26.894, 26.895","676.66119, 658.651","Cer 44:2;O2|Cer 18:1;O2/26:1",NA,NA,"[M+H]+, [M+H-H2O]+","676.66022, 658.64972","-1.43351119421812, -1.94336983845001","C44H85NO3","Cer_NS","278.8, 453.79","676.66052:1191927 677.66387:641222 678.66723:162070, 658.64954:1352272 659.65289:803820 660.65625:162452","95.08533:11946 109.09858:6169 119.801:5574 121.10145:8094 135.11691:10541 167.08441:6806 197.9465:5694 197.99286:4985 200.0343:5353 252.26917:180908 264.26913:1778923 265.25281:6313 266.28439:6812 280.29953:13083 282.28009:280778 290.28406:18877 292.30099:131369 310.31232:20793 377.38248:7656 394.40472:7902 628.64172:27842 640.64368:78951 658.65289:155117 676.6438:6959, 85.62772:5541 95.08509:11213 97.10101:7947 107.08394:5660 109.10058:8854 112.92867:5176 121.10017:9491 135.11575:11593 199.33221:5369 247.24178:9148 252.26843:206494 264.26852:1986688 265.25845:8431 280.29984:15326 282.27914:313906 292.30008:149322 310.31104:23253 337.40237:5550 377.3812:8404 394.4068:10964 428.24652:5904 587.57538:5988 612.36627:6486 628.64032:34940 640.64185:75724 658.64996:157935 658.88495:10705","37858.7369500693, 35091.3854035129","511197.5, 639390","7.40589242906496, 5.48825996708001",0,0,6.2195894548813,11.096056239181,10.7747870596012,11.1743015444676,9.17741953798924,8.93663793900257,10.5420645422834,10.0251395622785,10.1111356702347,10.431497604258,9.06608919045777,9.34207466799914,9.63662462054365,9.72280753116955,NA,10.0140204703149,8.94836723158468,9.84549005094438,NA,9.88722061546838,10.5679560754155,9.24792751344359,9.82336724004623,8.99435343685886,9.64565843240871,10.7481928495895,9.72451385311995,10.1786648510065,20.2574304308136,20.1926142927194,20.1462317974282,20.2727026759725,20.1230629999075,20.1510772545996,20.2381877925266,20.094129244929,20.0796683695064,20.0264910230136,20.0439337578031,20.0144250924056,"15484, 14841","27.993, 27.992"
"pos_HexCer 40:2;O2|HexCer 18:1;O2/22:1__AA","18313, 18994","25.184","764.64453, 782.65497","HexCer 40:2;O2|HexCer 18:1;O2/22:1__AA","[M+H-H2O]+, [M+H]+","764.63989, 782.65039","C46H87NO8","HexCer_NS","79.05315:10234 81.06942:24403 82.0649:17871 85.02784:15144 93.07011:15280 95.08455:36675 97.10087:19779 102.12814:12731 107.08441:14793 109.10142:25544 121.10087:24393 123.3611:11405 135.1156:31829 158.69025:12284 184.07304:47270 185.07759:17529 224.23814:42105 236.23723:449933 238.25293:12540 247.2424:25904 252.26846:473741 254.24821:38149 264.26859:5377797 265.2547:16397 266.28354:73009 282.27933:470234 321.31934:21888 338.3447:32064 350.34006:13072 444.33554:34920 572.57599:92669 584.5766:243743 586.59314:233019 602.5882:180479 764.63947:219244, 81.06933:10270 82.23552:5701 83.08505:10576 93.07016:5722 95.0847:15505 109.1012:11033 121.10078:13125 135.11592:5692 149.13121:7500 174.25255:5549 178.33316:11938 184.07317:71231 198.0885:7341 200.15581:6679 236.23753:17023 244.53767:5611 247.23882:9688 252.2695:138073 252.44994:5695 264.26968:1407456 266.28506:7126 282.28027:154622 282.34738:11327 338.34323:7683 389.30682:22734 390.31207:33893 391.31552:20849 393.30161:7938 572.58228:18679 584.58203:62151 586.6012:39566 602.5932:112342 641.58997:10629 764.64862:35892",24.8332772350984,"10456","24.22","782.65045","HexCer 40:2;O2|HexCer 18:1;O2/22:1_[M+H]+",NA,NA,"[M+H]+","782.65039","-0.076662582334114","C46H87NO8","HexCer_NS","142.93","782.64935:118800 783.6527:62626 784.65606:19244","174.60182:6120 184.07242:11245 252.27017:17102 264.26868:176642 282.27911:19457 584.57648:15573 586.58301:7442 602.58759:15467 641.58008:9160 764.63568:12248","11733.6779952176","186509","6.29121275392482",0,0,6.38116921260641,NA,8.91587937883577,NA,NA,9.1873520732005,9.1548181090521,NA,9.65284497300198,NA,9.08214904135387,NA,NA,NA,NA,8.89481776330794,9.19967234483636,8.81378119121704,NA,8.90989308377004,9.14465824283188,NA,9.211888294546,NA,NA,9.13955135239879,8.89784545600551,8.97727992349992,17.5071597295563,17.5088702533129,17.5688171111617,17.5476401457832,17.6139333125021,17.5173310630505,17.5008729932449,17.5089011943407,17.5108723165511,17.434831808919,17.2964681621546,17.3114379063775,"18994","25.184"
"pos_HexCer 42:1;O2|HexCer 18:1;O2/24:0__AA","19475, 20166","27.19","794.69049, 812.70105","HexCer 42:1;O2|HexCer 18:1;O2/24:0__AA","[M+H-H2O]+, [M+H]+","794.68683, 812.69739","C48H93NO8","HexCer_NS","85.02759:101529 95.08549:116204 97.02769:103611 97.10023:95026 123.11699:107134 135.11726:94749 178.29118:198335 192.99933:94285 247.2411:134910 252.26973:2210560 264.26987:23673866 266.2818:239126 282.28061:1982574 368.39209:597954 369.42325:116629 444.33633:166715 602.63104:381696 614.62964:1145330 616.64459:962806 632.64172:1047638 794.69629:1321704, 184.07172:28381 252.26965:422381 264.26959:4505758 282.28021:503689 368.39114:94651 602.62537:95209 614.62756:229292 616.64166:127733 632.64038:432958 794.6958:173623",37.8187077605906,"10706, 11076","26.111","794.68842, 812.70068","HexCer 42:1;O2|HexCer 18:1;O2/24:0",NA,NA,"[M+H-H2O]+, [M+H]+","794.68683, 812.69739","-2.00078815948752, -4.04824728179906","C48H93NO8","HexCer_NS","1283.75, 4217.33","794.68652:447995 795.68987:275488 796.69323:80632, 812.69708:1212328 813.70043:754628 814.70379:199711","132.13731:7189 252.26845:78861 264.26855:872042 266.28375:9450 282.27954:77064 368.39059:23847 401.20624:5962 602.62988:11063 614.62378:52230 616.63831:40353 632.63538:43284 794.67969:133470, 121.09989:5498 184.07285:11728 197.49759:6006 247.24138:7866 252.26796:110364 264.26788:1289422 266.28442:6494 282.27835:145429 286.4913:6056 292.29831:8530 368.3873:35096 384.12436:5497 444.33133:6312 602.62708:27104 614.62207:99493 616.63751:46214 632.63171:180259 794.68463:92538","255370.714754936, 583125.378673613","2551481, 4904605","10.0087249230912, 11.889344374799",0,0,11.3394310519983,11.8093662078161,12.0518886559054,10.5028318040667,10.7193888209421,11.9255544398735,11.7817695118631,11.5679560754155,12.3559016383284,12.4072677642447,11.2691266791494,13.3123157466901,10.9971794809376,11.4470832262096,11.8213753923725,11.179287104646,12.1901333218648,11.4701504352744,12.5624809453493,11.1611318829843,13.6498175156205,11.9719027460455,11.4782640315817,12.6867193660218,11.3788367132106,10.5745935273376,10.6653359171852,11.732591435965,23.102631888855,22.9678809377358,22.8829446812273,22.9373847765241,22.8563311061327,22.8127877832317,22.8533354481355,22.6813291453791,22.7121222469667,22.7144128126887,22.5772780661098,22.5512825306365,"19475, 20166","27.19"
"pos_HexCer 42:2;O2|HexCer 18:1;O2/24:1__BB","19403, 20081","26.231","792.67609, 810.68677","HexCer 42:2;O2|HexCer 18:1;O2/24:1__BB","[M+H-H2O]+, [M+H]+","792.6712, 810.6817","C48H91NO8","HexCer_NS","77.5329:30118 79.05365:31623 80.5242:30529 81.06984:43558 82.06471:32428 83.08517:43221 85.02825:44055 95.08487:73788 97.10011:45960 107.08547:39553 109.10032:30356 111.1155:38458 121.10031:80351 123.11464:34456 135.11691:40169 247.24297:39079 252.26875:1182841 252.49002:32097 264.26871:12888243 266.28333:158341 282.27948:1086331 349.34735:79763 366.37296:72360 378.38037:41336 444.33136:74548 600.60742:205242 612.60992:544683 614.62415:545679 630.61841:440773 751.00513:31497 792.67206:507972, 107.55296:25563 163.25653:24415 201.98734:26588 203.06609:22761 252.26933:254414 264.26959:3022437 282.2803:310576 299.58252:25114 366.37622:41393 409.78043:24309 600.61279:48903 612.6123:164340 614.63239:81675 630.62262:210240 792.67975:95940",28.9837208676467,"10662, 11041","25.193","792.67249, 810.68579","HexCer 42:2;O2|HexCer 18:1;O2/24:1",NA,NA,"[M+H-H2O]+, [M+H]+","792.6712, 810.6817","-1.62740869106886, -5.04513670410871","C48H91NO8","HexCer_NS","2267.68, 5654.1","792.67188:1728416 793.67522:1052696 794.67858:260803, 810.68091:1389105 811.68426:969225 812.68762:272654","81.069:6599 83.08519:5910 95.08516:8518 109.10123:9351 121.10034:13931 123.1152:6967 135.11574:15712 178.33461:6305 184.07246:11263 247.24065:9570 252.26837:201399 264.26828:2140422 266.2836:22347 282.27872:178707 349.34848:12423 366.37167:16257 378.37347:10328 444.33731:17247 600.60681:41160 607.54755:14939 612.60681:156124 614.62341:123269 630.61536:108579 792.6676:210409, 121.10049:8702 184.07214:24320 252.26839:152712 264.26828:1801382 266.2811:12928 282.27869:197701 349.34323:8780 366.37518:11080 391.65042:5740 414.12051:5756 444.33438:13299 600.60681:44842 612.60583:125521 614.62445:53225 627.57458:8387 630.61621:230451 736.5592:6426 792.66809:123604","211428.09730755, 523065.60209178","2988710, 6003941","7.07422591377384, 8.71203767811476",0,0,8.24667631492476,9.07681559705083,10.569855608331,NA,9.01122725542325,10.9808536063797,9.36194377373524,NA,11.1427452767515,9.33539035469392,NA,11.1699250014423,9.03617361255349,9.47370574961942,9.61102479730735,10.243173983473,NA,9.50977500432694,NA,NA,12.173364830849,9.22881869049588,10.1623913287569,11.2900188469326,9.99717948093762,NA,10.3944626946103,9.17492568250068,23.0965790848223,23.0405046163699,23.2395007840295,23.1335138308353,23.1878952543918,23.134052429232,23.1544795978293,23.0125740746433,23.1121728509267,22.8463710987326,23.0219347539331,22.8504575602639,"19403, 20081","26.231"
