From	To
I3L4N8	ACTG1
Q8N257	H2BC26
Q562R1	ACTBL2
P62805	H4C1
P62805	H4C11
P62805	H4C12
P62805	H4C13
P62805	H4C14
P62805	H4C15
P62805	H4C16
P62805	H4C2
P62805	H4C3
P62805	H4C4
P62805	H4C5
P62805	H4C6
P62805	H4C8
P62805	H4C9
P10412	H1-4
P60709	ACTB
P13796	LCP1
P07737	PFN1
P62328	TMSB4X
P16401	H1-5
P68133	ACTA1
P22626	HNRNPA2B1
P62937	PPIA
P07237	P4HB
P06733	ENO1
P23528	CFL1
P04406	GAPDH
P29350	PTPN6
P54819	AK2
P08670	VIM
Q13509	TUBB3
P09651	HNRNPA1
P07900	HSP90AA1
Q9Y3Z3	SAMHD1
Q12931	TRAP1
P37802	TAGLN2
P26447	S100A4
P63313	TMSB10
O75367	MACROH2A1
P18669	PGAM1
P25705	ATP5F1A
P48735	IDH2
Q9NY65	TUBA8
P10809	HSPD1
P06576	ATP5F1B
P61626	LYZ
Q5JP53	TUBB
Q00839	HNRNPU
Q14103	HNRNPD
P26038	MSN
P11021	HSPA5
P68366	TUBA4A
P21333	FLNA
P04075	ALDOA
P13929	ENO3
P62258	YWHAE
P11142	HSPA8
P30101	PDIA3
Q01518	CAP1
P61978	HNRNPK
P84085	ARF5
P30048	PRDX3
Q00325	SLC25A3
P05386	RPLP1
P60660	MYL6
Q9BQE3	TUBA1C
O75390	CS
Q5HYB6	DKFZp686J1372
P40926	MDH2
P19338	NCL
P27824	CANX
O75915	ARL6IP5
P27797	CALR
P06396	GSN
H7BZJ3	PDIA3
P05141	SLC25A5
P18085	ARF4
P63104	YWHAZ
P61956	SUMO2
P52566	ARHGDIB
P14625	HSP90B1
P08238	HSP90AB1
D6R9P3	HNRNPAB
P26373	RPL13
P31146	CORO1A
P51991	HNRNPA3
Q06830	PRDX1
Q07021	C1QBP
O00299	CLIC1
P35579	MYH9
Q09666	AHNAK
P13639	EEF2
P48595	SERPINB10
Q9H4B7	TUBB1
Q13838	DDX39B
P99999	CYCS
P84077	ARF1
P06748	NPM1
P09211	GSTP1
P31946	YWHAB
P05387	RPLP2
P00558	PGK1
P14174	MIF
P62081	RPS7
P07339	CTSD
P49411	TUFM
P52272	HNRNPM
P27695	APEX1
P68104	EEF1A1
P30050	RPL12
P30040	ERP29
Q9H299	SH3BGRL3
P61586	RHOA
P13489	RNH1
P09382	LGALS1
Q16629	SRSF7
P12236	SLC25A6
P02545	LMNA
Q6PEY2	TUBA3E
Q99497	PARK7
P35268	RPL22
P62750	RPL23A
P39687	ANP32A
P36578	RPL4
Q16555	DPYSL2
Q15365	PCBP1
P16104	H2AX
P23396	RPS3
P62701	RPS4X
P38159	RBMX
P12814	ACTN1
P20700	LMNB1
Q92688	ANP32B
Q9BV40	VAMP8
P29401	TKT
P35232	PHB1
P31949	S100A11
P23284	PPIB
P04843	RPN1
P05164	MPO
P61160	ACTR2
Q9Y2Q3	GSTK1
Q99623	PHB2
Q15084	PDIA6
P10599	TXN
P62263	RPS14
P62241	RPS8
P10606	COX5B
P25398	RPS12
Q9Y2X3	NOP58
P50914	RPL14
P38646	HSPA9
P62826	RAN
Q15185	PTGES3
P04083	ANXA1
P60174	TPI1
P60842	EIF4A1
P08865	RPSA
O75964	ATP5MG
B1AH77	RAC2
P62820	RAB1A
P61026	RAB10
Q14019	COTL1
P24752	ACAT1
P45880	VDAC2
P49755	TMED10
P13010	XRCC5
Q9BUF5	TUBB6
P59998	ARPC4
Q58FF8	HSP90AB2P
P53634	CTSC
P48047	ATP5PO
P47914	RPL29
P00338	LDHA
P30084	ECHS1
Q9Y277	VDAC3
P12956	XRCC6
P62277	RPS13
P37837	TALDO1
Q9BSJ8	ESYT1
P55084	HADHB
F8VZS0	RPLP0
P56134	ATP5MF
J3QRS3	MYL12A
Q99735	MGST2
P62244	RPS15A
P40939	HADHA
P52907	CAPZA1
P51149	RAB7A
P34931	HSPA1L
Q13151	HNRNPA0
Q9NQC3	RTN4
P07741	APRT
P61158	ACTR3
P13073	COX4I1
D3DSM0	ITGB2
K7ELL7	PRKCSH
P04040	CAT
O14773	TPP1
P62753	RPS6
P61254	RPL26
P24539	ATP5PB
Q5JTV8	TOR1AIP1
P04233	CD74
Q06323	PSME1
Q14697	GANAB
P50395	GDI2
P62857	RPS28
Q07020	RPL18
H3BRU6	PCBP2
Q13011	ECH1
P08758	ANXA5
P30044	PRDX5
P61981	YWHAG
O60234	GMFG
P36542	ATP5F1C
P58546	MTPN
P04350	TUBB4A
P62269	RPS18
P62424	RPL7A
O15511	ARPC5
P31943	HNRNPH1
P04844	RPN2
P31948	STIP1
P67809	YBX1
Q9BT09	CNPY3
F8WBR5	CALM2
P39019	RPS19
P49748	ACADVL
Q9P253	VPS18
A6NLN1	PTBP1
P14854	COX6B1
Q15233	NONO
P39656	DDOST
P62873	GNB1
P40121	CAPG
Q07960	ARHGAP1
P22695	UQCRC2
P22314	UBA1
Q15907	RAB11B
P07203	GPX1
P37108	SRP14
Q99798	ACO2
P62851	RPS25
P08133	ANXA6
O15144	ARPC2
O14880	MGST3
P53999	SUB1
P61313	RPL15
Q5T0I0	GSN
P62942	FKBP1A
P46782	RPS5
P62913	RPL11
P63244	RACK1
P07195	LDHB
Q92841	DDX17
P00367	GLUD1
P11310	ACADM
P46777	RPL5
P52209	PGD
O94905	ERLIN2
Q96IX5	ATP5MK
Q02878	RPL6
P14866	HNRNPL
Q1KMD3	HNRNPUL2
Q92804	TAF15
P11279	LAMP1
Q99714	HSD17B10
P62906	RPL10A
P18859	ATP5PF
P52597	HNRNPF
Q00610	CLTC
O43488	AKR7A2
O75477	ERLIN1
P42766	RPL35
Q93084	ATP2A3
P84103	SRSF3
O00584	RNASET2
P49207	RPL34
P55769	SNU13
P36969	GPX4
Q9NVJ2	ARL8B
Q9Y6C9	MTCH2
P29692	EEF1D
P08559	PDHA1
Q08211	DHX9
P40429	RPL13A
P09429	HMGB1
P51659	HSD17B4
P26583	HMGB2
P07355	ANXA2
P24534	EEF1B2
Q9NR31	SAR1A
Q99536	VAT1
P15880	RPS2
P23246	SFPQ
Q01105	SET
O14561	NDUFAB1
P26641	EEF1G
P51159	RAB27A
P51858	HDGF
P53007	SLC25A1
Q9UMS4	PRPF19
P60953	CDC42
P30038	ALDH4A1
Q6DD88	ATL3
P26440	IVD
P50238	CRIP1
Q12906	ILF3
O00483	NDUFA4
P00387	CYB5R3
P07108	DBI
Q5SSJ5	HP1BP3
Q12905	ILF2
Q32Q12	NME1-NME2
P51148	RAB5C
P30086	PEBP1
P04899	GNAI2
Q99439	CNN2
Q07955	SRSF1
Q9Y490	TLN1
Q13263	TRIM28
P62847	RPS24
O43707	ACTN4
P17066	HSPA6
Q9UH99	SUN2
P26599	PTBP1
P68036	UBE2L3
P01903	HLA-DRA
P27348	YWHAQ
Q01130	SRSF2
F8VWQ0	SLC25A3
P27635	RPL10
O15143	ARPC1B
P22307	SCP2
P38117	ETFB
P06744	GPI
P41218	MNDA
B0QYK0	EWSR1
Q92882	OSTF1
Q9ULZ3	PYCARD
P31930	UQCRC1
P21796	VDAC1
P10253	GAA
Q9H3N1	TMX1
Q13423	NNT
P50991	CCT4
P15531	NME1
P03928	MT-ATP8
Q92945	KHSRP
Q15942	ZYX
P19404	NDUFV2
P40925	MDH1
P14317	HCLS1
P05107	ITGB2
P00441	SOD1
Q9H2U2	PPA2
Q99832	CCT7
A0A0D9SFP2	HADH
P34897	SHMT2
O60506	SYNCRIP
Q9BWM7	SFXN3
Q16698	DECR1
Q12907	LMAN2
P40227	CCT6A
O43390	HNRNPR
P78371	CCT2
P05455	SSB
Q03252	LMNB2
P20674	COX5A
P67812	SEC11A
P14618	PKM
Q9UKM9	RALY
P61224	RAP1B
O75368	SH3BGRL
O75531	BANF1
P24844	MYL9
O00186	STXBP3
Q9BS26	ERP44
Q9Y3B3	TMED7
Q04917	YWHAH
Q9P258	RCC2
P49458	SRP9
H7BXI1	ESYT2
Q16777	H2AC20
Q9BVK6	TMED9
Q96BZ4	PLD4
Q9NR28	DIABLO
O14745	NHERF1
O15145	ARPC3
P36957	DLST
P61009	SPCS3
P35637	FUS
P55072	VCP
P13667	PDIA4
P16152	CBR1
Q86WV6	STING1
P18124	RPL7
P14406	COX7A2
Q8TCT9	HM13
Q9NS69	TOMM22
H0Y5F5	PABPC4
O95716	RAB3D
Q02978	SLC25A11
P42167	TMPO
P61803	DAD1
Q13185	CBX3
P05388	RPLP0
H7C3I1	ST13
Q15056	EIF4H
Q9UL46	PSME2
P51572	BCAP31
O43809	NUDT21
Q6P1A2	LPCAT3
Q9Y3C8	UFC1
P83731	RPL24
P30740	SERPINB1
P49368	CCT3
Q96T66	NMNAT3
Q15717	ELAVL1
Q99613	EIF3C
P46779	RPL28
P53396	ACLY
E9PAV3	NACA
P11717	IGF2R
Q92522	H1-10
O00182	LGALS9
P62266	RPS23
Q5T6W2	HNRNPK
P55795	HNRNPH2
O00567	NOP56
P16949	STMN1
P52306	RAP1GDS1
P47985	UQCRFS1
P63218	GNG5
P14927	UQCRB
Q07812	BAX
P32119	PRDX2
P46781	RPS9
P46778	RPL21
Q9P0L0	VAPA
O14979	HNRNPDL
Q13637	RAB32
P16070	CD44
Q15393	SF3B3
P15586	GNS
Q05639	EEF1A2
P13804	ETFA
P62888	RPL30
Q9Y265	RUVBL1
O95336	PGLS
P61106	RAB14
O75874	IDH1
Q15691	MAPRE1
Q9NRP0	OSTC
P53597	SUCLG1
P83916	CBX1
Q9Y3I0	RTCB
Q01469	FABP5
P46776	RPL27A
P62316	SNRPD2
P10153	RNASE2
P05091	ALDH2
P62979	RPS27A
Q02543	RPL18A
P50990	CCT8
Q9Y2B0	CNPY2
O43760	SYNGR2
Q14728	MFSD10
P30041	PRDX6
Q16718	NDUFA5
P23526	AHCY
Q9BTT0	ANP32E
P46977	STT3A
P61019	RAB2A
P08311	CTSG
P52565	ARHGDIA
Q9P0M6	MACROH2A2
Q9NUQ9	CYRIB
P30046	DDT
Q9HDC9	APMAP
P62910	RPL32
Q02880	TOP2B
P07954	FH
Q9BTV4	TMEM43
O60664	PLIN3
P61604	HSPE1
A8MXP9	MATR3
P50995	ANXA11
Q86UX7	FERMT3
Q9HB71	CACYBP
P11940	PABPC1
P78314	SH3BP2
O75533	SF3B1
P25098	GRK2
Q16795	NDUFA9
P63241	EIF5A
P00491	PNP
H3BQQ9	UBE2I
P82909	KGD4
P52948	NUP98
Q07666	KHDRBS1
I3L397	EIF5A
O75396	SEC22B
P10619	CTSA
P84090	ERH
P62829	RPL23
C9J406	IMMT
Q02218	OGDH
Q9Y230	RUVBL2
Q02252	ALDH6A1
Q96AG4	LRRC59
O60832	DKC1
Q14498	RBM39
P84095	RHOG
Q9NQ39	RPS10P5
P78417	GSTO1
P43307	SSR1
O60610	DIAPH1
P21291	CSRP1
Q14964	RAB39A
P51571	SSR4
P17050	NAGA
P07686	HEXB
Q9NZ08	ERAP1
Q8IYB3	SRRM1
Q9UQ80	PA2G4
O75083	WDR1
O43143	DHX15
P00403	MT-CO2
P54920	NAPA
P21912	SDHB
P51970	NDUFA8
P80303	NUCB2
Q53GQ0	HSD17B12
P42704	LRPPRC
P62917	RPL8
Q9H0U4	RAB1B
P48643	CCT5
P68402	PAFAH1B2
Q13488	TCIRG1
Q13148	TARDBP
P62841	RPS15
Q96EP5	DAZAP1
K7EKE6	LONP1
Q9Y2W1	THRAP3
Q9UJU6	DBNL
Q9NX63	CHCHD3
Q86U42	PABPN1
Q8NBJ5	COLGALT1
Q8WXF1	PSPC1
P62249	RPS16
P10768	ESD
Q14847	LASP1
Q8TEM1	NUP210
P62993	GRB2
O75351	VPS4B
P53621	COPA
Q16543	CDC37
P61421	ATP6V0D1
P50552	VASP
P09622	DLD
P50416	CPT1A
P78527	PRKDC
P19367	HK1
Q16576	RBBP7
P17987	TCP1
P06454	PTMA
P06865	HEXA
A0A0D9SF53	DDX3X
O15355	PPM1G
P60059	SEC61G
P09972	ALDOC
Q15181	PPA1
Q7Z7K0	CMC1
Q9BQB6	VKORC1
P38919	EIF4A3
Q96AE4	FUBP1
P35659	DEK
P26640	VARS1
P09234	SNRPC
P62136	PPP1CA
P67936	TPM4
O95202	LETM1
P20340	RAB6A
P20039	HLA-DRB1
O96008	TOMM40
Q96I99	SUCLG2
P34932	HSPA4
P17858	PFKL
Q14152	EIF3A
P54578	USP14
O75489	NDUFS3
P61247	RPS3A
Q16181	SEPTIN7
Q96G03	PGM2
Q9NTJ5	SACM1L
P09543	CNP
P06899	H2BC11
E7EX73	EIF4G1
P08567	PLEK
Q15637	SF1
E9PRY8	EEF1D
P46940	IQGAP1
P50452	SERPINB8
Q9UNL2	SSR3
Q9BW30	TPPP3
P39023	RPL3
Q9NQE9	HINT3
Q9NT62	ATG3
Q16873	LTC4S
Q96S97	MYADM
O95831	AIFM1
P80723	BASP1
P61619	SEC61A1
Q13435	SF3B2
P22087	FBL
Q9Y5L4	TIMM13
P61088	UBE2N
Q14141	SEPTIN6
P04632	CAPNS1
P48444	ARCN1
Q8TCJ2	STT3B
Q9NR30	DDX21
P07919	UQCRH
P55735	SEC13
Q96CB9	NSUN4
Q9Y4L1	HYOU1
P14550	AKR1A1
P63000	RAC1
P51452	DUSP3
Q9P0J0	NDUFA13
Q15427	SF3B4
Q9Y5M8	SRPRB
Q13094	LCP2
P55209	NAP1L1
Q7KZF4	SND1
P60866	RPS20
Q14974	KPNB1
Q86Y39	NDUFA11
Q7Z7A4	PXK
O75947	ATP5PD
Q13547	HDAC1
Q15388	TOMM20
P61163	ACTR1A
Q9UJZ1	STOML2
Q53EL6	PDCD4
P11413	G6PD
Q8WUM4	PDCD6IP
O96000	NDUFB10
P56385	ATP5ME
Q15149	PLEC
O95169	NDUFB8
P61916	NPC2
P28331	NDUFS1
P47755	CAPZA2
P63167	DYNLL1
Q9NPJ3	ACOT13
Q13247	SRSF6
Q96C19	EFHD2
P31040	SDHA
P11177	PDHB
Q9H4A4	RNPEP
P49821	NDUFV1
P03915	MT-ND5
P06737	PYGL
P16219	ACADS
Q86VP6	CAND1
O15347	HMGB3
P63027	VAMP2
Q9BZZ5	API5
P63173	RPL38
P62899	RPL31
Q9H853	TUBA4B
Q9Y394	DHRS7
P41240	CSK
O95782	AP2A1
P09874	PARP1
J3KN66	TOR1AIP1
O15260	SURF4
P60468	SEC61B
O43684	BUB3
P45973	CBX5
Q16563	SYPL1
Q16762	TST
Q9H8Y8	GORASP2
Q9Y6A9	SPCS1
P53618	COPB1
Q9NYU2	UGGT1
Q9Y2R0	COA3
P07384	CAPN1
Q14651	PLS1
P30153	PPP2R1A
P13693	TPT1
Q9Y5Z4	HEBP2
Q9H098	FAM107B
O43681	GET3
Q53H12	AGK
Q86V81	ALYREF
Q6NUK1	SLC25A24
Q9UBT2	UBA2
Q15029	EFTUD2
P28838	LAP3
Q15008	PSMD6
P56537	EIF6
Q9BPW8	NIPSNAP1
P21964	COMT
Q9Y3A6	TMED5
Q7L2H7	EIF3M
Q32MZ4	LRRFIP1
Q6UW68	TMEM205
P27694	RPA1
Q9Y6D5	ARFGEF2
P49407	ARRB1
Q14444	CAPRIN1
Q8NBS9	TXNDC5
Q9NSE4	IARS2
Q15459	SF3A1
P61960	UFM1
O60749	SNX2
Q9HD45	TM9SF3
P28799	GRN
P49189	ALDH9A1
Q14061	COX17
Q96QK1	VPS35
O75937	DNAJC8
P51809	VAMP7
O43674	NDUFB5
Q8N4H5	TOMM5
O00148	DDX39A
Q6P2Q9	PRPF8
Q92499	DDX1
Q8IX12	CCAR1
P30085	CMPK1
O60493	SNX3
P05198	EIF2S1
Q8N1F7	NUP93
O75494	SRSF10
Q9GZN8	ADISSP
Q969Q5	RAB24
Q9NVI7	ATAD3A
P28161	GSTM2
Q96FW1	OTUB1
Q16630	CPSF6
Q8N131	TMEM123
Q8NBQ5	HSD17B11
Q9UBR2	CTSZ
P45974	USP5
O95299	NDUFA10
P31942	HNRNPH3
P09661	SNRPA1
P63208	SKP1
Q12874	SF3A3
O00170	AIP
P29590	PML
Q00059	TFAM
O15173	PGRMC2
Q14919	DRAP1
Q9Y383	LUC7L2
P50213	IDH3A
O75251	NDUFS7
P22570	FDXR
P18206	VCL
Q9P1F3	ABRACL
Q7Z4W1	DCXR
Q9UL25	RAB21
Q9NR45	NANS
Q92835	INPP5D
P60228	EIF3E
Q8IXM2	BACC1
O00754	MAN2B1
P03905	MT-ND4
P07305	H1-0
O75306	NDUFS2
Q96N66	MBOAT7
Q15125	EBP
P61970	NUTF2
Q02790	FKBP4
Q8N163	CCAR2
P00846	MT-ATP6
Q9Y3D6	FIS1
Q86UE4	MTDH
P61923	COPZ1
O95433	AHSA1
O94776	MTA2
O75821	EIF3G
O75643	SNRNP200
P13861	PRKAR2A
P08621	SNRNP70
Q96JJ7	TMX3
Q9Y376	CAB39
P48960	ADGRE5
O60568	PLOD3
O15400	STX7
P35754	GLRX
O43399	TPD52L2
Q9UI09	NDUFA12
O43914	TYROBP
Q9UBQ0	VPS29
P23919	DTYMK
P46976	GYG1
Q2TAY7	SMU1
O15371	EIF3D
Q6UX53	TMT1B
P16402	H1-3
Q9NTK5	OLA1
P12004	PCNA
Q15424	SAFB
Q15287	RNPS1
Q9H3K6	BOLA2
Q9H3K6	BOLA2B
Q96D96	HVCN1
O14957	UQCR11
P08575	PTPRC
Q00534	CDK6
Q8NE86	MCU
Q9H9B4	SFXN1
P50440	GATM
O76021	RSL1D1
P50570	DNM2
P22830	FECH
O43776	NARS1
Q86SX6	GLRX5
Q09028	RBBP4
P36543	ATP6V1E1
P35998	PSMC2
P30049	ATP5F1D
P54577	YARS1
P62330	ARF6
P09110	ACAA1
Q13232	NME3
P04439	HLA-A
Q96IU4	ABHD14B
P22102	GART
P49321	NASP
P08574	CYC1
P21281	ATP6V1B2
Q71UM5	RPS27L
P42677	RPS27
P28482	MAPK1
O43920	NDUFS5
Q16740	CLPP
O14980	XPO1
Q08945	SSRP1
P49915	GMPS
P50402	EMD
P26885	FKBP2
Q13283	G3BP1
O96019	ACTL6A
P17844	DDX5
P62995	TRA2B
P22234	PAICS
Q9UHL4	DPP7
P49591	SARS1
P55809	OXCT1
Q13242	SRSF9
Q9H1E5	TMX4
P68363	TUBA1B
Q15019	SEPTIN2
Q15005	SPCS2
Q9NUB1	ACSS1
Q9H8H3	TMT1A
P35606	COPB2
P20290	BTF3
Q52LJ0	FAM98B
Q9NRR5	UBQLN4
P15289	ARSA
Q969S9	GFM2
O75352	MPDU1
Q8NB90	AFG2A
Q0VGL1	LAMTOR4
P19623	SRM
Q14204	DYNC1H1
Q9Y266	NUDC
Q10567	AP1B1
P23381	WARS1
Q9Y224	RTRAF
Q15155	NOMO1
P28676	GCA
O43292	GPAA1
Q14764	MVP
P23368	ME2
Q00688	FKBP3
Q6XQN6	NAPRT
Q15046	KARS1
Q9NZK5	ADA2
P46109	CRKL
P09960	LTA4H
P61165	TMEM258
P20160	AZU1
Q9HCC0	MCCC2
O94826	TOMM70
Q6IAA8	LAMTOR1
P54727	RAD23B
Q9Y512	SAMM50
Q08AE8	SPIRE1
P41091	EIF2S3
Q969V3	NCLN
Q9HAV0	GNB4
A0A0A0MSV9	TAPBP
P62308	SNRPG
P09012	SNRPA
Q99627	COPS8
Q9HD26	GOPC
Q9Y5B9	SUPT16H
O43615	TIMM44
P42765	ACAA2
Q15435	PPP1R7
O00231	PSMD11
P46459	NSF
Q08170	SRSF4
P23786	CPT2
Q13126	MTAP
P01034	CST3
P22033	MMUT
Q9BVC6	TMEM109
P31153	MAT2A
P06730	EIF4E
P63010	AP2B1
P55957	BID
P42768	WAS
P05023	ATP1A1
P08708	RPS17
Q99460	PSMD1
P15311	EZR
Q9Y6K0	CEPT1
A0A1C7CYX9	DPYSL2
O60888	CUTA
Q9BRA2	TXNDC17
P26368	U2AF2
P16615	ATP2A2
Q9NVP1	DDX18
O60524	NEMF
O43242	PSMD3
Q9NZJ7	MTCH1
O15372	EIF3H
P50897	PPT1
Q9BWJ5	SF3B5
P83111	LACTB
Q9BW72	HIGD2A
Q92597	NDRG1
Q99873	PRMT1
Q8IWB7	WDFY1
G8JLA2	MYL6
P10515	DLAT
Q16891	IMMT
Q9NTX5	ECHDC1
O00487	PSMD14
Q96K17	BTF3L4
Q96KP4	CNDP2
P54136	RARS1
P16190	HLA-A
P27816	MAP4
O60220	TIMM8A
Q96HS1	PGAM5
Q8N3C0	ASCC3
Q13363	CTBP1
Q9UBQ7	GRHPR
P55884	EIF3B
P14678	SNRPB
O00303	EIF3F
P20073	ANXA7
P18077	RPL35A
P38606	ATP6V1A
O43516	WIPF1
Q16851	UGP2
P49257	LMAN1
Q8N5W9	RFLNB
Q8WY22	BRI3BP
P62714	PPP2CB
Q9Y262	EIF3L
E7EQT4	ACIN1
P11172	UMPS
Q8TDZ2	MICAL1
Q15418	RPS6KA1
Q10471	GALNT2
Q08209	PPP3CA
Q6P996	PDXDC1
P09525	ANXA4
O14579	COPE
Q9NX24	NHP2
P07602	PSAP
P17980	PSMC3
P20702	ITGAX
P31689	DNAJA1
Q9Y3C4	TPRKB
O00217	NDUFS8
P49756	RBM25
P61081	UBE2M
Q14151	SAFB2
Q05655	PRKCD
F8VXC8	SMARCC2
Q92598	HSPH1
Q8N766	EMC1
Q14839	CHD4
O60264	SMARCA5
Q9BWS9	CHID1
Q9UBQ5	EIF3K
P28066	PSMA5
Q9NP79	VTA1
Q9H4A6	GOLPH3
P52790	HK3
Q13595	TRA2A
Q16539	MAPK14
Q96B97	SH3KBP1
Q13586	STIM1
Q13177	PAK2
O00462	MANBA
O75608	LYPLA1
P47897	QARS1
Q13561	DCTN2
Q8IV08	PLD3
P12270	TPR
P03897	MT-ND3
O00391	QSOX1
P45954	ACADSB
Q9BWU1	CDK19
Q15257	PTPA
Q8N5K1	CISD2
P31939	ATIC
O00160	MYO1F
P34910	EVI2B
O95571	ETHE1
Q93091	RNASE6
O95232	LUC7L3
Q8NBX0	SCCPDH
P10124	SRGN
Q9NYF8	BCLAF1
P42126	ECI1
P61020	RAB5B
O60739	EIF1B
P32969	RPL9
P32969	RPL9P7
P32969	RPL9P8
P32969	RPL9P9
E7EVS6	ACTB
C9J0K6	SRI
P47756	CAPZB
Q3ZCQ8	TIMM50
Q15363	TMED2
Q9P2R7	SUCLA2
P51648	ALDH3A2
Q6IN85	PPP4R3A
O43670	ZNF207
P57737	CORO7
Q9NPE3	NOP10
Q04760	GLO1
Q13347	EIF3I
Q5JR01	EEF1A1
Q9H0D6	XRN2
Q9H4M9	EHD1
Q9BRR6	ADPGK
O15258	RER1
P09669	COX6C
P33897	ABCD1
Q08257	CRYZ
P25325	MPST
Q99643	SDHC
Q9UIJ7	AK3
Q9BZF1	OSBPL8
Q12888	TP53BP1
P33121	ACSL1
P48651	PTDSS1
P35527	KRT9
P46060	RANGAP1
Q7L0Y3	TRMT10C
P14868	DARS1
X6RAL5	SAP18
Q9Y3L3	SH3BP1
Q09161	NCBP1
Q9GZY6	LAT2
P04424	ASL
A0A0B4J2F0	PIGBOS1
Q9Y5U8	MPC1
Q8WW12	PCNP
Q13636	RAB31
B0I1T2	MYO1G
Q9BXK5	BCL2L13
Q96DI7	SNRNP40
O75436	VPS26A
Q9H0U3	MAGT1
Q99467	CD180
Q13576	IQGAP2
H0YET9	ARRB1
Q8NCW5	NAXE
A0A0A0MRM9	NOLC1
H6UMI1	GABARAP
Q0VD83	APOBR
Q9NY33	DPP3
P43353	ALDH3B1
P67870	CSNK2B
P68871	HBB
O00193	SMAP
Q9NVZ3	NECAP2
P43897	TSFM
P50151	GNG10
Q96PK6	RBM14
Q9NP72	RAB18
Q8N129	CNPY4
Q00169	PITPNA
O43252	PAPSS1
Q70J99	UNC13D
Q00765	REEP5
Q9BRF8	CPPED1
Q96DB5	RMDN1
P04264	KRT1
Q9NRZ7	AGPAT3
Q9NQG5	RPRD1B
P62195	PSMC5
Q99829	CPNE1
Q15369	ELOC
Q96QH2	PRAM1
Q01813	PFKP
P20042	EIF2S2
Q9NV96	TMEM30A
Q5XKP0	MICOS13
P22681	CBL
P17676	CEBPB
Q9Y3U8	RPL36
Q9H0E2	TOLLIP
D6REX3	SEC31A
O14818	PSMA7
P41252	IARS1
Q16134	ETFDH
Q14980	NUMA1
P62304	SNRPE
P18621	RPL17
Q9NYL9	TMOD3
Q9Y4W6	AFG3L2
H0Y368	DPM1
Q9Y5S9	RBM8A
Q13045	FLII
P09417	QDPR
Q7Z4V5	HDGFL2
Q01085	TIAL1
P61326	MAGOH
Q9BPX5	ARPC5L
P79483	HLA-DRB3
P05204	HMGN2
Q8WW59	SPRYD4
P42785	PRCP
O95479	H6PD
Q14108	SCARB2
Q9NQR4	NIT2
P62310	LSM3
O75369	FLNB
Q9HB66	MKKS
P30486	HLA-B
P62191	PSMC1
Q14318	FKBP8
P98171	ARHGAP4
P31937	HIBADH
O00232	PSMD12
P25685	DNAJB1
M0QZR4	ARHGEF1
Q96A72	MAGOHB
P20645	M6PR
Q5VWC4	PSMD4
P55145	MANF
Q9P035	HACD3
Q9BQ61	TRIR
P09668	CTSH
P40616	ARL1
P19971	TYMP
O95758	PTBP3
Q15080	NCF4
Q9UHG3	PCYOX1
Q9P2E9	RRBP1
Q12904	AIMP1
O75439	PMPCB
P46087	NOP2
Q9H078	CLPB
P07814	EPRS1
O00479	HMGN4
O43852	CALU
Q99567	NUP88
P17612	PRKACA
Q8N0U8	VKORC1L1
Q8N6L1	KRTCAP2
Q13287	NMI
Q96CW1	AP2M1
Q7LDG7	RASGRP2
P42773	CDKN2C
P15170	GSPT1
Q96RQ3	MCCC1
P10644	PRKAR1A
Q9HBI0	PARVG
Q8WWY3	PRPF31
Q9H939	PSTPIP2
P61086	UBE2K
Q15437	SEC23B
Q9BX68	HINT2
Q9UBE0	SAE1
Q68EM7	ARHGAP17
P53990	IST1
P00918	CA2
P62495	ETF1
O95747	OXSR1
Q9BUL8	PDCD10
P51531	SMARCA2
O43324	EEF1E1
Q96B49	TOMM6
O75323	NIPSNAP2
P21953	BCKDHB
P55265	ADAR
Q6PIU2	NCEH1
P61289	PSME3
P35475	IDUA
P15954	COX7C
Q9Y2Q5	LAMTOR2
Q9BUJ2	HNRNPUL1
Q13951	CBFB
V9GYM8	ARHGEF2
Q9Y305	ACOT9
P23141	CES1
P60510	PPP4C
O14828	SCAMP3
P26639	TARS1
P41567	EIF1
O43772	SLC25A20
Q5JRX3	PITRM1
P16278	GLB1
Q9GZT3	SLIRP
Q6P589	TNFAIP8L2
Q13155	AIMP2
P61204	ARF3
Q99805	TM9SF2
Q3LXA3	TKFC
Q13200	PSMD2
Q06187	BTK
P62877	RBX1
Q9UQ35	SRRM2
P60900	PSMA6
P06703	S100A6
Q969H8	MYDGF
Q9UNH7	SNX6
Q14677	CLINT1
P07948	LYN
P62333	PSMC6
P78347	GTF2I
Q02338	BDH1
Q01658	DR1
P60981	DSTN
P29144	TPP2
P49006	MARCKSL1
P07478	PRSS2
B4E0Y9	STK26
O60613	SELENOF
O75400	PRPF40A
Q9BR76	CORO1B
C9JFV4	PELP1
Q92643	PIGK
Q9NZL9	MAT2B
P48556	PSMD8
P43487	RANBP1
P16403	H1-2
Q9Y5J7	TIMM9
O43396	TXNL1
P16885	PLCG2
P55010	EIF5
Q15293	RCN1
Q99952	PTPN18
Q96S52	PIGS
Q96M27	PRRC1
P49721	PSMB2
P62312	LSM6
O60828	PQBP1
Q9NX14	NDUFB11
Q8WYA6	CTNNBL1
P37198	NUP62
P36404	ARL2
O94804	STK10
P61018	RAB4B
P32189	GK
P48426	PIP4K2A
Q7L5N7	LPCAT2
P00492	HPRT1
Q13630	GFUS
O76003	GLRX3
P43686	PSMC4
Q9NPF4	OSGEP
Q6PI48	DARS2
Q9UHV9	PFDN2
P55008	AIF1
P02768	ALB
Q9H444	CHMP4B
Q9H845	ACAD9
P61011	SRP54
P41250	GARS1
L0R6Q1	SLC35A4
Q10713	PMPCA
P35613	BSG
P78406	RAE1
P05771	PRKCB
Q9NR56	MBNL1
O95453	PARN
P33316	DUT
Q99733	NAP1L4
P53680	AP2S1
P47813	EIF1AX
O75844	ZMPSTE24
Q9NTZ6	RBM12
O75208	COQ9
Q16666	IFI16
Q96HY6	DDRGK1
P35914	HMGCL
P46734	MAP2K3
Q92621	NUP205
Q13564	NAE1
Q9NX20	MRPL16
O00264	PGRMC1
P55263	ADK
O43665	RGS10
Q9Y3Q3	TMED3
Q8WU79	SMAP2
Q9HD20	ATP13A1
P40763	STAT3
Q8IZ83	ALDH16A1
Q96A33	CCDC47
P61221	ABCE1
P18754	RCC1
Q9UHQ9	CYB5R1
O15127	SCAMP2
Q9Y3B4	SF3B6
Q9HA64	FN3KRP
O00116	AGPS
P09467	FBP1
P29218	IMPA1
Q14116	IL18
P62280	RPS11
Q04941	PLP2
O94906	PRPF6
Q8NC51	SERBP1
Q02818	NUCB1
Q92947	GCDH
Q9UDW1	UQCR10
Q13442	PDAP1
Q16531	DDB1
O95292	VAPB
P25786	PSMA1
P48147	PREP
Q9UK76	JPT1
Q8NFW8	CMAS
P12081	HARS1
Q92878	RAD50
P36406	TRIM23
O43169	CYB5B
O43837	IDH3B
P62854	RPS26
Q92614	MYO18A
Q9NX40	OCIAD1
O43583	DENR
P13645	KRT10
Q7Z7H5	TMED4
P12074	COX6A1
Q9P2J5	LARS1
P67775	PPP2CA
P11216	PYGB
Q8TCS8	PNPT1
P78356	PIP4K2B
P30837	ALDH1B1
Q7L9L4	MOB1B
Q9Y3Y2	CHTOP
O14656	TOR1A
Q5QPM7	PSMF1
Q3ZAQ7	VMA21
Q49A26	GLYR1
P13647	KRT5
Q86XP3	DDX42
Q7Z3B4	NUP54
Q5VW32	BROX
P17900	GM2A
P18031	PTPN1
Q9NYJ1	COA4
O75534	CSDE1
Q15843	NEDD8
Q9H3U1	UNC45A
P11387	TOP1
Q96RP9	GFM1
Q53T59	HS1BP3
P10155	RO60
Q9H4G4	GLIPR2
Q16644	MAPKAPK3
A0A087X1N8	SERPINB6
Q9NXH8	TOR4A
O60884	DNAJA2
Q9UNM6	PSMD13
Q9H257	CARD9
P30536	TSPO
Q15052	ARHGEF6
Q7L014	DDX46
Q9UGP8	SEC63
P11766	ADH5
Q8WV74	NUDT8
O14737	PDCD5
Q9H3P7	ACBD3
Q9BXP5	SRRT
P84098	RPL19
Q16512	PKN1
O75431	MTX2
Q8IZ81	ELMOD2
P30405	PPIF
Q15631	TSN
P04181	OAT
Q9BT78	COPS4
Q4VC44	FLYWCH1
Q8NF50	DOCK8
Q9BZK7	TBL1XR1
Q9H2W6	MRPL46
P16435	POR
Q9ULC4	MCTS1
Q9NY12	GAR1
Q96J01	THOC3
Q16864	ATP6V1F
Q9Y678	COPG1
P56378	ATP5MJ
P55786	NPEPPS
Q9UM00	TMCO1
P19388	POLR2E
O00429	DNM1L
Q13418	ILK
P61513	RPL37A
Q9BQG0	MYBBP1A
Q9H0L4	CSTF2T
Q8NCG7	DAGLB
Q9H307	PNN
Q8N5M9	JAGN1
Q13243	SRSF5
O15269	SPTLC1
Q9NYK5	MRPL39
P04792	HSPB1
Q9Y6M1	IGF2BP2
O00233	PSMD9
Q13310	PABPC4
Q8N684	CPSF7
P51692	STAT5B
P23469	PTPRE
Q9BUQ8	DDX23
Q96LW7	CARD19
Q92973	TNPO1
Q6NYC8	PPP1R18
Q9HA77	CARS2
P13984	GTF2F2
O75165	DNAJC13
Q8N5G0	SMIM20
P61353	RPL27
O14548	COX7A2L
O94874	UFL1
P51665	PSMD7
P24666	ACP1
Q8NBJ7	SUMF2
P30520	ADSS2
O75347	TBCA
Q13422	IKZF1
Q93009	USP7
P26196	DDX6
Q9H2K8	TAOK3
Q8WZA0	LZIC
P20839	IMPDH1
P49792	RANBP2
P11586	MTHFD1
Q9Y5X3	SNX5
P57088	TMEM33
Q9Y5Y2	NUBP2
Q6P1X6	C8orf82
Q5JTJ3	COA6
Q13596	SNX1
P12724	RNASE3
Q96PU8	QKI
O95865	DDAH2
P62879	GNB2
Q9Y3F4	STRAP
Q9BSD7	NTPCR
Q14203	DCTN1
P60903	S100A10
Q9HD33	MRPL47
Q9BXS5	AP1M1
Q969N2	PIGT
O14949	UQCRQ
P07858	CTSB
A6NEM2	HCFC1
P54886	ALDH18A1
P08240	SRPRA
Q8IWX8	CHERP
O75223	GGCT
K4DI93	CUL4B
O95372	LYPLA2
O75563	SKAP2
Q96F07	CYFIP2
Q9H0A0	NAT10
Q16719	KYNU
P42224	STAT1
Q8TBC4	UBA3
Q13451	FKBP5
Q9BYC9	MRPL20
Q9HCU5	PREB
Q969E2	SCAMP4
F8W7C6	RPL10
P27361	MAPK3
P12314	FCGR1A
Q9UIQ6	LNPEP
Q14289	PTK2B
P43155	CRAT
Q9UID3	VPS51
Q9NQT4	EXOSC5
Q92608	DOCK2
Q14258	TRIM25
P43251	BTD
P49585	PCYT1A
O60496	DOK2
Q14166	TTLL12
Q6PCB7	SLC27A1
Q9H936	SLC25A22
A0A087WZE9	HMGN3
Q9BVJ7	DUSP23
Q14320	FAM50A
P46926	GNPDA1
O14735	CDIPT
O14929	HAT1
Q9NRX2	MRPL17
Q92900	UPF1
Q12769	NUP160
P30479	HLA-B
P30876	POLR2B
O15270	SPTLC2
P51812	RPS6KA3
P15927	RPA2
Q9Y6I9	TEX264
O43813	LANCL1
P50454	SERPINH1
Q9BWH2	FUNDC2
O75475	PSIP1
Q08426	EHHADH
Q15070	OXA1L
P23258	TUBG1
P08779	KRT16
Q9HCD5	NCOA5
O00629	KPNA4
P13473	LAMP2
Q6NVY1	HIBCH
O75934	BCAS2
O43847	NRDC
P60602	ROMO1
Q6ICL3	TANGO2
Q13057	COASY
P41226	UBA7
Q9UJS0	SLC25A13
P13807	GYS1
Q10472	GALNT1
Q8NI27	THOC2
Q99459	CDC5L
O43678	NDUFA2
Q9BTC0	DIDO1
Q9Y3A3	MOB4
P48059	LIMS1
Q10469	MGAT2
Q92552	MRPS27
Q9UPN7	PPP6R1
Q13428	TCOF1
P08631	HCK
Q9UHB9	SRP68
O15126	SCAMP1
Q4G0N4	NADK2
Q13642	FHL1
Q9NQW7	XPNPEP1
P78344	EIF4G2
Q8NHP8	PLBD2
Q9BUH6	PAXX
Q92506	HSD17B8
Q15382	RHEB
Q9GZS3	SKIC8
Q8IYD1	GSPT2
P54619	PRKAG1
Q16595	FXN
P06280	GLA
Q14643	ITPR1
Q5JTH9	RRP12
Q8NE00	TMEM104
Q15366	PCBP2
P36405	ARL3
Q8NFV4	ABHD11
Q9UII2	ATP5IF1
O95218	ZRANB2
Q9NRX4	PHPT1
P31150	GDI1
Q9BSJ2	TUBGCP2
Q96C36	PYCR2
Q9UQE7	SMC3
Q9Y4Y9	LSM5
Q9UMY4	SNX12
P15374	UCHL3
Q9NP81	SARS2
Q9Y3B7	MRPL11
Q8IY17	PNPLA6
P50579	METAP2
Q9H490	PIGU
P30273	FCER1G
Q9UKK9	NUDT5
P01137	TGFB1
Q9UNF0	PACSIN2
P51398	DAP3
Q9HCN8	SDF2L1
Q9H7Z7	PTGES2
P14324	FDPS
Q86W56	PARG
O95881	TXNDC12
Q9Y6H1	CHCHD2
Q9H773	DCTPP1
O75822	EIF3J
P23588	EIF4B
P36873	PPP1CC
O75380	NDUFS6
P04062	GBA1
P33176	KIF5B
Q8NFH3	NUP43
P56192	MARS1
P18583	SON
P25789	PSMA4
Q99417	MYCBP
Q9BU61	NDUFAF3
Q6YN16	HSDL2
Q9BXW7	HDHD5
P12268	IMPDH2
Q32P44	EML3
Q9NUU7	DDX19A
Q8WVX9	FAR1
Q9Y282	ERGIC3
Q15853	USF2
Q7Z6Z7	HUWE1
Q8IXI2	RHOT1
P60891	PRPS1
Q6ZMZ3	SYNE3
Q96EY1	DNAJA3
P82650	MRPS22
Q04837	SSBP1
Q8NBU5	ATAD1
O00161	SNAP23
O14617	AP3D1
Q86T03	PIP4P1
Q13123	IK
P49589	CARS1
Q9BPW9	DHRS9
P16284	PECAM1
P30043	BLVRB
P39210	MPV17
O15042	U2SURP
Q96P48	ARAP1
Q96AB3	ISOC2
Q9Y6E2	BZW2
Q13445	TMED1
P53004	BLVRA
Q08J23	NSUN2
Q8NI60	COQ8A
P61758	VBP1
P28907	CD38
Q9UNZ2	NSFL1C
P20618	PSMB1
Q03518	TAP1
Q96BX8	MOB3A
Q9Y276	BCS1L
Q13043	STK4
Q96HE7	ERO1A
Q92925	SMARCD2
Q9UIA9	XPO7
O00410	IPO5
Q9BYD6	MRPL1
Q8WUM0	NUP133
Q9BWF3	RBM4
P22061	PCMT1
P19784	CSNK2A2
O95167	NDUFA3
P25787	PSMA2
Q9H0R4	HDHD2
Q92609	TBC1D5
Q5RI15	COX20
Q15392	DHCR24
Q9Y673	ALG5
Q14683	SMC1A
Q9H9J2	MRPL44
Q05519	SRSF11
O14964	HGS
O43768	ENSA
Q9Y5K5	UCHL5
Q9Y487	ATP6V0A2
Q9UGI8	TES
O00154	ACOT7
O43172	PRPF4
A6NHR9	SMCHD1
Q01826	SATB1
O60313	OPA1
Q8IXM3	MRPL41
Q9HB40	SCPEP1
Q9Y3T9	NOC2L
P35611	ADD1
Q14157	UBAP2L
Q15404	RSU1
P51553	IDH3G
Q7Z434	MAVS
P14598	NCF1
O14776	TCERG1
Q9Y295	DRG1
P54105	CLNS1A
Q9Y6I3	EPN1
Q12824	SMARCB1
Q96A35	MRPL24
Q96CM8	ACSF2
P22694	PRKACB
P51580	TPMT
Q8N1G4	LRRC47
Q8WVY7	UBLCP1
P49588	AARS1
P20592	MX2
Q9H7B2	RPF2
Q93050	ATP6V0A1
O43395	PRPF3
Q92619	ARHGAP45
P04839	CYBB
Q9UBF2	COPG2
Q86U28	ISCA2
Q8TC07	TBC1D15
G3V1A6	GSDMD
P62318	SNRPD3
P63172	DYNLT1
O75746	SLC25A12
Q9BV81	EMC6
R4GMX3	COMMD3-BMI1
Q96FV9	THOC1
Q8TDX7	NEK7
P30566	ADSL
P37268	FDFT1
Q15050	RRS1
Q9UKG1	APPL1
P51570	GALK1
Q9UNS2	COPS3
O14925	TIMM23
Q14165	MLEC
P07332	FES
Q13510	ASAH1
B4DGM3	SMARCE1
Q9UJY4	GGA2
Q14254	FLOT2
O00151	PDLIM1
Q8IXI1	RHOT2
Q14240	EIF4A2
P50148	GNAQ
Q9UI30	TRMT112
Q9NUJ1	ABHD10
Q14195	DPYSL3
Q15833	STXBP2
Q9Y2R5	MRPS17
P42226	STAT6
Q92896	GLG1
P51608	MECP2
P36871	PGM1
Q99426	TBCB
P20701	ITGAL
P61077	UBE2D3
O15254	ACOX3
Q8N2G8	GHDC
Q86TX2	ACOT1
I3L0A0	PEDS1-UBE2V1
A1L0T0	ILVBL
Q15102	PAFAH1B3
P16220	CREB1
O00757	FBP2
Q9NZ01	TECR
Q99807	COQ7
Q8NFH4	NUP37
O95822	MLYCD
Q9UJ70	NAGK
P84022	SMAD3
Q96I59	NARS2
Q8NCN5	PDPR
Q6P2E9	EDC4
Q96T60	PNKP
Q92979	EMG1
Q9UHD8	SEPTIN9
O75935	DCTN3
Q13618	CUL3
O43181	NDUFS4
Q15020	SART3
O60216	RAD21
Q13217	DNAJC3
A0A0C4DGB9	PPA2
Q9Y6B6	SAR1B
O75792	RNASEH2A
F8VRH0	PCBP2
P42285	MTREX
P62875	POLR2L
P46736	BRCC3
Q96J02	ITCH
Q9Y697	NFS1
O95295	SNAPIN
Q6YP21	KYAT3
P32121	ARRB2
P48449	LSS
Q13868	EXOSC2
P20339	RAB5A
Q8N4Q0	PTGR3
Q9Y2R9	MRPS7
P40222	TXLNA
A8K070	GPS1
Q9Y6M9	NDUFB9
P32519	ELF1
O00267	SUPT5H
Q8WVM8	SCFD1
Q96S44	TP53RK
P78346	RPP30
Q9UHD1	CHORDC1
Q13724	MOGS
Q9Y2S7	POLDIP2
O75607	NPM3
A0A0C4DGB5	CAST
Q7L1Q6	BZW1
Q4G0F5	VPS26B
P42331	ARHGAP25
O43815	STRN
Q96EY7	PTCD3
O95373	IPO7
P36551	CPOX
Q9H1C4	UNC93B1
Q9HBD4	SMARCA4
Q96MU7	YTHDC1
A6NC98	CCDC88B
Q96NB2	SFXN2
Q9UN36	NDRG2
Q9UKX7	NUP50
Q9BXL7	CARD11
Q9BXV9	GON7
P54709	ATP1B3
O60826	CCDC22
P28065	PSMB9
P46783	RPS10
P11182	DBT
P53992	SEC24C
Q9H583	HEATR1
Q9BV79	MECR
P04066	FUCA1
Q16594	TAF9
Q13405	MRPL49
Q9NP97	DYNLRB1
P49959	MRE11
P52655	GTF2A1
Q13505	MTX1
P62140	PPP1CB
Q12972	PPP1R8
P27708	CAD
P82675	MRPS5
Q9NXG2	THUMPD1
P11215	ITGAM
Q7Z794	KRT77
Q8N1S5	SLC39A11
Q9UBB4	ATXN10
O43715	TRIAP1
Q15067	ACOX1
Q7Z5R6	APBB1IP
Q9BXR0	QTRT1
O95563	MPC2
P12694	BCKDHA
Q9NVS9	PNPO
Q6UN15	FIP1L1
Q15208	STK38
P49327	FASN
Q8N983	MRPL43
P13798	APEH
P22059	OSBP
Q9NRK6	ABCB10
Q92616	GCN1
Q9Y2T2	AP3M1
Q9NWH9	SLTM
P49137	MAPKAPK2
Q6UWP7	LCLAT1
Q9Y5P6	GMPPB
O43747	AP1G1
P48739	PITPNB
P38571	LIPA
Q9H3U5	MFSD1
O15427	SLC16A3
Q7Z3J2	VPS35L
O15212	PFDN6
O60763	USO1
Q969Z0	TBRG4
Q8TF42	UBASH3B
Q9GZT8	NIF3L1
P19387	POLR2C
Q9NZ63	C9orf78
Q9BZE1	MRPL37
D6RAN8	MRPL27
Q13542	EIF4EBP2
O15067	PFAS
Q8N573	OXR1
Q6DKI1	RPL7L1
Q29RF7	PDS5A
Q86Y82	STX12
O95466	FMNL1
Q9P2T1	GMPR2
Q96JB5	CDK5RAP3
Q7RTV0	PHF5A
P13612	ITGA4
Q9Y4P3	TBL2
Q9UFN0	NIPSNAP3A
P63151	PPP2R2A
Q9NVS2	MRPS18A
Q96EE3	SEH1L
Q9NVT9	ARMC1
O60784	TOM1
Q8N335	GPD1L
Q8NE71	ABCF1
O75843	AP1G2
O00329	PIK3CD
Q96JJ3	ELMO2
Q9UIG0	BAZ1B
D3DTX6	PPP1R9B
Q7Z3D6	DGLUCY
P62306	SNRPF
Q8NF37	LPCAT1
P09769	FGR
Q16186	ADRM1
P43034	PAFAH1B1
Q9H4E7	DEF6
Q16540	MRPL23
O00194	RAB27B
O75695	RP2
Q96MX0	CMTM3
F6U1T9	PPP3R1
Q92820	GGH
K7EQH4	ATP5F1A
P82933	MRPS9
X6R3N0	SLC27A3
Q9NTI5	PDS5B
P05109	S100A8
Q8NFU3	TSTD1
O00203	AP3B1
P19397	CD53
P43405	SYK
Q9UBS4	DNAJB11
O43719	HTATSF1
Q9BW27	NUP85
O75694	NUP155
P61201	COPS2
Q8NC56	LEMD2
O94925	GLS
P54803	GALC
Q6FI81	CIAPIN1
Q16706	MAN2A1
O95182	NDUFA7
Q9Y3D9	MRPS23
Q7L591	DOK3
O96011	PEX11B
P42025	ACTR1B
Q6PKG0	LARP1
Q8IYM9	TRIM22
Q13464	ROCK1
P19878	NCF2
P46063	RECQL
Q9NWU5	MRPL22
Q9Y4W2	LAS1L
Q99704	DOK1
Q15036	SNX17
Q14690	PDCD11
P16989	YBX3
O75427	LRCH4
Q96GQ5	RUSF1
A0A024R4E5	HDLBP
Q8NBM8	PCYOX1L
P29558	RBMS1
Q9NZT2	OGFR
Q9Y371	SH3GLB1
A0A0A0MTR7	RNF213
O00442	RTCA
Q96P70	IPO9
Q9BXJ8	TMEM120A
Q14696	MESD
Q9Y2Z4	YARS2
Q8N4T8	CBR4
Q96I24	FUBP3
P28070	PSMB4
P21283	ATP6V1C1
P35244	RPA3
P21127	CDK11B
Q8N2K0	ABHD12
Q00535	CDK5
A0A0D9SEN7	RUNX2
O00519	FAAH
P00505	GOT2
Q6UXV4	APOOL
O75298	RTN2
Q7KZ85	SUPT6H
P23193	TCEA1
O60841	EIF5B
Q96T51	RUFY1
Q9Y570	PPME1
Q9H0X9	OSBPL5
Q9BV38	WDR18
Q14008	CKAP5
G3V4C1	HNRNPC
P35658	NUP214
Q8WVM7	STAG1
P17812	CTPS1
Q9BRJ7	NUDT16L1
Q8NAV1	PRPF38A
P09001	MRPL3
Q9BUN8	DERL1
Q9NZB2	FAM120A
Q3KQZ1	SLC25A35
Q96FZ7	CHMP6
Q92542	NCSTN
A0A087WYD6	TAP2
Q9Y6G9	DYNC1LI1
Q8TDP1	RNASEH2C
O95139	NDUFB6
Q9P107	GMIP
Q9Y6G5	COMMD10
P36639	NUDT1
P24928	POLR2A
P29466	CASP1
Q9Y584	TIMM22
Q9Y228	TRAF3IP3
P17096	HMGA1
Q99828	CIB1
Q9Y696	CLIC4
Q7Z2K6	ERMP1
Q96PE7	MCEE
Q9BRT2	UQCC2
Q9Y3C1	NOP16
P27986	PIK3R1
S4R341	NOLC1
P13716	ALAD
Q4G0J3	LARP7
Q8IXT5	RBM12B
Q8NFH5	NUP35
H0Y3Y9	PSMD4
Q9Y3C6	PPIL1
Q7Z5L9	IRF2BP2
Q9BYG3	NIFK
P49903	SEPHS1
O75995	SASH3
O75340	PDCD6
Q96CS3	FAF2
Q9BT22	ALG1
P31749	AKT1
Q15121	PEA15
Q13523	PRP4K
P01892	HLA-A
Q15286	RAB35
Q15785	TOMM34
P52564	MAP2K6
O75940	SMNDC1
O94766	B3GAT3
P55160	NCKAP1L
Q9HAV7	GRPEL1
Q13492	PICALM
Q9NPD3	EXOSC4
O60488	ACSL4
Q9BVG4	PBDC1
P55039	DRG2
Q9H1A3	METTL9
P56377	AP1S2
P43304	GPD2
Q9NWU1	OXSM
Q6UXN9	WDR82
Q8IWA0	WDR75
Q9UKD2	MRTO4
P60520	GABARAPL2
Q9BY77	POLDIP3
Q9NRV9	HEBP1
Q9NR33	POLE4
Q92665	MRPS31
P52434	POLR2H
P30519	HMOX2
O75880	SCO1
Q00796	SORD
Q7Z4G1	COMMD6
Q9Y2E5	MAN2B2
Q9HC36	MRM3
P08579	SNRPB2
P23634	ATP2B4
Q8N0X4	CLYBL
O75582	RPS6KA5
Q9BTY2	FUCA2
P18887	XRCC1
O43290	SART1
E9PNH1	GANAB
P09497	CLTB
Q9BYD3	MRPL4
Q9Y237	PIN4
Q9HAB8	PPCS
Q9Y2Z0	SUGT1
Q7Z3Z0	KRT25
P00395	MT-CO1
Q9BVL2	NUP58
Q9Y294	ASF1A
Q8WXA9	SREK1
Q9UNP9	PPIE
O00142	TK2
Q8WU90	ZC3H15
P17655	CAPN2
A0A087X0H9	RBM26
Q96I25	RBM17
Q14232	EIF2B1
P55060	CSE1L
Q9GZQ3	COMMD5
Q96C01	FAM136A
O14653	GOSR2
Q9H0A8	COMMD4
O00560	SDCBP
P68400	CSNK2A1
P51114	FXR1
P40306	PSMB10
Q96AT9	RPE
Q9BTD8	RBM42
A0A1W2PQM3	GOSR2
Q9BY44	EIF2A
A0AVT1	UBA6
P30488	HLA-B
Q70UQ0	IKBIP
Q9C0E8	LNPK
P01009	SERPINA1
Q9Y320	TMX2
O14734	ACOT8
B1ANH0	GUK1
Q5VTL8	PRPF38B
Q9NR46	SH3GLB2
P30419	NMT1
Q9Y2X7	GIT1
O75521	ECI2
Q6P161	MRPL54
O94973	AP2A2
Q14005	IL16
Q04323	UBXN1
Q9UMX0	UBQLN1
Q9UEU0	VTI1B
Q96G23	CERS2
Q06265	EXOSC9
Q9UPN6	SCAF8
Q99717	SMAD5
Q01082	SPTBN1
O95870	ABHD16A
P16455	MGMT
Q9BRG1	VPS25
Q9NTM9	CUTC
Q9NW15	ANO10
Q06124	PTPN11
Q8IY81	FTSJ3
Q9BZG1	RAB34
Q9H269	VPS16
P13995	MTHFD2
Q9BRJ2	MRPL45
Q9NWS8	RMND1
Q15007	WTAP
Q8WXX5	DNAJC9
Q9NXF1	TEX10
Q9ULA0	DNPEP
Q8N128	FAM177A1
Q9NRG9	AAAS
Q9Y606	PUS1
P43490	NAMPT
A8MXV4	NUDT19
Q9BZE4	GTPBP4
Q96ST3	SIN3A
Q92905	COPS5
O76031	CLPX
Q6L8Q7	PDE12
Q9UKA4	AKAP11
Q8NI36	WDR36
Q5Y7A7	HLA-DRB1
F8VWQ5	CS
O75569	PRKRA
P98175	RBM10
O60684	KPNA6
Q68E01	INTS3
O14657	TOR1B
Q9C005	DPY30
Q9UHR5	SAP30BP
C9J6P4	ZC3HAV1
Q96IJ6	GMPPA
Q9HB07	MYG1
Q02127	DHODH
Q9HB90	RRAGC
P27707	DCK
Q5JVF3	PCID2
Q969X5	ERGIC1
Q9UKL0	RCOR1
Q66PJ3	ARL6IP4
O00541	PES1
Q13813	SPTAN1
Q15006	EMC2
Q8WUY1	THEM6
Q9NW64	RBM22
Q5JSL3	DOCK11
Q8NCC3	PLA2G15
Q9P000	COMMD9
Q14011	CIRBP
O43924	PDE6D
Q9H6Z4	RANBP3
Q6PI78	TMEM65
Q14331	FRG1
Q9Y6Y8	SEC23IP
Q96GQ7	DDX27
Q9Y5J9	TIMM8B
Q12996	CSTF3
P49916	LIG3
Q9BUR5	APOO
Q9Y221	NIP7
Q9BXY0	MAK16
H7C5D9	LRCH4
O75663	TIPRL
Q96KA5	CLPTM1L
Q8IXQ6	PARP9
Q13426	XRCC4
Q14197	MRPL58
Q8IZP0	ABI1
Q92575	UBXN4
Q9H488	POFUT1
Q9BYT8	NLN
Q9Y3B2	EXOSC1
P62072	TIMM10
P52294	KPNA1
Q5J8M3	EMC4
Q6IBS0	TWF2
Q9BW92	TARS2
Q9BWD1	ACAT2
Q9UI12	ATP6V1H
P11117	ACP2
Q92930	RAB8B
Q32P28	P3H1
Q9NVA1	UQCC1
P82673	MRPS35
Q8WWC4	MAIP1
Q96F46	IL17RA
Q9NUI1	DECR2
Q9Y5A9	YTHDF2
Q99615	DNAJC7
Q9BUE0	MED18
Q8WUH1	CHURC1
P63220	RPS21
Q9Y2Q9	MRPS28
P17568	NDUFB7
Q12979	ABR
Q8N9T8	KRI1
O43617	TRAPPC3
Q96B26	EXOSC8
P53701	HCCS
Q8NBL1	POGLUT1
Q04864	REL
Q13568	IRF5
Q9UBM7	DHCR7
P51610	HCFC1
Q9GZL7	WDR12
Q14344	GNA13
O76094	SRP72
Q9NWB6	ARGLU1
Q15555	MAPRE2
Q9BTZ2	DHRS4
P29372	MPG
P09132	SRP19
Q8TD19	NEK9
Q05048	CSTF1
P49711	CTCF
Q8IVS2	MCAT
Q8IXH7	NELFCD
Q4G176	ACSF3
Q9Y3E0	GOLT1B
P06753	TPM3
Q96FS4	SIPA1
Q96AQ6	PBXIP1
Q9NP77	SSU72
Q5JU69	TOR2A
P49750	YLPM1
Q9Y2L1	DIS3
Q9UBU9	NXF1
Q3MHD2	LSM12
Q13191	CBLB
P46379	BAG6
O95104	SCAF4
O95777	LSM8
Q8NHH1	TTLL11
Q5M775	SPECC1
Q9Y333	LSM2
Q15269	PWP2
Q12981	BNIP1
Q567U6	CCDC93
P60604	UBE2G2
Q9NSD9	FARSB
Q9UNE7	STUB1
O14497	ARID1A
Q5H9R7	PPP6R3
Q9ULR0	ISY1
Q15370	ELOB
Q9NZD8	SPG21
P82921	MRPS21
P28288	ABCD3
O75832	PSMD10
O75348	ATP6V1G1
O94888	UBXN7
P15498	VAV1
P19525	EIF2AK2
O43633	CHMP2A
Q8IXM6	NRM
P36954	POLR2I
Q9Y520	PRRC2C
Q8N8A2	ANKRD44
Q66K74	MAP1S
Q86U86	PBRM1
Q9NRY5	FAM114A2
Q7L5N1	COPS6
P49593	PPM1F
Q14694	USP10
Q5TBB1	RNASEH2B
Q9HD15	SRA1
P06702	S100A9
B5MC51	LIMK2
O14672	ADAM10
O75629	CREG1
Q7Z2W9	MRPL21
Q13907	IDI1
Q96CT7	CCDC124
P37235	HPCAL1
O43447	PPIH
Q9NZZ3	CHMP5
Q9NVM6	DNAJC17
Q92544	TM9SF4
Q9NQT5	EXOSC3
Q709C8	VPS13C
Q8WUW1	BRK1
P41227	NAA10
P23497	SP100
O00743	PPP6C
O43504	LAMTOR5
Q96ST2	IWS1
O95400	CD2BP2
Q96RU3	FNBP1
O14966	RAB29
O60830	TIMM17B
Q8IZ07	ANKRD13A
P25208	NFYB
Q99848	EBNA1BP2
P05166	PCCB
O60603	TLR2
Q15061	WDR43
Q9NX58	LYAR
Q9NQ88	TIGAR
Q96IG2	FBXL20
P05165	PCCA
Q8IXK0	PHC2
Q13573	SNW1
P42574	CASP3
Q9UBL3	ASH2L
Q9H1K1	ISCU
Q9UL18	AGO1
Q8TCE6	DENND10
Q15819	UBE2V2
Q92572	AP3S1
E5RK69	ANXA6
Q16775	HAGH
Q13409	DYNC1I2
Q9Y385	UBE2J1
C9JVE2	DCUN1D1
Q15042	RAB3GAP1
Q9UI08	EVL
P49715	CEBPA
Q9NQG6	MIEF1
P15309	ACP3
Q9HBH1	PDF
Q8IY95	TMEM192
Q9NVK5	FGFR1OP2
Q6PJT7	ZC3H14
Q8TAE8	GADD45GIP1
A0A0B4J220	C11orf98
Q99471	PFDN5
Q9BRP8	PYM1
Q5R3I4	TTC38
A0A0A6YYL4	PAM16
E9PPM1	TP53I11
P06132	UROD
O95834	EML2
O15498	YKT6
P04179	SOD2
Q01780	EXOSC10
P35269	GTF2F1
Q9BY32	ITPA
A0A0X1KG71	NELFB
P03923	MT-ND6
Q08752	PPID
Q9H6R4	NOL6
Q8TEB1	DCAF11
Q99447	PCYT2
A4D1P6	WDR91
P08754	GNAI3
Q96NC0	ZMAT2
P57740	NUP107
H3BU16	JPT2
Q9NXV6	CDKN2AIP
Q16822	PCK2
Q96A26	FAM162A
O60341	KDM1A
Q08379	GOLGA2
Q9UBI1	COMMD3
Q9ULK4	MED23
Q9BT40	INPP5K
Q9UHA4	LAMTOR3
Q9BSH4	TACO1
Q9NXS2	QPCTL
Q96KR1	ZFR
Q12788	TBL3
Q92797	SYMPK
Q9H553	ALG2
Q5VZM2	RRAGB
Q9UN37	VPS4A
P21399	ACO1
Q8N3D4	EHBP1L1
P30042	GATD3
Q15024	EXOSC7
Q13098	GPS1
Q5TCI8	LMNA
Q9UKM7	MAN1B1
P14735	IDE
Q9NVV0	TMEM38B
Q9Y3E5	PTRH2
P62834	RAP1A
Q9BUB7	TMEM70
Q14669	TRIP12
Q7L2J0	MEPCE
Q9Y6D9	MAD1L1
Q96BP3	PPWD1
P49902	NT5C2
Q14146	URB2
Q96TC7	RMDN3
Q15738	NSDHL
P33991	MCM4
Q8NEB9	PIK3C3
Q8WZ82	OVCA2
Q96A65	EXOC4
Q7Z739	YTHDF3
Q9NRN7	AASDHPPT
Q9BXJ9	NAA15
O60315	ZEB2
Q9UIC8	LCMT1
Q8TBP6	SLC25A40
P52630	STAT2
Q9BRR8	GPATCH1
O95163	ELP1
Q10570	CPSF1
Q9UMX5	NENF
Q13526	PIN1
P17947	SPI1
Q9Y285	FARSA
P62341	SELENOT
Q15075	EEA1
P63165	SUMO1
Q9P0I2	EMC3
Q92620	DHX38
O43765	SGTA
P42345	MTOR
O75688	PPM1B
O60934	NBN
O96005	CLPTM1
Q86YP4	GATAD2A
Q8IUR7	ARMC8
P23219	PTGS1
Q8WUZ0	BCL7C
Q9BVJ6	UTP14A
P19838	NFKB1
Q7Z5K2	WAPL
Q86W42	THOC6
O95168	NDUFB4
P52756	RBM5
Q15904	ATP6AP1
Q9NWU2	GID8
Q9H6V9	LDAH
Q9GZZ9	UBA5
Q13303	KCNAB2
Q9Y263	PLAA
Q8TCD5	NT5C
Q9H9Q2	COPS7B
Q96RS6	NUDCD1
Q14161	GIT2
Q8N3U4	STAG2
Q9H061	TMEM126A
Q9H2V7	SPNS1
Q5SY16	NOL9
Q12768	WASHC5
Q9UBB5	MBD2
O00330	PDHX
Q14814	MEF2D
P80217	IFI35
Q8IYU8	MICU2
Q14C86	GAPVD1
Q9Y3X0	CCDC9
Q8TED0	UTP15
Q16611	BAK1
Q9UH62	ARMCX3
Q9BW83	IFT27
P15121	AKR1B1
Q15031	LARS2
Q15436	SEC23A
Q9UMS0	NFU1
P83876	TXNL4A
P42858	HTT
O14933	UBE2L6
Q86UP2	KTN1
Q92785	DPF2
P50749	RASSF2
O14972	VPS26C
O00505	KPNA3
P29728	OAS2
Q5VWZ2	LYPLAL1
Q9NSY1	BMP2K
Q9BYD1	MRPL13
Q00577	PURA
Q9NZM1	MYOF
Q92538	GBF1
Q9P2R3	ANKFY1
Q9NRG7	SDR39U1
P23743	DGKA
P20138	CD33
Q8WU68	U2AF1L4
J3KNF4	CCS
Q9Y572	RIPK3
Q9Y6A4	CFAP20
Q9ULC5	ACSL5
Q15554	TERF2
Q12849	GRSF1
Q6N075	MFSD5
Q96GC5	MRPL48
P01857	IGHG1
Q5JPE7	NOMO2
O75312	ZPR1
O75391	SPAG7
Q8WVJ2	NUDCD2
Q6NUQ4	TMEM214
Q9P2I0	CPSF2
O14907	TAX1BP3
P32942	ICAM3
Q9Y3A5	SBDS
Q96P16	RPRD1A
Q9H2J4	PDCL3
Q13601	KRR1
Q9Y315	DERA
Q13131	PRKAA1
F5H199	MSRB3
Q99698	LYST
Q86U44	METTL3
Q13616	CUL1
Q5BJH2	TMEM128
Q16204	CCDC6
P49406	MRPL19
Q9BQA1	WDR77
Q9GZU8	PSME3IP1
O60306	AQR
Q5T440	IBA57
P57772	EEFSEC
Q9NS86	LANCL2
Q969X6	UTP4
Q6I9Y2	THOC7
Q7Z7K6	CENPV
Q14137	BOP1
Q9BRT3	MIEN1
Q9BYN8	MRPS26
O43464	HTRA2
P11233	RALA
Q86X55	CARM1
Q9UKY7	CDV3
Q06546	GABPA
Q9Y316	MEMO1
A0A087WXI0	RAB44
Q8TEA8	DTD1
Q9UQ13	SHOC2
Q3SXM5	HSDL1
P35236	PTPN7
Q96E11	MRRF
O95070	YIF1A
Q04206	RELA
Q9UG63	ABCF2
Q99598	TSNAX
O75044	SRGAP2
Q13427	PPIG
Q9ULV4	CORO1C
O95861	BPNT1
O75886	STAM2
Q9P0J1	PDP1
Q9UNN5	FAF1
Q9H3H5	DPAGT1
Q68CZ2	TNS3
Q96GK7	FAHD2A
Q8TC12	RDH11
Q9NW13	RBM28
P48723	HSPA13
Q96AX1	VPS33A
Q6IA69	NADSYN1
Q96BY6	DOCK10
Q9NX55	HYPK
Q9Y6D6	ARFGEF1
Q9C0E2	XPO4
P56182	RRP1
Q96P53	WDFY2
Q15154	PCM1
Q9UQ90	SPG7
Q5SRE5	NUP188
Q6IC98	GRAMD4
Q9H8M1	COQ10B
Q8TB96	ITFG1
Q16656	NRF1
H3BTI5	VPS35L
Q96I51	RCC1L
Q5QJE6	DNTTIP2
Q8N5N7	MRPL50
P53582	METAP1
O95721	SNAP29
Q9H223	EHD4
P52298	NCBP2
Q96I23	PYURF
P51003	PAPOLA
Q9H019	MTFR1L
Q09160	HLA-A
Q8NBZ7	UXS1
Q6P4E1	GOLM2
Q9Y5S1	TRPV2
Q13617	CUL2
P49790	NUP153
P41236	PPP1R2
P02765	AHSG
J3KNL6	SEC16A
Q13574	DGKZ
P62487	POLR2G
Q69YN2	CWF19L1
Q6P1N9	TATDN1
Q9UBV8	PEF1
Q7Z401	DENND4A
Q9NQ29	LUC7L
O75676	RPS6KA4
P84101	SERF2
Q8TDB6	DTX3L
O60244	MED14
P46199	MTIF2
Q8NB37	GATD1
P07199	CENPB
Q7L576	CYFIP1
Q9H6F5	CCDC86
Q14139	UBE4A
Q9HBL7	PLGRKT
Q6UWE0	LRSAM1
O43676	NDUFB3
P04049	RAF1
Q96TA2	YME1L1
Q92769	HDAC2
Q96T37	RBM15
Q96CU9	FOXRED1
P17480	UBTF
O43493	TGOLN2
Q9NQ48	LZTFL1
Q13438	OS9
Q13895	BYSL
Q6ZUJ8	PIK3AP1
P53367	ARFIP1
Q5SWX3	CAMK2G
Q9Y2W2	WBP11
Q96DV4	MRPL38
Q14257	RCN2
P28340	POLD1
P49441	INPP1
P78318	IGBP1
O75592	MYCBP2
P26358	DNMT1
O14562	UBFD1
Q99961	SH3GL1
Q7Z4R8	C6orf120
E9PF32	DENND3
Q86WB0	ZC3HC1
O75955	FLOT1
Q9BRR9	ARHGAP9
Q9UJV9	DDX41
Q5JRA6	MIA3
Q92685	ALG3
P82912	MRPS11
Q7L9B9	EEPD1
Q9Y4X5	ARIH1
Q93008	USP9X
Q9NWW5	CLN6
Q9H8H0	NOL11
Q96L92	SNX27
P51649	ALDH5A1
Q5UCC4	EMC10
Q5HYK3	COQ5
P80404	ABAT
Q96KR6	FAM210B
Q5T653	MRPL2
Q6DKK2	TTC19
E7ERS3	ZC3H18
Q6KC79	NIPBL
Q5JTZ9	AARS2
P52594	AGFG1
Q9H0Q0	CYRIA
Q14692	BMS1
P04080	CSTB
Q99523	SORT1
Q14376	GALE
Q9NZN8	CNOT2
Q8N2F6	ARMC10
Q9Y5Q9	GTF3C3
Q99986	VRK1
P07711	CTSL
Q14012	CAMK1
Q96BR5	COA7
Q13619	CUL4A
Q6P1J9	CDC73
Q9H0U6	MRPL18
P49590	HARS2
Q92541	RTF1
P26572	MGAT1
Q9Y296	TRAPPC4
Q02809	PLOD1
P19474	TRIM21
Q96JY6	PDLIM2
P49770	EIF2B2
P82663	MRPS25
A0A096LPC5	WASHC2C
Q9UKV8	AGO2
Q9NX46	ADPRS
Q8TB36	GDAP1
Q8NFF5	FLAD1
Q6WKZ4	RAB11FIP1
Q14571	ITPR2
K7ENF0	NARS1
O15160	POLR1C
Q9BY50	SEC11C
Q86U38	NOP9
O00178	GTPBP1
Q9NXR7	BABAM2
Q9H5N1	RABEP2
O43592	XPOT
Q9C0J8	WDR33
Q15059	BRD3
P00488	F13A1
Q15526	SURF1
Q86UT6	NLRX1
Q9UBC2	EPS15L1
O14976	GAK
Q9NQP4	PFDN4
S4R3H4	ACIN1
Q99490	AGAP2
Q9Y5L0	TNPO3
P50336	PPOX
Q9UHQ4	BCAP29
P36507	MAP2K2
Q96JB2	COG3
Q9Y6W5	WASF2
O15294	OGT
Q9UJY5	GGA1
Q9NW82	WDR70
Q96DE0	NUDT16
P35908	KRT2
P43246	MSH2
A9UHW6	MIF4GD
P11908	PRPS2
O14974	PPP1R12A
Q9H3Z4	DNAJC5
O75143	ATG13
Q2M389	WASHC4
P10620	MGST1
O60825	PFKFB2
Q8TAT6	NPLOC4
Q8NHU6	TDRD7
Q9Y2K7	KDM2A
O95352	ATG7
Q96FX7	TRMT61A
Q9Y4E8	USP15
Q9NRL2	BAZ1A
Q5VWC8	HACD4
Q5VTR2	RNF20
Q96EL3	MRPL53
Q8N490	PNKD
Q5EBM0	CMPK2
Q9HC07	TMEM165
Q9UKF6	CPSF3
Q9NSU2	TREX1
Q96C86	DCPS
A5YKK6	CNOT1
Q99816	TSG101
Q86YS7	C2CD5
P47224	RABIF
Q99757	TXN2
Q9Y2X0	MED16
P28072	PSMB6
Q9H074	PAIP1
O43264	ZW10
F8VZX2	PCBP2
Q9UJW0	DCTN4
Q9H0R6	QRSL1
Q9Y3E7	CHMP3
P14859	POU2F1
Q969J3	BORCS5
Q96AQ8	MCUR1
P01730	CD4
Q9GZT6	CCDC90B
Q9BQ67	GRWD1
P41208	CETN2
P51965	UBE2E1
P01116	KRAS
Q9BW60	ELOVL1
Q9NPL8	TIMMDC1
Q00613	HSF1
P82932	MRPS6
Q9NZ32	ACTR10
Q8IVH4	MMAA
Q9UK61	TASOR
O95249	GOSR1
Q9NR12	PDLIM7
Q9BZL1	UBL5
A0A096LP25	AAK1
Q8N6H7	ARFGAP2
Q06210	GFPT1
Q9Y2P8	RCL1
P48634	PRRC2A
Q8N7H5	PAF1
Q96KP1	EXOC2
Q5RKV6	EXOSC6
P62314	SNRPD1
P49754	VPS41
P33240	CSTF2
O95365	ZBTB7A
P18615	NELFE
A0A087WWI0	LRMDA
O75151	PHF2
Q8NFQ8	TOR1AIP2
Q7Z478	DHX29
B7ZM99	MTHFD1L
Q96SY0	INTS14
Q9BRP4	PAAF1
Q9BY42	RTF2
P35249	RFC4
Q9H993	ARMT1
O94842	TOX4
Q9NVG8	TBC1D13
Q92615	LARP4B
P61962	DCAF7
Q562E7	WDR81
Q9H665	IGFLR1
Q9BZE9	ASPSCR1
P48637	GSS
Q9NP92	MRPS30
Q6VY07	PACS1
Q8NEW0	SLC30A7
Q9P016	THYN1
Q6UW02	CYP20A1
Q9UN86	G3BP2
P25788	PSMA3
P25205	MCM3
Q9UJA5	TRMT6
Q01433	AMPD2
Q9Y679	AUP1
P18074	ERCC2
P58335	ANTXR2
Q8WTT2	NOC3L
P28039	AOAH
Q53S08	RAB6D
Q4V328	GRIPAP1
O75027	ABCB7
Q9Y2U8	LEMD3
O95573	ACSL3
Q9NX62	BPNT2
Q66K14	TBC1D9B
K7ER95	MAP4K1
Q8IYQ7	THNSL1
O75152	ZC3H11A
P17931	LGALS3
E7ETY2	TCOF1
Q92989	CLP1
P51798	CLCN7
Q13084	MRPL28
Q6J4K2	SLC8B1
Q13557	CAMK2D
O15031	PLXNB2
Q9UHY1	NRBP1
Q86TI2	DPP9
P55211	CASP9
Q7Z333	SETX
Q12846	STX4
P48728	AMT
O75787	ATP6AP2
Q16401	PSMD5
P16298	PPP3CB
Q9P219	CCDC88C
Q96CP2	FLYWCH2
Q13033	STRN3
Q6P4A7	SFXN4
O75410	TACC1
Q99436	PSMB7
O43759	SYNGR1
Q13107	USP4
Q9NQT8	KIF13B
Q05BQ5	MBTD1
K7EK60	FMNL1
P43378	PTPN9
Q6ZMI0	PPP1R21
Q2NL82	TSR1
Q9H0N5	PCBD2
Q9NRW7	VPS45
Q02750	MAP2K1
Q92783	STAM
Q86WA8	LONP2
Q9NYH9	UTP6
Q9ULX3	NOB1
Q96DC8	ECHDC3
Q5VST6	ABHD17B
A0A182DWE9	HLA-DPB1
P52292	KPNA2
O75150	RNF40
Q9NRP2	CMC2
Q15126	PMVK
Q9NVH1	DNAJC11
P61964	WDR5
Q9BT23	LIMD2
Q15291	RBBP5
Q96LJ7	DHRS1
Q53F19	NCBP3
P50502	ST13
Q5T4S7	UBR4
E9PFR3	PPP2R5D
Q9UPN3	MACF1
Q9NP66	HMG20A
Q9NQA3	WASH6P
Q6P3W7	SCYL2
Q15542	TAF5
Q15041	ARL6IP1
Q9P015	MRPL15
F8W1H0	BACC1
P55081	MFAP1
Q96DT0	LGALS12
Q8IWV8	UBR2
Q9NZD2	GLTP
P13498	CYBA
O60925	PFDN1
P51151	RAB9A
Q9BVP2	GNL3
O60449	LY75
Q6PGP7	SKIC3
Q12872	SFSWAP
Q9H0V9	LMAN2L
P47712	PLA2G4A
Q99570	PIK3R4
Q8N201	INTS1
P54725	RAD23A
P01891	HLA-A
Q9Y6G3	MRPL42
H0YDU8	PPP5C
Q9Y6A5	TACC3
Q8TF62	ATP8B4
H0Y8X4	DNPH1
Q93052	LPP
Q9NZ45	CISD1
Q9NZ43	USE1
B8ZZN6	SUMO1
Q92922	SMARCC1
Q5TA45	INTS11
Q9NUQ2	AGPAT5
P53602	MVD
Q9UNK0	STX8
O60231	DHX16
Q8N183	NDUFAF2
Q9H6U6	BCAS3
Q9H2W1	MS4A6A
O95456	PSMG1
Q9HAF1	MEAF6
Q9Y613	FHOD1
P42566	EPS15
Q9BZV1	UBXN6
Q16695	H3-4
Q8IU68	TMC8
P33992	MCM5
Q03701	CEBPZ
Q9Y672	ALG6
Q02556	IRF8
Q9UK45	LSM7
Q9HC21	SLC25A19
Q9BRV8	SIKE1
Q9BTX1	NDC1
P49773	HINT1
Q96QC0	PPP1R10
Q9UK41	VPS28
P07311	ACYP1
Q8IXQ4	GPALPP1
Q92556	ELMO1
P54252	ATXN3
Q96EK7	FAM120B
Q86X83	COMMD2
P52701	MSH6
Q9NWT1	PAK1IP1
O75175	CNOT3
O75976	CPD
O94903	PLPBP
Q9Y2Z9	COQ6
Q96BI1	SLC67A1
Q00403	GTF2B
Q96CW5	TUBGCP3
P02794	FTH1
Q8WVC0	LEO1
Q12800	TFCP2
A2RRP1	NBAS
Q9P2X0	DPM3
Q9NSA3	CTNNBIP1
Q6ZNK6	TIFAB
O43427	FIBP
Q9P2W9	STX18
E7EVJ5	CYFIP2
Q8IYS2	KIAA2013
O95214	LEPROTL1
Q96S94	CCNL2
Q15628	TRADD
A0A0A0MQU4	SCLY
Q15057	ACAP2
Q92600	CNOT9
Q9Y5J1	UTP18
E9PIE4	MTCH2
Q14149	MORC3
Q8WUR7	C15orf40
Q15428	SF3A2
O15320	MIA2
O95298	NDUFC2
Q9P0U1	TOMM7
Q12789	GTF3C1
O43865	AHCYL1
P46939	UTRN
Q8IXJ6	SIRT2
Q9H4L4	SENP3
Q9H5Q4	TFB2M
P48729	CSNK1A1
Q9HAV4	XPO5
P11049	CD37
P13674	P4HA1
P0CG12	DERPC
Q9HD42	CHMP1A
Q9UHI6	DDX20
Q9H2P0	ADNP
Q2TAA2	IAH1
O00400	SLC33A1
Q9BUV8	RAB5IF
P15291	B4GALT1
Q9Y2H1	STK38L
Q8TBQ9	TMEM167A
Q14966	ZNF638
Q9UL33	TRAPPC2L
Q7L8L6	FASTKD5
Q2M385	MPEG1
Q8NDH3	NPEPL1
P11274	BCR
Q8N5I2	ARRDC1
Q9BV20	MRI1
Q9NZJ9	NUDT4
P39748	FEN1
O15357	INPPL1
Q96K76	USP47
O60869	EDF1
Q86VR2	RETREG3
A4D1E9	GTPBP10
Q8N5F7	NKAP
Q9Y2I7	PIKFYVE
Q9BQ52	ELAC2
Q6IAN0	DHRS7B
Q96S55	WRNIP1
P41212	ETV6
P51397	DAP
O95793	STAU1
Q9NWT6	HIF1AN
Q5T2T1	MPP7
Q5F1R6	DNAJC21
Q7L5D6	GET4
Q53EP0	FNDC3B
Q6P1M0	SLC27A4
Q9NYG2	ZDHHC3
Q93100	PHKB
Q7Z6E9	RBBP6
P00813	ADA
Q96NX8	STX16
Q9Y676	MRPS18B
Q9NY27	PPP4R2
Q9P2Y5	UVRAG
P61225	RAP2B
P17252	PRKCA
O60508	CDC40
A0A087WYV9	SYNJ2BP-COX16
Q6Y1H2	HACD2
P49736	MCM2
Q6UXH1	CRELD2
Q9NXE4	SMPD4
P33908	MAN1A1
Q14004	CDK13
Q5JSP0	FGD3
Q9H7D7	WDR26
Q9H7N4	SCAF1
O43148	RNMT
Q8WUA2	PPIL4
Q9H008	LHPP
O95671	ASMTL
Q8TEX9	IPO4
Q9H082	RAB33B
O43586	PSTPIP1
Q9HAI6	TASL
Q75QN2	INTS8
Q96JM3	CHAMP1
Q96RE7	NACC1
Q8NDX1	PSD4
Q9NQC7	CYLD
Q5BJH7	YIF1B
C9JIS1	GNB2
Q6ICG6	KIAA0930
O76071	CIAO1
Q99836	MYD88
O15120	AGPAT2
Q9UBW5	BIN2
Q96T76	MMS19
P49005	POLD2
Q6ZT21	TMPPE
Q9UBW8	COPS7A
Q8IZH2	XRN1
O95639	CPSF4
Q27J81	INF2
O94886	TMEM63A
Q96A49	SYAP1
Q9HCU8	POLD4
Q53GS9	USP39
Q13901	C1D
Q15750	TAB1
Q9NUU6	OTULINL
Q9P0U4	CXXC1
Q8IYB8	SUPV3L1
Q9UHY7	ENOPH1
Q9NYM9	BET1L
H7BYY1	TPM1
Q9NWX6	THG1L
Q96DA6	DNAJC19
Q8WUB8	PHF10
Q9UIA0	CYTH4
Q96K21	ZFYVE19
Q9NYB0	TERF2IP
Q13541	EIF4EBP1
O14727	APAF1
P08648	ITGA5
Q13501	SQSTM1
Q9P032	NDUFAF4
Q9UFW8	CGGBP1
P98194	ATP2C1
Q9UDT6	CLIP2
Q15397	PUM3
Q9BZJ0	CRNKL1
P48736	PIK3CG
Q9Y2L5	TRAPPC8
Q96N11	INTS15
Q96Q11	TRNT1
O14874	BCKDK
Q9NRF8	CTPS2
G3V5R9	KLC1
O43314	PPIP5K2
O14920	IKBKB
P23921	RRM1
O43677	NDUFC1
Q9BSW2	CRACR2A
A0A0C4DG89	DDX46
P14373	TRIM27
Q13190	STX5
Q9H497	TOR3A
Q14676	MDC1
Q96HP4	OXNAD1
O60645	EXOC3
Q86VN1	VPS36
Q8N6T3	ARFGAP1
P05161	ISG15
Q5BKZ1	ZNF326
O43414	ERI3
Q9NUT2	ABCB8
Q9NYV4	CDK12
B5MBZ0	EML4
Q8WVC6	DCAKD
Q05D32	CTDSPL2
Q6ZSZ5	ARHGEF18
Q9Y4P1	ATG4B
Q8NDA8	MROH1
P24941	CDK2
Q6P587	FAHD1
Q8NCE2	MTMR14
P49757	NUMB
O94855	SEC24D
Q86WJ1	CHD1L
O95487	SEC24B
O75794	CDC123
Q96P11	NSUN5
P35030	PRSS3
Q96NB3	ZNF830
P51617	IRAK1
Q6NXE6	ARMC6
Q96S19	METTL26
Q14849	STARD3
Q9BVV7	TIMM21
Q9NVV4	MTPAP
P05556	ITGB1
B4DL54	CHURC1-FNTB
Q9Y5K8	ATP6V1D
A8CG34	POM121C
Q9ULX6	AKAP8L
Q9NQ50	MRPL40
Q9UEY8	ADD3
P20036	HLA-DPA1
O14744	PRMT5
P20591	MX1
Q9NY93	DDX56
Q9Y2L9	LRCH1
A0A0A6YYJ8	LUC7L2
Q16637	SMN1
Q16637	SMN2
Q9NU22	MDN1
P11441	UBL4A
P43007	SLC1A4
Q7Z7H8	MRPL10
Q9UBV2	SEL1L
A6NDG6	PGP
Q96GC9	VMP1
J3KMZ7	INTS2
Q96EV2	RBM33
Q8NC44	RETREG2
Q96QR8	PURB
Q86V88	MDP1
P56556	NDUFA6
Q9NPI6	DCP1A
Q13330	MTA1
A0A1B0GW05	DPY19L1
Q96D71	REPS1
Q99547	MPHOSPH6
Q8N9N7	LRRC57
P28062	PSMB8
Q9UHR6	ZNHIT2
Q969G6	RFK
Q5T447	HECTD3
P56524	HDAC4
Q03405	PLAUR
Q8N386	LRRC25
Q9NZC3	GDE1
P49841	GSK3B
Q9NQZ5	STARD7
Q9UNX4	WDR3
Q03169	TNFAIP2
Q8ND56	LSM14A
Q3KQV9	UAP1L1
Q9BUP3	HTATIP2
E9PC69	MARK2
Q6QNY1	BLOC1S2
Q8NBJ9	SIDT2
Q13769	THOC5
Q9H6U8	ALG9
Q96H20	SNF8
Q8N138	ORMDL3
Q9H9Y6	POLR1B
Q15018	ABRAXAS2
Q13610	PWP1
P60673	PFN3
Q96FV2	SCRN2
Q96G21	IMP4
P22670	RFX1
Q14653	IRF3
A0MZ66	SHTN1
Q9H0C8	ILKAP
Q9BU23	LMF2
Q9Y6J0	CABIN1
Q9Y2I8	WDR37
A5PLL7	PEDS1
Q13227	GPS2
O95873	C6orf47
Q9NXW2	DNAJB12
Q8IZ69	TRMT2A
Q9NYY8	FASTKD2
Q96GX9	APIP
Q9NP61	ARFGAP3
Q15119	PDK2
Q86YQ8	CPNE8
Q8NHZ8	CDC26
O75909	CCNK
Q13823	GNL2
O00268	TAF4
Q99614	TTC1
Q9H8G2	CAAP1
Q9H147	DNTTIP1
Q9BSR8	YIPF4
Q8TDD1	DDX54
O43237	DYNC1LI2
Q9NPF5	DMAP1
P56211	ARPP19
Q99747	NAPG
O75530	EED
Q8NCJ5	SPRYD3
P00390	GSR
Q9H2H8	PPIL3
Q8TD16	BICD2
A0A0A0MSB8	EXOC7
Q9NWZ3	IRAK4
Q13496	MTM1
P08397	HMBS
Q9Y3D2	MSRB2
Q9NWS0	PIH1D1
Q96ME7	ZNF512
Q8IWL3	HSCB
P19447	ERCC3
P49662	CASP4
Q99856	ARID3A
P04150	NR3C1
Q9BZ95	NSD3
Q05209	PTPN12
Q96JC1	VPS39
Q8IVD9	NUDCD3
Q99611	SEPHS2
Q9NUQ8	ABCF3
O75063	FAM20B
P34949	MPI
Q8IYI6	EXOC8
Q9Y478	PRKAB1
P32780	GTF2H1
Q92734	TFG
Q8WUD4	CCDC12
P54652	HSPA2
E9PMV2	HLA-DQA1
Q69YN4	VIRMA
Q9NPQ8	RIC8A
P54922	ADPRH
Q12851	MAP4K2
Q9P287	BCCIP
Q9Y256	RCE1
O60942	RNGTT
Q9H3H3	C11orf68
Q86TI0	TBC1D1
Q9UPU5	USP24
Q8IWB1	ITPRIP
Q9BVI4	NOC4L
O95486	SEC24A
Q7Z6I6	ARHGAP30
Q00722	PLCB2
Q68CP9	ARID2
P82930	MRPS34
Q86TU7	SETD3
Q99575	POP1
Q12765	SCRN1
P08047	SP1
O95602	POLR1A
Q8WXI9	GATAD2B
P42898	MTHFR
Q14566	MCM6
O14681	EI24
O95140	MFN2
Q13884	SNTB1
P17152	TMEM11
A0A0G2JPC7	LILRB4
O60499	STX10
Q8WUA7	TBC1D22A
P42696	RBM34
Q13569	TDG
Q15027	ACAP1
P30825	SLC7A1
Q460N5	PARP14
Q92520	FAM3C
Q9NY61	AATF
P62699	YPEL5
Q96DZ1	ERLEC1
Q9C0B1	FTO
Q01831	XPC
Q969M1	TOMM40L
Q08623	PUDP
Q9H5V9	STEEP1
Q13315	ATM
Q9Y3A4	RRP7A
P33993	MCM7
E9PK54	HSPA8
Q13162	PRDX4
P58876	H2BC5
Q99590	SCAF11
Q92530	PSMF1
Q5VZL5	ZMYM4
O15541	RNF113A
Q99933	BAG1
Q5T6V5	QNG1
Q9BQ39	DDX50
A3KMH1	VWA8
Q6PD74	AAGAB
Q9UHN1	POLG2
Q92851	CASP10
Q7Z417	NUFIP2
Q9NW68	BSDC1
Q9BT17	MTG1
O75448	MED24
Q9H6E4	CCDC134
Q9H944	MED20
Q8IUX1	TMEM126B
Q9Y5K6	CD2AP
Q53QZ3	ARHGAP15
Q9H270	VPS11
Q9NX76	CMTM6
Q6PD62	CTR9
A0A087WU03	HNRNPDL
Q13153	PAK1
O60271	SPAG9
Q9UIS9	MBD1
Q9UL03	INTS6
Q8WWV3	RTN4IP1
Q6ZNJ1	NBEAL2
Q9H3S7	PTPN23
Q5T2E6	ARMH3
P35813	PPM1A
O95825	CRYZL1
Q9H3S1	SEMA4A
Q9Y291	MRPS33
Q9H4A3	WNK1
Q8NDT2	RBM15B
Q9BSC4	NOL10
O43660	PLRG1
Q9UKU7	ACAD8
Q6JBY9	RCSD1
Q12933	TRAF2
Q3YEC7	RABL6
Q14684	RRP1B
A0A0U1RQK7	EIF4G3
Q5JRS3	UBA1
P07099	EPHX1
Q8WWM7	ATXN2L
Q12797	ASPH
Q8WUX9	CHMP7
O00471	EXOC5
Q92637	FCGR1BP
O95630	STAMBP
Q0VDF9	HSPA14
K7EMQ3	DNM2
P49848	TAF6
H7C0N4	SF1
P30622	CLIP1
H0YEM9	ZBTB44
Q9GZT9	EGLN1
Q9UKN8	GTF3C4
Q9BQQ3	GORASP1
Q04446	GBE1
Q15118	PDK1
I3NI23	LDAF1
Q9HCS7	XAB2
Q9Y680	FKBP7
Q9H4I3	TRABD
Q9HBR0	SLC38A10
Q7Z2Z2	EFL1
Q9NX08	COMMD8
O60502	OGA
Q6P9B6	MEAK7
O75414	NME6
O00399	DCTN6
Q9Y399	MRPS2
Q8N668	COMMD1
O94913	PCF11
Q86WC4	OSTM1
H7BXF5	SAP130
Q9BZH6	WDR11
P53609	PGGT1B
O00273	DFFA
P50750	CDK9
Q13571	LAPTM5
Q9ULU4	ZMYND8
Q9GZP9	DERL2
H0YL70	TLE3
Q8N511	VMA12
O43818	RRP9
P42229	STAT5A
P45984	MAPK9
Q5TC12	ATPAF1
Q03188	CENPC
Q7L1T6	CYB5R4
Q6NUM9	RETSAT
Q9Y5X1	SNX9
Q9BSH5	HDHD3
Q96JH7	VCPIP1
A0A0A0MR39	MYEF2
Q5T200	ZC3H13
Q96JP5	ZFP91
Q15796	SMAD2
Q7Z3K3	POGZ
Q9UIV1	CNOT7
P16333	NCK1
Q96EL2	MRPS24
Q9H267	VPS33B
P01033	TIMP1
O43566	RGS14
Q53FT3	HIKESHI
Q9BSV6	TSEN34
Q01459	CTBS
Q9H0S4	DDX47
Q9NV31	IMP3
Q96G46	DUS3L
Q9H2M9	RAB3GAP2
P48506	GCLC
Q9BPZ3	PAIP2
Q15643	TRIP11
Q9BX59	TAPBPL
Q5T1M5	FKBP15
Q8IY26	PLPP6
Q13257	MAD2L1
O00461	GOLIM4
P78345	RPP38
Q8NBN3	TMEM87A
Q9HCP0	CSNK1G1
Q86UV5	USP48
P13591	NCAM1
Q9GZR2	REXO4
Q14410	GK2
H0Y8W3	RGS14
Q9NZJ6	COQ3
Q96HW7	INTS4
Q86SF2	GALNT7
Q9H1I8	ASCC2
Q7LBC6	KDM3B
O15156	ZBTB7B
Q96HC4	PDLIM5
O75771	RAD51D
Q8NDC0	MAPK1IP1L
P42356	PI4KA
Q9H2G2	SLK
O95379	TNFAIP8
Q08AM6	VAC14
Q8WWP7	GIMAP1
Q9Y303	AMDHD2
Q6Y7W6	GIGYF2
Q15120	PDK3
P54098	POLG
P49961	ENTPD1
P27105	STOM
O94819	KBTBD11
Q9P2D3	HEATR5B
Q9NVA4	TMEM184C
Q5TDH0	DDI2
Q5R372	RABGAP1L
P19013	KRT4
E9PMV1	PLEC
Q5VYK3	ECPAS
O95476	CTDNEP1
P51668	UBE2D1
Q9P265	DIP2B
O94915	FRYL
Q9Y4A5	TRRAP
P48382	RFX5
Q8TDW0	LRRC8C
Q9NPA8	ENY2
O00453	LST1
Q2TAA5	ALG11
Q969M3	YIPF5
Q9NXR1	NDE1
P50583	NUDT2
Q92504	SLC39A7
Q9H9A6	LRRC40
Q9Y6M5	SLC30A1
Q12962	TAF10
Q6IA17	SIGIRR
Q2M2I8	AAK1
Q8WWB7	GLMP
Q9NVC6	MED17
P20936	RASA1
P17535	JUND
Q8NF91	SYNE1
O43752	STX6
Q9H1D9	POLR3F
Q9BWU0	SLC4A1AP
Q9UQL6	HDAC5
O60547	GMDS
Q96SL4	GPX7
Q9Y3I1	FBXO7
Q9C0C9	UBE2O
Q9Y618	NCOR2
A0A0G2JNL1	LILRB4
Q96HR3	MED30
O14787	TNPO2
Q9NQZ2	UTP3
P57678	GEMIN4
Q96DM3	RMC1
Q86V48	LUZP1
P53384	NUBP1
Q969E4	TCEAL3
Q8TD55	PLEKHO2
Q9BTE1	DCTN5
Q8NFC6	BOD1L1
I3L1I5	ARHGEF18
Q9Y312	AAR2
P40937	RFC5
Q96HD1	CRELD1
Q9Y3L5	RAP2C
O75179	ANKRD17
Q92759	GTF2H4
Q9P270	SLAIN2
Q8TB61	SLC35B2
G3V3G9	PEX19
Q8TCU6	PREX1
Q9HAN9	NMNAT1
Q96GM8	TOE1
Q7Z4H8	POGLUT3
Q15345	LRRC41
Q8N697	SLC15A4
Q9HBH5	RDH14
Q9NX47	MARCHF5
Q9Y616	IRAK3
Q9Y5J6	TIMM10B
Q92733	PRCC
Q96I36	COX14
Q9NV56	MRGBP
Q9UEW8	STK39
Q08378	GOLGA3
I3L2B0	CLUH
A0A0J9YXF2	PON2
Q6EEV4	POLR2M
Q7Z7N9	TMEM179B
P78537	BLOC1S1
P09601	HMOX1
P29353	SHC1
Q6PJG6	BRAT1
O95999	BCL10
Q9NVA2	SEPTIN11
O94992	HEXIM1
P42166	TMPO
P62256	UBE2H
Q96FK6	WDR89
Q8N1F8	STK11IP
Q8IX01	SUGP2
P10301	RRAS
Q13572	ITPK1
Q9C0H2	TTYH3
Q9Y5P4	CERT1
Q8TEA7	TBCK
Q5HYI8	RABL3
Q9BV57	ADI1
A6NHL2	TUBAL3
Q14789	GOLGB1
P11169	SLC2A3
Q9HB58	SP110
Q14790	CASP8
Q86WR0	CCDC25
Q96PU4	UHRF2
O15514	POLR2D
Q9Y259	CHKB
Q14554	PDIA5
Q9Y3B9	RRP15
Q9Y2R4	DDX52
Q7L2E3	DHX30
Q8NCS4	TMEM35B
Q6P1N0	CC2D1A
Q7L3T8	PARS2
F5H7A5	CLPB
Q9H1Y0	ATG5
O95429	BAG4
O75818	RPP40
Q9NZM3	ITSN2
Q16881	TXNRD1
Q00978	IRF9
Q96AG3	SLC25A46
Q9Y4B6	DCAF1
O95470	SGPL1
Q9P2N5	RBM27
Q03111	MLLT1
A3KN83	SBNO1
P52758	RIDA
Q8N8A6	DDX51
Q5VW36	FOCAD
Q9Y5B6	PAXBP1
Q0VDG4	SCRN3
P41223	BUD31
Q9UBP0	SPAST
Q5VV42	CDKAL1
Q93034	CUL5
Q53S33	BOLA3
Q6UW78	UQCC3
Q6GMV3	PTRHD1
Q02083	NAAA
Q9P013	CWC15
Q9H9A5	CNOT10
F8W0Q9	PPHLN1
Q71RG4	TMUB2
Q99766	DMAC2L
Q8WW01	TSEN15
Q9H832	UBE2Z
Q9NRG0	CHRAC1
P27144	AK4
Q14573	ITPR3
Q8WYP5	AHCTF1
Q96GW9	MARS2
Q9UPT8	ZC3H4
Q86WA6	BPHL
Q14242	SELPLG
Q9H3P2	NELFA
Q8N9N2	ASCC1
Q96GS4	BORCS6
P56589	PEX3
Q96IW7	SEC22A
P56557	TMEM50B
Q6R327	RICTOR
Q9UHA3	RSL24D1
Q8N5C6	SRBD1
O14832	PHYH
P52888	THOP1
Q8IUI8	CRLF3
P49720	PSMB3
Q9HCJ0	TNRC6C
P06213	INSR
Q53GL7	PARP10
Q9BTY7	HGH1
Q9NUG6	PDRG1
I3L2J0	CIC
Q96EP0	RNF31
O95071	UBR5
O15226	NKRF
Q06330	RBPJ
Q32P41	TRMT5
P0DPB6	POLR1D
Q7L1W4	LRRC8D
P43250	GRK6
P36915	GNL1
Q9Y608	LRRFIP2
Q9NZL4	HSPBP1
Q5JSH3	WDR44
Q5JPH6	EARS2
Q16658	FSCN1
O60701	UGDH
Q7Z4H3	HDDC2
Q9UMZ2	SYNRG
Q9Y3C0	WASHC3
Q9NZI7	UBP1
P46952	HAAO
A0A087WT20	DCAF13
Q5K651	SAMD9
O60674	JAK2
O75379	VAMP4
Q9NXA8	SIRT5
Q13795	ARFRP1
Q9UNA1	ARHGAP26
O00255	MEN1
Q96AH0	NABP1
Q5SWX8	ODR4
Q9Y3Q8	TSC22D4
Q969U7	PSMG2
Q12999	TSPAN31
Q96CB8	INTS12
O75817	POP7
Q8NFI3	ENGASE
Q8NFD5	ARID1B
E9PEJ6	ATP11A
Q13888	GTF2H2
Q96KG9	SCYL1
P50613	CDK7
Q15758	SLC1A5
O60256	PRPSAP2
Q9H9F9	ACTR5
P0C2W1	FBXO45
Q9HAU5	UPF2
Q9Y314	NOSIP
Q13158	FADD
O60885	BRD4
P49842	WHR1
Q8N122	RPTOR
O15228	GNPAT
Q7Z392	TRAPPC11
Q9UBF6	RNF7
Q9Y4C8	RBM19
Q9BQ48	MRPL34
O15382	BCAT2
O43159	RRP8
Q5SVS4	SLC25A30
O15305	PMM2
Q15629	TRAM1
Q8IWB9	TEX2
O43929	ORC4
O43402	EMC8
K7EJB9	CALR
Q86UK7	ZNF598
P30533	LRPAP1
Q92576	PHF3
Q9H9C1	VIPAS39
Q9BRJ6	CHLSN
Q7Z6B0	CCDC91
M0QXA7	WIZ
Q96SK2	TMEM209
P50225	SULT1A1
Q9UJ83	HACL1
Q8TDH9	BLOC1S5
Q9UGV2	NDRG3
Q8TBX8	PIP4K2C
P78382	SLC35A1
P38432	COIL
Q9Y4I1	MYO5A
Q71SY5	MED25
Q86UY8	NT5DC3
Q93074	MED12
Q9NUY8	TBC1D23
Q96ER9	CCDC51
P02686	MBP
Q5TEU4	NDUFAF5
Q9BZD2	SLC29A3
P52788	SMS
Q9NWV8	BABAM1
Q9NVM9	INTS13
P48730	CSNK1D
Q9HC16	APOBEC3G
Q9NVH2	INTS7
Q16537	PPP2R5E
Q5VT52	RPRD2
P11171	EPB41
Q01415	GALK2
A0A0D9SFE4	DNM1
Q01543	FLI1
P49795	RGS19
E7EVA0	MAP4
Q70IA6	MOB2
Q5BKT4	ALG10
Q9UQN3	CHMP2B
Q8N3P4	VPS8
Q4KMQ2	ANO6
Q9HCK8	CHD8
Q9UNI6	DUSP12
O43805	SSNA1
Q96AJ9	VTI1A
Q8IY22	CMIP
Q8N6R0	METTL13
H0YC58	CCAR2
P40818	USP8
P36888	FLT3
Q9UI10	EIF2B4
Q16626	MEA1
P49354	FNTA
O60287	URB1
Q8NI37	PPTC7
Q6P1Q0	LETMD1
Q9NVH6	TMLHE
P85037	FOXK1
P08195	SLC3A2
O00291	HIP1
Q9H9T3	ELP3
Q96CQ1	SLC25A36
P35241	RDX
B5MCW3	BRD8
Q96SW2	CRBN
P20338	RAB4A
Q9Y2G5	POFUT2
Q08117	TLE5
Q5T8D3	ACBD5
Q53GS7	GLE1
Q9BXP2	SLC12A9
Q6PML9	SLC30A9
P01859	IGHG2
Q8NFA0	USP32
O15116	LSM1
Q643R3	LPCAT4
Q9Y6K9	IKBKG
Q9H6T3	RPAP3
Q5W0Z9	ZDHHC20
H0Y2W2	ATAD3A
Q13416	ORC2
Q96BR1	SGK3
H7C4E5	COX17
Q8N584	TTC39C
P42357	HAL
P52435	POLR2J
Q96D46	NMD3
Q8WUD1	RAB2B
Q9NXD2	MTMR10
Q13485	SMAD4
Q58FG1	HSP90AA4P
Q9NZE8	MRPL35
P61244	MAX
P53365	ARFIP2
P35869	AHR
Q86VD7	SLC25A42
Q5BJF6	ODF2
Q9BWW4	SSBP3
P49768	PSEN1
Q5GLZ8	HERC4
O43709	BUD23
O75131	CPNE3
O00139	KIF2A
P10398	ARAF
Q5TEC6	H3-7
P08134	RHOC
O43149	ZZEF1
E5RJ62	DGLUCY
Q9NVU7	SDAD1
Q86UA1	PRPF39
Q15477	SKIC2
Q14562	DHX8
Q99622	C12orf57
Q5H9L2	TCEAL5
B3KTM8	MORF4L1
Q6QNY0	BLOC1S3
Q9UJX2	CDC23
A0A1W2PNW1	STAT6
Q96SZ5	ADO
Q9UP83	COG5
O95427	PIGN
Q5JPI9	EEF1AKMT2
A0A1C7CYX1	MIDEAS
Q3KQU3	MAP7D1
P49840	GSK3A
Q12802	AKAP13
Q96SB8	SMC6
Q9NV70	EXOC1
P82914	MRPS15
Q8NBM4	UBAC2
J3KTD8	CBFB
M0R346	PRKD2
Q9Y619	SLC25A15
Q9P0U3	SENP1
O14647	CHD2
Q9NPJ6	MED4
O14772	FPGT
Q9H9P8	L2HGDH
Q8N6S5	ARL6IP6
O75865	TRAPPC6A
O15504	NUP42
Q8IY37	DHX37
Q8N5M1	ATPAF2
Q658Y4	FAM91A1
Q9HC35	EML4
Q9GZM5	YIPF3
Q7L1V2	MON1B
Q9NZN3	EHD3
Q96L91	EP400
O43823	AKAP8
Q9UPN9	TRIM33
P25490	YY1
Q14457	BECN1
Q13042	CDC16
Q9H7L9	SUDS3
Q8WUA4	GTF3C2
Q6ZRS2	SRCAP
Q15722	LTB4R
P40855	PEX19
Q96EY8	MMAB
P78316	NOP14
Q9NXC5	MIOS
Q9P086	MED11
Q9UBB9	TFIP11
Q8IWZ3	ANKHD1
A6NJG2	SOWAHD
Q684P5	RAP1GAP2
Q9Y5B0	CTDP1
Q9H974	QTRT2
P23443	RPS6KB1
O75116	ROCK2
O14569	CYB561D2
Q9NPH3	IL1RAP
Q96SI9	STRBP
Q9P1Y6	PHRF1
P09086	POU2F2
Q8WVK2	SNRNP27
Q96CD0	FBXL8
Q9Y6K1	DNMT3A
P00973	OAS1
P53675	CLTCL1
Q9UK59	DBR1
O15381	NVL
Q5TFE4	NT5DC1
Q14118	DAG1
Q6ZMG9	CERS6
Q13393	PLD1
Q9NPB8	GPCPD1
Q9NPR9	GPR108
E7ERC4	SSB
Q9P0S9	TMEM14C
O75554	WBP4
P16671	CD36
P53667	LIMK1
Q86T24	ZBTB33
Q86WX3	RPS19BP1
O00418	EEF2K
Q9Y2V2	CARHSP1
Q8IXB1	DNAJC10
P49247	RPIA
O60573	EIF4E2
P07902	GALT
G3V5V7	HNRNPC
Q92667	AKAP1
C9JLW8	MCRIP1
O00764	PDXK
Q15172	PPP2R5A
Q8WVT3	TRAPPC12
Q15054	POLD3
Q96IY1	NSL1
Q9H9B1	EHMT1
P04004	VTN
Q9UKT5	FBXO4
Q13889	GTF2H3
Q86WW8	COA5
O15164	TRIM24
Q5QJ74	TBCEL
Q13362	PPP2R5C
L0R819	ASDURF
Q9GZR7	DDX24
B5MCB4	MECP2
Q8TEQ6	GEMIN5
O75394	MRPL33
Q5VSL9	STRIP1
Q13685	AAMP
P30679	GNA15
Q9BYM8	RBCK1
P52333	JAK3
Q8IUR0	TRAPPC5
Q6NZY4	ZCCHC8
Q96EV8	DTNBP1
Q8NBK3	SUMF1
G5EA30	CELF1
O15117	FYB1
Q9BUW7	BBLN
O75449	KATNA1
Q7Z2E3	APTX
F5H100	GNB3
Q5T5C0	STXBP5
Q8IUF1	ZNG1B
Q9NUP1	BLOC1S4
Q6RFH5	WDR74
Q9NRW3	APOBEC3C
P01111	NRAS
Q96RT1	ERBIN
Q8N465	D2HGDH
Q92625	ANKS1A
Q8IY18	SMC5
Q15650	TRIP4
Q9H089	LSG1
E9PJD7	ZFTRAF1
Q5C9Z4	NOM1
Q6ZU80	CEP128
Q8NHP6	MOSPD2
P18433	PTPRA
O60927	PPP1R11
Q01650	SLC7A5
O95983	MBD3
Q8IWZ8	SUGP1
Q12913	PTPRJ
P62380	TBPL1
Q8WYQ3	CHCHD10
P15735	PHKG2
P49761	CLK3
M0R2P6	SHKBP1
P35250	RFC2
P49427	CDC34
Q9BU76	MMTAG2
Q9H5X1	CIAO2A
Q9UBP6	METTL1
Q9NSC5	HOMER3
Q8WUF8	ARB2A
Q6UX04	CWC27
Q96S59	RANBP9
O00221	NFKBIE
O14530	TXNDC9
Q00013	MPP1
Q9NWA0	MED9
O00411	POLRMT
Q96IV0	NGLY1
P24386	CHM
P30260	CDC27
Q5TEJ8	THEMIS2
Q9NUQ7	UFSP2
Q9H000	MKRN2
Q5QGZ9	CLEC12A
Q9NTG7	SIRT3
Q9H6H4	REEP4
Q9UJ41	RABGEF1
Q8IW45	NAXD
P78536	ADAM17
P49789	FHIT
Q53TN4	CYBRD1
Q9UBN7	HDAC6
O94829	IPO13
Q6PL18	ATAD2
O95251	KAT7
P27918	CFP
P27987	ITPKB
Q9Y6Q9	NCOA3
P17174	GOT1
O95685	PPP1R3D
Q969Q0	RPL36AL
Q9UL15	BAG5
Q4G0I0	UQCC4
O75718	CRTAP
P28289	TMOD1
O95260	ATE1
Q9C0I1	MTMR12
A2A3R5	RPS6
O14524	NEMP1
Q8N806	UBR7
Q96EH3	MALSU1
P49366	DHPS
Q12873	CHD3
Q9BRQ8	AIFM2
P25774	CTSS
B1AMF0	UBE2J2
Q969X1	TMBIM1
F8W9Z6	STX16
Q8WZA9	IRGQ
Q9Y484	WDR45
O76095	JTB
Q16854	DGUOK
Q6P2C8	MED27
Q5T160	RARS2
Q8N4C6	NIN
Q15386	UBE3C
Q6ZS81	WDFY4
P59768	GNG2
Q9BYD2	MRPL9
Q92793	CREBBP
Q6PCB8	EMB
P56937	HSD17B7
O95772	STARD3NL
Q9UQR0	SCML2
Q6PJ69	TRIM65
P78332	RBM6
O75691	UTP20
P29966	MARCKS
Q96KC8	DNAJC1
O94966	USP19
Q8TAD4	SLC30A5
Q6VMQ6	ATF7IP
Q86TM6	SYVN1
Q7Z2T5	TRMT1L
Q712K3	UBE2R2
Q14181	POLA2
Q96HY7	DHTKD1
Q96GX2	ATXN7L3B
Q8NBF2	NHLRC2
Q7RTN6	STRADA
Q9BV44	THUMPD3
Q9NZ52	GGA3
Q05086	UBE3A
Q8TB03	CXorf38
O43704	SULT1B1
Q13459	MYO9B
Q96F86	EDC3
Q06481	APLP2
Q9BV86	NTMT1
Q86SZ2	TRAPPC6B
Q5T280	SPOUT1
O75503	CLN5
Q9NX00	TMEM160
P61457	PCBD1
Q96RN5	MED15
Q5BJD5	TMEM41B
O15525	MAFG
O14981	BTAF1
Q96CN7	ISOC1
Q8IYB5	SMAP1
P13797	PLS3
P23025	XPA
Q15022	SUZ12
Q9NV88	INTS9
O95786	RIGI
Q53HC9	EIPR1
R4GNG3	GIT2
Q86Y79	PTRH1
Q68CQ4	UTP25
Q8N1B4	VPS52
O15530	PDPK1
P46108	CRK
Q6ULP2	AFTPH
Q8TDN6	BRIX1
Q96LI5	CNOT6L
Q9BTW9	TBCD
Q8N0X7	SPART
Q8TER5	ARHGEF40
Q9BQ95	ECSIT
Q6NUT3	MFSD12
Q99942	RNF5
P53611	RABGGTB
Q9UK23	NAGPA
Q9NPG3	UBN1
Q99496	RNF2
Q9BVS4	RIOK2
P49356	FNTB
Q6NXT6	TAPT1
Q05932	FPGS
Q16799	RTN1
P56545	CTBP2
P34059	GALNS
Q9H1A4	ANAPC1
Q99797	MIPEP
Q9BTL3	RAMAC
Q9P0W2	HMG20B
Q99549	MPHOSPH8
Q9ULJ6	ZMIZ1
Q9NQH7	XPNPEP3
Q8NBI6	XXYLT1
Q13546	RIPK1
Q96BD5	PHF21A
Q15648	MED1
Q9BW85	YJU2
Q9NTJ3	SMC4
Q9UL40	ZNF346
Q13370	PDE3B
Q9NR09	BIRC6
Q96S66	CLCC1
Q8NC96	NECAP1
Q9BQA9	CYBC1
Q14558	PRPSAP1
Q9NR19	ACSS2
Q9UH65	SWAP70
P11234	RALB
Q9H0F6	SHARPIN
Q8WVI0	UQCC5
Q4KMP7	TBC1D10B
O43353	RIPK2
Q7LGA3	HS2ST1
Q9H330	TMEM245
Q9NXN4	GDAP2
Q9HCU9	BRMS1
Q96LT9	RNPC3
O00214	LGALS8
Q86X76	NIT1
Q9H7F0	ATP13A3
P51606	RENBP
Q96GZ6	SLC41A3
Q9Y217	MTMR6
Q9H9E3	COG4
Q8IV63	VRK3
Q9NPI1	BRD7
Q9H0P0	NT5C3A
Q9Y4P8	WIPI2
E9PGG1	DYNC1I2
Q9NZC9	SMARCAL1
Q8N0V3	RBFA
Q13356	PPIL2
Q92673	SORL1
P31483	TIA1
Q9BRU9	UTP23
Q9H081	MIS12
Q9BW91	NUDT9
Q9Y5U2	TSSC4
O43318	MAP3K7
Q9BTE7	DCUN1D5
D6RAM3	DOK3
Q9NNW7	TXNRD2
P14621	ACYP2
Q9Y6X9	MORC2
Q09472	EP300
Q9BQD3	KXD1
Q9BU89	DOHH
Q9UHD2	TBK1
Q8IY67	RAVER1
Q96E52	OMA1
Q9H501	ESF1
Q9Y6N1	COX11
O15379	HDAC3
Q9Y4E6	WDR7
Q8IU81	IRF2BP1
Q969V6	MRTFA
Q9H204	MED28
Q5VWQ0	RSBN1
A0A1B0GU45	IRAG2
O75381	PEX14
Q8N2H4	SYS1
Q6JQN1	ACAD10
Q9BYJ9	YTHDF1
Q9NZ09	UBAP1
Q8N9A8	CNEP1R1
Q9HCG8	CWC22
Q13144	EIF2B5
Q6ZYL4	GTF2H5
Q9NVR2	INTS10
Q9UNQ2	DIMT1
Q9HA47	UCK1
Q9H871	RMND5A
Q8TDJ6	DMXL2
Q96QG7	MTMR9
Q9NVX2	NLE1
Q5NDL2	EOGT
Q7Z4Q2	HEATR3
Q8N8N7	PTGR2
Q8N884	CGAS
A0A0G2JPP5	SCRIB
O43639	NCK2
Q96Q15	SMG1
P49184	DNASE1L1
Q6P1X5	TAF2
Q969Y2	GTPBP3
Q15814	TBCC
P61966	AP1S1
P52735	VAV2
Q8NHV4	NEDD1
Q68D91	MBLAC2
Q9BV68	RNF126
P17706	PTPN2
Q9H2P9	DPH5
Q9H9Q4	NHEJ1
P12318	FCGR2A
Q9BVT8	TMUB1
Q06587	RING1
Q9BUE6	ISCA1
Q8TCZ2	CD99L2
Q7Z460	CLASP1
Q9UL26	RAB22A
Q8N1G0	ZNF687
Q7L592	NDUFAF7
Q969E8	TSR2
Q9NRL3	STRN4
O75586	MED6
Q8IWA4	MFN1
P46019	PHKA2
O60906	SMPD2
Q96EQ0	SGTB
Q9BZQ6	EDEM3
P13284	IFI30
A0A0U1RRH6	PHF14
Q8TBA6	GOLGA5
Q9H0W8	SMG9
Q15276	RABEP1
Q12830	BPTF
P00156	MT-CYB
O75190	DNAJB6
Q8WXF7	ATL1
P33241	LSP1
Q14202	ZMYM3
P57081	WDR4
Q71F56	MED13L
J3KQL8	APOL2
Q8TF68	ZNF384
Q9BSA9	TMEM175
B1ALK7	ARHGEF7
Q96HR9	REEP6
Q92890	UFD1
P50851	LRBA
Q68CP4	HGSNAT
A0A087WVZ6	ZMYND8
Q96BW5	PTER
P10109	FDX1
P49069	CAMLG
P02647	APOA1
P49116	NR2C2
P27701	CD82
Q8NCA5	FAM98A
Q6PCB5	RSBN1L
Q58A45	PAN3
P35237	SERPINB6
Q6P4F2	FDX2
J3QRB6	MAP3K3
Q8NG11	TSPAN14
Q9BRK5	SDF4
Q86VX2	COMMD7
Q8IV53	DENND1C
Q6VN20	RANBP10
Q8WWW0	RASSF5
Q9Y530	OARD1
P15923	TCF3
Q8N6G5	CSGALNACT2
C9J4K0	C2orf49
O60861	GAS7
Q93015	NAA80
Q8N4L2	PIP4P2
Q86YH6	PDSS2
Q9HBH0	RHOF
Q9BUK0	CHCHD7
Q9H7D0	DOCK5
Q16621	NFE2
Q9H8H2	DDX31
Q9H4A5	GOLPH3L
Q96FH0	BORCS8
P17213	BPI
Q9Y5Y5	PEX16
Q8N3X1	FNBP4
A0A0D9SEW3	ZCCHC17
Q13439	GOLGA4
Q96MG7	NSMCE3
Q9NXX6	NSMCE4A
Q92990	GLMN
Q96QU8	XPO6
Q99519	NEU1
Q13206	DDX10
Q53GL0	PLEKHO1
P35251	RFC1
Q9H3G5	CPVL
P46527	CDKN1B
Q86VS8	HOOK3
O00562	PITPNM1
Q5VYS8	TUT7
Q9NXH9	TRMT1
P51689	ARSD
O15550	KDM6A
O75529	TAF5L
H3BTU6	CORO1A
Q9NX61	TMEM161A
Q6P6C2	ALKBH5
Q15311	RALBP1
Q8N8J7	FAM241A
Q92604	LPGAT1
Q8N108	MIER1
Q5VWG9	TAF3
Q96Q83	ALKBH3
Q96GA3	LTV1
Q9Y5B8	NME7
Q01968	OCRL
P51948	MNAT1
O43824	GTPBP6
O43826	SLC37A4
Q8WV22	NSMCE1
Q9BVL4	SELENOO
O15047	SETD1A
Q9P0M2	AKAP7
Q96Q05	TRAPPC9
Q9Y2V7	COG6
Q8NBF6	AVL9
Q4ZIN3	TMEM259
Q9NSK0	KLC4
P62633	CNBP
A0A087WZM8	TMEM254
Q8WUK0	PTPMT1
Q12974	PTP4A2
Q9C035	TRIM5
P14384	CPM
O15446	POLR1G
Q9UHW9	SLC12A6
O95347	SMC2
Q9BU02	THTPA
Q9Y6X5	ENPP4
O75064	DENND4B
Q9BX40	LSM14B
Q17RN3	FAM98C
Q5T0F9	CC2D1B
Q9Y580	RBM7
Q9H814	PHAX
Q9P2X3	IMPACT
Q9HCE0	EPG5
Q06136	KDSR
Q9UMR2	DDX19B
P17275	JUNB
P32019	INPP5B
P82094	TMF1
Q9H8W4	PLEKHF2
Q14CX7	NAA25
P82664	MRPS10
Q96MX6	DNAAF10
Q9ULH1	ASAP1
Q15813	TBCE
Q15532	SS18
Q96BS2	TESC
Q96BK5	PINX1
Q9Y2K2	SIK3
Q9HAJ7	SAP30L
Q96JI7	SPG11
Q15545	TAF7
Q9P0R6	GSKIP
Q969T9	WBP2
J3KS54	FLII
P06746	POLB
P18858	LIG1
Q9BZL4	PPP1R12C
Q9H7Z6	KAT8
Q8WTS6	SETD7
Q96FJ2	DYNLL2
P20585	MSH3
Q96BW9	TAMM41
A6NIH7	UNC119B
Q9BSB4	ATG101
Q8N1G2	CMTR1
Q9UBF8	PI4KB
Q8IV50	LYSMD2
Q99470	SDF2
Q9BTM9	URM1
Q9BV73	CEP250
Q9BTU6	PI4K2A
O95926	SYF2
P69905	HBA1
P69905	HBA2
Q8WVQ1	CANT1
Q9BXW6	OSBPL1A
Q9Y6W3	CAPN7
Q14746	COG2
A8K727	PLEKHA2
A2RTX5	TARS3
Q01804	OTUD4
Q86TB9	PATL1
Q9Y3R5	DOP1B
A0A0G2JNY3	ARHGAP27
Q9NPA0	EMC7
Q92889	ERCC4
O95363	FARS2
Q9BUL5	PHF23
P48553	TRAPPC10
Q96BN8	OTULIN
Q9HD40	SEPSECS
P19793	RXRA
Q6P1R4	DUS1L
Q9Y2G3	ATP11B
P35573	AGL
Q96B36	AKT1S1
Q9H3K2	GHITM
Q8N442	GUF1
Q9NRR8	CDC42SE1
Q9NPJ8	NXT2
Q9NS28	RGS18
Q4G148	GXYLT1
P29374	ARID4A
Q8WYH8	ING5
P05976	MYL1
Q8TB37	NUBPL
Q96MW1	CCDC43
Q8WU76	SCFD2
P00738	HP
Q96B23	ARK2N
Q8N4P3	HDDC3
Q9NYL4	FKBP11
P55212	CASP6
Q9BTE3	MCMBP
Q8N954	GPATCH11
Q8WXI4	ACOT11
Q6IA86	ELP2
Q5VWJ9	SNX30
Q96RR4	CAMKK2
Q9UBV7	B4GALT7
Q9Y5R8	TRAPPC1
Q76FK4	NOL8
Q8NI22	MCFD2
Q9H7H0	METTL17
O95391	SLU7
Q9UGP4	LIMD1
Q8WUH2	TGFBRAP1
Q96K19	RNF170
Q13432	UNC119
Q9Y232	CDYL
Q5VTE6	ANGEL2
Q16850	CYP51A1
P24158	PRTN3
Q16254	E2F4
Q9P2N6	KANSL3
Q14667	BLTP2
Q96BQ5	CCDC127
Q5T8Z2	BMI1
O95696	BRD1
Q96KC2	ARL5B
Q96PE3	INPP4A
Q9P2E5	CHPF2
P52657	GTF2A2
Q5SW79	CEP170
Q7Z7A1	CNTRL
Q9BUI4	POLR3C
O95155	UBE4B
Q6GMV2	SMYD5
Q96C90	PPP1R14B
Q8NFZ5	TNIP2
Q6UWD8	C16orf54
O75376	NCOR1
Q5SXM8	DNLZ
Q8IY21	DDX60
Q9UK58	CCNL1
O15389	SIGLEC5
P54802	NAGLU
Q658P3	STEAP3
Q96K37	SLC35E1
Q9BQP7	MGME1
A0A0D9SGJ6	SYNJ1
Q53ET0	CRTC2
Q5HYJ3	FAM76B
O95159	ZFPL1
Q10588	BST1
Q9H410	DSN1
Q96C57	CUSTOS
Q13627	DYRK1A
O75879	GATB
Q9BYC5	FUT8
Q8TB72	PUM2
Q86XT9	TMEM219
O14593	RFXANK
Q9Y2H6	FNDC3A
O15553	MEFV
Q7Z6M3	MILR1
Q9H6Q4	CIAO3
Q8NB16	MLKL
Q8NHX9	TPCN2
Q01432	AMPD3
Q9Y692	GMEB1
Q02040	AKAP17A
Q2VPB7	AP5B1
P31751	AKT2
Q9Y508	RNF114
Q9Y5Q8	GTF3C5
A0JLT2	MED19
Q9Y2Y0	ARL2BP
Q9BV23	ABHD6
Q96EK6	GNPNAT1
Q8WYB5	KAT6B
Q99700	ATXN2
Q8NBN7	RDH13
Q9Y2H0	DLGAP4
Q13395	TARBP1
P78549	NTHL1
Q8NHQ9	DDX55
Q9NVE7	PANK4
Q9UL45	BLOC1S6
Q96RQ9	IL4I1
Q8N4Q1	CHCHD4
Q9HAS0	C17orf75
O75648	TRMU
Q6DU44	HLA-E
O95674	CDS2
Q9BQ70	TCF25
Q4ADV7	RIC1
Q9BY43	CHMP4A
Q96BN2	TADA1
Q9BVK2	ALG8
Q92917	GPKOW
Q8ND24	RNF214
Q8IV04	TBC1D10C
Q92934	BAD
E7EN96	MED22
Q96RF0	SNX18
Q15047	SETDB1
O75081	CBFA2T3
Q9Y4H2	IRS2
A6NDU8	RIMOC1
Q86YV0	RASAL3
Q969R5	L3MBTL2
Q9Y2S6	TMA7
Q3B726	POLR1F
P20226	TBP
Q5VZ89	DENND4C
Q86Y07	VRK2
Q9UKD1	GMEB2
Q6P1K2	PMF1
H0Y9S9	PPIP5K2
Q9NVH0	EXD2
Q96HJ9	FMC1
O95819	MAP4K4
Q8IV48	ERI1
Q330K2	NDUFAF6
P40938	RFC3
Q96KM6	ZNF512B
Q6ZTN6	ANKRD13D
O95613	PCNT
Q9BUL9	RPP25
O95749	GGPS1
O43913	ORC5
Q9Y6K5	OAS3
Q9Y388	RBMX2
Q969S3	ZNF622
Q96MH6	TMEM68
Q4VC31	MIX23
O00566	MPHOSPH10
Q9BW61	DDA1
Q9Y6D0	SELENOK
P14316	IRF2
Q8TEV9	SMCR8
Q7Z5G4	GOLGA7
O43819	SCO2
P26374	CHML
Q9UJX3	ANAPC7
P22304	IDS
Q06547	GABPB1
Q9UKB1	FBXW11
P23610	F8A1
P23610	F8A2
P23610	F8A3
Q96TA1	NIBAN2
O75882	ATRN
P25025	CXCR2
Q8IWV7	UBR1
O60318	MCM3AP
Q6NXT4	SLC30A6
Q6PI98	INO80C
P01876	IGHA1
Q15653	NFKBIB
I3L0S0	P4HB
Q6GTX8	LAIR1
Q9Y6I8	PXMP4
Q9Y421	FAM32A
Q9Y3P9	RABGAP1
V9GYF0	ARHGEF2
Q9Y2S2	CRYL1
P51116	FXR2
Q6P1L8	MRPL14
Q8TDF6	RASGRP4
Q6UWU4	C6orf89
P25815	S100P
Q86U90	YRDC
Q9BV10	ALG12
Q9P2K8	EIF2AK4
Q12965	MYO1E
Q9GZY8	MFF
Q8N0U4	FAM185A
Q9Y6V7	DDX49
H0Y4R8	SP100
P17813	ENG
Q13325	IFIT5
Q5VXI4	ARHGEF10L
Q6NXT1	ANKRD54
Q9NQS1	AVEN
Q9H920	RNF121
Q7L4I2	RSRC2
O95628	CNOT4
P78368	CSNK1G2
P78383	SLC35B1
Q9HCN4	GPN1
Q12959	DLG1
O14646	CHD1
O75204	TMEM127
Q9BTE6	AARSD1
F5GX51	RIPOR2
Q5JUQ0	FAM78A
Q5T7W0	ZNF618
H0YMI6	PSMA4
Q8N6M0	OTUD6B
O15243	LEPROT
Q96A57	TMEM230
P03886	MT-ND1
Q12792	TWF1
Q6NZ67	MZT2B
P0C7P0	CISD3
Q07890	SOS2
A0A0G2JS53	NAIP
Q86UE8	TLK2
Q6P158	DHX57
Q9Y547	IFT25
Q8TDQ7	GNPDA2
Q5W0V3	FHIP2A
Q8IWI9	MGA
Q14699	RFTN1
A0A087X1S7	CD48
Q9UGM6	WARS2
Q8N5B7	CERS5
Q587I9	SFT2D3
Q9UJX6	ANAPC2
Q9H6D7	HAUS4
Q9ULP9	TBC1D24
Q6P9B9	INTS5
Q96H78	SLC25A44
Q96PV6	LENG8
Q53H82	LACTB2
O94768	STK17B
Q9H981	ACTR8
Q9H0U9	TSPYL1
Q8N3F8	MICALL1
O94763	URI1
Q969X0	RILPL2
P46100	ATRX
O15037	KHNYN
P02671	FGA
Q86Y56	DNAAF5
Q96G25	MED8
Q9UBB6	NCDN
Q9ULV3	CIZ1
Q9BYW2	SETD2
Q9UJX5	ANAPC4
Q96GD0	PDXP
Q5JS54	PSMG4
Q56VL3	OCIAD2
Q08334	IL10RB
Q5SGD2	PPM1L
Q9NUL3	STAU2
Q14435	GALNT3
O95402	MED26
Q8TB24	RIN3
Q92696	RABGGTA
P01011	SERPINA3
Q9NR50	EIF2B3
Q96T23	RSF1
P49815	TSC2
Q9Y6X3	MAU2
Q9H7Z3	NRDE2
A0A2C9F2R7	FRYL
Q9Y2G2	CARD8
O60921	HUS1
Q9H4K7	MTG2
P09496	CLTA
Q9UBD5	ORC3
Q49B96	COX19
Q99442	SEC62
Q8NB78	KDM1B
P42680	TEC
Q9HCK5	AGO4
P06400	RB1
P28715	ERCC5
Q99653	CHP1
O95210	STBD1
E9PRZ0	MAP2K3
Q13503	MED21
Q96ER3	SAAL1
Q9BYV8	CEP41
Q7Z614	SNX20
Q9H4I9	SMDT1
Q96AT1	KIAA1143
Q99595	TIMM17A
A5PLN9	TRAPPC13
Q15596	NCOA2
Q9NUP9	LIN7C
Q9H1U4	MEGF9
Q5TZA2	CROCC
Q8NEF9	SRFBP1
Q8NFG4	FLCN
Q96GS6	ABHD17A
Q8TB45	DEPTOR
P20292	ALOX5AP
Q9NWY4	HPF1
O15118	NPC1
P09884	POLA1
Q8TAC2	JOSD2
P23458	JAK1
Q9Y6N5	SQOR
Q9H0R1	AP5M1
Q8TAG9	EXOC6
Q8IX05	CD302
G5EA09	SDCBP
Q8IV38	ANKMY2
P35612	ADD2
Q9BZL6	PRKD2
Q9UG22	GIMAP2
P08651	NFIC
O94864	SUPT7L
O60870	KIN
Q96JG6	VPS50
Q8TAD8	SNIP1
Q8N8R3	SLC25A29
O14802	POLR3A
P16150	SPN
Q9H6Y2	WDR55
A0A0A0MRB5	MADD
A0A0J9YWL0	CRYBG1
Q504Q3	PAN2
P42338	PIK3CB
P29083	GTF2E1
Q8IWJ2	GCC2
Q9BZI7	UPF3B
Q9HAD4	WDR41
Q8WWQ0	PHIP
Q9BZ23	PANK2
Q9H1U9	SLC25A51
Q9BQC3	DPH2
Q9BRQ6	CHCHD6
Q2T9J0	TYSND1
Q8TBM8	DNAJB14
Q86X10	RALGAPB
P07992	ERCC1
Q06203	PPAT
Q9P2E3	ZNFX1
P02787	TF
Q9UFF9	CNOT8
Q8WUI4	HDAC7
Q13671	RIN1
Q8TB22	SPATA20
Q9NRH2	SNRK
Q9UIB8	CD84
Q9UK99	FBXO3
Q8NEN9	PDZD8
Q9UKZ1	CNOT11
Q14671	PUM1
Q13825	AUH
Q9BTA9	WAC
Q0PNE2	ELP6
Q9Y3E1	HDGFL3
Q9NQ89	FERRY3
Q9H173	SIL1
O75570	MTRF1
O14893	GEMIN2
Q6ZNW5	GDPGP1
Q9H6W3	RIOX1
Q15654	TRIP6
Q7Z2H8	SLC36A1
Q7Z7C8	TAF8
Q9Y6B7	AP4B1
Q8IX18	DHX40
P40692	MLH1
O94868	FCHSD2
P32321	DCTD
Q9Y6Y0	IVNS1ABP
Q9H0G5	NSRP1
O94851	MICAL2
Q9BSY4	CHCHD5
Q5VIR6	VPS53
F5GXE4	ATE1
Q14353	GAMT
Q7Z7E8	UBE2Q1
Q96RL1	UIMC1
Q02086	SP2
G3V0J0	FMR1
Q5VTB9	RNF220
Q15831	STK11
Q9H4Z3	PCIF1
O15213	WDR46
P60484	PTEN
O60232	ZNRD2
O94964	MTCL2
Q9NPH0	ACP6
Q9UPW5	AGTPBP1
Q9GZN7	ROGDI
D3YTI2	ACP1
P28074	PSMB5
Q8IUH3	RBM45
Q9H0V1	TMEM168
Q9Y223	GNE
Q9NRY2	INIP
Q14249	ENDOG
Q8WWI5	SLC44A1
P62253	UBE2G1
Q7Z3U7	MON2
Q8N4V1	MMGT1
Q8TCU4	ALMS1
P20020	ATP2B1
O14523	C2CD2L
Q8IYB7	DIS3L2
O95801	TTC4
Q96ME1	FBXL18
P45985	MAP2K4
Q9BVA0	KATNB1
P24863	CCNC
P78563	ADARB1
Q96T58	SPEN
Q9UKG9	CROT
Q9HAU0	PLEKHA5
Q96B54	ZNF428
Q6P3X3	TTC27
Q9H7C9	AAMDC
Q9NRX5	SERINC1
Q96EC8	YIPF6
O15111	CHUK
Q8WTW3	COG1
Q8TCG2	PI4K2B
Q12882	DPYD
O95219	SNX4
Q15742	NAB2
Q7Z4G4	TRMT11
P52789	HK2
P31350	RRM2
P05423	POLR3D
O00165	HAX1
Q9NUW8	TDP1
G5E9Z2	CLPTM1L
Q969H6	POP5
P02786	TFRC
Q9UKL6	PCTP
Q9BRD0	BUD13
Q92844	TANK
Q9BYX2	TBC1D2
O75170	PPP6R2
Q9Y450	HBS1L
P29597	TYK2
Q9UQR1	ZNF148
Q7L523	RRAGA
Q9BRZ2	TRIM56
Q96QD9	FYTTD1
Q9H300	PARL
Q9UBK9	UXT
P02656	APOC3
Q96GM5	SMARCD1
A6QL63	ABTB3
Q9UBW7	ZMYM2
Q96T88	UHRF1
P83436	COG7
Q9BZ67	FRMD8
O00115	DNASE2
P25686	DNAJB2
Q9NWQ8	PAG1
O43861	ATP9B
Q9C037	TRIM4
Q8TCA0	LRRC20
A0A0A0MR08	USP19
Q9Y5A7	NUB1
Q9BZX2	UCK2
Q9UGU0	TCF20
F5GZ99	KDM5A
Q9H2D1	SLC25A32
P49716	CEBPD
Q9BWN1	PRR14
Q9UKK3	PARP4
Q8WW43	APH1B
Q9Y6E0	STK24
Q8NCF5	NFATC2IP
Q9HCE5	METTL14
Q9H1P3	OSBPL2
Q8NDD1	FSAF1
P06241	FYN
P15336	ATF2
O60333	KIF1B
Q2TAL8	QRICH1
F8VUJ3	POC1B-GALNT4
E9PLV1	PRDM10
Q9NX74	DUS2
J3KP58	CLIP1
Q9NNW5	WDR6
P11498	PC
Q9UGC7	MTRF1L
Q86W50	METTL16
Q9Y2W6	TDRKH
Q14156	EFR3A
Q14BN4	SLMAP
B7ZL14	FNBP1
Q75N03	CBLL1
Q9P021	CRIPT
P54274	TERF1
P29084	GTF2E2
E5KLJ9	OPA1
O75506	HSBP1
Q969M7	UBE2F
Q9ULG1	INO80
Q5MIZ7	PPP4R3B
P15848	ARSB
Q9NWZ8	GEMIN8
Q9NTJ4	MAN2C1
Q8N5Y8	PARP16
Q96MW5	COG8
Q9UGJ1	TUBGCP4
Q15025	TNIP1
Q13948	CUX1
Q96SL1	SLC49A4
J3KQ12	BSCL2
Q9NW08	POLR3B
Q15811	ITSN1
Q8WVM0	TFB1M
Q96RL7	VPS13A
O75446	SAP30
O60678	PRMT3
Q8TE02	ELP5
Q9H4L7	SMARCAD1
A0A1B0GVL4	FAM193A
P11388	TOP2A
P52824	DGKQ
Q2PPJ7	RALGAPA2
Q9GZN1	ACTR6
Q14145	KEAP1
Q5T0B9	ZNF362
Q6ZVM7	TOM1L2
O15439	ABCC4
P61006	RAB8A
P02533	KRT14
Q6P2P2	PRMT9
Q96IZ7	RSRC1
Q9UJX4	ANAPC5
P55201	BRPF1
P12259	F5
O75683	SURF6
Q96NW4	ANKRD27
P02788	LTF
Q9UL54	TAOK2
Q9BYI3	HYCC1
Q8WWN8	ARAP3
Q9H3S5	PIGM
Q9Y5Y6	ST14
Q4LE39	ARID4B
P39880	CUX1
O75962	TRIO
J3KPG6	PSTPIP1
O76096	CST7
Q8NHH9	ATL2
X6RLX0	ERC1
Q7Z589	EMSY
Q5XPI4	RNF123
F6RGN5	SLC25A10
Q8TCF1	ZFAND1
O95684	CEP43
O75317	USP12
Q9NU19	TBC1D22B
Q8TEH3	DENND1A
Q6P4R8	NFRKB
K7EK43	TUBB6
Q86TW2	ADCK1
Q8IY31	IFT20
Q9UNF1	MAGED2
G3V394	MYO5A
Q9UBY8	CLN8
Q9NZQ3	NCKIPSD
Q6IQ49	SDE2
H0Y6A0	ARFGAP3
P32322	PYCR1
Q14314	FGL2
Q99638	RAD9A
Q15910	EZH2
Q9H9L3	ISG20L2
Q6PL24	TMED8
O60331	PIP5K1C
Q96CX2	KCTD12
Q53F23	hCG_14925
Q8TBF4	ZCRB1
P59923	ZNF445
Q969F1	GTF3C6
Q96BM9	ARL8A
O95551	TDP2
O43310	CTIF
Q9H9Y4	GPN2
Q9NX07	TRNAU1AP
Q969T4	UBE2E3
Q96RT7	TUBGCP6
O14730	RIOK3
Q92599	SEPTIN8
Q8WV93	AFG1L
P01860	IGHG3
P63272	SUPT4H1
Q9NXV2	KCTD5
Q6ZW49	PAXIP1
Q9Y6I4	USP3
Q86X52	CHSY1
P51946	CCNH
Q99973	TEP1
Q53H47	SETMAR
Q8NHY2	COP1
Q6P1K1	SLC48A1
Q6NW34	NEPRO
O94967	WDR47
Q92574	TSC1
Q8N5H7	SH2D3C
Q9P1U0	POLR1H
F8W719	ITSN2
B4DDD6	DBNL
Q5VZU9	TPP2
Q96HN2	AHCYL2
P49917	LIG4
O43426	SYNJ1
Q9H2D6	TRIOBP
Q8IZD4	DCP1B
P11802	CDK4
Q13029	PRDM2
P18440	NAT1
Q5UIP0	RIF1
Q86Y38	XYLT1
Q86UL3	GPAT4
Q16514	TAF12
P58107	EPPK1
P02675	FGB
Q9BVS5	TRMT61B
Q6V1X1	DPP8
O00506	STK25
Q14914	PTGR1
Q96GE9	DMAC1
Q9NXR8	ING3
Q8WYQ5	DGCR8
Q9H2H9	SLC38A1
Q5JSJ4	INTS6L
Q7Z591	AKNA
Q5TC84	OGFRL1
Q14997	PSME4
Q7Z569	BRAP
Q969S8	HDAC10
Q5M7Z0	RNFT1
Q9H840	GEMIN7
P50135	HNMT
Q9BSU1	PHAF1
O94927	HAUS5
Q9HBF4	ZFYVE1
Q9NYR9	NKIRAS2
Q6UWZ7	ABRAXAS1
Q8N371	KDM8
Q9NQ75	CASS4
Q92611	EDEM1
O14526	FCHO1
Q5T3J3	LRIF1
Q7Z5J4	RAI1
O60783	MRPS14
Q14511	NEDD9
Q9NUA8	ZBTB40
Q13415	ORC1
Q8N6N3	C1orf52
Q07065	CKAP4
Q96EK9	KTI12
Q8ND04	SMG8
Q96EI5	TCEAL4
Q9H5K3	POMK
Q5JTD0	TJAP1
Q9Y5X2	SNX8
Q9H8W3	FAM204A
Q8WWH5	TRUB1
Q8TF05	PPP4R1
Q9NW81	DMAC2
P78324	SIRPA
Q9H0J9	PARP12
Q8NDX5	PHC3
Q9NSI2	SLX9
Q9H9Y2	RPF1
Q01167	FOXK2
P40425	PBX2
Q7L8W6	DPH6
P45983	MAPK8
Q9Y3A2	UTP11
Q12899	TRIM26
Q9Y535	POLR3H
P12931	SRC
Q96AB6	NTAN1
Q9ULI0	ATAD2B
Q9NXE8	CWC25
Q8N5A5	ZGPAT
Q99943	AGPAT1
Q13615	MTMR3
O43567	RNF13
O60563	CCNT1
Q9NS93	TM7SF3
P02751	FN1
Q86YV9	HPS6
Q8IZQ1	WDFY3
P0C1Z6	TFPT
Q5D862	FLG2
Q96EB1	ELP4
A0A0A0MR51	FADS1
Q9NUD9	PIGV
Q9NUL7	DDX28
H3BTN5	PKM
P04920	SLC4A2
P54198	HIRA
E7EX70	POLR1E
Q7Z6M1	RABEPK
O95197	RTN3
Q9H2U1	DHX36
Q8WVE0	EEF1AKMT1
O95406	CNIH1
Q5SNT2	TMEM201
Q9P246	STIM2
Q9Y5T5	USP16
Q8TEQ8	PIGO
B0QZK5	HP1BP3
Q9NQX3	GPHN
Q8N2W9	PIAS4
Q11201	ST3GAL1
Q8IVM0	CCDC50
Q6UXT9	ABHD15
Q9BRX2	PELO
O95248	SBF1
P48200	IREB2
P58511	SMIM11
Q7L266	ASRGL1
Q9NWS6	FAM118A
Q5H8A4	PIGG
Q96FN4	CPNE2
Q86Y37	CACUL1
Q6GPH4	XAF1
Q6ZU65	UBN2
Q96F44	TRIM11
Q5T1C6	THEM4
O76080	ZFAND5
Q9H9G7	AGO3
P49419	ALDH7A1
Q9UGL1	KDM5B
Q9NUQ3	TXLNG
Q9UPY3	DICER1
Q92508	PIEZO1
P08246	ELANE
P48507	GCLM
P78560	CRADD
Q9H8M2	BRD9
O95985	TOP3B
F8W543	NAP1L1
O14686	KMT2D
P00167	CYB5A
Q8NEZ2	VPS37A
O43422	THAP12
Q9BQF6	SENP7
O43299	AP5Z1
H0Y390	MACF1
P01834	IGKC
Q9UGR2	ZC3H7B
Q8N755	SLC66A3
Q9UHD9	UBQLN2
Q96EY5	MVB12A
Q8TEQ0	SNX29
Q9HAT2	SIAE
P01024	C3
Q9UER7	DAXX
K7EQB2	GLYR1
Q15773	MLF2
Q96BJ3	AIDA
Q13530	SERINC3
Q9BXI6	TBC1D10A
Q96EK4	THAP11
P34896	SHMT1
O60704	TPST2
Q9UGY1	NOL12
Q69YQ0	SPECC1L
Q08708	CD300C
P27540	ARNT
Q00653	NFKB2
Q92879	CELF1
Q9H446	RWDD1
Q9Y4Z0	LSM4
Q9Y646	CPQ
Q7L7X3	TAOK1
A0A0G2JNT7	KANSL1
P80511	S100A12
O95497	VNN1
Q9NRY6	PLSCR3
Q8N4J0	CARNMT1
E5RFI0	ITGB2
O95394	PGM3
Q15032	R3HDM1
O15397	IPO8
Q9NVU0	POLR3E
Q96PZ0	PUS7
P15104	GLUL
Q96BZ9	TBC1D20
Q9UHX3	ADGRE2
P55210	CASP7
Q9H2F5	EPC1
O94762	RECQL5
P14923	JUP
D6RDG3	BTF3
P22794	EVI2A
P53370	NUDT6
Q9NV66	TYW1
Q6W2J9	BCOR
Q14687	GSE1
O15084	ANKRD28
P81877	SSBP2
P31323	PRKAR2B
M0R2Q4	FBL
Q6FIF0	ZFAND6
O75153	CLUH
P01871	IGHM
Q16513	PKN2
A6NJ78	METTL15
Q96BI3	APH1A
P02763	ORM1
Q7RTS9	DYM
O14545	TRAFD1
Q9UPR3	SMG5
P12955	PEPD
Q7LG56	RRM2B
Q14186	TFDP1
Q96II8	LRCH3
O94759	TRPM2
Q9HBE1	PATZ1
Q01970	PLCB3
Q8IWT6	LRRC8A
Q8N488	RYBP
U3KQ93	UBA2
Q15048	LRRC14
Q9BSQ5	CCM2
Q8NDZ4	DIPK2A
Q86TP1	PRUNE1
P22612	PRKACG
Q96S99	PLEKHF1
Q6YHU6	THADA
Q4J6C6	PREPL
C9J7I0	UMAD1
Q9NUJ3	TCP11L1
Q8IWS0	PHF6
Q5T011	SZT2
P27448	MARK3
Q8NBJ4	GOLM1
Q7L775	EPM2AIP1
O95562	SFT2D2
Q9H063	MAF1
Q2KHT3	CLEC16A
Q9BT30	ALKBH7
Q9BR61	ACBD6
Q8WUQ7	CACTIN
S4R359	HNRNPK
Q9BUR4	WRAP53
Q3V6T2	CCDC88A
Q969R8	ITFG2
P51784	USP11
Q5VUA4	ZNF318
Q14739	LBR
P21675	TAF1
Q04727	TLE4
P28702	RXRB
O94919	ENDOD1
P61599	NAA20
Q96RQ1	ERGIC2
Q9GZZ1	NAA50
P55899	FCGRT
Q7Z3C6	ATG9A
P00450	CP
Q6ZVK8	NUDT18
P82970	HMGN5
Q92478	CLEC2B
Q9C0B5	ZDHHC5
Q9Y2J8	PADI2
Q8N7R7	CCNYL1
Q8N9N8	EIF1AD
Q16798	ME3
Q8N9N5	BANP
Q9H7E9	C8orf33
Q14241	ELOA
Q9GZS1	POLR1E
Q6ZS11	RINL
P78362	SRPK2
Q96QT6	PHF12
P10909	CLU
O76075	DFFB
Q3T906	GNPTAB
Q9BPX6	MICU1
P11474	ESRRA
P17405	SMPD1
Q9UKJ3	GPATCH8
A0PJW6	TMEM223
P17026	ZNF22
P11166	SLC2A1
P49643	PRIM2
Q8N3Z3	GTPBP8
Q6N063	OGFOD2
Q9BQ69	MACROD1
Q9UBS8	RNF14
Q8TDQ1	CD300LF
Q92766	RREB1
O75182	SIN3B
Q9NRB3	CHST12
Q86X53	ERICH1
Q8NEB7	ACRBP
O60476	MAN1A2
Q9UET6	FTSJ1
Q05084	ICA1
Q9BUM1	G6PC3
P08236	GUSB
Q8WUJ0	STYX
Q5PRF9	SAMD4B
Q96PM9	ZNF385A
Q99633	PRPF18
Q8N0W3	FCSK
Q96BZ8	LENG1
Q13136	PPFIA1
Q9P215	POGK
Q9BV19	C1orf50
O75925	PIAS1
Q9UN19	DAPP1
Q15021	NCAPD2
P17028	ZNF24
A0A0G2JQM1	AP2A2
Q9NP99	TREM1
Q6PI47	KCTD18
Q8IZ73	RPUSD2
Q9UPW0	FOXJ3
Q9Y287	ITM2B
Q8WZA1	POMGNT1
Q70CQ2	USP34
Q13164	MAPK7
Q03426	MVK
P53805	RCAN1
Q6PID6	TTC33
Q9Y6X4	FAM169A
Q6ZPD9	DPY19L3
Q7Z6J4	FGD2
Q8N5I4	DHRSX
Q9NRD5	PICK1
P98179	RBM3
P15529	CD46
Q9BY15	ADGRE3
Q8IU60	DCP2
A0A0A0MQS0	PHF20L1
Q96I45	TMEM141
O14662	STX16
Q96F63	CCDC97
Q9UPZ3	HPS5
Q13952	NFYC
Q8IZA0	KIAA0319L
O95625	ZBTB11
A0A1B0GWA0	ZNF654
Q96LT7	C9orf72
Q9NRS6	SNX15
Q9Y2Q0	ATP8A1
Q96N64	PWWP2A
Q9C0B0	UNK
P56270	MAZ
P56962	STX17
Q8IUF8	RIOX2
Q8TCT8	SPPL2A
Q9BYC8	MRPL32
Q6PJW8	CNST
Q03468	ERCC6
Q6UUV9	CRTC1
Q16560	SNRNP35
Q9BZG8	DPH1
Q99996	AKAP9
O95707	POP4
Q96NT0	VMA22
Q9Y5W9	SNX11
Q8N6N6	NATD1
Q01196	RUNX1
Q16222	UAP1
Q9UPU7	TBC1D2B
O95243	MBD4
Q9GZY4	COA1
Q9Y3B8	REXO2
Q8IYS1	PM20D2
P09914	IFIT1
Q9BZQ8	NIBAN1
Q8TB52	FBXO30
Q9Y4R8	TELO2
Q8N0Z6	TTC5
Q96CN9	GCC1
O94830	DDHD2
P12755	SKI
P55199	ELL
Q5T5Y3	CAMSAP1
O60293	ZFC3H1
O75575	CRCP
Q6NUJ5	PWWP2B
Q9BXB4	OSBPL11
Q9ULT8	HECTD1
O00459	PIK3R2
Q9UKI8	TLK1
P10276	RARA
Q6PIJ6	FBXO38
Q96SU4	OSBPL9
Q92546	RGP1
Q676U5	ATG16L1
Q96PZ2	FAM111A
Q9H1E3	NUCKS1
Q9BRP1	PDCD2L
F8W7E0	CAST
Q9H6R6	ZDHHC6
Q9H7E2	TDRD3
P28290	ITPRID2
Q9BWH6	RPAP1
Q86XL3	ANKLE2
Q9NWZ5	UCKL1
Q92536	SLC7A6
Q9NUS5	AP5S1
Q16584	MAP3K11
Q8IX04	UEVLD
P49760	CLK2
Q96DF8	ESS2
Q6ZWT7	MBOAT2
Q9NZM4	BICRA
O95807	TMEM50A
P50542	PEX5
Q9NR77	PXMP2
P57682	KLF3
Q53HV7	SMUG1
P55011	SLC12A2
Q14872	MTF1
D6R941	KGD4
Q5TFQ8	SIRPB1
P0DOY3	IGLC3
P20336	RAB3A
Q9BS18	ANAPC13
O00308	WWP2
O94822	LTN1
Q9P0P0	RNF181
Q9NUH8	TMEM14B
Q9H9H4	VPS37B
O43933	PEX1
Q8WUU5	GATAD1
Q9NS00	C1GALT1
P42694	HELZ
Q13085	ACACA
Q96AX2	RAB37
Q96S82	UBL7
A6NND1	RPS6KA1
Q5MNZ9	WIPI1
P28067	HLA-DMA
P48454	PPP3CC
Q7Z449	CYP2U1
P54278	PMS2
Q8NEZ5	FBXO22
Q96JZ2	HSH2D
O60518	RANBP6
Q6ZNC8	MBOAT1
Q86YT6	MIB1
Q9UPQ9	TNRC6B
Q9UI26	IPO11
Q9Y4H4	GPSM3
Q92805	GOLGA1
P26951	IL3RA
Q06787	FMR1
P19634	SLC9A1
Q9Y2I1	NISCH
Q8N5G2	MACO1
A8MV53	PPAN
Q6P1Q9	METTL2B
Q9NWR8	MCUB
P84157	MXRA7
Q7L8J4	SH3BP5L
O60583	CCNT2
Q6IQ22	RAB12
P15408	FOSL2
Q8N5Y2	MSL3
Q9BQS8	FYCO1
A0A1B0GV70	TEPSIN
Q76L83	ASXL2
Q5VT66	MTARC1
Q9UHP3	USP25
Q9NZC7	WWOX
Q6NYC1	JMJD6
Q9BRQ0	PYGO2
Q08999	RBL2
Q9GZU1	MCOLN1
Q5ST30	VARS2
Q5T6J7	IDNK
Q9Y6R4	MAP3K4
O60262	GNG7
O75177	SS18L1
Q9H2G9	BLZF1
Q7Z422	SZRD1
F8VWL3	FGD4
Q9ULT0	TTC7A
Q9HCI7	MSL2
P56181	NDUFV3
O95644	NFATC1
P10746	Mgu
G3V119	CCAR2
Q9UNY4	TTF2
O95977	S1PR4
P02790	HPX
Q9P031	CCDC59
Q03164	KMT2A
Q68DK2	ZFYVE26
Q8NAA4	ATG16L2
Q5VZE5	NAA35
Q8IVG5	SAMD9L
P00414	MT-CO3
Q9UPM8	AP4E1
Q8NET6	CHST13
O75689	ADAP1
Q96JX3	SERAC1
O75140	DEPDC5
Q8N1N4	KRT78
O15235	MRPS12
O00241	SIRPB1
Q96DT6	ATG4C
J3KNZ9	FBRS
Q14686	NCOA6
H0YJA2	ZC3H14
Q9NS73	MBIP
Q6DN90	IQSEC1
P29375	KDM5A
Q8IVH2	FOXP4
Q96QS1	TSPAN32
O95544	NADK
Q8IWW6	ARHGAP12
Q8TD26	CHD6
E9PAN7	RPS6KA1
Q68DH5	LMBRD2
Q92993	KAT5
Q12968	NFATC3
H3BLV4	SUSD1
P49641	MAN2A2
O14732	IMPA2
B2RPK0	HMGB1P1
P49642	PRIM1
P49279	SLC11A1
Q96CS2	HAUS1
H0YAH3	GALNT7
Q96J42	TXNDC15
Q96GA7	SDSL
Q9HBM6	TAF9B
J3KP75	PHACTR2
H0Y400	DDX39B
Q9NVN8	GNL3L
Q6NXR4	TTI2
P09917	ALOX5
Q8TAF3	WDR48
H0Y966	CEP192
P02679	FGG
P51797	CLCN6
O00635	TRIM38
P42575	CASP2
Q8IWD4	CCDC117
Q8ND30	PPFIBP2
Q5XKE5	KRT79
Q9NRA8	EIF4ENIF1
Q6ICB0	DESI1
Q01629	IFITM2
Q96A29	SLC35C1
A0A087WYF6	WASHC2A
Q9Y6J9	TAF6L
Q9NYJ8	TAB2
K7EQ06	HDGFL2
Q9Y2D4	EXOC6B
O60447	EVI5
Q9UL12	SARDH
Q8TF01	PNISR
Q8TF46	DIS3L
O75420	GIGYF1
Q7Z403	TMC6
O75717	WDHD1
Q13867	BLMH
Q9NXK8	FBXL12
Q96N96	SPATA13
Q92794	KAT6A
Q9UPQ8	DOLK
P08842	STS
Q9P275	USP36
Q99504	EYA3
Q13905	RAPGEF1
Q86W92	PPFIBP1
Q9HD89	RETN
O60711	LPXN
Q9NUM4	TMEM106B
Q5BKX5	ACTMAP
Q6ZS17	RIPOR1
O94986	CEP152
Q9BRA0	NAA38
Q96MF7	NSMCE2
Q9UHB7	AFF4
Q12980	NPRL3
P46013	MKI67
A6NK58	LIPT2
Q96BW1	UPRT
Q96CW6	SLC7A6OS
P02792	FTL
Q6UWJ1	TMCO3
Q92610	ZNF592
Q8IWT0	ZBTB8OS
Q9Y4E5	ZNF451
Q8WU39	MZB1
Q9H5Z1	DHX35
Q13614	MTMR2
Q68CZ6	HAUS3
O75362	ZNF217
Q92994	BRF1
Q9BUB5	MKNK1
A0A087WTJ2	GIMAP1-GIMAP5
Q9UGU5	HMGXB4
P12980	LYL1
Q53R41	FASTKD1
Q8NCL4	GALNT6
Q8IZD6	SLC22A15
H9ZYI9	GABPB1
O43822	CFAP410
Q5H9U9	DDX60L
F8WE11	EIF4A2
O15121	DEGS1
O43175	PHGDH
Q9P0K8	FOXJ2
Q9UKJ5	CHIC2
Q9NRR4	DROSHA
Q8ND76	CCNY
Q13163	MAP2K5
P35240	NF2
P62745	RHOB
Q86YB8	ERO1B
Q9NVC3	SLC38A7
Q9BQ75	CMSS1
Q9Y5W7	SNX14
Q68DK7	MSL1
Q5VYY1	ANKRD22
Q99081	TCF12
Q9Y6H3	ATP23
P0C7T5	ATXN1L
Q6ZXV5	TMTC3
P54132	BLM
Q969F9	HPS3
A8MVS5	HIDE1
Q96SB4	SRPK1
Q96PN7	TRERF1
Q9UGQ3	SLC2A6
Q8WUH6	TMEM263
Q9BRT6	LLPH
Q8ND71	GIMAP8
Q9UIF9	BAZ2A
O60675	MAFK
O75113	N4BP1
O75528	TADA3
Q9Y664	KPTN
Q9UHA2	SS18L2
O96006	ZBED1
Q96K80	ZC3H10
Q9BT43	POLR3GL
Q7L211	ABHD13
Q96JK2	DCAF5
Q9H334	FOXP1
Q15633	TARBP2
P0CAP2	POLR2M
Q8IXW5	RPAP2
Q9HBI1	PARVB
Q5TA50	CPTP
P05114	HMGN1
O60504	SORBS3
Q8IWY9	CDAN1
Q96EB6	SIRT1
B4DPQ0	C1R
A8MSI8	LYRM9
Q5W111	SPRYD7
Q02446	SP4
P15924	DSP
Q9H6R0	DHX33
Q8N5L8	RPP25L
Q96F25	ALG14
Q14642	INPP5A
Q9H0Z9	RBM38
Q9H582	ZNF644
Q9Y5Z7	HCFC2
Q14142	TRIM14
P49619	DGKG
Q9UGP5	POLL
O43766	LIAS
Q9H477	RBKS
Q9H857	NT5DC2
O43491	EPB41L2
Q8N567	ZCCHC9
Q0GE19	SLC10A7
Q8NE22	SETD9
P46934	NEDD4
O43808	SLC25A17
Q147X3	NAA30
Q9HBL8	NMRAL1
Q9UM13	ANAPC10
Q14624	ITIH4
Q9BSL1	UBAC1
Q8IUW3	SPATA2L
Q7Z6B7	SRGAP1
Q15283	RASA2
P56202	CTSW
Q5T1V6	DDX59
B4DR80	STK24
Q13613	MTMR1
O00189	AP4M1
Q9UPP1	PHF8
Q8N392	ARHGAP18
Q13608	PEX6
Q9NV35	NUDT15
Q8N4N3	KLHL36
Q96DA2	RAB39B
Q9UNW1	MINPP1
Q9BZW5	TM6SF1
Q15788	NCOA1
P55273	CDKN2D
Q8IWE5	PLEKHM2
Q9UKW4	VAV3
Q8N5J2	MINDY1
Q9P0S2	COX16
Q9UL63	MKLN1
Q9NX18	SDHAF2
P58004	SESN2
Q96GY3	LIN37
Q96EU7	C1GALT1C1
Q9NVI1	FANCI
Q8IZY2	ABCA7
Q96JM7	L3MBTL3
O95258	SLC25A14
Q8N9R8	SCAI
O95425	SVIL
Q99683	MAP3K5
Q96NB1	CEP20
O14867	BACH1
P00746	CFD
Q9Y5W8	SNX13
Q96D31	ORAI1
O43312	MTSS1
Q07889	SOS1
Q969V5	MUL1
Q96CG3	TIFA
Q9NRY4	ARHGAP35
P43234	CTSO
Q96IK0	TMEM101
P16383	GCFC2
O43156	TTI1
A0A0U5Q247	HLA-DQB1
Q6UWP2	DHRS11
Q7Z7L7	ZER1
Q14119	VEZF1
P02538	KRT6A
Q8N9Z2	CCDC71L
Q86U70	LDB1
A0A075B7D6	TAF15
Q9Y4D1	DAAM1
Q8WTW4	NPRL2
O14519	CDK2AP1
Q99755	PIP5K1A
P42695	NCAPD3
Q5VWN6	TASOR2
Q92562	FIG4
Q9NTX7	RNF146
Q58FG0	HSP90AA5P
Q9NPP4	NLRC4
Q52M93	ZNF585B
Q96F10	SAT2
P17029	ZKSCAN1
Q9ULM3	YEATS2
Q9BVK8	TMEM147
Q96BY7	ATG2B
Q68D10	SPTY2D1
Q96EW2	HSPBAP1
M0R248	ECH1
Q86U06	RBM23
O15431	SLC31A1
O75888	TNFSF13
E9PHI4	SUN1
P50548	ERF
Q96SQ9	CYP2S1
Q6N043	ZNF280D
Q15326	ZMYND11
Q7Z3V4	UBE3B
Q68CQ7	GLT8D1
Q8TBZ3	WDR20
O60281	ZNF292
P41440	SLC19A1
P51828	ADCY7
Q8N2M8	CLASRP
Q9Y4K4	MAP4K5
Q9UBI9	HECA
Q8NDF8	TENT4B
A2A288	ZC3H12D
Q9Y485	DMXL1
Q5SW96	LDLRAP1
Q9Y639	NPTN
O95059	RPP14
Q96T83	SLC9A7
Q7Z7F0	KHDC4
A0A0U1RRM6	ENAH
Q8TDY2	RB1CC1
P06493	CDK1
P26010	ITGB7
P52747	ZNF143
Q96SN8	CDK5RAP2
H0YNJ9	DUT
Q66GS9	CEP135
Q9Y2K1	ZBTB1
Q6N069	NAA16
P56277	CMC4
Q8NEZ4	KMT2C
Q13469	NFATC2
Q8TET4	GANC
Q6PII3	CCDC174
O14975	SLC27A2
Q92540	SMG7
Q9Y666	SLC12A7
O15182	CETN3
Q15751	HERC1
Q8NCN4	RNF169
Q15399	TLR1
Q9NX70	MED29
A6NP52	PRAF2
P01040	CSTA
Q32NB8	PGS1
Q9H3M7	TXNIP
Q9Y2K6	USP20
Q8WVB3	HEXD
Q96CS7	PLEKHB2
Q96E29	MTERF3
Q96RS0	TGS1
Q9P1Z2	CALCOCO1
O75871	CEACAM4
O95376	ARIH2
P30414	NKTR
Q86V85	GPR180
P24390	KDELR1
Q7Z7F7	MRPL55
Q96N67	DOCK7
Q9Y2D0	CA5B
Q6P9H5	GIMAP6
Q9NPY3	CD93
Q8NI08	NCOA7
P62861	FAU
Q5UE93	PIK3R6
Q9NP80	PNPLA8
P51884	LUM
Q9H4L5	OSBPL3
O00422	SAP18
Q13490	BIRC2
P15907	ST6GAL1
Q8NFH8	REPS2
P13598	ICAM2
Q8NCN2	ZBTB34
Q3T8J9	GON4L
Q8IUZ5	PHYKPL
E5RJU9	MTDH
O95273	CCNDBP1
P41229	KDM5C
O94811	TPPP
H0YH20	BCKDHA
V9GZ02	FLI1
G3V325	ATP5MF-PTCD1
Q6AI08	HEATR6
P35270	SPR
O95319	CELF2
Q9H5H4	ZNF768
M0QY01	EPS15L1
Q9BTT6	LRRC1
Q9UIL8	PHF11
O14678	ABCD4
Q5T2R2	PDSS1
Q13433	SLC39A6
Q8TCD1	C18orf32
Q8N0Z8	PUSL1
Q86WN1	FCHSD1
Q6ZNB6	NFXL1
P55789	GFER
O15211	RGL2
P19823	ITIH2
Q8N357	SLC35F6
Q49AR2	C5orf22
A0A286YF28	STX3
Q8N653	LZTR1
Q8NE01	CNNM3
P02649	APOE
H7C433	MFF
P53794	SLC5A3
Q86VP3	PACS2
Q8ND82	ZNF280C
Q8N1B3	CCNQ
Q6ZMD2	SPNS3
Q9Y3T6	R3HCC1
Q9NYG5	ANAPC11
Q9C0D3	ZYG11B
O43572	AKAP10
P35610	SOAT1
Q6P2I3	FAHD2B
Q8TC05	MDM1
Q9GZR1	SENP6
Q13686	ALKBH1
P08237	PFKM
Q16828	DUSP6
O14879	IFIT3
Q8NET5	NFAM1
Q8NEC7	GSTCD
Q9UPR0	PLCL2
Q9HA65	TBC1D17
Q9Y3E2	BOLA1
Q6UUV7	CRTC3
Q7L5Y9	MAEA
Q9Y251	HPSE
O15040	TECPR2
Q96F24	NRBF2
O60307	MAST3
Q9UPN4	CEP131
A0JNW5	BLTP3B
Q9H668	STN1
Q96AA3	RFT1
P98082	DAB2
Q8TEY7	USP33
Q9ULH0	KIDINS220
Q7Z6L1	TECPR1
Q8TAP6	CEP76
Q13643	FHL3
P06312	IGKV4-1
Q9HBM0	VEZT
O43829	ZBTB14
Q9H467	CUEDC2
O95340	PAPSS2
Q8NHM5	KDM2B
Q9NZJ5	EIF2AK3
A0A0U1RRE5	NBDY
P32246	CCR1
I3L3I1	NPLOC4
Q9Y2U5	MAP3K2
Q9BPX3	NCAPG
H0YAB3	SEC31A
Q4G0X4	KCTD21
Q86X27	RALGPS2
Q9Y4K3	TRAF6
Q8IYL3	C1orf174
Q8TCT7	SPPL2B
Q5JU85	IQSEC2
O15247	CLIC2
H3BPH4	PMM2
H0Y512	APMAP
Q96MG8	PCMTD1
O15091	PRORP
Q13188	STK3
Q9H2K0	MTIF3
Q3B7T1	EDRF1
Q5JPI3	C3orf38
P0CJ78	ZNF865
Q86YZ3	HRNR
Q5EG05	CARD16
Q9NUD5	ZCCHC3
Q5T5X7	BEND3
Q8IWF2	FOXRED2
Q9P260	RELCH
Q8NHG8	ZNRF2
Q8TE82	SH3TC1
Q9BPY3	FAM118B
Q9UHC7	MKRN1
A6NED2	RCCD1
Q92802	N4BP2L2
Q9H6Y5	MAGIX
Q8WXW3	PIBF1
Q6IQ19	CCSAP
Q9NYV6	RRN3
Q659A1	ICE2
Q9UMN6	KMT2B
Q9H3Y8	PPDPF
E5RHG9	UQCRB
P51808	DYNLT3
Q9ULE6	PALD1
Q14442	PIGH
Q8NG08	HELB
Q8IUW5	RELL1
Q92585	MAML1
Q9UQB8	BAIAP2
Q9ULR3	PPM1H
Q86TN4	TRPT1
Q9NPI7	KRCC1
Q8IWR0	ZC3H7A
Q6NUQ1	RINT1
Q9H165	BCL11A
Q9H1B5	XYLT2
Q6DD87	ZNF787
Q7Z6M4	MTERF4
H0YBE0	MTDH
Q16635	TAFAZZIN
O00287	RFXAP
O95905	ECD
Q8N8R5	C2orf69
Q9HCG7	GBA2
Q9NRA2	SLC17A5
P52849	NDST2
P13056	NR2C1
Q8N5D0	WDTC1
Q6ZRI6	C15orf39
Q8NBP0	TTC13
P33527	ABCC1
Q9NUQ6	SPATS2L
Q9Y4F3	MARF1
P57105	SYNJ2BP
Q9BX69	CARD6
H3BUB6	SCAMP2
Q96S06	LMF1
Q9H1Z4	WDR13
Q9BRL6	SRSF8
O00534	VWA5A
Q96CM3	RPUSD4
P14209	CD99
P16930	FAH
Q99871	HAUS7
P51957	NEK4
Q9H1B7	IRF2BPL
Q6UB28	METAP1D
P50443	SLC26A2
O95477	ABCA1
Q7L5Y1	ENOSF1
P17544	ATF7
P0C870	JMJD7
Q9NWT8	AURKAIP1
Q6ZRQ5	MMS22L
Q8NEJ9	NGDN
Q8N370	SLC43A2
O94876	TMCC1
Q9UGN4	CD300A
Q6MZP7	LIN54
Q15906	VPS72
Q96EP1	CHFR
Q9UHV7	MED13
Q13129	RLF
Q8WVB6	CHTF18
Q13761	RUNX3
Q9Y483	MTF2
Q5T4F4	ZFYVE27
P01591	JCHAIN
A0A0G2JPR0	C4A
A2VDJ0	TMEM131L
G3XAC1	SLC26A6
Q96D53	COQ8B
B1ALC2	ZNF618
Q8N302	AGGF1
Q8IXU6	SLC35F2
Q9NRF9	POLE3
A0A1B0GVI3	KRT10
Q9Y548	YIPF1
Q6PJI9	WDR59
Q96RT8	TUBGCP5
Q53FA7	TP53I3
O43189	PHF1
Q6SPF0	SAMD1
Q6P3S6	FBXO42
Q9H2Y7	ZNF106
Q96BH1	RNF25
Q8WZ60	KLHL6
Q96RG2	PASK
Q86YV5	PRAG1
Q96C10	DHX58
Q8IYU2	HACE1
Q6PIY7	TENT2
Q96EX1	SMIM12
P12429	ANXA3
Q6XZF7	DNMBP
Q9NQG7	HPS4
Q8TD22	SFXN5
P25440	BRD2
P09958	FURIN
Q9NRI5	DISC1
Q8N9M1	C19orf47
Q8IUD6	RNF135
Q92560	BAP1
O95478	NSA2
Q9H9L4	KANSL2
Q9NVX0	HAUS2
O43295	SRGAP3
P52848	NDST1
O15085	ARHGEF11
E9PGW9	PCM1
O75558	STX11
Q8IVT5	KSR1
Q96HA7	TONSL
P53355	DAPK1
B4DY08	HNRNPC
P19484	TFEB
Q9H8Y5	ANKZF1
R4GN18	CD46
Q9Y2G8	DNAJC16
I6LPK7	BAX
Q96EZ8	MCRS1
Q16877	PFKFB4
Q86TS9	MRPL52
O75820	ZNF189
Q9UM11	FZR1
O15054	KDM6B
Q9P2K3	RCOR3
Q9NX38	ABITRAM
Q9Y281	CFL2
Q9H930	SP140L
Q9BYX4	IFIH1
Q12893	TMEM115
P51688	SGSH
Q8WV60	PTCD2
Q6UW63	POGLUT2
O95678	KRT75
Q9BY41	HDAC8
Q8N6T7	SIRT6
Q9BV94	EDEM2
P15056	BRAF
Q8N4S7	PAQR4
Q9C0C2	TNKS1BP1
Q5TBA9	FRY
Q9BSE5	AGMAT
Q9BX95	SGPP1
Q8NEL9	DDHD1
Q9UDY2	TJP2
Q96S15	WDR24
P05026	ATP1B1
P10074	ZBTB48
Q9UMY1	NOL7
Q96LR5	UBE2E2
P78330	PSPH
Q9BZW8	CD244
Q9NZJ4	SACS
Q9NRD1	FBXO6
Q12770	SCAP
Q9UIM3	FKBPL
P10721	KIT
Q08554	DSC1
Q9NUK0	MBNL3
Q12767	TMEM94
Q13480	GAB1
Q7L5Y6	DET1
Q7Z7L1	SLFN11
Q8N137	CNTROB
Q9BXX0	EMILIN2
J3KND1	SAAL1
Q8TB40	ABHD4
Q8IXS8	HYCC2
Q6P1L5	FAM117B
Q5T750	KPLCE
H3BUF6	ATXN2L
Q8WWW8	GAB3
Q9H3R5	CENPH
Q9BVC3	DSCC1
Q8N8D1	PDCD7
O75616	ERAL1
O14610	GNGT2
Q9HCE1	MOV10
O95396	MOCS3
Q8N0T1	RBIS
P41214	EIF2D
O00257	CBX4
Q9HC98	NEK6
Q9UH17	APOBEC3B
Q32NC0	C18orf21
P50748	KNTC1
P16035	TIMP2
Q53FA3	HSPA1L
Q92551	IP6K1
Q16875	PFKFB3
Q9BVQ7	AFG2B
Q9BTT4	MED10
Q6UWY2	PRSS57
P63096	GNAI1
Q15652	JMJD1C
Q9UGJ0	PRKAG2
Q96LC9	BMF
O75891	ALDH1L1
Q9NUN5	LMBRD1
Q9BSF4	TIMM29
Q9NW61	PLEKHJ1
Q86VX9	MON1A
Q9NRX1	PNO1
O43278	SPINT1
Q9NRA0	SPHK2
Q15438	CYTH1
Q9C000	NLRP1
O14713	ITGB1BP1
Q96JN0	LCOR
Q13137	CALCOCO2
Q96LA8	PRMT6
P16591	FER
Q14244	MAP7
P15260	IFNGR1
G5E994	GPR107
Q9NRW4	DUSP22
Q9Y2Z2	MTO1
Q02078	MEF2A
P54253	ATXN1
Q6P5X5	C22orf39
Q07912	TNK2
P49238	CX3CR1
Q15003	NCAPH
J3QQQ8	BPTF
Q96PM5	RCHY1
Q6UWH4	GASK1B
Q66LE6	PPP2R2D
Q8WZ73	RFFL
Q6GYQ0	RALGAPA1
Q9Y234	LIPT1
Q96S16	JMJD8
O75716	STK16
Q86XR8	CEP57
O00458	IFRD1
Q76I76	SSH2
D6REQ6	RNASET2
Q9NWL6	ASNSD1
Q92618	ZNF516
E9PN91	EEF1D
P98170	XIAP
P52739	ZNF131
Q02413	DSG1
Q15697	ZNF174
E9PLP0	CARS1
O75923	DYSF
P25445	FAS
P15509	CSF2RA
Q8IZE3	SCYL3
A0A0U1RQD2	CCDC149
Q92564	DCUN1D4
Q5BKU9	OXLD1
P35626	GRK3
P36575	ARR3
P07996	THBS1
Q969K3	RNF34
Q9NY26	SLC39A1
Q08499	PDE4D
Q14644	RASA3
Q8WUN7	UBTD2
Q9C086	INO80B
Q9BT25	HAUS8
Q9NS15	LTBP3
Q8IY57	YAF2
Q9H2L5	RASSF4
Q969Z4	RELT
Q96MH2	HEXIM2
Q7KZN9	COX15
Q9NSI8	SAMSN1
Q99808	SLC29A1
Q8N4W9	ZNF808
Q6UB99	ANKRD11
Q5JXA9	SIRPB2
Q93096	PTP4A1
Q14592	ZNF460
Q9BW19	KIFC1
Q9BRX9	WDR83
Q96HQ2	CDKN2AIPNL
F8VZN8	PPP1R12A
Q6P087	RPUSD3
Q8TBE0	BAHD1
Q96PP9	GBP4
Q86XI2	NCAPG2
A8MT69	CENPX
Q99583	MNT
Q92692	NECTIN2
Q9BZF2	OSBPL7
E7EUI8	G6PD
Q9UEE9	CFDP1
Q6P3S1	DENND1B
H0YJF5	HSP90AA1
Q9Y4G6	TLN2
P86452	ZBED6
A6NFY7	SDHAF1
Q15390	MTFR1
O75635	SERPINB7
A0A0C4DGT3	IQSEC1
Q9UGK8	SERGEF
Q9H2X8	IFI27L2
Q9H4A9	DPEP2
Q92686	NRGN
H0YGX7	ARHGDIB
Q9UDW3	ZMAT5
O60671	RAD1
Q9H9A7	RMI1
Q9P2J3	KLHL9
O60266	ADCY3
Q05823	RNASEL
H0Y579	RAD23B
P69891	HBG1
Q9BQ04	RBM4B
Q8NAF0	ZNF579
O75157	TSC22D2
O94817	ATG12
Q9C0B7	TANGO6
O95835	LATS1
Q6F5E8	CARMIL2
Q6P1R3	MSANTD2
Q14164	IKBKE
Q96C12	ARMC5
P26022	PTX3
O43167	ZBTB24
Q8IX21	SLF2
J3KPF0	HECTD4
Q63HM1	AFMID
Q96LC7	SIGLEC10
O95199	RCBTB2
Q70IA8	MOB3C
P32456	GBP2
Q68DQ2	CRYBG3
Q3SY69	ALDH1L2
Q8WVP7	LMBR1
Q8TCB0	IFI44
Q9HC52	CBX8
Q96C00	ZBTB9
Q8WU67	ABHD3
Q9BYK8	HELZ2
Q7Z3E2	CCDC186
Q8TCY9	URGCP
Q04656	ATP7A
Q53F39	MPPE1
Q7Z3T8	ZFYVE16
Q9Y2H2	INPP5F
Q5U3C3	TMEM164
H0YHD1	MBD6
Q86UU0	BCL9L
Q9H1K0	RBSN
Q92968	PEX13
Q96P20	NLRP3
O00443	PIK3C2A
Q13670	PMS2P11
F6V2D4	LGALS8
Q9Y2X9	ZNF281
Q9Y2K5	R3HDM2
Q9H6A9	PCNX3
O95149	SNUPN
Q9NX57	RAB20
O60238	BNIP3L
P49796	RGS3
Q9H903	MTHFD2L
A0A0G2JMC9	LILRA2
Q8N554	ZNF276
O94806	PRKD3
Q13444	ADAM15
Q86YC3	NRROS
Q9UPT6	MAPK8IP3
P58317	ZNF121
O95198	KLHL2
Q5STZ8	ABCF1
Q8N292	GAPT
H0Y306	SUV39H2
Q8NG27	PJA1
Q15034	HERC3
P30450	HLA-A
P51825	AFF1
Q8IWE2	FAM114A1
Q92956	TNFRSF14
Q9Y2B1	RXYLT1
H3BVG2	MTHFSD
Q9ULQ1	TPCN1
P48060	GLIPR1
Q6ZT12	UBR3
Q9NX05	FAM120C
Q9NUL5	SHFL
Q9H649	NSUN3
Q15776	ZKSCAN8
P05543	SERPINA7
Q9BWT3	PAPOLG
Q9HCE9	ANO8
E9PJL9	NDUFV1
Q9P2G1	ANKIB1
Q9H8U3	ZFAND3
Q8NDV7	TNRC6A
Q6AI39	BICRAL
E5RIM7	ATOX1
P58005	SESN3
P05106	ITGB3
Q96RY7	IFT140
Q7Z6K3	PTAR1
Q15928	ZNF141
Q9UIG8	SLCO3A1
Q9NUM3	SLC39A9
Q6ZSS7	MFSD6
Q96EU6	RRP36
Q9BQE4	SELENOS
A0A0C4DG02	DNMT3A
Q9UKA9	PTBP2
Q7Z4F1	LRP10
Q9UEG4	ZNF629
Q8TBE9	NANP
Q9H496	TOR1AIP2
Q14693	LPIN1
O15050	TRANK1
Q86YC2	PALB2
Q96FM1	PGAP3
Q8TBZ6	TRMT10A
Q16206	ENOX2
Q8N2Z9	CENPS
Q6UWH6	TEX261
O00746	NME4
Q6P4Q7	CNNM4
Q8TCC3	MRPL30
O43598	DNPH1
Q8WUD6	CHPT1
Q96JQ2	CLMN
Q9HA72	CALHM2
Q13404	UBE2V1
Q96BT3	CENPT
A0A087X0M4	SLC4A1AP
Q5TKA1	LIN9
Q9NZT1	CALML5
Q9BVM4	GGACT
Q96DG6	CMBL
U3KPR7	CAPNS1
M0R174	MAN2B1
Q15645	TRIP13
Q6P1K8	GTF2H2C
Q6P1K8	GTF2H2C_2
H3BVI2	SP1
P24557	TBXAS1
C9K0R9	IMPDH1
Q9BU64	CENPO
Q9BVC4	MLST8
A0A0C4DFM0	GSTZ1
P31151	S100A7
F5H867	SLC3A2
Q96BF6	NACC2
Q9Y241	HIGD1A
Q8N423	LILRB2
Q6DN12	MCTP2
Q8IY34	SLC15A3
Q02318	CYP27A1
O95382	MAP3K6
Q07954	LRP1
Q9BS40	LXN
Q8IVP5	FUNDC1
Q02156	PRKCE
P01042	KNG1
Q9NY15	STAB1
P22415	USF1
Q6IPU0	CENPP
Q9Y3S2	ZNF330
P22897	MRC1
P21757	MSR1
J3KNL2	SEPTIN1
P02730	SLC4A1
P78325	ADAM8
Q12929	EPS8
Q8IWE4	DCUN1D3
Q9UM07	PADI4
P07360	C8G
P48163	ME1
Q5S007	LRRK2
P09913	IFIT2
Q9BXD5	NPL
Q16831	UPP1
Q9H6E5	TUT1
Q5T4T1	TMEM170B
Q9NR97	TLR8
Q7L190	DPPA4
O75791	GRAP2
Q14761	PTPRCAP
Q9HC29	NOD2
Q6YHK3	CD109
C6EMZ7	OAS1
Q8IWU5	SULF2
P41247	PNPLA4
P14780	MMP9
P01031	C5
O75828	CBR3
Q6ZNA5	FRRS1
P50453	SERPINB9
O75881	CYP7B1
T1ECW5	PPP6R2
A0A1W2PQH3	ME2
P86397	HTD2
Q13009	TIAM1
C9JA17	ATP6V1A
O00499	BIN1
Q9H3Q1	CDC42EP4
O00206	TLR4
Q9GZZ8	LACRT
Q9Y286	SIGLEC7
O43474	KLF4
H0YI37	ATP5F1B
Q8N5M4	TTC9C
P32455	GBP1
P49913	CAMP
P02748	C9
Q8NHL6	LILRB1
P01023	A2M
O60343	TBC1D4
Q96GJ1	TRMT2B
Q8IWW8	ADHFE1
Q52LR7	EPC2
P17181	IFNAR1
E9PGC8	MAP1A
O75594	PGLYRP1
K7EPT8	GFAP
P11277	SPTB
P43403	ZAP70
Q8N4S0	CCDC82
Q9UM22	EPDR1
Q15797	SMAD1
Q16654	PDK4
O43524	FOXO3
P21462	FPR1
Q5K4L6	SLC27A3
Q14691	GINS1
Q9Y4D7	PLXND1
Q99487	PAFAH2
P05120	SERPINB2
Q6ZT07	TBC1D9
Q6NT16	SLC18B1
Q9UKJ1	PILRA
D6RI10	SPINK2
P13611	VCAN
Q9NUV9	GIMAP4
H3BUU3	ATP2A1
O95759	TBC1D8
Q04695	KRT17
Q8TF76	HASPIN
Q9UQC2	GAB2
P05362	ICAM1
Q5T749	KPRP
Q9UHN6	CEMIP2
Q9UKQ2	ADAM28
P04259	KRT6B
A0A140T996	DDX39B
A6NI73	LILRA5
Q9NXF7	DCAF16
P00747	PLG
Q13472	TOP3A
P31327	CPS1
M0R2B8	SNRPA
O60268	KIAA0513
P08637	FCGR3A
Q86YT9	JAML
P51153	RAB13
Q96LZ7	RMDN2
P02743	APCS
Q9UFG5	C19orf25
F8WD96	CTSD
P05067	APP
Q99572	P2RX7
O43272	PRODH
Q99489	DDO
P17035	ZNF28
P17927	CR1
P04003	C4BPA
P08603	CFH
P25105	PTAFR
P22894	MMP8
B7XGB9	PPM1M
P49908	SELENOP
Q9BXR6	CFHR5
P03973	SLPI
P49914	MTHFS
P07204	THBD
Q8N5X7	EIF4E3
O60907	TBL1X
Q9Y2Y8	PRG3
Q9NYK1	TLR7
P49023	PXN
E9PKQ8	LCK
O95236	APOL3
P09486	SPARC
Q8IZ21	PHACTR4
Q92995	USP13
A0A087WXQ5	TARDBP
Q9H1H9	KIF13A
Q53EU6	GPAT3
Q93033	CD101
Q8N9F7	GDPD1
Q9UG56	PISD
P28068	HLA-DMB
O60486	PLXNC1
Q9Y624	F11R
P04196	HRG
P07333	CSF1R
P15144	ANPEP
Q8NBT2	SPC24
P11678	EPX
Q6IN84	MRM1
P42330	AKR1C3
O94923	GLCE
K7EQ73	DNAJC7
Q9NX02	NLRP2
P02549	SPTA1
Q96IZ0	PAWR
Q17R31	TATDN3
P20742	PZP
Q13740	ALCAM
P13671	C6
Q38SD2	LRRK1
P36269	GGT5
Q8TCG1	CIP2A
Q9Y653	ADGRG1
Q6UX71	PLXDC2
Q02742	GCNT1
O60716	CTNND1
Q9HAP2	MLXIP
O95498	VNN2
Q5SRE7	PHYHD1
Q4VX76	SYTL3
O00602	FCN1
Q6P4A8	PLBD1
Q9NYK6	EURL
P16050	ALOX15
Q9NP59	SLC40A1
Q9Y279	VSIG4
Q93075	TATDN2
O75022	LILRB3
Q04721	NOTCH2
F5H2F4	MTHFD1
P05089	ARG1
K7EPG6	INPP5K
O43166	SIPA1L1
A0AV96	RBM47
P61769	B2M
Q08830	FGL1
Q6Y288	B3GLCT
Q9UNA4	POLI
Q99538	LGMN
Q9NQ66	PLCB1
Q99969	RARRES2
Q9NYL2	MAP3K20
Q9P0J7	KCMF1
Q8WYR1	PIK3R5
Q99795	GPA33
Q13443	ADAM9
P22090	RPS4Y1
Q13563	PKD2
Q86VB7	CD163
P05162	LGALS2
P41597	CCR2
P09871	C1S
Q9P243	ZFAT
K7ERX3	SAFB2
P00352	ALDH1A1
J3QL54	NUP85
Q9BW71	HIRIP3
Q9HB21	PLEKHA1
Q9UBC3	DNMT3B
Q9BQI0	AIF1L
Q92963	RIT1
P02042	HBD
Q8N612	FHIP1B
Q9Y336	SIGLEC9
P23229	ITGA6
A0A0G2JPA2	LILRA6
O75264	SMIM24
Q92503	SEC14L1
Q9UM01	SLC7A7
Q02153	GUCY1B1
P24723	PRKCH
H7BXE3	SLTM
Q8IWF6	DENND6A
Q06033	ITIH3
P02749	APOH
P19652	ORM2
Q687X5	STEAP4
C9JWY7	CAPN2
Q9P2A4	ABI3
P40200	CD96
Q96BP2	CHCHD1
Q8IYJ3	SYTL1
Q5JYR3	RPN2
Q9ULV0	MYO5B
Q9UHB4	NDOR1
Q16610	ECM1
Q3MIT2	PUS10
Q8TAK5	GABPB2
P0DJ93	SMIM13
F5GZZ9	CD163
P13987	CD59
Q96MN5	TCEANC2
O95976	IGSF6
H0YKD0	IDH3A
Q93062	RBPMS
P01589	IL2RA
P40337	VHL
Q92902	HPS1
P13637	ATP1A3
P37840	SNCA
Q9BSI4	TINF2
O15231	ZNF185
Q8IW35	CEP97
Q9UJC5	SH3BGRL2
Q71F23	CENPU
Q8NHV1	GIMAP7
Q8IU85	CAMK1D
Q96QE2	SLC2A13
A0A0A0MRA8	EPB41L3
Q86YS6	RAB43
Q86WG5	SBF2
Q05315	CLC
O00559	EBAG9
Q5Y7H0	HLA-DQA1
A1A4S6	ARHGAP10
Q9UKF7	PITPNC1
H0YD90	CD44
E9PLT2	UBTF
D6RF44	HNRNPD
P98173	FAM3A
Q9H6P5	TASP1
Q8N264	ARHGAP24
Q86VZ1	P2RY8
Q9H900	ZWILCH
P20933	AGA
Q9UII4	HERC5
P22352	GPX3
Q5JS37	NHLRC3
H0YGE9	M6PR
Q9NPB1	NT5M
P13686	ACP5
P05155	SERPING1
O95816	BAG2
Q86UW6	N4BP2
Q16827	PTPRO
P32249	GPR183
P53985	SLC16A1
Q96H22	CENPN
G3V5E2	SCFD1
J3KTN0	EIF4A1
Q9NP90	RAB9B
Q5T9L3	WLS
H0YC04	ATP6V1B2
Q8TDQ0	HAVCR2
J3KQ32	OLA1
Q13233	MAP3K1
Q6ZS72	PEAK3
P28906	CD34
Q8TE77	SSH3
A0A0A6YYH1	C15orf38-AP3S2
H0YL33	ANXA2
P20718	GZMH
U3KQE2	CAPNS1
O60936	NOL3
O14798	TNFRSF10C
Q9UL01	DSE
Q4AE62	GTDC1
P03952	KLKB1
Q9H7M9	VSIR
B4DHE8	MSI2
H0YLF3	B2M
Q9UDY4	DNAJB4
P32418	SLC8A1
P13727	PRG2
H0Y720	TNRC6B
P19012	KRT15
Q5T6F2	UBAP2
P28562	DUSP1
P62273	RPS29
P98160	HSPG2
Q8NHG7	SVIP
Q9NP73	ALG13
P41279	MAP3K8
Q92828	CORO2A
Q9Y6C2	EMILIN1
Q9BRX5	GINS3
Q9Y2C9	TLR6
H0YIZ0	SHMT2
Q8NHS3	MFSD8
Q9Y6Y9	LY96
P08571	CD14
Q8WV92	MITD1
P31641	SLC6A6
Q8TA86	RP9
Q6UX06	OLFM4
A4D1U4	DENND11
P16083	NQO2
Q5SVZ6	ZMYM1
Q8TED4	SLC37A2
P0DMQ5	INAFM2
P12544	GZMA
Q96IZ5	RBM41
P14649	MYL6B
Q9Y2D9	ZNF652
Q9BYB4	GNB1L
Q96A19	CCDC102A
Q5TAX3	TUT4
P0C0L5	C4B
P0C0L5	C4B_2
Q9UDY8	MALT1
P20061	TCN1
P12109	COL6A1
O14967	CLGN
H0Y592	LIMS2
Q8IX19	MCEMP1
K7EKJ9	ILF3
Q96R05	RBP7
A0A140T9M0	HLA-C
Q9HCJ3	RAVER2
P18463	HLA-B
P23142	FBLN1
P02741	CRP
Q5U623	ATF7IP2
Q96N21	TEPSIN
Q92982	NINJ1
Q08AF3	SLFN5
Q9P2S5	WRAP73
P04908	H2AC4
P04908	H2AC8
O95994	AGR2
D6RF35	GC
Q12986	NFX1
Q92985	IRF7
P43652	AFM
H7C1W2	IDH3G
Q9BY27	DGCR6L
Q9HCY8	S100A14
P08183	ABCB1
Q9ULY5	CLEC4E
Q8NC42	RNF149
P02776	PF4
D6RBQ9	HNRNPD
Q0P6H9	TMEM62
Q8N1A6	C4orf33
O43325	LYRM1
Q9HAT8	PELI2
Q9H0B8	CRISPLD2
Q13111	CHAF1A
Q96P63	SERPINB12
Q6SZW1	SARM1
Q86XA9	HEATR5A
Q3ZCX4	ZNF568
Q969J2	ZKSCAN4
Q5HYK9	ZNF667
O15162	PLSCR1
Q9NVE5	USP40
Q7L099	RUFY3
Q02447	SP3
Q02539	H1-1
Q7Z3J3	RGPD4
Q53G44	IFI44L
J3KS23	CBFB
Q08AG7	MZT1
Q13425	SNTB2
P36980	CFHR2
P68371	TUBB4B
P31994	FCGR2B
Q9Y4G8	RAPGEF2
O95297	MPZL1
Q86UA6	RPAIN
M0R0K9	TRIM28
Q6IEG0	SNRNP48
Q8NDX6	ZNF740
Q58FF6	HSP90AB4P
Q9H4B0	OSGEPL1
Q8N6C8	LILRA3
Q15911	ZFHX3
P18428	LBP
Q0JRZ9	FCHO2
X5CMH5	TAP2
Q14160	SCRIB
Q96S53	TESK2
Q96IR7	HPDL
P52757	CHN2
Q96AZ6	ISG20
Q00537	CDK17
Q8TC44	POC1B
Q9NSB4	KRT82
Q9NXJ5	PGPEP1
O96007	MOCS2
Q3MIX3	ADCK5
P07357	C8A
Q96AH8	RAB7B
A1X283	SH3PXD2B
Q15306	IRF4
H0Y2S9	MPRIP
Q9H013	ADAM19
H3BTH4	ADPGK
Q96PU5	NEDD4L
Q9UBR5	CKLF
Q9Y4G2	PLEKHM1
P69892	HBG2
P01624	IGKV3-15
O95503	CBX6
Q9HCE7	SMURF1
C9JNQ1	LSP1
U3KQF2	ARF4
O00425	IGF2BP3
Q9UKV5	AMFR
Q6UX27	VSTM1
H7C1S1	NCF1
P05156	CFI
Q9UPI3	FLVCR2
Q8NEY1	NAV1
Q5W0U4	BSPRY
Q96T21	SECISBP2
P31785	IL2RG
Q14246	ADGRE1
Q9HCD6	TANC2
F8VPF5	PRKAG1
Q99685	MGLL
Q9BZZ2	SIGLEC1
O60669	SLC16A7
H7C4G8	NT5DC2
Q9NVX7	KBTBD4
Q9UBQ6	EXTL2
Q9BYN0	SRXN1
Q969Z3	MTARC2
Q495W5	FUT11
Q17RY0	CPEB4
C9JU59	LSP1
J3QRQ2	DCXR
Q5TAL2	SNRPC
C9J539	GLB1
G5E9Q7	IDH3G
E9PKF8	EIF4G2
E5RJD2	DECR1
E0CX11	STMP1
P53778	MAPK12
Q5JSK9	HMGN5
H7C286	NAGK
M0R0R3	SMIM7
E5RJ48	LYPLA1
Q9UM54	MYO6
C9JXC6	SEC61A1
B3KVK2	GNB1
E9PS44	IFITM3
H3BMD2	CPT1A
Q6XYQ8	SYT10
P09936	UCHL1
D6RA24	PLAC8
Q6ZUT1	NKAPD1
Q9P2N7	KLHL13
P07225	PROS1
Q8IUN9	CLEC10A
F5H077	RAP1B
Q2M1Z3	ARHGAP31
Q3YBM2	TMEM176B
Q9UNZ5	C19orf53
Q08AN1	ZNF616
Q9UMR7	CLEC4A
P14210	HGF
Q6ZVF9	GPRIN3
P07205	PGK2
Q9UID6	ZNF639
Q8IUX4	APOBEC3F
Q0VGE8	ZNF816
J3QLF6	GRB2
Q9UBX1	CTSF
P60983	GMFB
Q5TB53	TM9SF3
Q15014	MORF4L2
P05412	JUN
Q6UWF3	SCIMP
O00478	BTN3A3
Q6NT76	HMBOX1
Q9ULW0	TPX2
Q30134	HLA-DRB1
P54687	BCAT1
O60291	MGRN1
Q6ZN54	DEF8
P30047	GCHFR
Q9BRT9	GINS4
A0A1W2PPS1	HNRNPU
H0Y4K0	UCHL5
Q9NZR1	TMOD2
Q8WYL5	SSH1
A0A0G2JNP3	LILRB5
Q9BYE4	SPRR2G
P78380	OLR1
Q86Y34	ADGRG3
P49863	GZMK
Q9P1U1	ACTR3B
Q9UJJ9	GNPTG
F8VY04	AK2
P32320	CDA
P06729	CD2
Q9H3H1	TRIT1
P59666	DEFA3
P84243	H3-3A
P84243	H3-3B
P34810	CD68
P10643	C7
O15523	DDX3Y
E7EMG9	LSP1
Q8WUF5	PPP1R13L
Q16769	QPCT
M0QZ67	EEF1AKMT2
Q9H3F6	KCTD10
Q96K12	FAR2
Q14CS0	UBXN2B
Q96NT5	SLC46A1
A0A087WVD9	GUCD1
Q86US8	SMG6
E9PK06	EEF1D
Q01664	TFAP4
A0A067XG54	ATP11C
Q6PJF5	RHBDF2
Q969T3	SNX21
H3BMU9	TRIP4
Q92674	CENPI
Q8IWY8	ZSCAN29
Q6BDS2	BLTP3A
A0A096LNH6	DOCK1
Q9ULH7	MRTFB
P08582	MELTF
B7Z7F3	RANBP3
Q8N0S6	CENPL
H0Y5B0	EPB41L2
P24071	FCAR
O15327	INPP4B
Q12778	FOXO1
H0Y704	ZNF185
Q16581	C3AR1
Q5THJ4	VPS13D
Q9BUT1	BDH2
Q92636	NSMAF
Q9H4B8	DPEP3
U3KPS3	CNN2
Q86VZ5	SGMS1
P80188	LCN2
C9J7B1	NIPSNAP2
E9PEM5	LRBA
Q8NG68	TTL
Q2TBE0	CWF19L2
Q4W5G0	TIGD2
Q9P2R6	RERE
A8K968	EPB41L3
Q96HD9	ACY3
Q92831	KAT2B
K7ENQ8	CYTH1
P11308	ERG
Q8IZF4	ADGRG5
P04114	APOB
Q86SR1	GALNT10
P22732	SLC2A5
Q8NBI5	SLC43A3
Q02108	GUCY1A1
Q96A25	TMEM106A
H0YMK0	ARPIN-AP3S2
P51157	RAB28
Q03591	CFHR1
Q14315	FLNC
P23434	GCSH
Q96H15	TIMD4
Q96P50	ACAP3
Q01581	HMGCS1
Q96FZ5	CMTM7
Q7Z7L9	ZSCAN2
P10319	HLA-B
P10114	RAP2A
Q92800	EZH1
P25024	CXCR1
P01008	SERPINC1
Q86XS8	RNF130
P56381	ATP5F1E
Q8N4C8	MINK1
P38935	IGHMBP2
B7Z4W5	KYAT1
P42684	ABL2
P57764	GSDMD
P30793	GCH1
P31941	APOBEC3A
Q6ZN55	ZNF574
Q6AWC2	WWC2
O60602	TLR5
Q9UHF1	EGFL7
P01100	FOS
H7C1V0	CTSD
H0YJF2	MNAT1
O95714	HERC2
Q8IWU2	LMTK2
P29762	CRABP1
A0A0A0MT56	CSTF2
O43896	KIF1C
O94885	SASH1
M0QXV6	ARHGEF1
O95361	TRIM16
P21730	C5AR1
Q9NPH2	ISYNA1
P16452	EPB42
Q2M3G4	SHROOM1
O15554	KCNN4
Q5TC82	RC3H1
P08962	CD63
A8K7Q2	HSPA8
O75438	NDUFB1
Q5TGY3	AHDC1
P09104	ENO2
O75398	DEAF1
Q9BPV8	P2RY13
Q32M88	PGGHG
Q9NRA1	PDGFC
Q6UWS5	PET117
O94832	MYO1D
Q7Z3B1	NEGR1
Q96RD7	PANX1
O95415	BRI3
B7Z1G8	SURF4
A0A0G2JKR3	PPT2
Q9BVG9	PTDSS2
P30501	HLA-C
M0R220	FCGRT
Q9BX70	BTBD2
D6RGC4	MARCHF1
Q15274	QPRT
Q8IYL9	GPR65
O00716	E2F3
P54108	CRISP3
H0YDG7	PPP2R1B
Q9NXU5	ARL15
Q9GIY3	HLA-DRB1
Q86XN7	PROSER1
O43795	MYO1B
O95239	KIF4A
Q8IVW6	ARID3B
Q14765	STAT4
E5RJP2	SORBS3
K7EPQ7	YIF1B
Q9UBU6	FAM8A1
Q9P289	STK26
P82979	SARNP
Q96B45	BORCS7
I3L3R2	ACTG1
H3BSC1	RAB11A
F5H6I7	ATL3
Q8WVX3	ARLN
O96018	APBA3
Q8WV99	ZFAND2B
Q9UPS6	SETD1B
D6RGE9	ATP2C1
B4E227	NXF1
Q13216	ERCC8
O15519	CFLAR
Q2NL98	VMAC
B8ZZU6	ATF2
B1AK85	CAPZB
Q5TGZ0	MICOS10
Q9H8S9	MOB1A
Q9NUX5	POT1
I3L328	CDC27
Q16643	DBN1
Q86WI3	NLRC5
O60725	ICMT
O14521	SDHD
A0A1W2PQ55	HADH
Q9H6K4	OPA3
K7EL26	TARDBP
D6RD67	MCCC2
Q5THK1	PRR14L
Q9NXG6	P4HTM
Q9NRM0	SLC2A9
Q9H9S5	FKRP
H0YDM4	HOOK3
A7E2V4	ZSWIM8
P14151	SELL
Q00526	CDK3
Q6PH81	C16orf87
Q9BPU9	B9D2
Q6ZTW0	TPGS1
Q9UHF7	TRPS1
H7BY36	EWSR1
Q8TBP5	FAM174A
P00519	ABL1
P0CG13	CHTF8
O15015	ZNF646
Q96C11	FGGY
O60930	RNASEH1
Q14162	SCARF1
P55055	NR1H2
P59046	NLRP12
Q9UKY3	CES1P1
Q92833	JARID2
Q9NVF7	FBXO28
Q9UKI2	CDC42EP3
P41182	BCL6
Q9ULE0	WWC3
Q9H0K6	PUS7L
Q9BZC7	ABCA2
H7BZT5	ZNF185
Q9Y6P5	SESN1
Q6PHR2	ULK3
Q6PKC3	TXNDC11
Q96E39	RBMXL1
Q7Z7M8	B3GNT8
P15814	IGLL1
Q2TAZ0	ATG2A
P0DPD7	EEF1AKMT4
G3V5U3	CLMN
P35609	ACTN2
P42892	ECE1
R4GNB0	USP14
P25963	NFKBIA
Q15723	ELF2
Q9Y4C1	KDM3A
Q9H910	JPT2
P0CG38	POTEI
Q9NXR5	ANKRD10
Q6PJ61	FBXO46
Q68D20	PMS2CL
Q3KRA6	C2orf76
O00748	CES2
Q86V21	AACS
Q92974	ARHGEF2
Q9HD34	LYRM4
O95785	WIZ
Q07617	SPAG1
Q9UKV3	ACIN1
A0A075B6H4	KAT14
Q96L73	NSD1
Q9UBT6	POLK
Q9H116	GZF1
H7C1M2	SON
Q96A73	KIAA1191
Q9UI14	RABAC1
Q8WZ64	ARAP2
Q6Y2X3	DNAJC14
P33947	KDELR2
Q11130	FUT7
Q96G74	OTUD5
O15229	KMO
P47974	ZFP36L2
Q9HD47	RANGRF
O75884	RBBP9
K7EM38	ACTG1
P41217	CD200
P42568	MLLT3
Q7L7V1	DHX32
Q9NQ11	ATP13A2
Q96DX4	RSPRY1
Q86SQ7	SDCCAG8
Q96PP8	GBP5
O60443	GSDME
A8MYR2	MSRB1
Q9Y2Y9	KLF13
C9JNU9	USP4
Q8N3J5	PPM1K
Q9P1Q0	VPS54
Q5MNZ6	WDR45B
K7EQI0	GRN
Q96K49	TMEM87B
Q8WY36	BBX
O95757	HSPA4L
Q9Y324	FCF1
O43513	MED7
Q96EY4	TMA16
O00258	GET1
O60858	TRIM13
H0Y9M3	HEXB
Q14332	FZD2
Q9NQ34	TMEM9B
Q9H1X3	DNAJC25
Q86WP2	GPBP1
H7C4W7	STAB1
O00750	PIK3C2B
C9JUP7	VCP
Q9Y597	KCTD3
Q5VT06	CEP350
Q9NSY2	STARD5
L0R8F8	MIEF1
Q6IQ26	DENND5A
O75907	DGAT1
Q4L235	AASDH
Q8TAA9	VANGL1
Q71RC2	LARP4
Q8N960	CEP120
P32856	STX2
Q4AC94	C2CD3
H0Y8U5	CTBP1
Q92854	SEMA4D
Q86SE9	PCGF5
Q5VVJ2	MYSM1
Q96N46	TTC14
Q9ULJ7	ANKRD50
F6R0L0	SIMC1
Q9BTC8	MTA3
O96013	PAK4
Q6P4I2	WDR73
Q6NWY9	PRPF40B
Q9H0X4	FAM234A
Q9P2B4	CTTNBP2NL
Q9NY97	B3GNT2
Q15527	SURF2
Q96GX8	C16orf74
Q7Z7G8	VPS13B
Q9UIJ5	ZDHHC2
P13688	CEACAM1
Q8N9V3	WDSUB1
P63267	ACTG2
Q96KF7	SMIM8
Q14689	DIP2A
Q8TDR2	STK35
O75164	KDM4A
Q9UI42	CPA4
Q6PCE3	PGM2L1
O15014	ZNF609
Q7KYR7	BTN2A1
Q96AD5	PNPLA2
Q9UP95	SLC12A4
Q9C0F1	CEP44
Q6WCQ1	MPRIP
Q86X95	CIR1
Q7LFX5	CHST15
Q08188	TGM3
Q86TJ2	TADA2B
P41743	PRKCI
J3KNH0	KICS2
P16157	ANK1
Q53S58	TMEM177
Q96AN5	TMEM143
Q86YN1	DOLPP1
Q9NXF8	ZDHHC7
H0YI54	KRT78
Q8TE69	EOLA1
Q9UBK8	MTRR
O60303	KATNIP
O14733	MAP2K7
Q9NZI6	TFCP2L1
Q8WYP3	RIN2
A0A0G2JPT5	RAD17
F8VQD4	C12orf75
Q5JSZ5	PRRC2B
P30281	CCND3
Q5TA02	GSTO1
Q8N9M5	TMEM102
Q8IYH5	ZZZ3
Q6KCM7	SLC25A25
Q53GT1	KLHL22
H7C2U0	CCT8
Q6UX07	DHRS13
P27482	CALML3
Q07817	BCL2L1
O15417	TNRC18
Q9P0P8	MTRES1
A0A087WW66	PSMD1
Q96DU7	ITPKC
Q9H6A0	DENND2D
G3V3T3	ACIN1
P36897	TGFBR1
P50591	TNFSF10
P24864	CCNE1
Q01201	RELB
Q9Y4B4	RAD54L2
O15234	CASC3
P0C7X2	ZNF688
F5GWX5	CHD4
Q9Y2R2	PTPN22
Q99720	SIGMAR1
H7BZP2	PDCL3
Q2VPK5	CTU2
Q96ND0	FAM210A
Q9Y3D8	AK6
Q3MII6	TBC1D25
Q8N999	RLIG1
O43741	PRKAB2
Q8TBC5	ZSCAN18
Q9HBU6	ETNK1
Q08722	CD47
Q5T0N5	FNBP1L
P16260	SLC25A16
P21580	TNFAIP3
P15559	NQO1
Q9UJ68	MSRA
P31944	CASP14
Q9UIF8	BAZ2B
G9CGD6	CNK3/IPCEF1
Q86WH2	RASSF3
Q9BY49	PECR
Q7Z6J9	TSEN54
Q8N680	ZBTB2
Q8IY92	SLX4
Q03154	ACY1
Q63ZY3	KANK2
Q9Y3D0	CIAO2B
Q9NWK9	ZNHIT6
Q96CX6	LRRC58
Q96PC3	AP1S3
B1AP13	CD55
Q92581	SLC9A6
Q5PSV4	BRMS1L
Q96EK5	KIFBP
Q6IPR1	ETFRF1
H0YG38	PRPF40A
Q9BRS2	RIOK1
O14841	OPLAH
Q86YB7	ECHDC2
P04271	S100B
Q92830	KAT2A
Q92622	RUBCN
Q99707	MTR
Q13535	ATR
Q8IZK6	MCOLN2
Q969T7	NT5C3B
Q8IUH4	ZDHHC13
Q9H813	PACC1
Q9Y3C7	MED31
P08243	ASNS
Q5BJF2	TMEM97
Q9H6S0	YTHDC2
Q14147	DHX34
P81605	DCD
Q86VU5	COMTD1
Q9NS23	RASSF1
Q13625	TP53BP2
Q9NVP2	ASF1B
Q10589	BST2
O15297	PPM1D
Q9Y657	SPIN1
P57076	CFAP298
P35580	MYH10
Q9NV64	TMEM39A
E7EWM1	NCOA2
Q9ULD5	ZNF777
Q9BT92	TCHP
Q96B33	CLDN23
Q15646	OASL
C9JLT7	PIGX
O15083	ERC2
Q9H3S4	TPK1
H7C2E2	SMPD4
Q9BVM2	DPCD
Q9UI43	MRM2
Q9Y252	RNF6
Q9UBH6	XPR1
Q96K58	ZNF668
Q6PFW1	PPIP5K1
Q6IBW4	NCAPH2
Q96PQ6	ZNF317
O60566	BUB1B
F8W6A0	PPHLN1
Q7Z388	DPY19L4
P00742	F10
Q9H6S1	AZI2
Q8WTX7	CASTOR1
Q13371	PDCL
Q8NC60	NOA1
Q9HA92	RSAD1
P17010	ZFX
A0PK00	TMEM120B
Q5T0D9	TPRG1L
Q9UHQ1	NARF
M0R080	DNAJB1
A0AVI4	TMEM129
Q5VUM1	SDHAF4
P02746	C1QB
Q99571	P2RX4
P01920	HLA-DQB1
F8WF40	GLB1
Q96P47	AGAP3
Q9Y587	AP4S1
Q92738	USP6NL
Q9NRZ5	AGPAT4
O75037	KIF21B
Q8WXE9	STON2
O00507	USP9Y
P13994	YJU2B
B5MC59	RPA3
Q2LD37	BLTP1
O60361	NME2P1
Q8WVN8	UBE2Q2
Q5SQH8	C6orf136
A5D8V6	VPS37C
E7ERP4	PIGQ
P0DPB5	POLR1D
Q9NXC2	GFOD1
G3V1N2	HBA1
Q7Z412	PEX26
P51178	PLCD1
Q96DP5	MTFMT
Q9H7P6	MVB12B
Q9UBS0	RPS6KB2
Q13112	CHAF1B
Q9ULZ2	STAP1
Q9Y3D3	MRPS16
Q7Z6M2	FBXO33
Q8IZJ4	RGL4
A0A0D9SFM4	SLC9A6
Q5TBP9	LSM14B
Q8IUH5	ZDHHC17
A0A0U1RRL7	MMP24OS
O00159	MYO1C
A6NFI3	ZNF316
Q8NI99	ANGPTL6
Q9H6Y7	RNF167
Q9BVI0	PHF20
Q7Z2X4	PID1
Q16270	IGFBP7
O75808	CAPN15
Q07352	ZFP36L1
Q07000	HLA-C
P15813	CD1D
Q96S38	RPS6KC1
H7C4C8	CCT8
P08697	SERPINF2
Q6RW13	AGTRAP
Q14657	LAGE3
Q6ZUX7	LHFPL2
Q13308	PTK7
Q9HCH0	NCKAP5L
Q96MT8	CEP63
P61129	ZC3H6
M0R019	HNRNPM
Q9Y6X8	ZHX2
Q9GZP4	PITHD1
Q9BUK6	MSTO1
Q8NDN9	RCBTB1
Q96G28	CFAP36
Q96BT7	ALKBH8
Q6ZRP7	QSOX2
Q9Y297	BTRC
Q8NFZ0	FBH1
J3KPP6	RUFY1
Q8IWP9	CCDC28A
Q8WVL7	ANKRD49
Q9BV29	CCDC32
P38570	ITGAE
A0A140T9L0	WDR46
Q04637	EIF4G1
Q9Y375	NDUFAF1
Q9BY12	SCAPER
Q6UX98	ZDHHC24
Q13049	TRIM32
K7EMN2	PGD
P21980	TGM2
P22735	TGM1
P07766	CD3E
Q9NQW6	ANLN
P02766	TTR
P53677	AP3M2
Q6ZW13	C16orf86
Q96EY9	ADAT3
B7Z645	SYNCRIP
O95619	YEATS4
O43866	CD5L
Q9NRX6	TMEM167B
Q6NW29	RWDD4
V9GZ50	AKAP8L
Q9BYE7	PCGF6
O00522	KRIT1
Q92547	TOPBP1
Q5T3F8	TMEM63B
O43296	ZNF264
Q96E09	PABIR1
Q8NA72	POC5
Q8NBW4	SLC38A9
Q92545	TMEM131
Q12772	SREBF2
Q8IUE6	H2AC21
O15264	MAPK13
Q5SRI9	MANEA
Q8N2U9	SLC66A2
H0YB92	CEP170
O96028	NSD2
Q9P0T4	ZNF581
Q92664	GTF3A
Q5T0R2	CAP1
Q96FN9	DTD2
Q53H96	PYCR3
Q99543	DNAJC2
Q96ES7	SGF29
Q92485	SMPDL3B
P29992	GNA11
Q9P2D0	IBTK
P02775	PPBP
P78552	IL13RA1
Q14703	MBTPS1
Q5T9A4	ATAD3B
E9PC44	SEC24D
P18510	IL1RN
Q9UK73	FEM1B
Q70E73	RAPH1
Q9NQY0	BIN3
Q9P2F9	ZNF319
Q86WK9	PAQR7
Q6DHV7	MAPDA
Q9Y227	ENTPD4
Q14CZ7	FASTKD3
Q5U5X0	LYRM7
Q92521	PIGB
Q9NYB9	ABI2
Q9BXW9	FANCD2
Q9BTV6	DPH7
O75387	SLC43A1
Q9Y274	ST3GAL6
Q8NB14	USP38
Q96AE7	TTC17
Q4KWH8	PLCH1
Q96DX8	RTP4
Q8IVQ6	ZDHHC21
P55061	TMBIM6
P42336	PIK3CA
Q9Y5Z9	UBIAD1
G8JLB3	PUS1
O60760	HPGDS
Q9H0F7	ARL6
Q9H777	ELAC1
Q9H492	MAP1LC3A
Q13201	MMRN1
Q9UK53	ING1
Q9H160	ING2
Q969U6	FBXW5
Q96HA1	POM121
Q9ULL5	PRR12
Q7LBR1	CHMP1B
Q9UHB6	LIMA1
Q8IY63	AMOTL1
Q96DX5	ASB9
Q9H2G4	TSPYL2
Q9ULD4	BRPF3
Q5SXM2	SNAPC4
Q96AX9	MIB2
P21266	GSTM3
P61218	POLR2F
O14936	CASK
Q86WQ0	NR2C2AP
C9JWD9	KPNA1
O43303	CCP110
Q9Y5R4	HEMK1
Q9BW62	KATNAL1
O14715	RGPD8
U3KQT9	YLPM1
P21926	CD9
Q96NL8	CFAP418
Q9Y248	GINS2
Q9NRZ9	HELLS
P62068	USP46
D6RFL1	CANX
Q16836	HADH
F8W0P7	ATP5F1B
F8WDR7	ACTR3
P20930	FLG
H0YEX5	SF3B2
Q96C92	ENTR1
Q8IWA5	SLC44A2
Q9UBX7	KLK11
B4E321	OS9
Q9UQD0	SCN8A
P40426	PBX3
V9GYT7	PSIP1
Q9BTX3	TMEM208
P79522	PRR3
P00734	F2
P05783	KRT18
P12035	KRT3
P61927	RPL37
Q5VZI3	TMEM268
Q9NSP4	CENPM
Q86TV6	TTC7B
Q92558	WASF1
H7C1U3	CC2D1B
Q6N021	TET2
A0A087WWU8	TPM3
Q9UNL4	ING4
Q9HC97	GPR35
Q9HCB6	SPON1
O77932	DXO
Q7Z769	SLC35E3
Q9BYB0	SHANK3
R4GN15	ARHGAP9
Q86SK9	SCD5
B9A058	HIBCH
Q9ULS5	TMCC3
Q7Z4H7	HAUS6
Q6UB98	ANKRD12
Q6NTF9	RHBDD2
Q9ULJ3	ZBTB21
P18564	ITGB6
Q6XUX3	DSTYK
P49281	SLC11A2
Q6P0Q8	MAST2
H3BQQ1	CMC2
Q96JJ6	JPH4
Q5VVQ6	YOD1
Q15746	MYLK
Q8IYW5	RNF168
Q9NQZ6	ZC4H2
Q96FZ2	HMCES
P25090	FPR2
Q9BYZ2	LDHAL6B
Q9UIL1	SCOC
Q96HH6	TMEM19
Q16670	ZSCAN26
Q9NQC8	IFT46
Q69YL0	NCBP2AS2
O15155	BET1
Q8N5C7	DTWD1
Q13286	CLN3
K7EPS8	C19orf12
P46531	NOTCH1
Q8NEM7	SUPT20H
H3BRJ5	TRIM59-IFT80
Q07820	MCL1
Q9NVN3	RIC8B
F8VZ70	SMARCD1
Q2YD98	UVSSA
Q14493	SLBP
Q719H9	KCTD1
Q8TEB9	RHBDD1
O43306	ADCY6
A0A0J9YXU4	TBCD
Q5BKY9	FAM133B
Q9NYA1	SPHK1
Q9BS16	CENPK
O15033	AREL1
Q2M296	MTHFSD
Q15599	NHERF2
Q9NQ35	NRIP3
P06340	HLA-DOA
Q96MP5	ZSWIM3
P30039	PBLD
Q8NEQ5	C1orf162
Q92997	DVL3
Q96EM0	L3HYPDH
Q9C075	KRT23
Q8NCY6	MSANTD4
A0A0D9SGF6	SPTAN1
Q96H55	MYO19
Q9BRV3	SLC50A1
Q92539	LPIN2
Q9Y2C4	EXOG
Q9Y257	KCNK6
Q86XK3	SFR1
Q13797	ITGA9
C9JRR9	CASP2
P49459	UBE2A
Q86YR5	GPSM1
A0A1W2PQC2	HADH
Q9H8T0	AKTIP
P51790	CLCN3
P63146	UBE2B
Q9H009	NACA2
O95810	CAVIN2
Q9UKR5	ERG28
O43791	SPOP
Q9NPF8	ADAP2
K7EK45	PTBP1
E9PQC9	EEF1D
H3BV68	VPS35L
D6REQ8	HEXB
A0A1B0GV11	SLC9A6
Q9BZE2	PUS3
B4DV51	RAN
K7ER88	ACAA2
Q96R72	OR4K3
E9PGM1	EIF4G1
F5GZG1	RAP1B
Q96H79	ZC3HAV1L
H0YC10	PABPC1
F5H2I0	PRPF19
Q5QP82	DCAF10
H9KV75	ACTN1
Q9BXC9	BBS2
A0A087WT35	PIP4K2B
H0Y525	ECHDC1
E9PN89	HSPA8
Q8N6Q8	METTL25
Q96A46	SLC25A28
Q0VG06	FAAP100
F8VRY7	BPNT1
O43293	DAPK3
O94952	FBXO21
K7EJB5	SNRPD2
E9PCX7	NNT
B5MCX3	SEPTIN2
V9GY16	TTLL12
K7EJ35	SYNGR2
E5RG19	TMEM30A
O43291	SPINT2
K7EIU0	CDC37
A6NI79	CCDC69
Q9H3R0	KDM4C
H0YEQ8	PABPC4
Q8IVV7	GID4
Q9NWW6	NMRK1
Q8NDZ6	TMEM161B
Q96Q42	ALS2
P59780	AP3S2
Q8N103	TAGAP
Q9H6L4	ARMC7
P22083	FUT4
A0A0B4J1V8	PPAN-P2RY11
Q9UKT8	FBXW2
Q8N8R7	ARL14EP
P37275	ZEB1
Q9NX78	TMEM260
Q9BQ15	NABP2
P51575	P2RX1
O15455	TLR3
Q6ZS30	NBEAL1
Q8WUX2	CHAC2
Q96IR2	ZNF845
P59665	DEFA1
P59665	DEFA1B
I3L4S5	ACOX1
Q5EB52	MEST
Q96GY0	ZC2HC1A
Q70CQ3	USP30
Q9GZU3	TMEM39B
P09564	CD7
Q92747	ARPC1A
Q96QT4	TRPM7
Q9H6K1	ILRUN
Q9Y3D5	MRPS18C
Q13835	PKP1
P57071	PRDM15
O43164	PJA2
Q69YU5	UQCC6
Q5QNW6	H2BC18
Q99877	H2BC15
Q99879	H2BC14
M0QXN1	EMP3
Q04118	PRB3
P40238	MPL
Q96B70	LENG9
Q9UH03	SEPTIN3
O43432	EIF4G3
O75864	PPP1R37
G3V2N5	ACTN1
O00488	ZNF593
Q6ICH7	ASPHD2
Q9BQ89	FAM110A
Q9BRN9	TM2D3
Q7L4S7	ARMCX6
H3BR82	SPNS1
P35221	CTNNA1
Q9H875	PRKRIP1
H0YDS9	NASP
Q13105	ZBTB17
Q96QE5	TEFM
J3QQX3	FDXR
Q9H816	DCLRE1B
P41162	ETV3
Q9BPZ7	MAPKAP1
P57768	SNX16
H0YEW0	STX16
Q6ZSJ8	C1orf122
Q9H7B4	SMYD3
Q96HV5	TMEM41A
Q15714	TSC22D1
Q9ULF5	SLC39A10
Q7Z4L5	TTC21B
P54259	ATN1
Q14207	NPAT
Q12866	MERTK
Q96QF0	RAB3IP
Q5VYX0	RNLS
Q96E16	SMIM19
Q96LD8	SENP8
Q9NU23	LYRM2
Q9NZP8	C1RL
H0YLM8	DMXL2
H0Y9T1	THOC3
P13646	KRT13
Q5VU77	UBAP2L
Q8TBB5	KLHDC4
P52429	DGKE
P19532	TFE3
P0C024	NUDT7
Q9UHK6	AMACR
H0Y9U2	SFPQ
Q99674	CGREF1
O43294	TGFB1I1
M0R3D6	RPL18A
A6NC51	TMEM150B
O00409	FOXN3
Q15836	VAMP3
Q9NUE0	ZDHHC18
C9JSZ1	FUBP1
P24311	COX7B
H3BNA2	CORO1A
K7EKQ2	CDC37
Q9UK39	NOCT
P83369	LSM11
P02771	AFP
Q96C03	MIEF2
Q9Y3A0	COQ4
O95857	TSPAN13
H0Y4W2	TRRAP
Q86XR7	TICAM2
O95989	NUDT3
O75460	ERN1
Q9NSB8	HOMER2
Q92523	CPT1B
Q5EE01	CENPW
E9PCY5	TOP2B
P27449	ATP6V0C
G3V1N5	USP28
Q9UBM1	PEMT
Q96QD8	SLC38A2
O43692	PI15
F8VQZ7	METAP2
A0A0D9SFY5	LMNB1
Q58WW2	DCAF6
Q9NRC1	ST7
Q8N1Q1	CA13
Q05397	PTK2
Q9Y243	AKT3
P07358	C8B
H7BZT1	SF1
Q9H4P4	RNF41
Q15035	TRAM2
H0YKH0	TLE3
Q16829	DUSP7
Q8TAP9	MPLKIP
H3BRN3	PML
Q8N5I9	NOPCHAP1
H7C1I6	BAZ2B
H3BUJ5	PML
K7EL81	PPP1R12C
H0YEM2	MS4A6A
Q9Y5U9	IER3IP1
Q9NZG7	NINJ2
P08514	ITGA2B
O43490	PROM1
O75030	MITF
Q9ULX9	MAFF
Q96CP6	GRAMD1A
Q9GZX9	TWSG1
K7EMS3	KRT19
Q8N8U2	CDYL2
Q9UHW5	GPN3
Q9H5U6	ZCCHC4
Q96Q07	BTBD9
Q2KHR2	RFX7
Q9NQC1	JADE2
P53801	PTTG1IP
Q96RU2	USP28
O94761	RECQL4
Q6NUK4	REEP3
A0A0U1RRM4	PTBP1
M0QYH3	KHSRP
Q04759	PRKCQ
P55854	SUMO3
Q13342	SP140
A8K4G0	CD300LB
Q6ZNE5	ATG14
Q07864	POLE
Q5VV50	ZNF691
C9J0J0	CCDC126
Q8WUY3	PRUNE2
Q9NWV4	CZIB
Q7RTR2	NLRC3
Q8IXZ2	ZC3H3
Q9UHY8	FEZ2
Q8NF64	ZMIZ2
Q08380	LGALS3BP
P35227	PCGF2
E7ESX0	PRPF31
Q8NCE0	TSEN2
O14717	TRDMT1
Q8TEU7	RAPGEF6
Q68CR1	SEL1L3
Q9Y5V0	ZNF706
Q8TAQ2	SMARCC2
A0A1B0GVH0	ARID1B
Q93073	SECISBP2L
Q96NL6	SCLT1
O95900	TRUB2
Q9Y605	MRFAP1
O15265	ATXN7
P10415	BCL2
Q15013	MAD2L1BP
O43505	B4GAT1
Q15334	LLGL1
Q92567	FAM168A
P19256	CD58
Q8WVD5	RNF141
O15239	NDUFA1
O43286	B4GALT5
Q8WXB1	METTL21A
Q7Z2W4	ZC3HAV1
G8JLD5	DNM1L
Q6UX65	DRAM2
Q96QA5	GSDMA
Q9NZW5	PALS2
Q8IX15	HOMEZ
A6NMU3	STAM
Q96IZ6	METTL2A
B3KT61	RALYL
O43521	BCL2L11
Q15544	TAF11
Q8NFU5	IPMK
Q3L8U1	CHD9
Q99501	GAS2L1
O14939	PLD2
Q8IVB4	SLC9A9
Q5T8I3	EEIG2
H0Y9L1	NEDD4
Q96SZ6	CDK5RAP1
Q9NRM7	LATS2
Q96FX2	DPH3
Q9BT73	PSMG3
P01019	AGT
Q86WV5	TEN1
Q3B7J2	GFOD2
Q8IY47	KBTBD2
Q96ES6	MFSD3
Q2NKJ3	CTC1
O75674	TOM1L1
Q8IVB5	LIX1L
Q96GE4	CEP95
Q96NA2	RILP
Q13017	ARHGAP5
Q5T124	UBXN11
B7Z4K9	NAP1L1
Q9NRF2	SH2B1
Q08ET2	SIGLEC14
Q99941	ATF6B
C9J2C0	TUBA8
Q6PK18	OGFOD3
Q9UFC0	LRWD1
J3KPY9	ANTXR2
Q5JWR5	DOP1A
F6R6M7	DDX39B
Q14534	SQLE
Q09328	MGAT5
Q6P2H3	CEP85
Q8IWC1	MAP7D3
Q8NEU8	APPL2
P49759	CLK1
I3L213	PHKB
H3BPS1	TRAPPC2L
Q9NS18	GLRX2
Q8TE04	PANK1
P51687	SUOX
Q6UWB1	IL27RA
Q13239	SLA
A0A0D9SEY1	MAP4K4
Q9BXA5	SUCNR1
Q6NUN9	ZNF746
O75781	PALM
H0Y8H4	NEDD4
Q14722	KCNAB1
P29323	EPHB2
Q9BQE9	BCL7B
H7C4H2	SRPRB
A0M8Q6	IGLC7
P25942	CD40
Q96JC9	EAF1
Q8N543	OGFOD1
Q5VTY9	HHAT
Q6NVH7	SWSAP1
Q9P003	CNIH4
Q9H1N7	SLC35B3
O75319	DUSP11
Q9BVA1	TUBB2B
Q8NCH0	CHST14
Q5HYI7	MTX3
Q8WU10	PYROXD1
Q92466	DDB2
Q14596	NBR1
A0A1W2PQU7	GFAP
Q9H6X4	TMEM134
Q96B42	TMEM18
Q9C0D9	SELENOI
Q9H079	KATNBL1
A5A3E0	POTEF
Q9Y5S2	CDC42BPB
Q4FZB7	KMT5B
H0YM70	PSME2
E5RGN3	ATOX1
G3V5Z6	RBM23
J3KSR6	CMTM3
Q5JUR7	TEX30
Q9H115	NAPB
Q9H9E1	ANKRA2
Q9BTK6	PAGR1
H3BR87	ZNF598
Q9P206	NHSL3
C9JFX4	SIGIRR
P69849	NOMO3
Q92187	ST8SIA4
Q86UR1	NOXA1
Q8WVN6	SECTM1
Q8N142	ADSS1
Q9UH92	MLX
E9PE10	RAVER2
Q76N32	CEP68
Q96CS4	ZNF689
Q96PY6	NEK1
O15078	CEP290
Q9HBG6	IFT122
Q66K89	E4F1
H0Y459	NCOR1
P49326	FMO5
H7C0U6	C1orf53
Q8WV41	SNX33
Q96ED9	HOOK2
P48740	MASP1
H7C0J3	CHD3
A0A0U1RQR6	RTN4
Q9H8N7	ZNF395
G3V0E4	PMPCB
Q16394	EXT1
Q9C040	TRIM2
O60292	SIPA1L3
Q86XP1	DGKH
Q8IY33	MICALL2
Q9Y4A0	JRKL
B8ZZ50	EIF4E2
P35556	FBN2
F5H2E7	LTBR
Q96L58	B3GALT6
Q9UMX1	SUFU
E7EVB6	DTNB
Q9NUP7	TRMT13
Q01814	ATP2B2
K7EQU9	DUS3L
Q9NWQ9	C14orf119
Q03113	GNA12
P53671	LIMK2
Q7Z5Y7	KCTD20
A1L188	NDUFAF8
Q3MIP1	ITPRIPL2
Q8NEY8	PPHLN1
K7EPJ3	DDX39A
O43151	TET3
Q96ST8	CEP89
Q56P03	EAPP
Q96AP0	ACD
Q8TF74	WIPF2
Q9BWE0	REPIN1
P48509	CD151
Q86XI8	ZSWIM9
A6NDD5	SYNDIG1L
F8WC89	SAC3D1
I3L3P7	RPS15A
Q15170	TCEAL1
Q14586	ZNF267
P08887	IL6R
Q9BSF8	BTBD10
Q8NAA5	LRRC75A
Q8IZD2	KMT2E
Q5H9F3	BCORL1
O95271	TNKS
Q8N594	MPND
Q5XKK7	FAM219B
Q14527	HLTF
Q8IWT3	CUL9
Q9UQ88	CDK11A
Q9P2K2	TXNDC16
Q5T5U7	SEPHS1
Q14574	DSC3
Q8NEZ3	WDR19
Q8N0Y2	ZNF444
Q9BSA4	TTYH2
O14639	ABLIM1
Q9NVM4	PRMT7
Q14774	HLX
Q49AN0	CRY2
F8WD26	LMO7
H0YEX2	TAF2
O95848	NUDT14
Q9BXL5	HEMGN
O43502	RAD51C
O60308	CEP104
Q86VP1	TAX1BP1
Q9NQL2	RRAGD
O95278	EPM2A
Q9UJK0	TSR3
Q5T3I0	GPATCH4
Q9Y4D2	DAGLA
Q9BV90	SNRNP25
Q9NVQ4	FAIM
Q8NF99	ZNF397
Q8NFP9	NBEA
Q7Z7K2	ZNF467
H7BYL6	AKAP9
H0YFC4	C2CD5
Q9P2L0	WDR35
Q6PIW4	FIGNL1
Q8N531	FBXL6
A0A182DWH4	HLA-DRB3
Q969H4	CNKSR1
Q8N5Z5	KCTD17
Q96G01	BICD1
Q16678	CYP1B1
Q86VW0	SESTD1
H3BRS6	ADPGK
Q2KHM9	KIAA0753
Q64LD2	WDR25
Q9BQG2	NUDT12
A0A087X0N3	NOL4L
Q5JXC2	MIIP
Q9NVR5	DNAAF2
Q9NNX6	CD209
Q53EZ4	CEP55
O94979	SEC31A
Q7L0J3	SV2A
Q9BTF0	THUMPD2
Q8WX93	PALLD
Q9BQ65	USB1
O60658	PDE8A
Q9BQ90	KLHDC3
Q6UWP8	SBSN
Q9NX01	TXNL4B
Q5W0B1	OBI1
Q9BQC6	MRPL57
Q9UKY4	POMT2
H0YDQ6	PUM1
Q8N5Z0	AADAT
Q9ULW3	ABT1
Q9Y3C5	RNF11
P34096	RNASE4
Q8TEL6	TRPC4AP
O00481	BTN3A1
O75419	CDC45
A0A096LP10	ALG13
Q8NBA8	DTWD2
Q9NY35	CLDND1
Q2TB10	ZNF800
Q14978	NOLC1
O60279	SUSD5
Q8NB46	ANKRD52
Q8IXL6	FAM20C
Q9HCM7	FBRSL1
A0A1B0GWJ6	MYO18A
P98153	DGCR2
Q969W3	VCF1
O15440	ABCC5
H7C0V5	ANKHD1-EIF4EBP3
P25054	APC
Q7Z7A3	CTU1
Q8WUX1	SLC38A5
Q96IU2	ZBED3
Q9Y5W3	KLF2
Q6UY14	ADAMTSL4
Q9BSJ5	MTNAP1
Q9BXK1	KLF16
Q13127	REST
Q16842	ST3GAL2
H0YF63	BCLAF1
A0FGR8	ESYT2
P52943	CRIP2
Q9H9D4	ZNF408
P58215	LOXL3
Q5T6F0	DCAF12
P31997	CEACAM8
P57060	RWDD2B
Q9UBC1	NFKBIL1
Q8WVV9	HNRNPLL
H3BNA5	GDE1
O60336	MAPKBP1
Q93063	EXT2
Q8NCA9	ZNF784
Q96LW4	PRIMPOL
Q9BRT8	ZNG1A
Q9HC44	GPBP1L1
O96033	MOCS2
O95789	ZMYM6
Q96C23	GALM
E7EQJ0	HNRNPH1
Q86VV8	RTTN
Q9H4Z2	ZNF335
H0YC96	LIPT2
O94941	UBOX5
J3QLP4	RIOK3
B8ZZI4	CCDC150
Q8N5C8	TAB3
Q9HCM1	RESF1
Q96NJ6	ZFP3
P52741	ZNF134
Q8NB50	ZFP62
Q9BRR0	ZKSCAN3
Q8TF47	ZFP90
P15622	ZNF250
Q8N587	ZNF561
Q96CX3	ZNF501
Q99676	ZNF184
O15534	PER1
Q8NGR8	OR1L8
Q14191	WRN
Q8NB49	ATP11C
H0YE57	DHCR7
P00374	DHFR
O75665	OFD1
A2A2V2	RBM34
Q9UQ49	NEU3
Q5SVL2	CASP7
Q9Y4C2	TCAF1
O43909	EXTL3
H0YHH6	ATP2B1
O94985	CLSTN1
G3V3B0	ACIN1
Q9NR82	KCNQ5
P20851	C4BPB
Q8TD46	CD200R1
Q8IYK4	COLGALT2
K7ELX0	CEP192
Q6PK04	CCDC137
Q3SXY8	ARL13B
Q6IQ32	ADNP2
Q9HBD1	RC3H2
Q9P0T7	TMEM9
Q9Y6M0	PRSS21
A2RUC4	TYW5
Q7Z695	ADCK2
Q9H999	PANK3
Q96FJ0	STAMBPL1
Q5TCZ1	SH3PXD2A
Q92839	HAS1
P31512	FMO4
M0R286	SAE1
Q969K4	ABTB1
E9PCR7	OGDH
Q8NG06	TRIM58
Q8WVR3	TRAPPC14
J3KTL3	MED24
Q13620	CUL4B
Q8NHU3	SGMS2
Q9H0C5	BTBD1
Q5SNV9	C1orf167
Q149N8	SHPRH
O14613	CDC42EP2
P55289	CDH12
Q9HCL2	GPAM
Q86Y25	ZNF354C
Q6RI45	BRWD3
A6NCS6	C2orf72
Q3KRA9	ALKBH6
P01700	IGLV1-47
Q8WXH0	SYNE2
Q5T5E6	KCNK1
Q9BZF9	UACA
H0Y9P3	CEP192
P50895	BCAM
Q14296	FASTK
Q8N394	TMTC2
Q9UJP4	KLHL21
Q8IXQ3	C9orf40
P21397	MAOA
Q969P0	IGSF8
Q7Z3B3	KANSL1
O00587	MFNG
Q9UGH3	SLC23A2
Q96PE2	ARHGEF17
H0Y3K4	RBM33
Q9H469	FBXL15
Q8IUC6	TICAM1
Q8N3R3	TCAIM
Q9HAZ1	CLK4
Q00536	CDK16
Q9NVR0	KLHL11
O75356	ENTPD5
G3V169	CASP1
D6RCT3	ARR3
P63098	PPP3R1
K7EMW4	NCLN
A0A1B0GUC7	PPP3R2
P78543	BTG2
O15169	AXIN1
J3KRD5	CNDP2
Q9UBS3	DNAJB9
E5RFK7	UBR5
Q9UI36	DACH1
Q92845	KIFAP3
A0A087X169	PHF19
Q9Y244	POMP
F8VYN5	HNRNPA1
Q96KQ7	EHMT2
Q68CJ6	NUGGC
Q2KHR3	QSER1
D6RD90	UBE2J2
Q6AI12	ANKRD40
O00220	TNFRSF10A
Q99728	BARD1
A0A087X0D2	ACIN1
E9PKY5	PPIE
Q9Y2G9	SBNO2
Q96NU7	AMDHD1
Q96FA3	PELI1
Q86WK7	AMIGO3
Q9NW07	ZNF358
Q6ZV73	FGD6
Q5JXI8	FHL1
Q96L34	MARK4
Q8TEK3	DOT1L
A0A0C4DG40	SYNE1
Q9BTL4	IER2
Q6PJG9	LRFN4
E9PB61	ALYREF
A0A087WZG4	ARHGEF18
Q9NWF9	RNF216
Q9UPV9	TRAK1
Q32P51	HNRNPA1L2
Q13651	IL10RA
P14543	NID1
Q8NAT1	POMGNT2
O15375	SLC16A5
Q969Q4	ARL11
A0A0D9SF54	SPTAN1
P56945	BCAR1
O75382	TRIM3
Q6MZQ0	PRR5L
Q9C029	TRIM7
P17098	ZNF8
Q9HAC8	UBTD1
Q5FWF5	ESCO1
H0Y3P2	EIF4G2
Q96L93	KIF16B
Q05516	ZBTB16
Q70Z53	FRA10AC1
P13196	ALAS1
H0Y7V7	DEF6
Q96LB3	IFT74
P07320	CRYGD
H0YAT8	ATP6V1B2
P51787	KCNQ1
Q96CN5	LRRC45
Q14153	FAM53B
Q9UBZ4	APEX2
Q6UXP7	FAM151B
Q8IYR2	SMYD4
D6RIG1	PDE4D
B7Z4M1	RTN3
Q9NZM5	NOP53
P27216	ANXA13
F5GYF8	SIPA1L1
O60337	MARCHF6
H7C3G3	ARHGAP4
Q96MS0	ROBO3
F8WF16	PPHLN1
U3KQT1	ESD
Q96S21	RAB40C
Q67FW5	B3GNTL1
Q96DN5	TBC1D31
P08069	IGF1R
Q6P0N0	MIS18BP1
Q53SF7	COBLL1
Q7RTV5	PRXL2C
P09341	CXCL1
Q86SQ9	DHDDS
J3KN83	CD44
Q6PI26	SHQ1
Q9H7J1	PPP1R3E
Q86WA9	SLC26A11
P47929	LGALS7
P47929	LGALS7B
Q9C0C7	AMBRA1
Q9HCG1	ZNF160
Q16663	CCL15
Q96T68	SETDB2
F8W950	AIMP2
Q9UPV0	CEP164
H0YBN4	PABPC1
Q9H5V8	CDCP1
A0A024R0Y4	TADA2A
Q9Y2B5	VPS9D1
Q86TA1	MOB3B
P05452	CLEC3B
Q9BSE4	HERPUD2
F8VS19	ZNF844
Q6NX49	ZNF544
Q9UC07	ZNF69
Q8N988	ZNF557
Q15973	ZNF124
Q9Y222	DMTF1
E9PNH0	OSBPL5
O15056	SYNJ2
F5H265	UBC
P18065	IGFBP2
P14770	GP9
Q96GF1	RNF185
Q6PID8	KLHDC10
Q99062	CSF3R
Q9Y2X8	UBE2D4
Q6ZV29	PNPLA7
Q9UKA2	FBXL4
Q8WV44	TRIM41
Q5RL73	RBM48
Q96EF0	MTMR8
Q9Y2F5	ICE1
P12829	MYL4
Q92624	APPBP2
Q9BX10	GTPBP2
Q9H093	NUAK2
O60503	ADCY9
Q6P179	ERAP2
H0YDM5	SLC27A3
P98066	TNFAIP6
P51690	ARSL
Q96C55	ZNF524
Q96MX3	ZNF48
Q09327	MGAT3
Q96CN4	EVI5L
Q8TD30	GPT2
B0YJ81	HACD1
P30154	PPP2R1B
Q8N0Z3	SPICE1
Q86UY6	NAA40
Q9P2B2	PTGFRN
Q96M96	FGD4
Q9BS92	NIPSNAP3B
Q9UI95	MAD2L2
Q9NWQ4	GPATCH2L
A0A1B0GUD6	GRAMD1B
Q70HW3	SLC25A26
O14628	ZNF195
Q9UPQ0	LIMCH1
Q96I76	GPATCH3
Q5TB80	CEP162
Q9HAU8	RNPEPL1
Q9BX63	BRIP1
Q9H792	PEAK1
Q6UWY0	ARSK
Q96EX3	DYNC2I2
Q6TFL4	KLHL24
P52798	EFNA4
Q7Z5L2	R3HCC1L
Q9H2C2	ARV1
P38398	BRCA1
E9PFW2	MANBA
O43150	ASAP2
A0A1B0GUS7	UNC13B
P41220	RGS2
Q7Z4S6	KIF21A
Q8N413	SLC25A45
Q31612	HLA-B
Q9H2C0	GAN
C9J6L4	CPVL
P52815	MRPL12
P04440	HLA-DPB1
Q9NYP7	ELOVL5
P30481	HLA-B
P12273	PIP
Q92764	KRT35
P78386	KRT85
O60911	CTSV
Q15323	KRT31
Q9BRX8	PRXL2A
O76013	KRT36
Q9UGN5	PARP2
P01912	HLA-DRB1
Q6ZVX7	NCCRP1
Q8N2U0	TMEM256
H7C239	ATP5PO
P29508	SERPINB3
Q15828	CST6
P80108	GPLD1
P25311	AZGP1
O75342	ALOX12B
A0A0G2JMB2	IGHA2
P01833	PIGR
Q5EP54	HLA-DPB1
Q9Y3R4	NEU2
Q9NZH8	IL36G
Q6KB66	KRT80
Q3SY84	KRT71
P02760	AMBP
H3BSZ2	PRDM11
E7ER45	MGAM
Q14532	KRT32
P19827	ITIH1
Q9UGM3	DMBT1
V9GXZ6	TRMT11
P01619	IGKV3-20
P41439	FOLR3
P31025	LCN1
P36222	CHI3L1
Q15517	CDSN
P08519	LPA
P02452	COL1A1
Q6NUJ1	PSAPL1
P55347	PKNOX1
Q16378	PRR4
Q8IW75	SERPINA12
Q53RT3	ASPRV1
Q86YW9	MED12L
Q16602	CALCRL
Q3ZCW2	LGALSL
Q13228	SELENBP1
Q7Z3Y7	KRT28
M0QX98	CEACAM5
O75914	PAK3
Q7Z3Y8	KRT27
Q9NP55	BPIFA1
Q9H0W9	C11orf54
Q9BZR9	TRIM8
Q7RTP0	NIPA1
P27487	DPP4
C9JRZ8	AKR1B15
Q9Y617	PSAT1
P04745	AMY1A
P04745	AMY1B
P04745	AMY1C
A8K2U0	A2ML1
Q8WVV4	POF1B
P05090	APOD
J3QLR6	FLII
P33981	TTK
P32248	CCR7
Q13588	GRAP
P13760	HLA-DRB1
Q13231	CHIT1
P47895	ALDH1A3
O75556	SCGB2A1
Q8NCU8	MTLN
Q9BPY8	HOPX
Q96DA0	ZG16B
Q6E0U4	DMKN
P13762	HLA-DRB4
Q4U2R6	MRPL51
P16189	HLA-A
Q9UMR5	PPT2
P78385	KRT83
Q8IXQ5	KLHL7
K7ELE2	CALR
Q96RR1	TWNK
P29034	S100A2
Q03181	PPARD
P40199	CEACAM6
O43548	TGM5
P01780	IGHV3-7
P04217	A1BG
Q9Y337	KLK5
P49454	CENPF
A0A0C4DH25	IGKV3D-20
Q14525	KRT33B
P02810	PRH1
P02810	PRH2
P23490	LORICRIN
Q8N6Q3	CD177
Q01546	KRT76
P22748	CA4
O95969	SCGB1D2
P06331	IGHV4-34
A6NHQ2	FBLL1
P49862	KLK7
Q96DR8	MUCL1
P54707	ATP12A
Q9H1E1	RNASE7
Q7L5L3	GDPD3
Q96FQ6	S100A16
B7WNR0	ALB
P01854	IGHE
Q96FX8	PERP
P30483	HLA-B
Q9C0A0	CNTNAP4
C9JCJ9	OLA1
P18464	HLA-B
O43240	KLK10
P08727	KRT19
Q8TDL5	BPIFB1
A0A075B6I0	IGLV8-61
H0Y5H9	SERPINB4
H0Y938	COPB2
P42771	CDKN2A
P60033	CD81
P02795	MT2A
Q99684	GFI1
A8MTT3	CEBPZOS
C9JA93	TBC1D15
I6L899	GOLGA8R
O95183	VAMP5
P62491	RAB11A
Q9UBG0	MRC2
B1AMV8	SFXN4
Q9Y240	CLEC11A
Q8N6M3	FITM2
O95980	RECK
Q9NRP4	SDHAF3
Q15361	TTF1
P25791	LMO2
A0A1B0GV12	GOLGA8N
Q9H1C7	CYSTM1
Q567V2	MPV17L2
O00470	MEIS1
P12821	ACE
Q70YC5	ZNF365
O14908	GIPC1
Q05193	DNM1
Q9H0R3	TMEM222
H0YM51	GOLM2
P07738	BPGM
Q9Y6A1	POMT1
Q9BSM1	PCGF1
P13224	GP1BB
Q15572	TAF1C
Q9Y6G1	TMEM14A
Q9NZV5	SELENON
P13051	UNG
Q9BXM9	FSD1L
O43820	HYAL3
Q9Y689	ARL5A
Q16342	PDCD2
Q95IE3	HLA-DRB1
Q96LL9	DNAJC30
Q9ULG6	CCPG1
Q96NT1	NAP1L5
Q8NDB2	BANK1
O95081	AGFG2
Q53FZ2	ACSM3
P62987	UBA52
Q8NBZ0	INO80E
P28328	PEX2
Q5EBL8	PDZD11
O75071	EFCAB14
Q15800	MSMO1
A1KXE4	FAM168B
U3KPZ5	PHB2
Q7Z7B1	PIGW
Q7Z6I8	C5orf24
Q9NQQ7	SLC35C2
Q9P0B6	CCDC167
Q9Y3P4	RHBDD3
Q96K62	ZBTB45
P04035	HMGCR
Q9UDX5	MTFP1
F8WAZ6	PMPCB
Q96D15	RCN3
Q15744	CEBPE
Q9Y2Y1	POLR3K
P55345	PRMT2
O75486	SUPT3H
P35790	CHKA
R9R4D9	IKZF1
H0YFM9	PIGQ
Q9UIF7	MUTYH
Q11206	ST3GAL4
O76062	TM7SF2
Q9Y2P4	SLC27A6
Q15004	PCLAF
Q9Y289	SLC5A6
Q15051	IQCB1
Q6PCT2	FBXL19
B4E2Q0	ATP2C1
O94900	TOX
Q8TAV0	FAM76A
P04818	TYMS
Q86Y97	KMT5C
Q9Y6R9	CCDC61
G5E9G6	TRIP12
Q9NPE2	NGRN
Q9Y3M9	ZNF337
P54277	PMS1
Q9Y3B6	EMC9
Q86VQ1	GLCCI1
O43439	CBFA2T2
Q9BSG0	PRADC1
Q1ED39	KNOP1
Q9UHJ9	PGAP2
Q9UQ53	MGAT4B
Q86W74	ANKRD46
Q96E22	NUS1
I3L2R7	SERPINF1
O43463	SUV39H1
O00124	UBXN8
O95864	FADS2
M0QYZ1	MAN2B1
O60683	PEX10
Q2TAK8	PWWP3A
Q8N8L6	ARL10
Q9NWX5	ASB6
P78364	PHC1
Q8WU17	RNF139
Q9BSK2	SLC25A33
O60931	CTNS
Q9C0G0	ZNF407
Q9BWL3	C1orf43
Q53TQ3	INO80D
Q6YBV0	SLC36A4
P04053	DNTT
Q9P2Y4	ZNF219
H7C5G8	RBM28
Q9NP50	SINHCAF
F2Z2J1	RPS6KA2
Q96GN5	CDCA7L
P52732	KIF11
Q9UNS1	TIMELESS
Q8TCT6	SPPL3
Q9UBS9	SUCO
Q9NPA5	ZFP64
Q9UKT9	IKZF3
Q8TEA1	NSUN6
Q96JN8	NEURL4
Q9Y2B9	PKIG
Q8TDR0	TRAF3IP1
Q8NBT0	POC1A
Q9BVW5	TIPIN
Q14807	KIF22
A0A0J9YXG2	BCL11A
Q9UKT7	FBXL3
Q9BQD7	ANTKMT
P15884	TCF4
Q6P2H8	TMEM53
Q99551	MTERF1
B7Z9C2	NAP1L1
Q9NPG8	ZDHHC4
A6NFY4	NEMP2
Q15072	ZNF146
O00623	PEX12
P17342	NPR3
B7ZKQ9	SCARB1
Q63HQ0	AP1AR
Q12766	HMGXB3
O95164	UBL3
Q8NAN2	MIGA1
Q9NS91	RAD18
Q9H5I1	SUV39H2
O60427	FADS1
Q8TBF2	PRXL2B
O75110	ATP9A
P35789	ZNF93
J3KR24	IARS1
Q9NPR2	SEMA4B
P53567	CEBPG
O60636	TSPAN2
Q86SE8	NPM2
Q96GD3	SCMH1
Q8WVD3	RNF138
Q9BR77	CCDC77
Q7L4E1	MIGA2
Q9UKB3	DNAJC12
Q7Z7M0	MEGF8
Q15573	TAF1A
Q96DW6	SLC25A38
P62070	RRAS2
P18850	ATF6
O95125	ZNF202
A0A0A0MSH9	CHD1L
P28749	RBL1
Q8TES7	FBF1
Q7Z3K6	MIER3
Q96Q89	KIF20B
Q86UD5	SLC9B2
Q76EJ3	SLC35D2
Q5T0D2	CMPK1
O75326	SEMA7A
P13682	ZNF35
H0YL14	TMEM250
O14683	TP53I11
Q96DH6	MSI2
Q8IV32	CCDC71
A0A0C3SFZ7	MECOM
Q8IXK2	GALNT12
Q9NQX4	MYO5C
Q5T6C5	ATXN7L2
Q15651	HMGN3
Q7Z3E5	ARMC9
Q9H8G1	ZNF430
O75147	OBSL1
Q6NUS6	TCTN3
B9A064	IGLL5
Q9NVV5	AIG1
Q5JTW2	CEP78
P14222	PRF1
Q08357	SLC20A2
Q13015	MLLT11
O75365	PTP4A3
P06239	LCK
O14983	ATP2A1
Q9NQX7	ITM2C
Q8N9L9	ACOT4
E5RG31	MCM4
Q9H237	PORCN
P15313	ATP6V1B1
Q86TZ5	SDR39U1
Q9Y271	CYSLTR1
Q96B01	RAD51AP1
P17302	GJA1
O14763	TNFRSF10B
A9IYQ1	PDS5B
Q6PIF6	MYO7B
Q14938	NFIX
K7EQ37	UNC13D
H3BRD1	UBE2I
O43736	ITM2A
Q6IPR3	TYW3
Q56NI9	ESCO2
A2RU30	TESPA1
Q92563	SPOCK2
Q9NQS7	INCENP
Q8TBF5	PIGX
A6NHM7	ARHGAP22
P36955	SERPINF1
Q95460	MR1
A2RU67	FAM234B
Q8TAU3	ZNF417
H0YLE1	DHRS4L2
O15061	SYNM
Q9UEL6	MPZL1
P15976	GATA1
Q8WWK9	CKAP2
Q6ZN28	MACC1
Q53HL2	CDCA8
Q7Z6A9	BTLA
Q9P2J8	ZNF624
O00463	TRAF5
P49747	COMP
Q9NQB0	TCF7L2
Q15389	ANGPT1
Q04771	ACVR1
Q9HAW4	CLSPN
P23769	GATA2
P02654	APOC1
Q7L4P6	BEND5
Q96LD4	TRIM47
P30457	HLA-A
P10646	TFPI
P17301	ITGA2
Q9H967	WDR76
P98198	ATP8B2
P29017	CD1C
O94898	LRIG2
Q5VWX1	KHDRBS2
P52746	ZNF142
Q14520	HABP2
Q9BQT9	CLSTN3
Q69YG0	TMEM42
P01732	CD8A
A0A087WTL3	ATP5F1D
Q96T52	IMMP2L
O75132	ZBED4
Q14781	CBX2
Q86VM9	ZC3H18
Q6SJ93	FAM111B
P98172	EFNB1
Q96QE3	ATAD5
F8W8C2	VEZT
P80365	HSD11B2
K4DIA0	ICOSLG
Q8TF65	GIPC2
Q9NRQ2	PLSCR4
Q96BF3	TMIGD2
Q9BUA3	SPINDOC
Q7KZI7	MARK2
P15391	CD19
P19440	GGT1
Q16527	CSRP2
Q15669	RHOH
Q96SL8	FIZ1
Q8N2H3	PYROXD2
A0A1W2PRM6	HADH
Q68D06	SLFN13
Q9P291	ARMCX1
Q5HYA8	TMEM67
P30291	WEE1
Q9HA82	CERS4
O15533	TAPBP
P51504	ZNF80
Q96CG8	CTHRC1
O43482	OIP5
Q6P444	MTFR2
P61601	NCALD
Q96GD4	AURKB
P30203	CD6
Q6IQ21	ZNF770
O14508	SOCS2
P41970	ELK3
Q96FF9	CDCA5
P36959	GMPR
Q8N565	MREG
Q9NUV7	SPTLC3
A0A1W2PRJ8	ZDHHC23
Q9NS87	KIF15
Q9P2J9	PDP2
Q969W1	ZDHHC16
P57729	RAB38
Q9NPF0	CD320
Q5JQS6	GCSAML
P05787	KRT8
Q12841	FSTL1
Q9HBW0	LPAR2
D6RCQ8	PGM3
Q5VZK9	CARMIL1
Q5T4B2	CERCAM
P04183	TK1
P03891	MT-ND2
P51124	GZMM
Q9Y592	CEP83
Q6UB35	MTHFD1L
Q9BXH1	BBC3
Q9Y462	ZNF711
D6RIV2	OCIAD1
C9JDQ1	MOGS
Q9BZM1	PLA2G12A
Q99878	H2AC14
Q9UJC3	HOOK1
C9JFN2	TNFSF13
Q9BX67	JAM3
Q6ZWL3	CYP4V2
O75192	PEX11A
Q07108	CD69
P43489	TNFRSF4
E9PRQ4	NDUFC2-KCTD14
O95067	CCNB2
P29074	PTPN4
Q58EX2	SDK2
Q9P1Z0	ZBTB4
P19022	CDH2
F5GY40	NDUFA9
P15428	HPGD
J3KPX7	PHB2
F8VQR0	ARHGAP9
Q13506	NAB1
Q9H6R7	WDCP
Q9Y473	ZNF175
Q13323	BIK
Q9UC06	ZNF70
Q8TF64	GIPC3
Q96PY5	FMNL2
P19174	PLCG1
Q8IYP9	ZDHHC23
Q9NYP9	MIS18A
Q9BXJ3	C1QTNF4
J3KRM2	POLG2
Q9UJ98	STAG3
Q3KQV3	ZNF792
Q9NQ84	GPRC5C
Q14542	SLC29A2
Q8N4X5	AFAP1L2
Q31610	HLA-B
P21589	NT5E
P35555	FBN1
Q9BS91	SLC35A5
Q14188	TFDP2
H0YE96	NARS2
P01848	TRAC
C9JZR7	ACTB
P10144	GZMB
Q02548	PAX5
Q6ZMT1	STAC2
A0A075B7B8	IGHV3OR16-12
G5E972	TMPO
H0YJH7	TMPO
Q8TAA5	GRPEL2
Q7Z4S9	SH2D6
Q03112	MECOM
Q8WUM9	SLC20A1
Q56A73	SPIN4
P06127	CD5
Q6IE81	JADE1
A0A087WWZ6	PRDM11
Q5T8P6	RBM26
H0YAV2	ERGIC1
O14757	CHEK1
P01880	IGHD
B1AM21	GNAQ
H3BQT1	GLG1
Q08477	CYP4F3
Q9NZN4	EHD2
P37287	PIGA
Q969S2	NEIL2
Q15043	SLC39A14
O95178	NDUFB2
A2AJT9	BCLAF3
Q9BPX7	C7orf25
Q9H6Q3	SLA2
Q8N972	ZNF709
Q99607	ELF4
Q99608	NDN
Q6GPH6	ITPRIPL1
Q16763	UBE2S
Q9HC38	GLOD4
Q8NCM8	DYNC2H1
Q99732	LITAF
E9PM82	ASCC1
O15021	MAST4
P42701	IL12RB1
Q9NTW7	ZFP64
Q8N9Q2	SREK1IP1
Q9H8P0	SRD5A3
Q8TBK6	ZCCHC10
Q86W33	TPRA1
P13501	CCL5
O75084	FZD7
Q9UP38	FZD1
Q96H96	COQ2
P35443	THBS4
Q8TCX1	DYNC2LI1
Q8N8Q8	COX18
Q9H400	LIME1
O14777	NDC80
B7Z879	VPS11
Q15543	TAF13
P30626	SRI
Q9H425	C1orf198
P23511	NFYA
C9J3W3	PPAN
Q9C0D5	TANC1
P21583	KITLG
V9GYT5	RUNX1
A0A096LP01	SMIM26
P61073	CXCR4
Q9NQ40	SLC52A3
Q9NPF2	CHST11
Q9Y5Q0	FADS3
Q69YI7	NAIF1
Q96B77	TMEM186
P0CG39	POTEJ
Q9H3J6	MTRFR
P78410	BTN3A2
Q8N165	PDIK1L
Q96CV9	OPTN
A0A096LP69	CD99
Q8WY91	THAP4
P12235	SLC25A4
Q5TF39	MFSD4B
Q96HR8	NAF1
P01909	HLA-DQA1
Q96KN1	LRATD2
Q9BTX7	TTPAL
Q92771	DDX12P
Q7L3B6	CDC37L1
Q5VUG0	SFMBT2
Q5H9E4	SLC25A53
Q8N118	CYP4X1
Q9C0K1	SLC39A8
E5RFP4	RBPMS
Q9UIW2	PLXNA1
Q5T8I9	HENMT1
P31260	HOXA10
P29400	COL4A5
Q9NRR3	CDC42SE2
Q9BRY0	SLC39A3
O60353	FZD6
Q8WUY8	NAT14
O43934	MFSD11
Q86UB9	TMEM135
Q9UHC6	CNTNAP2
Q5VSG8	MANEAL
O43462	MBTPS2
Q9H9J4	USP42
Q9BUG6	ZSCAN5A
O75928	PIAS2
K7EP86	RHOT1
Q8N8Q9	NIPA2
Q9HC78	ZBTB20
F8VWT9	HECTD4
Q0P651	ABHD18
Q8IX90	SKA3
Q9Y5V3	MAGED1
F8W7U8	MRE11
Q9P281	BAHCC1
Q9UPT9	USP22
Q9BXS4	TMEM59
Q03014	HHEX
E7EX54	MAPK14
Q69YH5	CDCA2
Q96HU1	SGSM3
C9JM79	PPIG
A0AVK6	E2F8
B0QZK9	HP1BP3
P12277	CKB
Q9UG01	IFT172
Q96M94	KLHL15
Q6AZZ1	TRIM68
Q9H992	MARCHF7
Q5W0Q7	USPL1
Q99661	KIF2C
O60762	DPM1
Q5D1E8	ZC3H12A
Q6NT04	TIGD7
Q86W34	AMZ2
Q96CP7	TLCD1
Q9BV35	SLC25A23
Q0VDI3	TMEM267
G3V363	SCFD1
P0DJ07	PET100
Q9H7X7	IFT22
P53803	POLR2K
U3KPS2	PRTN3
E5RJL3	ASPH
Q9NSQ0	RRP7BP
O75752	B3GALNT1
A0A087WXX8	SDHB
Q9H5V7	IKZF5
P38435	GGCX
A6NNL5	C15orf61
P35625	TIMP3
Q86V93	ZNF75A
Q96AK3	APOBEC3D
Q8WV28	BLNK
Q6P6B7	ANKRD16
C9J808	NIFK
Q9H977	WDR54
P55197	MLLT10
G3V5I6	ZC3H14
H0YJW7	SLIRP
Q7Z406	MYH14
Q9BWC9	CCDC106
Q49AG3	ZBED5
P31321	PRKAR1B
P35712	SOX6
Q6NS38	ALKBH2
O75354	ENTPD6
A4D126	CRPPA
C9JZB0	INPP5K
Q9HD23	MRS2
Q9NQZ7	ENTPD7
Q9Y5U4	INSIG2
O43257	ZNHIT1
Q9H8J5	MANSC1
Q3SY17	SLC25A52
Q8IZR5	CMTM4
E7ETU9	PLOD2
Q6AZW8	ZNF660
O94782	USP1
P20963	CD247
Q7L311	ARMCX2
Q8N1G1	REXO1
Q8N9B5	JMY
H0YFL7	C1RL
A0A0G2JLC0	C1QBP
Q8TEF2	C10orf105
Q9NQG1	MANBAL
Q9Y644	RFNG
Q96MF6	COQ10A
Q86VI3	IQGAP3
Q8NB15	ZNF511
P0CK96	SLC35E2B
Q92626	PXDN
P49450	CENPA
A2AEA2	HLA-C
Q9Y255	PRELID1
Q5U5Q3	MEX3C
H0YCG2	LAMP2
P18846	ATF1
Q9NTN3	SLC35D1
Q6P5R6	RPL22L1
Q16890	TPD52L1
Q99576	TSC22D3
Q6ZRY4	RBPMS2
Q8N3F0	MTURN
H0YJ17	NGDN
Q16773	KYAT1
Q9NXL6	SIDT1
Q8N883	ZNF614
Q92834	RPGR
F5H8B4	UTY
Q9UBX8	B4GALT6
Q96IK1	BOD1
P08048	ZFY
Q6AHZ1	ZNF518A
Q8IYX8	CEP57L1
Q86VQ6	TXNRD3
H7C2S9	MTO1
Q16647	PTGIS
Q6P1M3	LLGL2
Q8N3Z6	ZCCHC7
Q8WTR2	DUSP19
C9J977	TFDP2
Q6ZN04	MEX3B
Q9UBK5	HCST
M0R2Q6	FKBP8
Q9UJA2	CRLS1
A0A1W2PNZ7	HLA-C
Q12887	COX10
Q17RC7	EXOC3L4
P21854	CD72
C9JLR9	ZFTA
Q0P6D6	CCDC15
P48378	RFX2
O00192	ARVCF
Q3B820	FAM161A
Q9BXR5	TLR10
Q9BXC1	GPR174
P10242	MYB
Q53EQ6	TIGD5
Q9H672	ASB7
P04234	CD3D
Q6NSJ0	MYORG
Q9Y283	INVS
Q8N3S3	PHTF2
O00762	UBE2C
P49448	GLUD2
F2Z333	FNDC10
P54760	EPHB4
Q9BU19	ZNF692
P09693	CD3G
Q9Y247	FAM50B
B7Z5R0	ZNF747
Q9Y3V2	RWDD3
Q99618	CDCA3
Q9UJU2	LEF1
E7EN32	MEN1
E7EQ06	CASP8
Q6ZU35	CRACD
Q9UI33	SCN11A
Q9HBG7	LY9
H3BP71	RNF40
Q5T4D3	TMTC4
Q8IYL2	TRMT44
Q14088	RAB33A
Q9BRB3	PIGQ
Q99758	ABCA3
M0QZM1	HNRNPM
Q7Z4V0	ZNF438
A0A0A0MT14	IKZF2
A7MCY6	TBKBP1
Q8TDW4	ST7L
P35408	PTGER4
Q9BWT1	CDCA7
Q15049	MLC1
Q9NWH7	SPATA6
P19438	TNFRSF1A
B1AHL2	FBLN1
Q9Y5U5	TNFRSF18
Q13114	TRAF3
Q9NY59	SMPD3
Q9UKL3	CASP8AP2
P52736	ZNF133
Q499Z4	ZNF672
P51523	ZNF84
Q8TF20	ZNF721
Q68DY9	ZNF772
P17036	ZNF3
P17041	ZNF32
Q9HBT8	ZNF286A
Q9NZB8	MOCS1
O15370	SOX12
O15013	ARHGEF10
H7C463	IMMT
Q96BU1	S100PBP
Q8TF72	SHROOM3
Q53T94	TAF1B
P01130	LDLR
Q8N2E2	VWDE
Q4VCS5	AMOT
Q6TFL3	CCDC171
Q10571	MN1
Q9NPI0	TMEM138
Q96QP1	ALPK1
Q9NZL3	ZNF224
Q12894	IFRD2
Q15147	PLCB4
J3QSV6	RSL1D1
Q9NWW7	C2orf42
A0A087WT39	LIME1
Q9Y3P8	SIT1
Q13946	PDE7A
P35222	CTNNB1
K7EQU6	ATP5F1A
A4D1B5	GSAP
Q9Y366	IFT52
C9JZ53	IPO5
Q8N6R1	SERP2
O00512	BCL9
E5RIW6	SLC25A30
P57057	SLC37A1
Q08431	MFGE8
Q7Z304	MAMDC2
Q16348	SLC15A2
P42679	MATK
I3L3Y2	RBBP6
Q2TAM9	TUSC1
O95633	FSTL3
Q8WUU4	ZNF296
Q9P0M9	MRPL27
Q9H972	C14orf93
O75911	DHRS3
P56817	BACE1
Q14135	VGLL4
O75564	JRK
Q8IVW8	SPNS2
Q9HCM9	TRIM39
P21359	NF1
Q14587	ZNF268
P22749	GNLY
Q92843	BCL2L2
Q8N184	ZNF567
Q8N9U0	TC2N
F8W785	GOLIM4
P07947	YES1
Q9UKE5	TNIK
A0A087X1K9	LYPLA1
Q9NTU7	CBLN4
Q96ND8	ZNF583
Q7Z340	ZNF551
Q9HB09	BCL2L12
P20908	COL5A1
P20273	CD22
Q8WYA0	IFT81
Q52LA3	LIN52
H0YIG1	CERS5
P57775	FBXW4
Q86Y46	KRT73
Q9BWG4	SSBP4
Q9NPD8	UBE2T
Q8WXD5	GEMIN6
Q9Y2D8	SSX2IP
Q2M2I5	KRT24
E9PN50	PSMC3
Q96CD2	PPCDC
Q14956	GPNMB
J3KQN4	RPL36A
P33764	S100A3
P02458	COL2A1
Q8NEX9	SDR9C7
Q16720	ATP2B3
C9JUF0	EIF4A2
P83881	RPL36A
P46020	PHKA1
P62837	UBE2D2
K7ERI7	RPL22
O94916	NFAT5
J3QK89	CHERP
O60462	NRP2
O60880	SH2D1A
P08123	COL1A2
P60413	KRTAP10-12
P30613	PKLR
F2Z2I8	STOML2
B7Z613	GPM6B
P48552	NRIP1
P55327	TPD52
Q7LFL8	CXXC5
P61764	STXBP1
E7EUC7	UGP2
P28330	ACADL
O95670	ATP6V1G2
H9KVD5	FYTTD1
Q07002	CDK18
Q9BYJ1	ALOXE3
H0YE00	FRY
P34913	EPHX2
P02461	COL3A1
O15066	KIF3B
Q8TD47	RPS4Y2
R4GNH3	PSMC3
A0A140TA69	KRT34
B8ZZC5	GLS
Q16853	AOC3
Q60FE5	FLNA
A8MUX0	KRTAP16-1
Q9P2F8	SIPA1L2
O14602	EIF1AY
Q14210	LY6D
E3W994	CLASP2
A0A140T936	VARS1
P56279	TCL1A
A8MPS7	YDJC
Q58FF3	HSP90B2P
Q5KU26	COLEC12
Q8NDV3	SMC1B
Q8IZU2	WDR17
Q9C0D0	PHACTR1
F8VPF9	CS
H0YE90	GFUS
H7BZW1	CFAP298-TCP10L
C9JKI7	MAD1L1
Q9UKU9	ANGPTL2
O75600	GCAT
P51530	DNA2
F2Z2F6	SLC2A6
Q03013	GSTM4
P09488	GSTM1
Q9Y2D5	PALM2AKAP2
V9GZ54	MSN
J3QL06	HYOU1
A0A0J9YW64	DOCK11
O96017	CHEK2
Q2NKX9	C2orf68
Q13950	RUNX2
Q92918	MAP4K1
Q9NV79	PCMTD2
Q14055	COL9A2
Q8N3A8	PARP8
P30711	GSTT1
O14492	SH2B2
Q7Z309	PABIR2
Q8N300	SVBP
Q86WU2	LDHD
Q14CW9	ATXN7L3
O95302	FKBP9
H0YCR7	RNH1
Q8TF40	FNIP1
E9PNZ3	DGKZ
Q8WTS1	ABHD5
Q9H4M3	FBXO44
Q96DX7	TRIM44
Q5T624	NASP
Q8IW19	APLF
Q9H0B6	KLC2
Q96CJ1	EAF2
K7EK53	EIF3K
Q9HCE3	ZNF532
F5GYS8	MEIS1
O15360	FANCA
O95817	BAG3
Q9BZD4	NUF2
P20248	CCNA2
Q2NKX8	ERCC6L
H3BNP9	SQOR
P08138	NGFR
O14578	CIT
H7BZG6	AP1S2
A0A0J9YXQ7	DOCK11
H3BPS8	ALDOA
Q9H201	EPN3
C9J618	TBRG4
Q9Y426	C2CD2
O43374	RASA4
E9PQ14	DPP3
Q9P0N9	TBC1D7
H7C5A0	RFC2
M0R2C7	ARHGEF1
C9JJV6	MYADM
Q7L2Z9	CENPQ
P51795	CLCN5
F5H4P9	AKAP7
P68032	ACTC1
Q9Y448	KNSTRN
O75155	CAND2
Q9HBM1	SPC25
Q02241	KIF23
J3QKV4	SF3B3
O60229	KALRN
E9PGZ1	CALD1
O43663	PRC1
O95235	KIF20A
Q9BXS6	NUSAP1
Q9NRG1	PRTFDC1
H0YCC8	PABPC4
Q08495	DMTN
O94805	ACTL6B
Q8NEM2	SHCBP1
A0A140T9L8	MPIG6B
Q86Y91	KIF18B
Q9NY25	CLEC5A
A0A087X091	WDR13
Q9UBG3	CRNN
B1AKB5	TFEB
F5H068	NUMA1
C9J1E1	BLVRA
H7BZ64	TNS3
H0YBN9	PPP2CB
Q96BD8	SKA1
Q15398	DLGAP5
O75330	HMMR
H0YJ03	PSMA3
Q9H4I2	ZHX3
P02745	C1QA
B4DJL6	INTS14
Q9NSV4	DIAPH3
Q0ZGT2	NEXN
Q7RTP6	MICAL3
Q6PK81	ZNF773
P53350	PLK1
D6RA82	ANXA3
Q8WW22	DNAJA4
Q9NYZ3	GTSE1
H0YIJ6	PIP4K2C
H0YB48	INTS10
H0YAW4	EIF3E
P08473	MME
D4Q8H0	pk
P14207	FOLR2
F5H6I6	CAND1
C9JZ81	XRCC5
K7EIK4	THOP1
E5RJ88	INTS9
Q96GX5	MASTL
F5H755	ACSF3
I3NI51	URI1
H0YE46	RBM25
Q8IYA6	CKAP2L
H0YJ88	LRP1
H3BPF6	PFDN5
Q9H0H5	RACGAP1
A0A0G2JLV0	TAP2
P14635	CCNB1
O15392	BIRC5
P46439	GSTM5
Q8NG31	KNL1
F8WAQ3	ABI2
H0YIV0	HSP90B1
P20962	PTMS
H7C069	SEC61A2
P20333	TNFRSF1B
H0YG25	ETV6
Q17RS7	GEN1
Q15058	KIF14
P56282	POLE2
Q9P2W1	PSMC3IP
P02747	C1QC
Q5TBC7	BCL2L15
O14965	AURKA
Q8NB91	FANCB
O43379	WDR62
J3KT24	CD68
O43236	SEPTIN4
Q9H8V3	ECT2
K7ES63	TUBB6
Q496F6	CD300E
Q96ET8	TVP23C
H0YHI8	PPP1R12A
P61024	CKS1B
P33552	CKS2
D6RAY2	MATR3
H0YCP8	PUF60
Q99967	CITED2
Q63HK5	TSHZ3
Q96SI1	KCTD15
Q99719	SEPTIN5
K7ERM3	CARM1
W4VSQ9	TRIP10
Q96DR4	STARD4
Q9BUT9	MCRIP2
Q6P4F7	ARHGAP11A
P13533	MYH6
Q8N5S9	CAMKK1
Q4W5P6	SMIM43
Q96R06	SPAG5
Q96E14	RMI2
Q5T8T7	MED22
H0YEY7	KNL1
Q641Q2	WASHC2A
Q562F6	SGO2
Q9NRG4	SMYD2
P0C866	LINC00869
Q53QV2	LBH
A0A087X243	GSTP1
Q14674	ESPL1
P0DJI8	SAA1
Q8WXG6	MADD
Q9H788	SH2D4A
O14641	DVL2
Q6QHF9	PAOX
P08476	INHBA
Q4VC05	BCL7A
Q8N4B1	PHETA1
P23297	S100A1
E5RHP5	MCM4
O75496	GMNN
Q86UX6	STK32C
Q8WVZ9	KBTBD7
Q9NZN5	ARHGEF12
Q96EA4	SPDL1
Q9NX04	AIRIM
P57721	PCBP3
Q6UWU2	GLB1L
Q15131	CDK10
Q5VY30	RBP4
Q86XZ4	SPATS2
Q9UJ71	CD207
F5H8C8	QKI
Q96DC7	TMCO6
Q9UJ14	GGT7
Q9NP87	POLM
Q5SQI0	ATAT1
Q9NXW9	ALKBH4
P51956	NEK3
M0R213	NAPA
B0QZ55	YY1AP1
Q9BVN2	RUSC1
F5GY77	NUP107
O75425	MOSPD3
Q07075	ENPEP
Q9HC62	SENP2
P55196	AFDN
Q9NRN9	METTL5
D6R9B6	RPS3A
O00327	BMAL1
G3V4X0	SHMT2
Q9NW38	FANCL
H7C393	APEH
O75191	XYLB
Q96JK9	MAML3
P63302	SELENOW
Q5SZL2	CEP85L
Q9BW66	CINP
Q8IYT2	CMTR2
Q9H479	FN3K
H0Y9Y8	RUFY1
Q9UIK4	DAPK2
Q14CB8	ARHGAP19
H0YDT5	ACADM
Q9UM82	SPATA2
Q13322	GRB10
Q96F85	CNRIP1
Q8TDX6	CSGALNACT1
Q969Q6	PPP2R3C
Q9Y463	DYRK1B
A0A286YF81	CYTH2
F5H726	TCP1
Q8N1W2	ZNF710
H0Y4Z7	CRAT
E5RHR2	ELP3
E9PM17	PAK1
E9PQX9	DRAP1
Q9H171	ZBP1
E9PR42	PRCP
P06734	FCER2
Q6ZQN7	SLCO4C1
H3BQA8	SKIC8
A9QM74	KPNA7
H0YJK1	KLC1
Q4G0N0	GGTA1
E2QRE5	TRAF3IP3
B5MCX7	ANKRD54
Q9UF56	FBXL17
Q53HC5	KLHL26
F5H3G7	OLR1
P32927	CSF2RB
Q9NSG2	FIRRM
Q9NVW2	RLIM
P51813	BMX
Q6ZN40	TPM1
Q9H7P9	PLEKHG2
Q9BZ72	PITPNM2
B7Z2R7	ACBD5
Q5XLA6	CARD17P
P35219	CA8
Q8IXJ9	ASXL1
Q02410	APBA1
P53814	SMTN
P21108	PRPS1L1
Q14999	CUL7
Q7Z3D4	LYSMD3
Q9UBC9	SPRR3
A0A1B0GWG0	EPB41
Q7L273	KCTD9
M0QX69	UBE2M
Q6ZMQ8	AATK
O75015	FCGR3B
P04156	PRNP
B7ZM87	SRGAP2
Q96DB9	FXYD5
P51451	BLK
O15287	FANCG
Q5TBQ0	LSM14B
O95872	GPANK1
E9PDK2	UNKL
Q2KJY2	KIF26B
A0A087WWU1	TMEM237
Q8NCC5	SLC37A3
Q9BY66	KDM5D
E7ERI8	CLASP2
Q8NCD3	HJURP
Q8N1I0	DOCK4
Q2TB18	ASTE1
O14638	ENPP3
M0R0J3	HDGFL2
P15151	PVR
O15438	ABCC3
Q9P278	FNIP2
Q6ZN57	ZFP2
Q14585	ZNF345
P22557	ALAS2
Q9NZ71	RTEL1
P23276	KEL
O94988	FAM13A
Q02224	CENPE
Q86XK2	FBXO11
P55268	LAMB2
B7ZBB8	PPP1R3G
C9JZE5	KLC4
E9PCB6	NLN
Q07157	TJP1
B2RTY4	MYO9A
Q13309	SKP2
Q6PI73	LILRA6
Q9NQS5	GPR84
A0A1B0GUH3	SPTAN1
Q9NZU5	LMCD1
U3KQH5	NUP205
K7EQF8	LONP1
M0R398	ZNF414
Q99708	RBBP8
Q8WXE0	CASKIN2
Q9BSJ6	PIMREG
Q96JD6	AKR1E2
Q8IZT6	ASPM
P02008	HBZ
Q15223	NECTIN1
H0YNF5	IDH3A
P15812	CD1E
Q13478	IL18R1
Q9H4H8	FAM83D
Q15582	TGFBI
H7C4C5	MAP4
P51817	PRKX
Q9UNX3	RPL26L1
K7EJD7	CELF4
Q9UPY8	MAPRE3
Q96KV7	WDR90
G5E975	SMARCB1
O60516	EIF4EBP3
B9TX12	MED16
A0A087WVD1	LENG9
Q9BQ24	ZFYVE21
A8MTL9	HMSD
A0A1B0GV45	MYO18A
Q9Y5N5	HEMK2
Q86VY4	TSPYL5
Q9NSY0	NRBP2
O94760	DDAH1
K7EJC2	GMIP
E9PQG4	PDE4DIP
Q6DN14	MCTP1
Q9Y575	ASB3
O00213	APBB1
C9J5H8	NCDN
Q8IW50	FAM219A
Q9BYJ4	TRIM34
Q9C073	FAM117A
Q7Z6V5	ADAT2
Q5TGY1	TMCO4
Q9P1T7	MDFIC
Q5XUX1	FBXW9
E7ETI4	AFF1
E7ESU7	CTBP1
A2VDF0	FUOM
O60381	HBP1
Q8NDI1	EHBP1
F5GWH4	CHFR
Q96AY2	EME1
Q9NP58	ABCB6
Q9NSI6	BRWD1
Q3KNV8	PCGF3
Q8N5P1	ZC3H8
Q5VYV7	SLX4IP
J3KNF8	CYB5B
Q9P2M4	TBC1D14
H7C1V4	NCKAP5L
A0A0A0MT72	CCM2
H7C089	TTC38
Q9H015	SLC22A4
Q15417	CNN3
J3QQX8	NT5C
K7EMX1	SPC24
E7ENZ3	CCT5
H0YCY1	PICALM
P51681	CCR5
Q13772	NCOA4
E7EX47	CD36
B3KPU0	PDLIM2
Q15696	ZRSR2
Q0P5N6	ARL16
K7ELX8	AP3D1
Q96NY9	MUS81
Q96J88	EPSTI1
K7ER90	EIF3G
P17081	RHOQ
D6R9T2	PARP8
B7ZAP0	RABGAP1L
A0A096LNW1	ATRX
Q8IV20	LACC1
B1AJU2	TRAF3IP3
Q92623	TTC9
Q9UQF2	MAPK8IP1
H0Y9R4	RPL9
B3KYB6	PITPNB
Q9Y5X0	SNX10
I3L459	PITPNA
Q03001	DST
A0A0B4J1W3	NAA15
Q9Y2G7	ZFP30
Q5TBK1	N4BP2L1
D6RCQ4	IK
C9JNR7	SEPTIN10
Q5T7Y7	CHTOP
H3BR68	ALDOA
F1T0C9	OTX2
H0YDN1	PLEC
H7C1Y7	NDUFA10
O60759	CYTIP
Q5T3U5	ABCC10
Q02386	ZNF45
C9JI87	VDAC1
O95045	UPP2
Q30154	HLA-DRB5
O00408	PDE2A
Q8TBR7	TLCD3A
Q9P0V9	SEPTIN10
Q92784	DPF3
H7C126	HIBCH
Q96C24	SYTL4
G3V1B9	TM9SF1
P09493	TPM1
F8WCT1	ARL6IP4
P43119	PTGIR
E9PFN4	SLC4A7
Q8WVP5	TNFAIP8L1
A0A1B0GTL5	RAB11FIP5
Q9P0V3	SH3BP4
R4GMY7	STXBP2
J3KRZ1	DDX5
Q8IYI8	ZNF440
Q9ULK2	ATXN7L1
Q8N720	ZNF655
Q9H3C7	GGNBP2
Q8TCT0	CERK
Q9H0K1	SIK2
O95837	GNA14
P57075	UBASH3A
U3KQA2	PBX3
P48668	KRT6C
Q96DE5	ANAPC16
C9JA08	NMD3
A0A0U1RQL8	GSN
O60673	REV3L
P06727	APOA4
P78317	RNF4
P62324	BTG1
Q5R3K3	CALHM6
Q96SD1	DCLRE1C
P37173	TGFBR2
C9JZL3	OGT
U3KQF3	TPI1
H0Y9Q1	LAP3
Q5TC79	ZBTB37
Q9BX97	PLVAP
G5EA36	CDC27
Q8NBI2	CYB561A3
Q7Z3B0	SMIM15
H7C096	BNIP2
Q96A37	RNF166
Q86UU1	PHLDB1
Q99418	CYTH2
P09172	DBH
Q9H244	P2RY12
Q9BWV3	CDADC1
P40189	IL6ST
Q6NTE8	MRNIP
C9JB56	ARHGAP25
Q9UMW8	USP18
H7BYK1	TES
Q9Y2V0	CDIN1
O00625	PIR
Q12891	HYAL2
P11473	VDR
Q92526	CCT6B
Q9Y496	KIF3A
O94887	FARP2
Q15124	PGM5
Q659C4	LARP1B
C9J2V2	IKBKG
Q86UF1	TSPAN33
Q9BWT6	MND1
V9GZ17	TUBA8
Q15173	PPP2R5B
C9JGE3	EWSR1
Q15528	MED22
H7C071	CAMK1
A0A1B0GVF7	ACY1
O14595	CTDSP2
Q7L804	RAB11FIP2
Q8IY45	AMN1
R4GN89	C16orf74
Q8IW41	MAPKAPK5
A0A0G2JRN3	SERPINA1
I3L0L4	ENDOV
P34947	GRK5
J3QLS9	CRLF3
Q5CZA5	ZNF805
Q8NA42	ZNF383
Q6K0P9	PYHIN1
Q9ULC8	ZDHHC8
Q53HC0	CCDC92
A4D161	FAM221A
Q9BWK5	CYREN
P57730	CARD18
D6RDA2	DEK
E9PM51	GTF2H1
P25089	FPR3
Q96RV3	PCNX1
Q9C0D2	CEP295
Q8N1E6	FBXL14
Q9NW75	GPATCH2
Q9NRC8	SIRT7
P52737	ZNF136
Q14159	SPIDR
Q96SN7	ORAI2
O94921	CDK14
Q9BVG3	TRIM62
Q92871	PMM1
Q9P126	CLEC1B
H0YDU3	TOR1AIP1
E9PLR4	HBS1L
Q9ULM6	CNOT6
P49810	PSEN2
Q16625	OCLN
C9JYN0	SYPL1
Q92966	SNAPC3
Q86WR7	PROSER2
Q9HAC7	SUGCT
H0YNA4	IVD
K7EJ63	TRIM47
Q9Y225	RNF24
Q96K83	ZNF521
P12838	DEFA4
O43251	RBFOX2
G3V2Y4	SHMT2
O60637	TSPAN3
Q16739	UGCG
A0A087X2F1	ZSCAN26
O75324	SNN
O75146	HIP1R
P12110	COL6A2
H7C4N9	MCM2
P17542	TAL1
Q9BXM0	PRX
J3QRY3	NUP85
H3BNG7	NUP93
B5MCN0	ATL2
C9JXZ5	VAMP8
A0A0C4DFN3	MGLL
C9JWG0	UGP2
Q9BYT3	STK33
E9PJV0	ALDH3B2
H7C2M8	NELFA
C9JNZ1	UGP2
Q14185	DOCK1
Q8WXS3	BAALC
H0Y9H7	NADK2
O75095	MEGF6
P0CG24	ZNF883
Q765P7	MTSS2
H7C2M7	ARMC10
Q5T073	LIPA
Q92796	DLG3
P16444	DPEP1
Q58EX7	PLEKHG4
H0YF33	NASP
O75385	ULK1
Q6NZI2	CAVIN1
Q8WWZ3	EDARADD
P04229	HLA-DRB1
A8MWY0	ELAPOR2
P04275	VWF
Q9NR48	ASH1L
Q06730	ZNF33A
Q96FL9	GALNT14
O15062	ZBTB5
Q05513	PRKCZ
Q6DKJ4	NXN
Q96AY3	FKBP10
Q9H869	YY1AP1
Q14126	DSG2
I6L8B7	FABP5
A0AVF1	IFT56
Q19AV6	ZSWIM7
F6X3N5	GNB1
H7C141	OPA1
H7C2N5	ELAPOR2
H7BZB3	CAD
Q92543	SNX19
D6RF23	RACK1
E9PRK3	POLD3
A0A087WVV1	PSMB2
F8WDN7	SACM1L
M0QZ21	AP2S1
A0A0C4DFX0	NOL6
F8VVX6	COQ5
Q5VZF2	MBNL2
V9GY67	RHOF
E5RI98	NPM1
Q5SRR8	DDAH2
Q5VTD9	GFI1B
Q96BY9	SARAF
K7EKP8	ACOT7
P00915	CA1
C9JPP3	RBBP4
Q9UBI4	STOML1
Q6IQ20	NAPEPLD
O43255	SIAH2
F5H7I4	GABPB1
O15060	ZBTB39
Q96PL5	ERMAP
A6NHX0	CASTOR2
Q9UDR5	AASS
O75290	ZNF780A
Q99574	SERPINI1
Q8NEL0	CCDC54
Q9HC24	TMBIM4
Q9NWD9	BEX4
C9JP76	CLASP1
Q702N8	XIRP1
Q969S0	SLC35B4
Q5T190	FLAD1
Q7RTW8	OTOA
Q9H2T7	RANBP17
Q9NRR1	CYTL1
E9PRI3	WEE1
H3BU07	CBFA2T3
H7C2F9	R3HDM1
Q9NQZ8	ZNF71
J3QS51	ISYNA1
Q96M11	HYLS1
Q8N6N7	ACBD7
Q8IVL6	P3H3
O60296	TRAK2
Q96AY4	TTC28
P32929	CTH
P08913	ADRA2A
O14775	GNB5
H0Y6M5	MPV17
H0YNZ0	GABPB1
Q8WXX7	AUTS2
Q8N9I9	DTX3
H0YJX2	PSMC6
Q6UXN8	CLEC9A
Q8TD31	CCHCR1
Q9HBL0	TNS1
B2RUZ4	SMIM1
P00568	AK1
Q05469	LIPE
Q13885	TUBB2A
Q8TBN0	RAB3IL1
Q9NRW1	RAB6B
Q9UKU0	ACSL6
P12111	COL6A3
Q9NYZ2	SLC25A37
P16109	SELP
Q02094	RHAG
O95274	LYPD3
Q6B0K9	HBM
Q9NZD4	AHSP
H0YM12	ETFA
Q02952	AKAP12
Q9UDY6	TRIM10
Q9BQI3	EIF2AK1
Q14247	CTTN
Q3ZCM7	TUBB8
P14091	CTSE
Q9H0R5	GBP3
A0A087WZ02	DGKH
P09105	HBQ1
Q96HJ5	MS4A3
Q9H1J1	UPF3A
Q96DU3	SLAMF6
Q9HA38	ZMAT3
Q96L08	SUSD3
O95568	METTL18
P50747	HLCS
A6NM28	ZFP92
Q9Y4C5	CHST2
P17020	ZNF16
Q8IX07	ZFPM1
A6ZKI3	RTL8C
H0YNP8	TCF12
E9PL37	CAPN1
P0C7M7	ACSM4
E9PIR5	AMPD3
U3KQP0	BASP1
P35749	MYH11
A0A1W2PR68	ME2
Q5T8U3	RPL7A
A0A0G2JPB1	HLA-C
Q6ZWK4	RHEX
Q9C0C4	SEMA4C
P0C0L4	C4A
P10914	IRF1
P13765	HLA-DOB
P08174	CD55
Q14766	LTBP1
E9PQT8	PHF1
Q8N2K1	UBE2J2
Q7Z3F1	GPR155
P15088	CPA3
O60346	PHLPP1
Q9BY11	PACSIN1
P12319	FCER1A
K7ESK7	UBA2
Q96MD2	KICS2
H3BVI6	CNN2
E7EN19	MAP4K4
A4D1S5	RAB19
Q6PIZ9	TRAT1
O14950	MYL12B
Q12983	BNIP3
Q9NYZ4	SIGLEC8
F8WDA1	PRKAG2
G3XAH0	SEPTIN5
Q3LIE5	ADPRM
Q8IYN0	ZNF100
Q13099	IFT88
P49918	CDKN1C
Q9C0F3	ZNF436
Q86UQ4	ABCA13
Q86WV1	SKAP1
O43543	XRCC2
Q9H0M0	WWP1
Q8NA19	L3MBTL4
B1AHC4	PRR5-ARHGAP8
Q9UL17	TBX21
Q8TEZ7	PAQR8
E7ERJ7	PABPC1
P11836	MS4A1
Q9BWG6	SCNM1
Q05940	SLC18A2
I3L1Z9	ANKFY1
Q04724	TLE1
Q8IYS5	OSCAR
A0A0U1RR07	SYTL2
F8VX04	SLC38A1
Q96FC9	DDX11
Q9BRQ5	ORAI3
Q5VU43	PDE4DIP
A0A087WZM2	RNASET2
Q9UEE5	STK17A
O15151	MDM4
Q5TEJ0	RPA2
Q9Y5Y4	PTGDR2
O43542	XRCC3
Q9NPA3	MID1IP1
A6NGR9	MROH6
Q14678	KANK1
Q5TDE8	RNF220
P85299	PRR5
Q7Z6J0	SH3RF1
H0Y6G2	CAMK2G
Q8N8K9	KIAA1958
Q06945	SOX4
Q9H5J0	ZBTB3
O75467	ZNF324
Q9UHK0	NUFIP1
O43708	GSTZ1
Q9H6B1	ZNF385D
Q96HA8	NTAQ1
Q7L513	FCRLA
P51826	AFF3
Q96RY5	CRAMP1
Q9NS56	TOPORS
Q09019	DMWD
Q8TBK2	SETD6
O75764	TCEA3
Q9BXI3	NT5C1A
Q9Y6R0	NUMBL
A0A087WX58	HDGFL2
Q8N6F7	GCSAM
Q9BQI6	SLF1
Q9UBE8	NLK
Q96N06	SPATA33
Q9P2P1	NYNRIN
Q6ZN06	ZNF813
Q9H3L0	MMADHC
Q9H9V9	JMJD4
I3L0L0	RUNX2
Q14526	HIC1
Q86V15	CASZ1
H0YD52	CLINT1
Q9H707	ZNF552
Q53GI3	ZNF394
Q96H40	ZNF486
O43298	ZBTB43
Q86T82	USP37
Q9UHI5	SLC7A8
Q96IP4	TENT5A
P78329	CYP4F2
P17097	ZNF7
P49682	CXCR3
Q9NPA2	MMP25
Q9H1C0	LPAR5
Q9UJ78	ZMYM5
A0A0A0MRJ3	NAV1
H0Y9N3	PHYKPL
O75061	DNAJC6
Q96AP4	ZUP1
Q8WWZ7	ABCA5
Q86VK4	ZNF410
Q5TAP6	UTP14C
O14640	DVL1
Q99592	ZBTB18
A0A088AWN3	DOCK9
Q504T8	MIDN
Q13555	CAMK2G
P17014	ZNF12
Q6P2D0	ZFP1
A0A087WWK8	IQSEC1
H9KV32	CD200R1
O94972	TRIM37
K7ENY4	RAB5C
Q8WXI8	CLEC4D
Q9BSK4	FEM1A
Q8WW33	GTSF1
O00767	SCD
K7ER74	APOC4-APOC2
Q9BSK0	MARVELD1
Q96E17	RAB3C
Q9Y275	TNFSF13B
P43003	SLC1A3
C9JZG2	GART
P30455	HLA-A
P15090	FABP4
P55058	PLTP
P27338	MAOB
Q9HA90	EFCC1
Q709F0	ACAD11
Q99541	PLIN2
Q6UVJ0	SASS6
P98155	VLDLR
P06756	ITGAV
O00592	PODXL
Q9UJW8	ZNF180
A0A087WYU8	RUSC1
Q96Q80	DERL3
P05413	FABP3
B6A8C7	TARM1
Q96AP7	ESAM
O95229	ZWINT
P05186	ALPL
Q99640	PKMYT1
P11047	LAMC1
Q9BZR6	RTN4R
P09912	IFI6
P19320	VCAM1
Q9Y5N6	ORC6
Q6UXB4	CLEC4G
P55056	APOC4
P27930	IL1R2
P35542	SAA4
P40261	NNMT
P40198	CEACAM3
Q9H246	C1orf21
P00451	F8
M0R1F7	PLD3
A0A087WWB9	RAB13
K7EPG9	FAM210A
Q8TAZ6	CMTM2
O43405	COCH
Q8WWQ8	STAB2
P13746	HLA-A
Q96HE9	PRR11
P30504	HLA-C
Q9HAZ2	PRDM16
C9JJZ7	HNRNPLL
P0DJI9	SAA2
J3QSF7	MPO
P00740	F9
P00749	PLAU
Q9UBI6	GNG12
J3QQQ7	PTGR3
Q5T5P2	KIAA1217
Q8TDS4	HCAR2
Q5VUD6	DIPK1B
Q9UM21	MGAT4A
B7Z3Z9	ACSL1
P04216	THY1
O14791	APOL1
O94956	SLCO2B1
Q05682	CALD1
K7EMR1	GRN
F8WEL8	SLC25A40
G5E9W9	GIMAP4
P55083	MFAP4
H3BND9	PCBP2
P01036	CST4
P40197	GP5
P08910	ABHD2
P02750	LRG1
P16442	ABO
O75525	KHDRBS3
Q8N729	NPW
O75023	LILRB5
A1L390	PLEKHG3
Q8IZV5	RDH10
O95968	SCGB1D1
P83110	HTRA3
R4GN83	BSG
Q8TF71	SLC16A10
P20062	TCN2
A0A1W2PR34	PIGT
Q9Y5Y0	FLVCR1
P07359	GP1BA
F8VXY1	CERS5
Q96A00	PPP1R14A
A6NIR3	AGAP5
Q9Y6Q6	TNFRSF11A
P31947	SFN
P30460	HLA-B
A0A1W2PP77	HLA-C
K7EJF9	COPS3
Q4V9L6	TMEM119
Q8IZN3	ZDHHC14
Q9P2Q2	FRMD4A
Q15111	PLCL1
Q9UIV8	SERPINB13
O43683	BUB1
Q8N3Y3	LARGE2
A0A087X090	FDPS
Q9UQ84	EXO1
Q16627	CCL14
Q9HCN3	PGAP6
O60507	TPST1
Q8TBZ8	ZNF564
P10145	CXCL8
Q96LA6	FCRL1
Q9C0B9	ZCCHC2
H0Y990	ABCE1
A0A1B0GWI8	ARID1B
O00628	PEX7
C9JY63	OXR1
Q9NQ38	SPINK5
P29016	CD1B
Q9Y6K8	AK5
Q8NCK3	ZNF485
P52926	HMGA2
P0DP57	SLURP2
Q02487	DSC2
P36952	SERPINB5
P55000	SLURP1
D6RAT4	CNBP
A0A286YEZ8	HNRNPR
Q06609	RAD51
Q5JRJ0	TSC22D3
Q8WWA0	ITLN1
Q6B0I6	KDM4D
Q92874	DNASE1L2
H7C008	TMEM214
Q8WWY7	WFDC12
Q9UJW7	ZNF229
Q8WTP8	AEN
A6NCC3	GOLGA8O
Q9UKY1	ZHX1
P53539	FOSB
Q96PE1	ADGRA2
A0A0C4DGP4	PRKCSH
F8W9S7	GAPVD1
A0A0M3HER2	CENPV
P60006	ANAPC15
K7EIG1	CLUH
Q96G04	EEF2KMT
Q9UBJ2	ABCD2
A0A087WX73	AKAP13
P0CJ79	ZNF888
P11831	SRF
Q9BQL6	FERMT1
Q2QGD7	ZXDC
H3BQM0	PAPD5
H0YH80	HNRNPA1
Q9GZT4	SRR
Q92698	RAD54L
A7KAX9	ARHGAP32
P49674	CSNK1E
Q9HAB3	SLC52A2
K7ELB1	DNMT1
Q9H7X3	ZNF696
Q9BUN5	CCDC28B
Q8N5U6	RNF10
Q99569	PKP4
J3KR51	ZNF525
Q8N961	ABTB2
Q6PCD5	RFWD3
O60294	LCMT2
Q15464	SHB
H0YBA1	PCM1
Q969Y0	NXPE3
Q5JW30	STAU1
B5MBX5	LBH
C9J7A3	DOCK8
Q9BS31	ZNF649
Q9H0W5	CCDC8
P17019	ZNF708
Q8TF50	ZNF526
Q9NZJ0	DTL
Q8N3L3	TXLNB
F5H760	MGST1
A0A0A0MSK4	GPSM1
Q6V9R5	ZNF562
Q8NEM0	MCPH1
Q9UJT0	TUBE1
H0YBD9	RMDN1
Q96NA8	TSNARE1
Q9UKS6	PACSIN3
Q8IV61	RASGRP3
Q5T5U3	ARHGAP21
Q7L590	MCM10
Q6ZR64	MXRA7
B2RBV5	MRFAP1L2
Q96GC6	ZNF274
E9PS34	NAP1L4
C9JWJ8	NFIX
Q8TEJ3	SH3RF3
P21741	MDK
Q9H4X1	RGCC
Q92613	JADE3
Q9H8M7	MINDY3
Q86SX3	TEDC1
O15315	RAD51B
Q6NVV7	CDPF1
Q9Y253	POLH
M0QYS1	RPL13A
P12018	VPREB1
H7C5A2	EMC1
Q86XF7	ZNF575
Q9BY08	EBPL
A0A1W2PQ72	MSANTD7
Q8N2R8	FAM43A
Q9UP52	TFR2
Q8TCX5	RHPN1
F8VV59	NAP1L1
O15020	SPTBN2
P78559	MAP1A
Q86UZ6	ZBTB46
G3V3M6	APEX1
Q14680	MELK
H7C2Q2	DKC1
Q5FWF4	ZRANB3
Q3ZCT1	ZNF260
Q9UPT5	EXOC7
Q99550	MPHOSPH9
Q9Y620	RAD54B
Q9HAW0	BRF2
F8WF22	THOC7
Q9HC77	CPAP
C9JB29	CASP8
O96020	CCNE2
H3BRM6	GSTM1
Q15040	JOSD1
I3L505	NDUFAB1
D6R973	CDV3
G3V5Q0	KTN1
Q5VXD3	SAMD13
Q86VG3	IFTAP
Q9UPG8	PLAGL2
Q8WUE3	CCNE2
Q5VW22	AGAP6
A2RRD8	ZNF320
B5MDW0	ERG
Q8WTU0	DDI1
J3KSC1	ZNF18
Q96H35	RBM18
Q6NSZ9	ZSCAN25
Q9BSF0	C2orf88
Q9BRK4	LZTS2
Q15649	ZNHIT3
Q9H5J8	TAF1D
Q99767	APBA2
Q96BR9	ZBTB8A
A0A0C4DFV9	SET
O15304	SIVA1
K7ELI9	SDF2
Q9H211	CDT1
Q8IUD2	ERC1
P17025	ZNF182
Q9NPC7	MYNN
P53804	TTC3
A0A0J9YWM6	ALDH7A1
O43734	TRAF3IP2
Q12948	FOXC1
Q86XN6	ZNF761
Q9Y330	ZBTB12
H0Y8H8	LEMD2
J3KSX6	NT5C
Q6PJP8	DCLRE1A
J3KS87	NUP85
H0YC95	CTNND1
Q8N5D6	GBGT1
P35052	GPC1
A0A0D9SEP7	CHD2
H0Y8R5	RACK1
Q96HI0	SENP5
P25116	F2R
Q9NYP3	DONSON
D6REM4	CSNK1A1
P20749	BCL3
Q8IUQ4	SIAH1
Q9BWW8	APOL6
Q9UK33	ZNF580
Q95604	HLA-C
P23771	GATA3
A0A087WWP8	RSBN1
Q9UL36	ZNF236
Q9UBZ9	REV1
P0DMW3	SMIM10L1
Q8N2A8	PLD6
E9PDM8	SEC24D
Q9NQV8	PRDM8
Q9BUB4	ADAT1
Q15759	MAPK11
O15488	GYG2
P51587	BRCA2
H0Y742	SUN1
P14921	ETS1
Q15468	STIL
O95405	ZFYVE9
Q9UH36	SRRD
A0A087WT34	MBD3
Q2M1P5	KIF7
Q8N3J3	HROB
P10075	GLI4
Q96H12	MSANTD3
H0YDC5	PUM1
P19021	PAM
O60551	NMT2
Q8IZ13	FAM200C
P33151	CDH5
Q8IUX7	AEBP1
Q5T7V8	GORAB
H0Y9B9	NPR3
Q6PCB0	VWA1
O15350	TP73
P14314	PRKCSH
A6NFQ2	TCAF2
Q7L3S4	ZNF771
E5RGA2	EIF3E
Q96JM2	ZNF462
Q9Y600	CSAD
O96015	DNAL4
Q9NQU5	PAK6
Q9P241	ATP10D
C9JXC3	OARD1
E9PCZ3	INPP4B
Q6T4P5	PLPPR3
P81274	GPSM2
Q6P582	MZT2A
Q96PD5	PGLYRP2
P04921	GYPC
Q49AM3	TTC31
Q9BR11	ZSWIM1
P55198	MLLT6
O00571	DDX3X
Q8TDG4	HELQ
Q5H9S7	DCAF17
Q9NYF5	FAM13B
K7ES11	UBE2O
D6RF62	PAICS
Q9NWM8	FKBP14
Q9H7U1	CCSER2
Q9P0K7	RAI14
O00311	CDC7
Q3SY77	UGT3A2
Q01094	E2F1
Q8IVU3	HERC6
P48551	IFNAR2
Q8N3Y1	FBXW8
Q8TEW0	PARD3
O75845	SC5D
H3BU53	MGA
H0Y6T0	NCOA7
Q9UQ16	DNM3
Q96DY7	MTBP
Q13237	PRKG2
Q6UWW8	CES3
Q96SM3	CPXM1
F8VZZ0	CDK4
Q5TCU3	TPM2
Q9Y4U1	MMACHC
F5H8F7	ASH2L
K7EM96	VMP1
Q6P9F7	LRRC8B
Q8N9G1	SEC16A
Q9H4B6	SAV1
Q66K64	DCAF15
Q96IK5	GMCL1
P28827	PTPRM
Q8N8J6	ZNF615
J3QKS7	SMARCE1
B4DED4	HAGHL
H3BQS2	MAZ
Q8TBC3	SHKBP1
Q1ZZU3	SWI5
Q86V87	FHIP2B
Q96JQ0	DCHS1
H0YIY6	MARK3
O60218	AKR1B10
Q8NC26	ZNF114
Q86Z02	HIPK1
Q9UJA3	MCM8
Q8NDH6	ICA1L
Q96EN9	REX1BD
O95153	TSPOAP1
Q9NZV1	CRIM1
Q9UPQ4	TRIM35
Q86WZ6	ZNF227
Q9UNN8	PROCR
Q9H8M5	CNNM2
Q5T0W9	FAM83B
Q96CC6	RHBDF1
P41134	ID1
Q63HK3	ZKSCAN2
A0A5B6	TRBV28
Q9UJJ7	RPUSD1
P11217	PYGM
Q14894	CRYM
O95147	DUSP14
Q9UBL6	CPNE7
P08253	MMP2
Q969L4	LSM10
F5H8D7	XRCC1
Q9UJG1	MOSPD1
A0A0G2JQ90	ZNF43
P0DI83	RAB34
P49675	STAR
Q16533	SNAPC1
Q3SY52	ZIK1
O95833	CLIC3
Q8N448	LNX2
A0A096LP49	CCDC187
Q86YA3	ZGRF1
P28908	TNFRSF8
P35713	SOX18
Q1MSJ5	CSPP1
Q8NAG6	ANKLE1
Q9H2S9	IKZF4
P62079	TSPAN5
Q9BWQ6	YIPF2
P13497	BMP1
Q6ZUT6	CCDC9B
Q96JL9	ZNF333
A2A305	UBAP2
Q8IWK6	ADGRA3
Q12834	CDC20
Q7Z624	CAMKMT
Q9Y4I5	TESMIN
Q9Y5A6	ZSCAN21
P51843	NR0B1
Q9P2M7	CGN
Q86XE0	SNX32
Q9NXG0	CNTLN
Q9UFD9	RIMBP3
Q8N8Z6	DCBLD1
Q9Y242	TCF19
A0A0B4J2G0	ZNF107
Q8IWY4	SCUBE1
Q8IVH8	MAP4K3
H0YGH1	PFAS
Q8IZ40	RCOR2
Q9NWB7	IFT57
Q03989	ARID5A
A6H8Y1	BDP1
Q96SK3	ZNF607
Q9BSG1	ZNF2
Q9H0E3	SAP130
Q14129	DGCR6
D6REE5	RACK1
Q9P2G9	KLHL8
Q9BU20	CPLANE2
Q8TDM6	DLG5
Q9HCL3	ZFP14
Q12923	PTPN13
Q9NYI0	PSD3
Q9BVA6	FICD
Q5VT25	CDC42BPA
B7ZLF3	LOC728743
Q16587	ZNF74
B4DU55	ZNF879
Q8IYB9	ZNF595
A8MT65	ZNF891
C9JVC3	ZNF717
P51814	ZNF41
P36508	ZNF76
Q9NQX6	ZNF331
O14786	NRP1
Q9NX31	OSER1
Q96C45	ULK4
Q9Y4C4	MFHAS1
Q13332	PTPRS
Q9P2B7	CFAP97
Q9NR83	SLC2A4RG
F6M2K2	NCOA6
H0Y9L9	PDS5A
Q5JST6	EFHC2
Q9Y2M0	FAN1
Q7Z3I7	ZNF572
F8VZ69	PA2G4
H3BSK8	RBBP6
Q9NYF3	FAM53C
G5E9R9	RO60
Q92628	KIAA0232
Q92750	TAF4B
Q6ZMU1	C3P1
A8MW92	PHF20L1
Q9P2K6	KLHL42
Q8TDN4	CABLES1
H7C1X2	GGT5
F8VWX5	TMEM106C
Q9C0D7	ZC3H12C
Q15569	TESK1
M0QZG7	SNRPA
Q7Z628	NET1
Q96AJ1	CLUAP1
Q8N3R9	PALS1
Q96IW2	SHD
A0A075B729	BOP1
Q8TAP8	PPP1R35
Q96I27	ZNF625
Q9BQE5	APOL2
Q9NYW8	RBAK
Q8IV56	PRR15
Q9NWD8	TMEM248
Q15329	E2F5
O95072	REC8
P17707	AMD1
A1L020	MEX3A
Q9NVM1	EVA1B
Q9Y6Q3	ZFP37
Q86T29	ZNF605
P34925	RYK
Q12815	TROAP
Q96DT7	ZBTB10
Q96M89	CCDC138
Q9C0A6	SETD5
Q9NXL9	MCM9
Q8WUJ1	CYB5D2
Q96LW9	ZSCAN31
Q9ULD9	ZNF608
B4DGI9	TCF12
F5H0H5	CADM1
Q96SQ5	ZNF587
Q14865	ARID5B
O14977	AZIN1
H7C2X3	HEATR5B
O00468	AGRN
O75461	E2F6
Q86YD1	PTOV1
Q7Z5U6	WDR53
Q14106	TOB2
Q9NXB0	MKS1
P49336	CDK8
P50281	MMP14
D6REZ0	RAP1GDS1
C9JW01	PUM2
E9PN48	ARFGAP2
Q5RI18	HNRNPU
D6RJF2	PAIP1
P48380	RFX3
Q6ZTU2	EP400P1
Q8N6I1	EID2
Q969W8	ZNF566
Q05481	ZNF91
Q6ZNL6	FGD5
Q92791	P3H4
Q86UT8	CENATAC
P18577	RHCE
Q9H0E9	BRD8
Q13349	ITGAD
Q86VZ2	WDR5B
Q969G3	SMARCE1
P22492	H1-6
Q15560	TCEA2
A0A1X7SBS0	ELP4
Q9HBK9	AS3MT
P02724	GYPA
P05108	CYP11A1
A2AB05	MDC1
Q96MV1	TLCD4
P78381	SLC35A2
Q15583	TGIF1
Q01844	EWSR1
Q7L945	ZNF627
Q9H5J4	ELOVL6
Q7Z5H3	ARHGAP22
Q9ULJ8	PPP1R9A
P14672	SLC2A4
C4AMC7	WASH3P
I3L2G3	FN3KRP
P61968	LMO4
E5RFR7	TPD52
H0YI23	YLPM1
Q9Y284	WDR83OS
Q9P2H3	IFT80
B1APR7	EYA3
K7EMV4	ELOF1
Q9H1K6	TLNRD1
Q96E93	KLRG1
A0A087X1S3	HUWE1
Q9NP31	SH2D2A
H0Y3N9	PHF8
K7EJ09	ILF3
A6ND36	FAM83G
Q9P2C4	TMEM181
O95760	IL33
P11309	PIM1
O75618	DEDD
O76054	SEC14L2
Q12870	TCF15
O94955	RHOBTB3
Q3YBR2	TBRG1
B5MCU0	R3HDM2
Q2M2Z5	KIZ
Q9BX66	SORBS1
Q9HB96	FANCE
B1AHD3	PDXP
C9IZG4	CUTA
Q5VU61	TPM3
Q12796	PNRC1
O60879	DIAPH2
A0A1B0GU48	EHMT1
H0YGR0	ITFG2
Q13113	PDZK1IP1
Q96SR6	ZNF382
A0A1B0GV32	MEF2C
K7EMR4	SLC25A39
Q13285	NR5A1
P22531	SPRR2E
Q7Z3Y9	KRT26
P57735	RAB25
P08729	KRT7
P43308	SSR2
Q8WWM9	CYGB
A0A0A0MSY2	GTF2IRD2
Q99584	S100A13
Q9Y365	STARD10
Q14CN4	KRT72
O95867	LY6G6C
Q5SQN1	SNAP47
Q96RJ3	TNFRSF13C
M0QXC2	GMFG
Q9Y576	ASB1
Q9UJF2	RASAL2
Q5SX86	GDI2
P01877	IGHA2
F8W642	CS
O43315	AQP9
Q5SQ64	LY6G6F
C9JAK5	ARF4
Q9P0S3	ORMDL1
Q96FE7	PIK3IP1
O94889	KLHL18
O60478	GPR137B
Q96DZ9	CMTM5
O76074	PDE5A
A2A2Y4	FRMD3
Q99959	PKP2
O75581	LRP6
Q9P2D1	CHD7
F5H3I6	FERMT3
G3V5F7	EVL
Q5T3G3	TLE1
P06732	CKM
Q13641	TPBG
P24387	CRHBP
Q13882	PTK6
O14910	LIN7A
C9K0P5	GPD1L
Q9NZV6	MSRB1
Q2TAC2	CCDC57
O75954	TSPAN9
Q9NPG4	PCDH12
Q9P1W3	TMEM63C
P07951	TPM2
Q5TYW1	ZNF658
Q14588	ZNF234
P07864	LDHC
A6NLU0	RFPL4A
E5RK63	ANXA6
A0A0A0MRP6	SMARCA1
Q86XI6	PPP1R3B
X6R8P6	INIP
P41231	P2RY2
Q86YW5	TREML1
Q6ZUS6	CCDC149
Q96PQ1	SIGLEC12
P13761	HLA-DRB1
H0YNY7	ZHX3
P53041	PPP5C
Q96GU1	PAGE5
J3KSH8	JPT1
E9PLY5	MACF1
O14771	ZNF213
D6RAV0	CDV3
Q9Y546	LRRC42
C9JYW3	TSC22D1
Q2Q1W2	TRIM71
Q9HC73	CRLF2
E9PLU0	PDHX
D6RCR4	DBN1
P61952	GNG11
Q15678	PTPN14
A0A1W2PRG7	FGD5
F8WF86	UBA3
A0A087WUW5	PTBP1
P16422	EPCAM
G3V336	UBR7
Q96QD5	DEPDC7
P61647	ST8SIA6
Q8WXE1	ATRIP
D6RHV0	PPWD1
Q8TAU0	NKX2-3
H3BPG5	RNPS1
Q9NZ53	PODXL2
Q5T013	HYI
O14986	PIP5K1B
I3L352	DDX19A
O60347	TBC1D12
Q14590	ZNF235
Q8N5H3	FAM89B
Q96G75	RMND5B
Q9NY64	SLC2A8
A0A0C4DFZ9	PAN3
Q9BU70	TRMO
A0A087WVT6	SSBP3
O14924	RGS12
H0Y4R5	TMEM201
P10586	PTPRF
Q6PJG2	MIDEAS
Q9UKA8	RCAN3
Q9UHI8	ADAMTS1
Q96PV7	FAM193B
P09067	HOXB5
P24394	IL4R
Q9BZR8	BCL2L14
P51805	PLXNA3
Q8NDZ2	SIMC1
P49746	THBS3
P18465	HLA-B
H7BZ94	P4HB
Q96GE6	CALML4
P0DPA2	VSIG8
P40259	CD79B
Q9NUN7	ACER3
H3BU13	PKM
P17483	HOXB4
Q8NHQ1	CEP70
H0Y9Y2	BOD1L1
Q9UK97	FBXO9
C9JUY3	DNAH7
Q02930	CREB5
E9PCX8	TNS3
A8MZF8	MPRIP
E9PLK4	AHNAK
A6PVN5	PTPA
Q9UJ90	KCNE5
Q9UJQ1	LAMP5
P80294	MT1H
Q9GZV4	EIF5A2
Q08AD1	CAMSAP2
P13640	MT1G
Q53G59	KLHL12
O75971	SNAPC5
P07949	RET
Q8IVL0	NAV3
Q9H9S4	CAB39L
P06681	C2
Q12837	POU4F2
A1Z1Q3	MACROD2
O95154	AKR7A3
P31269	HOXA9
I3L3P1	ARHGAP17
Q9Y3R0	GRIP1
X6R631	MRPL55
Q7Z3Z4	PIWIL4
Q9GZM8	NDEL1
Q9NVV9	THAP1
O75896	TUSC2
P52895	AKR1C2
Q01851	POU4F1
Q8WY54	PPM1E
Q8N568	DCLK2
A0A140TA76	LSM14A
Q8ND83	SLAIN1
Q01064	PDE1B
Q8TB73	NDNF
Q8TD43	TRPM4
K7EL86	IGFLR1
Q6BCY4	CYB5R2
Q8N6C5	IGSF1
G3V4Y8	ATL1
D6RIA2	MATR3
Q03135	CAV1
Q96DD7	SHISA4
E5RFP0	NUDCD2
Q6ZN18	AEBP2
Q9HCJ6	VAT1L
Q96HP0	DOCK6
Q8NFL0	B3GNT7
I3L3U6	P4HB
Q9BRQ3	NUDT22
E9PJS8	ECHDC1
P80297	MT1X
P40424	PBX1
Q6ZRV2	FAM83H
Q9H7X0	NAA60
Q4KMQ1	TPRN
Q9H4D5	NXF3
P04733	MT1F
Q8IZL8	PELP1
Q6ICB4	PHETA2
F5GXF9	AFF1
O15527	OGG1
Q5TCQ9	MAGI3
Q12791	KCNMA1
Q8NC54	KCT2
Q86VE0	MYPOP
P10588	NR2F6
Q70CQ4	USP31
Q9C010	PKIB
A0A1W2PP97	THSD8
Q9NWH2	TMEM242
Q9NR34	MAN1C1
Q96FT9	IFT43
O60733	PLA2G6
Q96I15	SCLY
P08247	SYP
P07550	ADRB2
Q96QU6	ACCS
Q0IIM8	TBC1D8B
Q6PGN9	PSRC1
Q9Y4J8	DTNA
A0A087WT67	ZNF195
Q8IXH6	TP53INP2
Q8WUT1	POLDIP3
O60239	SH3BP5
Q8WXA3	RUFY2
Q9P266	JCAD
O94991	SLITRK5
H0Y624	ATP11A
H7C144	ACTN4
A0A0U1RQI5	SORBS1
P17017	ZNF14
K7ESP6	QTRT1
Q15011	HERPUD1
Q86V71	ZNF429
Q96L50	LRR1
Q9Y5T4	DNAJC15
E9PN76	RNF214
Q9NR81	ARHGEF3
H0YDT0	REPS1
H3BR34	MT1B
H7C2V1	PLOD3
Q53FV1	ORMDL2
P51532	SMARCA4
Q96T49	PPP1R16B
O43699	SIGLEC6
C9JRL6	EML2
P0DP91	ERCC6
Q9H9S3	SEC61A2
O60243	HS6ST1
Q96GR4	ZDHHC12
Q8WXC6	COPS9
Q8NBQ7	AQP11
Q9H6D3	XKR8
Q5JVS0	HABP4
O60890	OPHN1
H7C0H2	RBM33
Q9NQR1	KMT5A
B4DLC8	STAT2
H0YAR2	PABPC1
Q6TCH7	PAQR3
A6NC05	C5orf63
Q9Y2K9	STXBP5L
A0A0C4DFT3	DLG1
Q14738	PPP2R5D
Q9BYV9	BACH2
Q8WWX9	SELENOM
H3BRK1	PARN
O43157	PLXNB1
Q9ULC3	RAB23
Q9Y4X0	AMMECR1
B4DKY1	CARS1
Q9UFB7	ZBTB47
I3L282	ZC3H7A
G3V114	DOK2
J9JIE4	C19orf47
O14782	KIF3C
Q96C74	ROPN1L
Q7L5A3	ATOSB
Q9HBH9	MKNK2
J3KSC0	LINC01387
H7C5Q2	ACOT9
C9JKS0	NR2C2
Q96FI4	NEIL1
Q6Q0C0	TRAF7
O75943	RAD17
Q9H8L6	MMRN2
G3V4X1	PSMC1
Q8N4U5	TCP11L2
H7BZV4	ARL6IP4
F8VXI9	GIT2
Q9HAU4	SMURF2
Q9Y6M4	CSNK1G3
H0Y5H6	UBAP2L
J3KNV4	ITGA7
P22001	KCNA3
P60022	DEFB1
Q9UHJ3	SFMBT1
E9PR63	RCOR3
O15457	MSH4
M0R1T5	CHMP2A
Q8N4Z0	RAB42
Q13077	TRAF1
H0YDQ8	CRTC2
J3QR07	YTHDC1
A0A0C4DH34	IGHV4-28
Q8NCR0	B3GALNT2
Q5VTQ0	TTC39B
Q9Y4F9	RIPOR2
Q7Z5N4	SDK1
Q9NYA4	MTMR4
F8VSD4	UBE2N
Q86XN8	MEX3D
A6NF51	BPNT1
O75161	NPHP4
A0A075B6F9	NOSIP
Q9H461	FZD8
D6R9M0	KIF2A
Q96MT3	PRICKLE1
Q5VV17	OTUD1
Q86T90	KIAA1328
Q99689	FEZ1
Q9BRL7	SEC22C
Q8NES3	LFNG
Q92569	PIK3R3
Q9H0M5	ZNF700
Q75T13	PGAP1
A6NMZ7	COL6A6
H0YJG4	CHD8
Q8N9K5	ZNF565
Q96KR7	PHACTR3
A8K8V0	ZNF785
Q8TAS1	UHMK1
Q14576	ELAVL3
Q9H867	VCPKMT
Q5TEA3	DNAAF9
Q9BUU2	METTL22
P50479	PDLIM4
P78413	IRX4
P15036	ETS2
H0Y815	THOC2
A0A0C4DGX9	TTC8
Q9C0D6	FHDC1
Q8WX92	NELFB
H7C3L5	TAX1BP1
C9JUX2	FAM133B
K7ESC7	ACOX1
Q96NY8	NECTIN4
H0YBN6	CSNK1G3
Q9H4D0	CLSTN2
Q99759	MAP3K3
Q14582	MXD4
O95490	ADGRL2
O43541	SMAD6
Q96LX8	ZNF597
Q15937	ZNF79
Q58FF7	HSP90AB3P
Q8NHJ6	LILRB4
H7C333	NIPSNAP2
H0Y2V1	MAP4
Q15935	ZNF77
Q9H741	SPRING1
Q5QPQ0	LYPLA2
Q68CZ1	RPGRIP1L
P98196	ATP11A
Q9Y2J2	EPB41L3
P05534	HLA-A
O15195	VILL
K7ENT6	TPM4
Q9ULQ0	STRIP2
E9PCW1	GOSR1
Q8WTT0	CLEC4C
Q9UJT2	TSKS
Q86UW9	DTX2
P03989	HLA-B
P30510	HLA-C
P0DMU9	CT45A10
A0A0B4J259	LYZ
B7Z739	MARCHF1
Q9Y343	SNX24
B7ZBM4	STX16
P32970	CD70
P17509	HOXB6
Q6UXD7	SLC49A3
P42772	CDKN2B
Q16548	BCL2A1
Q8IZL2	MAML2
Q9Y4K1	CRYBG1
Q6ZUM4	ARHGAP27
Q95365	HLA-B
P30499	HLA-C
H3BPK7	AARS1
E9PNX6	ARHGAP27
P18084	ITGB5
Q8N4S9	MARVELD2
Q9UGL9	CRCT1
Q9NYU1	UGGT2
O14948	TFEC
P01714	IGLV3-19
P00966	ASS1
P32971	TNFSF8
Q96GG9	DCUN1D1
Q8WYK2	JDP2
G3V3H3	KLC1
P53816	PLAAT3
Q9P299	COPZ2
Q9NRQ5	SMCO4
O00401	WASL
B5MC85	RMDN2
Q8N682	DRAM1
H0YJT2	STRN3
Q3KP31	ZNF791
P16188	HLA-A
H0Y6N5	SUN1
Q13075	NAIP
O15068	MCF2L
Q6ZMT4	KDM7A
P42685	FRK
C9J647	SMPD4
A0A0B4J2A4	ACAA2
Q5I0Y5	HOXA10
Q9UBL0	ARPP21
B9A035	NT5C3A
Q17R98	ZNF827
P26006	ITGA3
Q9C026	TRIM9
O43900	PRICKLE3
Q9P2G4	MAP10
Q3SXZ3	ZNF718
Q8N2S1	LTBP4
Q9Y6X1	SERP1
Q12955	ANK3
H0YAE6	CEP63
A0A0D9SG78	TCF4
X6REB3	TCF3
Q8N344	MIER2
A0A1B0GVB8	TCF4
E9PMS6	LMO7
Q5VU97	CACHD1
Q8ND25	ZNRF1
Q9Y5K3	PCYT1B
Q9UPS8	ANKRD26
Q8NC06	ACBD4
E7EU81	GOLGB1
Q13352	ITGB3BP
P58557	YBEY
Q9BQT8	SLC25A21
Q96IF1	AJUBA
Q9HCI6	KIAA1586
P28370	SMARCA1
P23677	ITPKA
Q96F45	ZNF503
Q5SR56	MFSD14B
J3KNE0	RGPD3
P25800	LMO1
Q9ULK5	VANGL2
H3BUY5	RBMX
A0A0C4DGP6	NBR1
Q9UH73	EBF1
Q68BL8	OLFML2B
O95620	DUS4L
Q9P1A6	DLGAP2
Q9GZX5	ZNF350
H7C3C4	SLC4A7
Q16600	ZNF239
P50461	CSRP3
B4DWR3	VBP1
A0A0C4DG41	ERG
P30279	CCND2
P23510	TNFSF4
H0YG19	ADD1
Q13064	MKRN3
Q9BU79	TMEM243
Q8WWI1	LMO7
P78396	CCNA1
A5PL33	KRBA1
O95263	PDE8B
Q9UKK6	NXT1
O15165	LDLRAD4
E5RIH3	PSD3
P41219	PRPH
Q13790	APOF
Q70EL4	USP43
Q96QK8	SMIM14
H7C238	POGZ
A0A0A0MR54	SCARF1
P10600	TGFB3
Q8N1W1	ARHGEF28
Q9ULI4	KIF26A
H0YLW0	SRP14
V9GY25	PFKP
A0A1B0GVK1	ARID1B
P02652	APOA2
P11912	CD79A
H7C5U1	TIMMDC1
P45844	ABCG1
Q9Y239	NOD1
Q6PCB6	ABHD17C
A0A0K0K1C4	TRBV27
P27815	PDE4A
Q4VC12	MSS51
Q9HCH5	SYTL2
Q9Y6Q2	STON1
Q9Y2L6	FRMD4B
Q155Q3	DIXDC1
P16144	ITGB4
Q8N9H8	EXD3
H7BZ72	NOP58
Q58DX5	NAALADL2
Q13467	FZD5
Q9P2D6	FAM135A
Q8WV83	SLC35F5
Q96B67	ARRDC3
O75386	TULP3
Q6P3V2	ZNF585A
P01133	EGF
Q9P202	WHRN
P32298	GRK4
J3KQY6	DPF1
P01112	HRAS
Q9NS37	CREBZF
Q9H3Z7	ABHD16B
P48745	CCN3
G3V2S6	ATP6V1D
Q9HCC9	ZFYVE28
P57103	SLC8A3
Q12912	IRAG2
H0YLX2	RFX7
Q6ZSZ6	TSHZ1
Q9UKN5	PRDM4
P01584	IL1B
Q9UDV7	ZNF282
Q9C0K7	STRADB
Q9ULR5	PAIP2B
Q9NY57	STK32B
Q8N2Y8	RUSC2
H0Y9L4	NSD2
Q5VSY0	GKAP1
J3KSB5	NF1
P31268	HOXA7
Q86UQ0	ZNF589
Q9UJN7	ZNF391
Q8N3E9	PLCD3
Q8TBH0	ARRDC2
O60667	FCMR
Q6UVW9	CLEC2A
Q9H7L2	KIR3DX1
O15484	CAPN5
P04732	MT1E
A8MTY0	ZNF724
Q96MW7	TIGD1
Q96HQ0	ZNF419
Q96IQ9	ZNF414
Q68DI1	ZNF776
Q9Y6M7	SLC4A7
Q08289	CACNB2
Q13829	TNFAIP1
A0A1B0GX04	MATR3
H7C559	PPP4R2
O95267	RASGRP1
K7EK96	NAGPA
P43116	PTGER2
F8WA11	CLASP1
M0R0Q5	ZNF414
Q15642	TRIP10
Q8NBP5	MFSD9
O75144	ICOSLG
B7ZLQ5	SMARCA1
O43597	SPRY2
O95631	NTN1
Q6ZNG1	ZNF600
Q86VI4	LAPTM4B
Q08ER8	ZNF543
Q9H0H0	INTS2
Q53RE8	ANKRD39
Q9BY89	KIAA1671
Q9HCJ1	ANKH
Q8IVS8	GLYCTK
Q6PF04	ZNF613
F6WIT2	PTPA
Q9NYS0	NKIRAS1
A0A087WUL1	CMIP
Q9Y2U9	KLHDC2
Q9BZA5	TXLNGY
P51508	ZNF81
Q8WUP2	FBLIM1
Q5VZP5	STYXL2
Q8N139	ABCA6
Q8WU58	FAM222B
A0A087WWM0	TRAPPC3
E5RJY0	PIK3R1
P31513	FMO3
Q8N141	ZFP82
O43739	CYTH3
Q9BUF7	CRB3
A8K8P3	SFI1
Q9H422	HIPK3
A0PJW8	DAPL1
P30307	CDC25C
Q96JA3	PLEKHA8
A0A087WZV0	PPIP5K2
E9PLP8	CSTF3
P37023	ACVRL1
Q8N1K5	THEMIS
H0YNJ8	TMOD3
P10244	MYBL2
A0A1W2PS25	ZEB2
O43731	KDELR3
P06276	BCHE
Q86UP8	GTF2IRD2
M0R3F1	HNRNPUL1
P05546	SERPIND1
A0A1W2PQD4	HNRNPU
O60941	DTNB
I3L2J1	MED31
P0CG31	ZNF286B
Q6UXG2	ELAPOR1
Q5JP02	RBBP7
Q9H8E8	KAT14
Q8WYJ6	SEPTIN1
D6RI06	OTUD4
Q6UWN5	LYPD5
Q8ND90	PNMA1
Q96HA9	PEX11G
Q8N5C1	CALHM5
E9PK89	RAB3IL1
P10275	AR
Q9Y2A7	NCKAP1
Q6NUN0	ACSM5
O00451	GFRA2
P01782	IGHV3-9
I3L1F5	HMOX2
Q96MT1	RNF145
Q03923	ZNF85
Q6NY19	KANK3
O76024	WFS1
Q96JF6	ZNF594
B4DJY2	TMEM233
A8TX70	COL6A5
Q16619	CTF1
Q7L0Q8	RHOU
Q6ZUK4	TMEM26
Q8N699	MYCT1
P53674	CRYBB1
Q96CK0	ZNF653
P00750	PLAT
J3KSV1	HP
Q14393	GAS6
P24821	TNC
A0A1B0GV23	CTSD
Q15012	LAPTM4A
D6RGY2	CANX
Q92482	AQP3
Q16363	LAMA4
Q99788	CMKLR1
P78509	RELN
Q5VY43	PEAR1
P22105	TNXB
E5RGW4	NPM1
Q12857	NFIA
Q9C0K0	BCL11B
Q9NVD7	PARVA
Q92484	SMPDL3A
Q4LDE5	SVEP1
P26842	CD27
Q96AC1	FERMT2
P39060	COL18A1
Q01995	TAGLN
O00501	CLDN5
P78310	CXADR
O14495	PLPP3
P00325	ADH1B
H0Y9Y3	SYNPO2
A0A0A0MRT2	WAC
P48061	CXCL12
Q8IV36	HID1
P80748	IGLV3-21
Q96MM6	HSPA12B
Q9UMF0	ICAM5
Q96Q06	PLIN4
P08572	COL4A2
P24310	COX7A1
P06858	LPL
Q92502	STARD8
Q12805	EFEMP1
Q5U651	RASIP1
P29474	NOS3
P56199	ITGA1
Q9UM47	NOTCH3
Q92954	PRG4
P55851	UCP2
Q96DN6	MBD6
Q9Y4F1	FARP1
Q96IY4	CPB2
Q9Y625	GPC6
Q9BY31	ZNF717
P14415	ATP1B2
P30530	AXL
Q9GZM7	TINAGL1
Q15771	RAB30
Q96T54	KCNK17
Q9UK55	SERPINA10
H7C2U6	NIPSNAP1
P11597	CETP
Q8IUR6	CREBRF
P08590	MYL3
Q9NR16	CD163L1
Q5T8A7	PPP1R26
Q9H4G0	EPB41L1
H0YG03	MFAP5
A0A0C4DGQ8	DHRS7B
C9J8C7	ACSL6
Q5EBL4	RILPL1
O95208	EPN2
P20719	HOXA5
Q8WXB4	ZNF606
Q9HBW9	ADGRL4
Q9Y6X2	PIAS3
P16619	CCL3L1
P16619	CCL3L3
Q13351	KLF1
O15075	DCLK1
Q14112	NID2
O94875	SORBS2
E7ESC6	XPO7
Q96HG1	SMIM10
Q99424	ACOX2
F8W1B3	CHPT1
Q8N8Y2	ATP6V0D2
Q05707	COL14A1
Q5T0T0	MARCHF8
H0YIM7	KIF21A
P41732	TSPAN7
F5GXF5	BPTF
Q15777	MPPED2
Q96FL8	SLC47A1
E9PN58	SIRT3
Q30201	HFE
Q9NQ25	SLAMF7
Q6X4U4	SOSTDC1
O15218	GPR182
M0QX52	MAPRE2
Q9H6L5	RETREG1
Q8N3J9	ZNF664
P43235	CTSK
P01602	IGKV1-5
A1L3X0	ELOVL7
P51811	XK
P07942	LAMB1
Q16566	CAMK4
Q8IVF7	FMNL3
Q13609	DNASE1L3
A0A0C4DFM1	TM9SF4
Q8TED1	GPX8
P09455	RBP1
Q9UNW9	NOVA2
V9GYG9	APOA2
Q4KMZ1	IQCC
P17936	IGFBP3
Q19T08	ECSCR
O95050	INMT
P09619	PDGFRB
Q9BX73	TM2D2
Q02763	TEK
Q8TF17	SH3TC2
O76041	NEBL
Q96A84	EMID1
Q5T7M9	DIPK1A
Q9Y5Y7	LYVE1
P23946	CMA1
P48357	LEPR
Q8NAP3	ZBTB38
Q9UQ03	CORO2B
Q6FI13	H2AC18
Q6FI13	H2AC19
P22792	CPN2
H0Y653	NOP56
Q8N1Q8	THEM5
O60706	ABCC9
A0A096LPF5	TRANK1
B7ZC06	GOLGA2
P24468	NR2F2
O95858	TSPAN15
Q99675	CGRRF1
H0YD34	CASP4
Q9UMS6	SYNPO2
Q6PK32	ANK1
Q14213	EBI3
O94911	ABCA8
Q9UNQ0	ABCG2
Q5JRC6	PHF6
P0C7P3	SLFN14
A0A0G2JQF4	KANSL1
Q9ULV1	FZD4
Q92903	CDS1
P12830	CDH1
H0Y4R4	TOR1AIP1
P29972	AQP1
P00533	EGFR
Q9NQ31	AKIP1
Q9H336	CRISPLD1
Q9NZQ7	CD274
P22413	ENPP1
P09603	CSF1
Q63HR2	TNS2
Q6UXG8	BTNL9
A0A0C4DG68	PUM2
P35916	FLT4
Q9NV72	ZNF701
P31629	HIVEP2
P55287	CDH11
O76070	SNCG
O94827	PLEKHG5
Q14767	LTBP2
Q99666	RGPD5
Q99666	RGPD6
H0Y3S1	DOCK9
Q5TFJ7	KPNA6
O00472	ELL2
P23378	GLDC
P55774	CCL18
Q06190	PPP2R3A
Q6DT37	CDC42BPG
P22692	IGFBP4
P56559	ARL4C
A6NMB1	SIGLEC16
A6NFX1	MFSD2B
Q8IW52	SLITRK4
Q5T2D2	TREML2
Q9ULI3	HEG1
Q93070	ART4
Q9UHC1	MLH3
Q9H6R3	ACSS3
Q9Y2P0	ZNF835
P35968	KDR
Q3ZCQ2	ANXA2R
Q8WZ75	ROBO4
P42702	LIFR
Q96IV6	FAXDC2
P39059	COL15A1
Q9C0D4	ZNF518B
Q8TAM2	TTC8
P48681	NES
Q9NP74	PALMD
Q9NX36	DNAJC28
P00736	C1R
O94910	ADGRL1
P05160	F13B
O43679	LDB2
O14618	CCS
Q70SY1	CREB3L2
Q8IVI9	NOSTRIN
O00763	ACACB
Q9ULC0	EMCN
Q9BVG8	KIFC3
D6R9B9	FRYL
Q9HBA0	TRPV4
Q5T0V7	DST
Q5H8C1	FREM1
O95445	APOM
H0YKN3	DHRS4L2
Q8N3V7	SYNPO
P01718	IGLV3-27
E9PQG0	NTRK1
H0YGW2	ZBTB16
Q8TAQ5	ZNF420
Q9BYE3	LCE3D
P09228	CST2
J3QS45	DCXR
C9JWQ4	MAPK8
O94892	ZNF432
A0A0J9YXX1	IGHV5-10-1
E5RJU1	H2AZ2
Q6EKJ0	GTF2IRD2B
Q9Y6T7	DGKB
P05121	SERPINE1
Q8WXF0	SRSF12
Q5VVH5	IRAK1BP1
P52742	ZNF135
A0A1B0GU24	TNRC6C
H0YGZ7	CD163
Q9ULD0	OGDHL
G3V3B3	SEL1L
Q9UNH5	CDC14A
Q8WUT9	SLC25A43
Q6U7Q0	ZNF322
Q8NDP4	ZNF439
Q96H86	ZNF764
J3QRU6	TSG101
H0YM48	CLPX
A6NHG8	TRAF3
Q5VTJ3	KLHDC7A
H0Y2V6	CEP170
Q14432	PDE3A
K7EPS6	HDGFL2
Q5SRD1	TIMM23B
Q8NER5	ACVR1C
E9PC05	ILKAP
P07148	FABP1
H0Y8U4	RFC1
Q8N8S7	ENAH
Q8TCV5	WFDC5
Q14155	ARHGEF7
H7C5B7	ARMC8
I3L524	RPA1
Q9P2G3	KLHL14
Q5FBB7	SGO1
P48788	TNNI2
H0YJ83	RIN3
P01911	HLA-DRB1
G5E9Y3	ARAP3
P20807	CAPN3
P20396	TRH
K7ERL1	FMNL1
A0A0U1RRC1	DOCK7
Q5DT21	SPINK9
F8VTS6	RFPL4AL1
M0QYU8	KLK7
O75051	PLXNA2
Q9H2K2	TNKS2
C9JFU6	UXS1
Q9NSB2	KRT84
Q8WXG8	S100Z
Q9H6N6	MYH16
O60894	RAMP1
C9JQM9	DARS1
Q63HN8	RNF213
Q8NI17	IL31RA
Q16553	LY6E
H0YFY8	DDX11
Q9HCM2	PLXNA4
O75154	RAB11FIP3
D6RHU1	RAD17
P55036	PSMD4
P35590	TIE1
Q14994	NR1I3
Q5H9R4	ARMCX4
Q96QB1	DLC1
Q6JEL2	KLHL10
Q6PG37	ZNF790
Q9NV92	NDFIP2
P38405	GNAL
O14709	ZNF197
Q8IUG5	MYO18B
F5GY88	MED24
C9J4N2	PPIL3
P24385	CCND1
P09758	TACSTD2
E7EPX3	DNPEP
P14902	IDO1
Q9UKS7	IKZF2
P11532	DMD
Q15139	PRKD1
M0R0F0	RPS5
C9JQT2	ACTL6A
C9JQU9	UGP2
K7EPD7	NMNAT1
F5H4F1	RAD9A
Q5JX45	CPNE1
P17661	DES
Q5T6F7	NR5A1
Q9NRM2	ZNF277
B1AKZ5	PEA15
Q6P452	ANXA4
K7ES75	LGALS3BP
Q9Y6R7	FCGBP
P29622	SERPINA4
Q8TAC9	SCAMP5
A0A0G2JPM8	LILRB5
A0A0A0MS15	IGHV3-49
P02774	GC
F8W7S5	RRBP1
M0R1Q1	C3
P00739	HPR
Q96JQ5	MS4A4A
A6NI72	NCF1B
P07093	SERPINE2
A0A0D9SG04	COBLL1
O75636	FCN3
A0A0B4J1X5	IGHV3-74
P45877	PPIC
O00338	SULT1C2
P08185	SERPINA6
P55773	CCL23
A0A0B4J1Y9	IGHV3-72
P07998	RNASE1
K7EL47	AOC3
Q13093	PLA2G7
O43657	TSPAN6
A0A0B4J1U7	IGHV6-1
B4DJI7	SNX11
P15169	CPN1
Q99935	OPRPN
Q13421	MSLN
O60437	PPL
A0A0J9YWJ2	SEPTIN9
P01037	CST1
Q14515	SPARCL1
Q9P2K5	MYEF2
Q99880	H2BC13
H3BUD9	RAB27A
Q9NZI8	IGF2BP1
Q13277	STX3
H0YDG5	ATP2B4
E9PP76	CCS
H0Y3Z4	NCSTN
C9JDY7	LAT2
Q9P0L1	ZKSCAN7
H0YB56	MTDH
O60812	HNRNPCL1
O14896	IRF6
R4GMX9	ZMAT2
Q5JR59	MTUS2
J3QSB8	OSBPL1A
Q5JUX0	SPIN3
Q01362	MS4A2
Q6GQQ9	OTUD7B
Q15506	SPA17
Q5QPL9	RALY
D6RB09	RPS3A
H0YAN4	LARP1
H0YF32	RPS3
P15018	LIF
Q14134	TRIM29
O14796	SH2D1B
O15296	ALOX15B
C9JWY0	CHST10
Q6ZN17	LIN28B
P30461	HLA-B
E7EMB7	IPO11
Q70Z35	PREX2
P78369	CLDN10
A0A0D9SEY7	FHL1
Q8NFP7	NUDT10
Q96G61	NUDT11
Q9BRR3	PGAP4
P61925	PKIA
Q8N228	SCML4
C9JSX3	PRMT5
C9JPQ5	NDUFS1
A0A087WSX6	FBXW10B
Q8TC26	TMEM163
P11055	MYH3
A0A1B0GU14	CLN5
Q5VUJ6	LRCH2
G5E9X2	ZNF148
B5MCH7	BZW2
Q96D09	GPRASP2
P14784	IL2RB
Q9Y467	SALL2
Q01892	SPIB
Q9BZM4	ULBP3
Q9Y4X4	KLF12
Q06278	AOX1
O15217	GSTA4
P54762	EPHB1
P20472	PVALB
Q5VZS7	PDCD4
J3QSH6	PFAS
P07451	CA3
P78415	IRX3
Q92932	PTPRN2
H0Y8W2	RACK1
P60369	KRTAP10-3
Q8IUC1	KRTAP11-1
P14555	PLA2G2A
Q6PEX3	KRTAP26-1
H7C0A3	ARPC4-TTLL3
Q8TF66	LRRC15
P60328	KRTAP12-3
P50219	MNX1
Q6ZMN7	PDZRN4
Q8N196	SIX5
O43561	LAT
C9J052	TREX1
P26717	KLRC2
A6NKN8	PCP4L1
Q9Y261	FOXA2
O15409	FOXP2
D6R9W4	DBN1
Q08462	ADCY2
Q14114	LRP8
P52740	ZNF132
H3BLX5	USP48
Q9P2P6	STARD9
P17040	ZSCAN20
Q01113	IL9R
Q9NPB0	SAYSD1
Q02833	RASSF7
O15018	PDZD2
Q96E40	SPACA9
E9PJ55	TCP11L1
A0A0B4J1R7	BORCS7-ASMT
H0YDG2	VAV3
P30498	HLA-B
P02818	BGLAP
O00469	PLOD2
H3BN93	SCAMP2
Q96NN9	AIFM3
K3W4U1	FCER2
P29279	CCN2
Q9GZU7	CTDSP1
Q9BY67	CADM1
Q6UWL2	SUSD1
Q6ZMU5	TRIM72
Q15762	CD226
E9PB77	ITGA2
E7ESP4	ITGA2
A0A087WTX8	SCAMP1
A0A140T9J9	HLA-C
Q9NXZ1	SAGE1
Q9H2F3	HSD3B7
C9JE82	CACNA2D2
A0A087WYC0	GOLGA2
H0YAY7	INTS10
O15551	CLDN3
H0YNS9	GMPR2
B0AZT5	NAA50
K7EII3	ATP9B
A0A1C7CYX0	EXOC3L2
P19086	GNAZ
G3V2A3	TUBB3
Q13241	KLRD1
Q70EK8	USP53
P11226	MBL2
Q969G5	CAVIN3
Q99665	IL12RB2
Q5K4E3	PRSS36
Q5T9S5	CCDC18
P21709	EPHA1
H7C019	SUN1
P51854	TKTL1
Q8TCQ1	MARCHF1
Q86SQ4	ADGRG6
Q16526	CRY1
Q30167	HLA-DRB1
Q86V42	FAM124A
Q96MS3	GLT1D1
A0A0G2JJ55	MICA
Q7Z699	SPRED1
Q6NUI2	GPAT2
F6UT28	GNB1
H0YLP7	NIPA1
E9PLC9	CAPN1
H7C2C3	RPUSD3
C9JZN9	TNNT3
E7EVK2	MTG1
E9PI68	SPCS2
Q06828	FMOD
A0A1B0GTD1	SPTAN1
P02585	TNNC2
P14136	GFAP
H0YJ05	STON2
O95460	MATN4
Q01628	IFITM3
Q9H3H9	TCEAL2
Q8WVS4	DYNC2I1
H0YJJ7	CKB
H0YL52	TPM1
A0A0U1RQU4	CSNK1G1
O15273	TCAP
A4D1S0	KLRG2
P28300	LOX
P78540	ARG2
D6RBG6	FAF2
Q6UXB3	LYPD2
P01889	HLA-B
C9J1B4	KALRN
Q9H6F2	TMEM38A
P10451	SPP1
Q6ZV70	LANCL3
Q9BXC0	HCAR1
O43182	ARHGAP6
Q86UD4	ZNF329
A0A087X1F8	DCAF13
O75936	BBOX1
H0YBR0	TRAPPC9
E9PQ01	PCF11
Q60I27	ALS2CL
C9K0J8	ZSCAN29
C9JLI1	PI4KA
Q13398	ZNF211
O95803	NDST3
Q8N9E0	FAM133A
C9JRP1	SLC4A7
Q6NT55	CYP4F22
Q8WTV1	THAP3
M0R299	FBL
P50053	KHK
O94953	KDM4B
Q96NI8	ZNF570
A0A0G2JII1	HLA-DPB1
F5H471	MRPL48
H0Y4K8	FN1
U3KPT1	U2SURP
E7EVZ9	ITGB2
P19801	AOC1
P26651	ZFP36
I3L3U9	RSL1D1
A0A1B0GVS4	GATAD2B
D6RDJ2	RPS23
Q5RHP9	ERICH3
Q08881	ITK
P26718	KLRK1
A0A0C4DGY9	KLRF1
A5YM72	CARNS1
Q9H228	S1PR5
Q9BYJ0	FGFBP2
Q9UK22	FBXO2
Q86XR2	NIBAN3
Q96P31	FCRL3
O95936	EOMES
Q8IWV1	LAX1
P26715	KLRC1
P42681	TXK
Q9P1W8	SIRPG
P24588	AKAP5
F5H518	KLRC2
J3QSA2	SGSM2
Q9UL19	PLAAT4
P43631	KIR2DS2
Q86X29	LSR
Q495A1	TIGIT
P24001	IL32
Q15743	GPR68
Q8IUS5	EPHX4
Q96N16	JAKMIP1
I3L3K7	NFATC3
O60282	KIF5C
H3BNI2	TCF4
Q9UBU8	MORF4L1
Q9H714	RUBCNL
H0YCE2	ANP32E
F5GZQ4	LDHA
P49418	AMPH
H7C5R1	CP
V9GYA1	CYP4F3
Q5T0R3	CAP1
Q9HB03	ELOVL3
B8ZZ10	LUC7L
Q9H342	OR51J1
Q9NZA1	CLIC5
Q9TQE0	HLA-DRB1
C9K0S6	TUBA8
Q29974	HLA-DRB1
Q9NUG4	CCM2L
Q6PKH6	DHRS4L2
H0YB27	PIK3R1
G3V513	IRAG2
Q8N0S2	SYCE1
Q99712	KCNJ15
Q96T17	MAP7D2
Q96B21	TMEM45B
P35354	PTGS2
Q8TDS5	OXER1
P19957	PI3
P32926	DSG3
Q9UBH0	IL36RN
Q9Y5Z0	BACE2
Q5T0Z8	C6orf132
Q9HBI6	CYP4F11
Q01638	IL1RL1
Q9Y623	MYH4
Q9UKX2	MYH2
P12882	MYH1
O95171	SCEL
Q9Y446	PKP3
P22676	CALB2
H0Y9N6	HK3
P04629	NTRK1
Q9NP78	ABCB9
P19113	HDC
E7EUI1	IKZF2
H0YBM4	ASAP1
H0YCV6	OSBP
H0Y5L2	ECHDC1
H0Y4W5	F13A1
P17693	HLA-G
P80075	CCL8
C9JRL4	MDH1
P0C7M8	CLEC2L
P78395	PRAME
Q9NY47	CACNA2D2
C9JVC9	CACNA2D2
Q9ULD2	MTUS1
