From	To
A0A024R0Y4	TADA2A
A0A024R4E5	HDLBP
A0A075B6H4	KAT14
A0A087WT20	DCAF13
A0A087WT35	PIP4K2B
A0A087WTJ2	GIMAP1-GIMAP5
A0A087WU03	HNRNPDL
A0A087WU31	CLCN3
A0A087WUW5	PTBP1
A0A087WVZ6	ZMYND8
A0A087WWI0	LRMDA
A0A087WWP8	RSBN1
A0A087WWU8	TPM3
A0A087WXI0	RAB44
A0A087WZ13	RAVER1
A0A087WZG4	ARHGEF18
A0A087X0M4	SLC4A1AP
A0A087X0N3	NOL4L
A0A087X1N8	SERPINB6
A0A087X1S7	CD48
A0A087X1X5	CNN2
A0A087X2I1	PSMC6
A0A088AWN3	DOCK9
A0A096LNH6	DOCK1
A0A096LP25	AAK1
A0A096LP69	CD99
A0A096LPC5	WASHC2C
A0A0A0MQW0	MYEF2
A0A0A0MR05	MLST8
A0A0A0MR45	CAST
A0A0A0MRA8	EPB41L3
A0A0A0MRB5	MADD
A0A0A0MRJ3	NAV1
A0A0A0MRM9	NOLC1
A0A0A0MS08	IGHG1
A0A0A0MS45	COG4
A0A0A0MS51	GSN
A0A0A0MSK4	GPSM1
A0A0A0MT35	PRXL2B
A0A0A0MT56	CSTF2
A0A0A0MTR7	RNF213
A0A0A6YYH1	C15orf38-AP3S2
A0A0A6YYL4	PAM16
A0A0B4J1X2	CACNA1G
A0A0B4J220	C11orf98
A0A0B4J230	ATP5IF1
A0A0B4J2F0	PIGBOS1
A0A0C4DFN3	MGLL
A0A0C4DFT3	DLG1
A0A0C4DG40	SYNE1
A0A0C4DG68	PUM2
A0A0C4DG89	DDX46
A0A0C4DGB5	CAST
A0A0C4DGB9	PPA2
A0A0C4DGQ8	DHRS7B
A0A0C4DGS1	DDOST
A0A0C4DGT3	IQSEC1
A0A0D9SEN7	RUNX2
A0A0D9SF53	DDX3X
A0A0D9SF54	SPTAN1
A0A0D9SFE4	DNM1
A0A0D9SFM4	SLC9A6
A0A0D9SG04	COBLL1
A0A0G2JLC0	C1QBP
A0A0G2JMB2	IGHA2
A0A0G2JNT7	KANSL1
A0A0G2JNY3	ARHGAP27
A0A0G2JP25	LILRB4
A0A0G2JPB1	HLA-C
A0A0G2JQM1	AP2A2
A0A0J9YWI5	TBCD
A0A0J9YWL0	CRYBG1
A0A0J9YXF2	PON2
A0A0U1RQD2	CCDC149
A0A0U1RQK7	EIF4G3
A0A0U1RQQ2	SMARCB1
A0A0U1RQR6	RTN4
A0A0U1RRE5	NBDY
A0A0U1RRH6	PHF14
A0A0U1RRM6	ENAH
A0A0X1KG71	NELFB
A0A140T9L0	WDR46
A0A182DWE9	HLA-DPB1
A0A182DWF4	HLA-DPB1
A0A182DWH4	HLA-DRB3
A0A1B0GTU4	PXN
A0A1B0GTZ5	ASAH1
A0A1B0GUC7	PPP3R2
A0A1B0GUD6	GRAMD1B
A0A1B0GV45	MYO18A
A0A1B0GV70	TEPSIN
A0A1B0GVL4	FAM193A
A0A1B0GVL5	CFAP92
A0A1B0GW05	DPY19L1
A0A1B0GWA0	ZNF654
A0A1B0GWJ6	MYO18A
A0A1C7CYX1	MIDEAS
A0A1W2PP35	HNRNPU
A0A1W2PPQ2	HLA-A
A0A1W2PQC2	HADH
A0A1W2PQH3	ME2
A0A1W2PR68	ME2
A0A286YF28	STX3
A0AV96	RBM47
A0AVI4	TMEM129
A0AVT1	UBA6
A0JNW5	BLTP3B
A0MZ66	SHTN1
A0PJW6	TMEM223
A1A4S6	ARHGAP10
A1L0T0	ILVBL
A1L390	PLEKHG3
A1X283	SH3PXD2B
A2A274	ACO2
A2A288	ZC3H12D
A2A3R5	RPS6
A2AEA2	HLA-C
A2AJT9	BCLAF3
A2RRP1	NBAS
A2RTX5	TARS3
A2RU37	LINC02872
A2RUC4	TYW5
A2VDJ0	TMEM131L
A3KMH1	VWA8
A3KN83	SBNO1
A4D126	CRPPA
A4D1B5	GSAP
A4D1E9	GTPBP10
A4D1P6	WDR91
A4D1U4	DENND11
A4UGR9	XIRP2
A5PLN9	TRAPPC13
A5YKK6	CNOT1
A6NC98	CCDC88B
A6NDG6	PGP
A6NDU8	RIMOC1
A6NED2	RCCD1
A6NEM2	HCFC1
A6NFI3	ZNF316
A6NFY7	SDHAF1
A6NHR9	SMCHD1
A6NI73	LILRA5
A6NI79	CCDC69
A6NIH7	UNC119B
A6NJ78	METTL15
A6NJG2	SOWAHD
A6NK58	LIPT2
A6NMU3	STAM
A6NND1	RPS6KA1
A6NNZ2	TUBB8B
A6QL63	ABTB3
A8CG34	POM121C
A8K4G0	CD300LB
A8K727	PLEKHA2
A8K7Q2	HSPA8
A8K968	EPB41L3
A8MPS7	YDJC
A8MQB8	FMR1
A8MT69	CENPX
A8MUA9	SUMO3
A8MVS5	HIDE1
A8MXP9	MATR3
A8MXV4	NUDT19
B0I1T2	MYO1G
B0YJ81	HACD1
B1AH77	RAC2
B1AKB5	TFEB
B1ALK7	ARHGEF7
B1AM21	GNAQ
B1AMV7	SFXN4
B1ANH0	GUK1
B3KTM8	MORF4L1
B4DDD6	DBNL
B4DED4	HAGHL
B4DGM3	SMARCE1
B4DHE8	MSI2
B4DL54	CHURC1-FNTB
B4DPQ0	C1R
B4DR80	STK24
B4DV51	RAN
B4DWG0	RCBTB2
B4DY08	HNRNPC
B4E2Q0	ATP2C1
B5MC59	RPA3
B5MCF1	HDAC9
B5MCW3	BRD8
B7XGB9	PPM1M
B7Z1G8	SURF4
B7Z4K9	NAP1L1
B7Z4M1	RTN3
B7Z5R0	ZNF747
B7Z645	SYNCRIP
B7Z7F3	RANBP3
B7ZL14	FNBP1
B8ZZ50	EIF4E2
B9A058	HIBCH
B9EGQ5	WIZ
C6EMZ7	OAS1
C9IZA5	VCP
C9J0K6	SRI
C9J2C0	TUBA8
C9J2Q4	SEPTIN2
C9J406	IMMT
C9J539	GLB1
C9J5W6	TAGLN3
C9J6P4	ZC3HAV1
C9J7I0	UMAD1
C9JA17	ATP6V1A
C9JDQ1	MOGS
C9JEH7	RPS4Y1
C9JFV4	PELP1
C9JIS1	GNB2
C9JRZ8	AKR1B15
C9JSZ1	FUBP1
C9JVE2	DCUN1D1
C9JWD9	KPNA1
C9JWG0	UGP2
C9JWY7	CAPN2
C9JYN0	SYPL1
C9K0R9	IMPDH1
C9K0S6	TUBA8
D3DSM0	ITGB2
D3DTX6	PPP1R9B
D3YTA9	PPP3R1
D3YTI2	ACP1
D4PHA4	GPBP1
D6R941	KGD4
D6R9M0	KIF2A
D6RA24	PLAC8
D6RAM3	DOK3
D6RAN8	MRPL27
D6RB09	RPS3A
D6RC85	RAP1GDS1
D6RCR6	NNT
D6RD67	MCCC2
D6RD90	UBE2J2
D6RDA2	DEK
D6RDG3	BTF3
D6RDK6	OCIAD1
D6REM4	CSNK1A1
D6REQ6	RNASET2
D6REX3	SEC31A
D6RF23	RACK1
D6RF44	HNRNPD
D6RGE9	ATP2C1
D6RI10	SPINK2
D6RJF2	PAIP1
E5KLJ9	OPA1
E5RFI0	ITGB2
E5RFK7	UBR5
E5RG19	TMEM30A
E5RGA2	EIF3E
E5RHG9	UQCRB
E5RI98	NPM1
E5RJU9	MTDH
E5RJX4	PPP2CB
E5RK69	ANXA6
E7EN32	MEN1
E7END7	RAB1A
E7EP35	LRRC42
E7EPN9	PRRC2C
E7EQ06	CASP8
E7EQJ0	HNRNPH1
E7EQL5	DYNC1I2
E7EQT4	ACIN1
E7ERC4	SSB
E7ERS3	ZC3H18
E7ES33	SEPTIN7
E7ESX0	PRPF31
E7ETY2	TCOF1
E7EUI8	G6PD
E7EV10	MTA3
E7EV93	PCM1
E7EVA0	MAP4
E7EVS6	ACTB
E7EW49	CLASP2
E7EWD5	TSC22D3
E7EX70	POLR1E
E7EX73	EIF4G1
E7EX90	DCTN1
E9PAN7	RPS6KA1
E9PAV3	NACA
E9PB61	ALYREF
E9PBD8	LSP1
E9PBY3	GALNT7
E9PC69	MARK2
E9PCH5	CAST
E9PCY5	TOP2B
E9PE10	RAVER2
E9PEJ6	ATP11A
E9PEM5	LRBA
E9PF32	DENND3
E9PFP8	PCBP3
E9PGC8	MAP1A
E9PGM1	EIF4G1
E9PGM7	FAM13A
E9PGZ4	SACM1L
E9PHI4	SUN1
E9PIE4	MTCH2
E9PJD7	ZFTRAF1
E9PJL9	NDUFV1
E9PK06	EEF1D
E9PK54	HSPA8
E9PK91	BCLAF1
E9PKR8	SULT1A2
E9PKU7	GANAB
E9PL71	EEF1D
E9PL95	NCAPD3
E9PLP0	CARS1
E9PLV1	PRDM10
E9PMV1	PLEC
E9PMV2	HLA-DQA1
E9PN89	HSPA8
E9PP97	CHRNA6
E9PQG4	PDE4DIP
E9PQZ6	ASCC1
E9PR17	CD59
E9PR30	FAU
E9PRY8	EEF1D
E9PRZ0	MAP2K3
E9PSG1	CAST
E9PSG9	POLR2M
F1T0B3	DDX1
F1T0I1	SEC16A
F2Z2J1	RPS6KA2
F2Z2V0	CPNE1
F5GWX5	CHD4
F5GX51	RIPOR2
F5GX99	CLPB
F5GXC5	ITFG1
F5GXD1	AKAP7
F5GXE4	ATE1
F5GY88	MED24
F5GZ54	MCEE
F5GZG1	RAP1B
F5H053	PLBD1
F5H077	RAP1B
F5H0E2	SLC3A2
F5H0R1	TUT1
F5H100	GNB3
F5H199	MSRB3
F5H265	UBC
F5H269	DMXL1
F5H2F4	MTHFD1
F5H2I0	PRPF19
F5H3I6	FERMT3
F5H676	TCP1
F5H6I7	ATL3
F5H8D7	XRCC1
F6V2D4	LGALS8
F8VPF9	CS
F8VQZ7	METAP2
F8VRH0	PCBP2
F8VS19	ZNF844
F8VUJ3	POC1B-GALNT4
F8VVM2	SLC25A3
F8VWQ5	CS
F8VX04	SLC38A1
F8VXC8	SMARCC2
F8VXI7	DYNLL1
F8VZ70	SMARCD1
F8VZN8	PPP1R12A
F8VZX2	PCBP2
F8W0P7	ATP5F1B
F8W0Q9	PPHLN1
F8W543	NAP1L1
F8W785	GOLIM4
F8W7C6	RPL10
F8W8C2	VEZT
F8W950	AIMP2
F8WAZ6	PMPCB
F8WC89	SAC3D1
F8WD26	LMO7
F8WDR7	ACTR3
F8WE11	EIF4A2
F8WF16	PPHLN1
F8WF40	GLB1
G3V119	CCAR2
G3V1A6	GSDMD
G3V1N2	HBA1
G3V2H0	ERO1A
G3V325	ATP5MF-PTCD1
G3V3G9	PEX19
G3V3T3	ACIN1
G3V4C1	HNRNPC
G3V4T6	GSTZ1
G3V5E2	SCFD1
G3V5P5	FLVCR2
G3V5V7	HNRNPC
G3XAC1	SLC26A6
G3XAD2	FUT8
G3XAH0	SEPTIN5
G5E9Q7	IDH3G
G5E9W9	GIMAP4
G5E9Z2	CLPTM1L
G5EA09	SDCBP
G5EA30	CELF1
G5EA48	SRGAP1
G8JLA2	MYL6
G8JLD5	DNM1L
G9CGD6	CNK3/IPCEF1
H0Y2S9	MPRIP
H0Y390	MACF1
H0Y3K4	RBM33
H0Y4R8	SP100
H0Y4W2	TRRAP
H0Y517	CC2D1B
H0Y5F5	PABPC4
H0Y6A0	ARFGAP3
H0Y6G2	CAMK2G
H0Y704	ZNF185
H0Y720	TNRC6B
H0Y8U5	CTBP1
H0Y8W3	RGS14
H0Y8X4	DNPH1
H0Y9P3	CEP192
H0Y9S9	PPIP5K2
H0YB09	DGLUCY
H0YB92	CEP170
H0YC58	CCAR2
H0YCA6	ATPAF1
H0YCR7	RNH1
H0YCV5	TSEN15
H0YDM5	SLC27A3
H0YDT5	ACADM
H0YEH1	PICALM
H0YEM9	ZBTB44
H0YET9	ARRB1
H0YFC4	C2CD5
H0YFM9	PIGQ
H0YFY6	NUMA1
H0YG38	PRPF40A
H0YI37	ATP5F1B
H0YIZ1	NPC2
H0YJA2	ZC3H14
H0YJF2	MNAT1
H0YJW7	SLIRP
H0YKD0	IDH3A
H0YKK6	PSME1
H0YL33	ANXA2
H0YL52	TPM1
H0YLZ7	ZNF710
H0YM51	GOLM2
H0YNF5	IDH3A
H0YNW5	DUT
H3BMD2	CPT1A
H3BMQ0	TSC2
H3BNA2	CORO1A
H3BPE1	MACF1
H3BQQ9	UBE2I
H3BRN3	PML
H3BRN4	ABAT
H3BTH4	ADPGK
H3BTU6	CORO1A
H3BUB6	SCAMP2
H3BVF7	TMEM62
H3BVI2	SP1
H7BXE3	SLTM
H7BXF5	SAP130
H7BXI1	ESYT2
H7BY36	EWSR1
H7BYL6	AKAP9
H7BYY1	TPM1
H7BZJ3	PDIA3
H7BZT1	SF1
H7BZT5	ZNF185
H7C0J3	CHD3
H7C0N4	SF1
H7C0V5	ANKHD1-EIF4EBP3
H7C0W8	AEBP1
H7C144	ACTN4
H7C1M2	SON
H7C1S1	NCF1
H7C1W2	IDH3G
H7C286	NAGK
H7C2E2	SMPD4
H7C2R7	SMS
H7C333	NIPSNAP2
H7C433	MFF
H7C4C5	MAP4
H7C4G8	NT5DC2
H7C5A2	EMC1
H7C5D9	LRCH4
H9KV75	ACTN1
I3L0A0	PEDS1-UBE2V1
I3L0B8	SLC25A52
I3L0E3	hCG_1984214
I3L1Q2	BCL7C
I3L213	PHKB
I3L2B0	CLUH
I3L2C7	GEMIN4
I3L2J0	CIC
I3L3I1	NPLOC4
I3L4B6	B3GNTL1
I3L4N8	ACTG1
I6L899	GOLGA8R
I6L8B7	FABP5
I6LPK7	BAX
J3KMZ7	INTS2
J3KN66	TOR1AIP1
J3KN83	CD44
J3KND1	SAAL1
J3KNF3	TET3
J3KNF4	CCS
J3KNZ9	FBRS
J3KP75	PHACTR2
J3KPF0	HECTD4
J3KPS0	DNAJB12
J3KPY9	ANTXR2
J3KQ12	BSCL2
J3KQL8	APOL2
J3KR55	PTPN7
J3KRD5	CNDP2
J3KTD8	CBFB
J3KTL2	SRSF1
J3KTN0	EIF4A1
J3QL06	HYOU1
J3QL39	PFAS
J3QLP4	RIOK3
J3QLQ2	RAD51C
J3QQQ8	BPTF
J3QRB6	MAP3K3
J3QRS9	ZNF207
K3W4U1	FCER2
K4DI93	CUL4B
K7EJ35	SYNGR2
K7EJB9	CALR
K7EJQ6	YIF1B
K7EK60	FMNL1
K7EKA8	ADAM11
K7EKJ9	ILF3
K7EL40	SEPTIN9
K7ELL7	PRKCSH
K7ELQ4	ATF7-NPFF
K7ELX0	CEP192
K7EM38	ACTG1
K7EMN2	PGD
K7EMQ3	DNM2
K7EMS3	KRT19
K7EMW4	NCLN
K7EMX1	SPC24
K7ENB0	TOM1L2
K7ENF0	NARS1
K7EP26	PIN1
K7EQB2	GLYR1
K7EQU9	DUS3L
K7ER88	ACAA2
K7ER95	MAP4K1
K7ES57	MFSD11
L0R6Q1	SLC35A4
L0R819	ASDURF
L0R8F8	MIEF1
M0QXA7	WIZ
M0QY01	EPS15L1
M0QYH3	KHSRP
M0QYZ1	MAN2B1
M0QYZ2	AP2S1
M0QZG7	SNRPA
M0QZM1	HNRNPM
M0QZR4	ARHGEF1
M0R019	HNRNPM
M0R054	SAE1
M0R080	DNAJB1
M0R0K9	TRIM28
M0R248	ECH1
M0R2Q4	FBL
O00115	DNASE2
O00116	AGPS
O00139	KIF2A
O00142	TK2
O00148	DDX39A
O00151	PDLIM1
O00154	ACOT7
O00160	MYO1F
O00161	SNAP23
O00165	HAX1
O00170	AIP
O00178	GTPBP1
O00182	LGALS9
O00186	STXBP3
O00193	SMAP
O00194	RAB27B
O00203	AP3B1
O00206	TLR4
O00214	LGALS8
O00217	NDUFS8
O00221	NFKBIE
O00231	PSMD11
O00232	PSMD12
O00233	PSMD9
O00241	SIRPB1
O00255	MEN1
O00257	CBX4
O00258	GET1
O00264	PGRMC1
O00267	SUPT5H
O00268	TAF4
O00273	DFFA
O00287	RFXAP
O00291	HIP1
O00299	CLIC1
O00303	EIF3F
O00308	WWP2
O00329	PIK3CD
O00330	PDHX
O00391	QSOX1
O00399	DCTN6
O00400	SLC33A1
O00409	FOXN3
O00410	IPO5
O00411	POLRMT
O00418	EEF2K
O00422	SAP18
O00429	DNM1L
O00442	RTCA
O00443	PIK3C2A
O00453	LST1
O00459	PIK3R2
O00462	MANBA
O00471	EXOC5
O00478	BTN3A3
O00479	HMGN4
O00481	BTN3A1
O00483	NDUFA4
O00487	PSMD14
O00488	ZNF593
O00499	BIN1
O00505	KPNA3
O00506	STK25
O00507	USP9Y
O00519	FAAH
O00522	KRIT1
O00534	VWA5A
O00560	SDCBP
O00562	PITPNM1
O00566	MPHOSPH10
O00567	NOP56
O00587	MFNG
O00602	FCN1
O00629	KPNA4
O00635	TRIM38
O00716	E2F3
O00743	PPP6C
O00754	MAN2B1
O00757	FBP2
O00764	PDXK
O14492	SH2B2
O14497	ARID1A
O14519	CDK2AP1
O14521	SDHD
O14523	C2CD2L
O14524	NEMP1
O14530	TXNDC9
O14545	TRAFD1
O14548	COX7A2L
O14561	NDUFAB1
O14569	CYB561D2
O14579	COPE
O14593	RFXANK
O14613	CDC42EP2
O14617	AP3D1
O14639	ABLIM1
O14646	CHD1
O14647	CHD2
O14656	TOR1A
O14657	TOR1B
O14672	ADAM10
O14678	ABCD4
O14681	EI24
O14686	KMT2D
O14715	RGPD8
O14717	TRDMT1
O14727	APAF1
O14732	IMPA2
O14733	MAP2K7
O14734	ACOT8
O14735	CDIPT
O14737	PDCD5
O14744	PRMT5
O14745	NHERF1
O14763	TNFRSF10B
O14773	TPP1
O14776	TCERG1
O14777	NDC80
O14787	TNPO2
O14802	POLR3A
O14818	PSMA7
O14828	SCAMP3
O14832	PHYH
O14841	OPLAH
O14867	BACH1
O14874	BCKDK
O14879	IFIT3
O14893	GEMIN2
O14907	TAX1BP3
O14908	GIPC1
O14910	LIN7A
O14920	IKBKB
O14925	TIMM23
O14929	HAT1
O14933	UBE2L6
O14936	CASK
O14939	PLD2
O14948	TFEC
O14949	UQCRQ
O14957	UQCR11
O14964	HGS
O14966	RAB29
O14967	CLGN
O14972	VPS26C
O14974	PPP1R12A
O14975	SLC27A2
O14976	GAK
O14980	XPO1
O14994	SYN3
O15014	ZNF609
O15015	ZNF646
O15031	PLXNB2
O15037	KHNYN
O15040	TECPR2
O15042	U2SURP
O15047	SETD1A
O15050	TRANK1
O15054	KDM6B
O15067	PFAS
O15084	ANKRD28
O15085	ARHGEF11
O15091	PRORP
O15111	CHUK
O15116	LSM1
O15117	FYB1
O15118	NPC1
O15120	AGPAT2
O15121	DEGS1
O15126	SCAMP1
O15127	SCAMP2
O15143	ARPC1B
O15144	ARPC2
O15145	ARPC3
O15156	ZBTB7B
O15160	POLR1C
O15164	TRIM24
O15169	AXIN1
O15173	PGRMC2
O15211	RGL2
O15212	PFDN6
O15213	WDR46
O15226	NKRF
O15228	GNPAT
O15229	KMO
O15231	ZNF185
O15234	CASC3
O15235	MRPS12
O15239	NDUFA1
O15247	CLIC2
O15254	ACOX3
O15258	RER1
O15260	SURF4
O15264	MAPK13
O15265	ATXN7
O15269	SPTLC1
O15270	SPTLC2
O15294	OGT
O15297	PPM1D
O15305	PMM2
O15320	MIA2
O15327	INPP4B
O15347	HMGB3
O15355	PPM1G
O15357	INPPL1
O15371	EIF3D
O15379	HDAC3
O15381	NVL
O15382	BCAT2
O15392	BIRC5
O15397	IPO8
O15400	STX7
O15427	SLC16A3
O15431	SLC31A1
O15439	ABCC4
O15446	POLR1G
O15498	YKT6
O15504	NUP42
O15511	ARPC5
O15514	POLR2D
O15523	DDX3Y
O15525	MAFG
O15530	PDPK1
O15541	RNF113A
O15550	KDM6A
O15553	MEFV
O15554	KCNN4
O43143	DHX15
O43148	RNMT
O43149	ZZEF1
O43150	ASAP2
O43156	TTI1
O43159	RRP8
O43164	PJA2
O43166	SIPA1L1
O43167	ZBTB24
O43169	CYB5B
O43172	PRPF4
O43181	NDUFS4
O43189	PHF1
O43237	DYNC1LI2
O43242	PSMD3
O43252	PAPSS1
O43257	ZNHIT1
O43264	ZW10
O43278	SPINT1
O43290	SART1
O43291	SPINT2
O43292	GPAA1
O43293	DAPK3
O43294	TGFB1I1
O43295	SRGAP3
O43296	ZNF264
O43299	AP5Z1
O43303	CCP110
O43310	CTIF
O43312	MTSS1
O43314	PPIP5K2
O43315	AQP9
O43318	MAP3K7
O43324	EEF1E1
O43325	LYRM1
O43353	RIPK2
O43390	HNRNPR
O43395	PRPF3
O43396	TXNL1
O43399	TPD52L2
O43402	EMC8
O43414	ERI3
O43422	THAP12
O43427	FIBP
O43439	CBFA2T2
O43447	PPIH
O43464	HTRA2
O43488	AKR7A2
O43490	PROM1
O43491	EPB41L2
O43493	TGOLN2
O43502	RAD51C
O43504	LAMTOR5
O43513	MED7
O43516	WIPF1
O43521	BCL2L11
O43524	FOXO3
O43566	RGS14
O43567	RNF13
O43572	AKAP10
O43583	DENR
O43586	PSTPIP1
O43592	XPOT
O43615	TIMM44
O43617	TRAPPC3
O43633	CHMP2A
O43639	NCK2
O43660	PLRG1
O43665	RGS10
O43676	NDUFB3
O43677	NDUFC1
O43678	NDUFA2
O43684	BUB3
O43704	SULT1B1
O43707	ACTN4
O43708	GSTZ1
O43709	BUD23
O43715	TRIAP1
O43719	HTATSF1
O43731	KDELR3
O43741	PRKAB2
O43747	AP1G1
O43752	STX6
O43760	SYNGR2
O43765	SGTA
O43766	LIAS
O43768	ENSA
O43772	SLC25A20
O43776	NARS1
O43805	SSNA1
O43808	SLC25A17
O43809	NUDT21
O43813	LANCL1
O43815	STRN
O43818	RRP9
O43819	SCO2
O43820	HYAL3
O43822	CFAP410
O43823	AKAP8
O43824	GTPBP6
O43829	ZBTB14
O43852	CALU
O43861	ATP9B
O43865	AHCYL1
O43866	CD5L
O43913	ORC5
O43920	NDUFS5
O43924	PDE6D
O43929	ORC4
O60216	RAD21
O60220	TIMM8A
O60231	DHX16
O60232	ZNRD2
O60234	GMFG
O60244	MED14
O60256	PRPSAP2
O60262	GNG7
O60264	SMARCA5
O60268	KIAA0513
O60271	SPAG9
O60281	ZNF292
O60287	URB1
O60291	MGRN1
O60292	SIPA1L3
O60293	ZFC3H1
O60296	TRAK2
O60306	AQR
O60307	MAST3
O60308	CEP104
O60313	OPA1
O60318	MCM3AP
O60331	PIP5K1C
O60336	MAPKBP1
O60337	MARCHF6
O60341	KDM1A
O60343	TBC1D4
O60427	FADS1
O60443	GSDME
O60447	EVI5
O60449	LY75
O60476	MAN1A2
O60486	PLXNC1
O60488	ACSL4
O60493	SNX3
O60496	DOK2
O60502	OGA
O60503	ADCY9
O60504	SORBS3
O60506	SYNCRIP
O60507	TPST1
O60508	CDC40
O60518	RANBP6
O60524	NEMF
O60547	GMDS
O60563	CCNT1
O60568	PLOD3
O60573	EIF4E2
O60583	CCNT2
O60602	TLR5
O60603	TLR2
O60645	EXOC3
O60664	PLIN3
O60669	SLC16A7
O60671	RAD1
O60674	JAK2
O60675	MAFK
O60678	PRMT3
O60684	KPNA6
O60701	UGDH
O60704	TPST2
O60711	LPXN
O60725	ICMT
O60739	EIF1B
O60749	SNX2
O60760	HPGDS
O60763	USO1
O60783	MRPS14
O60784	TOM1
O60825	PFKFB2
O60826	CCDC22
O60828	PQBP1
O60830	TIMM17B
O60831	PRAF2
O60832	DKC1
O60858	TRIM13
O60861	GAS7
O60869	EDF1
O60870	KIN
O60884	DNAJA2
O60885	BRD4
O60888	CUTA
O60906	SMPD2
O60907	TBL1X
O60921	HUS1
O60925	PFDN1
O60927	PPP1R11
O60930	RNASEH1
O60934	NBN
O60942	RNGTT
O75027	ABCB7
O75030	MITF
O75037	KIF21B
O75044	SRGAP2
O75063	FAM20B
O75064	DENND4B
O75081	CBFA2T3
O75083	WDR1
O75113	N4BP1
O75116	ROCK2
O75131	CPNE3
O75132	ZBED4
O75140	DEPDC5
O75143	ATG13
O75145	PPFIA3
O75146	HIP1R
O75150	RNF40
O75151	PHF2
O75152	ZC3H11A
O75153	CLUH
O75164	KDM4A
O75165	DNAJC13
O75170	PPP6R2
O75175	CNOT3
O75177	SS18L1
O75182	SIN3B
O75190	DNAJB6
O75204	TMEM127
O75208	COQ9
O75223	GGCT
O75251	NDUFS7
O75306	NDUFS2
O75312	ZPR1
O75317	USP12
O75319	DUSP11
O75323	NIPSNAP2
O75325	LRRN2
O75330	HMMR
O75340	PDCD6
O75348	ATP6V1G1
O75351	VPS4B
O75356	ENTPD5
O75362	ZNF217
O75367	MACROH2A1
O75368	SH3BGRL
O75369	FLNB
O75376	NCOR1
O75379	VAMP4
O75380	NDUFS6
O75381	PEX14
O75382	TRIM3
O75385	ULK1
O75390	CS
O75391	SPAG7
O75394	MRPL33
O75396	SEC22B
O75398	DEAF1
O75400	PRPF40A
O75410	TACC1
O75419	CDC45
O75420	GIGYF1
O75427	LRCH4
O75431	MTX2
O75436	VPS26A
O75438	NDUFB1
O75439	PMPCB
O75446	SAP30
O75449	KATNA1
O75460	ERN1
O75467	ZNF324
O75475	PSIP1
O75477	ERLIN1
O75489	NDUFS3
O75506	HSBP1
O75525	KHDRBS3
O75528	TADA3
O75529	TAF5L
O75530	EED
O75531	BANF1
O75533	SF3B1
O75534	CSDE1
O75554	WBP4
O75558	STX11
O75563	SKAP2
O75569	PRKRA
O75570	MTRF1
O75575	CRCP
O75582	RPS6KA5
O75592	MYCBP2
O75594	PGLYRP1
O75600	GCAT
O75607	NPM3
O75608	LYPLA1
O75616	ERAL1
O75629	CREG1
O75635	SERPINB7
O75643	SNRNP200
O75648	TRMU
O75663	TIPRL
O75665	OFD1
O75676	RPS6KA4
O75683	SURF6
O75688	PPM1B
O75689	ADAP1
O75691	UTP20
O75694	NUP155
O75695	RP2
O75716	STK16
O75717	WDHD1
O75718	CRTAP
O75746	SLC25A12
O75781	PALM
O75787	ATP6AP2
O75791	GRAP2
O75792	RNASEH2A
O75794	CDC123
O75808	CAPN15
O75818	RPP40
O75821	EIF3G
O75822	EIF3J
O75828	CBR3
O75832	PSMD10
O75843	AP1G2
O75844	ZMPSTE24
O75865	TRAPPC6A
O75874	IDH1
O75879	GATB
O75880	SCO1
O75881	CYP7B1
O75882	ATRN
O75884	RBBP9
O75886	STAM2
O75907	DGAT1
O75909	CCNK
O75911	DHRS3
O75915	ARL6IP5
O75923	DYSF
O75925	PIAS1
O75934	BCAS2
O75935	DCTN3
O75937	DNAJC8
O75940	SMNDC1
O75947	ATP5PD
O75955	FLOT1
O75962	TRIO
O75964	ATP5MG
O75976	CPD
O75995	SASH3
O76003	GLRX3
O76021	RSL1D1
O76031	CLPX
O76071	CIAO1
O76080	ZFAND5
O76094	SRP72
O76095	JTB
O76096	CST7
O77932	DXO
O94759	TRPM2
O94760	DDAH1
O94761	RECQL4
O94762	RECQL5
O94763	URI1
O94766	B3GAT3
O94768	STK17B
O94776	MTA2
O94804	STK10
O94806	PRKD3
O94811	TPPP
O94817	ATG12
O94819	KBTBD11
O94822	LTN1
O94826	TOMM70
O94829	IPO13
O94830	DDHD2
O94832	MYO1D
O94842	TOX4
O94851	MICAL2
O94855	SEC24D
O94864	SUPT7L
O94874	UFL1
O94876	TMCC1
O94885	SASH1
O94886	TMEM63A
O94888	UBXN7
O94892	ZNF432
O94903	PLPBP
O94906	PRPF6
O94913	PCF11
O94915	FRYL
O94919	ENDOD1
O94921	CDK14
O94925	GLS
O94927	HAUS5
O94941	UBOX5
O94964	MTCL2
O94966	USP19
O94967	WDR47
O94973	AP2A2
O94986	CEP152
O94992	HEXIM1
O95059	RPP14
O95071	UBR5
O95104	SCAF4
O95139	NDUFB6
O95140	MFN2
O95149	SNUPN
O95155	UBE4B
O95159	ZFPL1
O95163	ELP1
O95168	NDUFB4
O95169	NDUFB8
O95182	NDUFA7
O95183	VAMP5
O95197	RTN3
O95198	KLHL2
O95202	LETM1
O95210	STBD1
O95218	ZRANB2
O95219	SNX4
O95236	APOL3
O95243	MBD4
O95248	SBF1
O95251	KAT7
O95260	ATE1
O95273	CCNDBP1
O95278	EPM2A
O95292	VAPB
O95295	SNAPIN
O95298	NDUFC2
O95336	PGLS
O95340	PAPSS2
O95347	SMC2
O95352	ATG7
O95361	TRIM16
O95363	FARS2
O95365	ZBTB7A
O95372	LYPLA2
O95373	IPO7
O95376	ARIH2
O95379	TNFAIP8
O95382	MAP3K6
O95391	SLU7
O95394	PGM3
O95396	MOCS3
O95400	CD2BP2
O95402	MED26
O95425	SVIL
O95429	BAG4
O95433	AHSA1
O95453	PARN
O95456	PSMG1
O95466	FMNL1
O95470	SGPL1
O95478	NSA2
O95486	SEC24A
O95487	SEC24B
O95497	VNN1
O95498	VNN2
O95544	NADK
O95551	TDP2
O95563	MPC2
O95571	ETHE1
O95573	ACSL3
O95602	POLR1A
O95613	PCNT
O95619	YEATS4
O95625	ZBTB11
O95628	CNOT4
O95630	STAMBP
O95639	CPSF4
O95644	NFATC1
O95670	ATP6V1G2
O95671	ASMTL
O95674	CDS2
O95685	PPP1R3D
O95696	BRD1
O95707	POP4
O95714	HERC2
O95716	RAB3D
O95721	SNAP29
O95747	OXSR1
O95749	GGPS1
O95757	HSPA4L
O95758	PTBP3
O95777	LSM8
O95782	AP2A1
O95786	RIGI
O95789	ZMYM6
O95793	STAU1
O95801	TTC4
O95807	TMEM50A
O95816	BAG2
O95819	MAP4K4
O95822	MLYCD
O95825	CRYZL1
O95831	AIFM1
O95834	EML2
O95837	GNA14
O95848	NUDT14
O95857	TSPAN13
O95861	BPNT1
O95864	FADS2
O95865	DDAH2
O95873	C6orf47
O95881	TXNDC12
O95905	ECD
O95926	SYF2
O95976	IGSF6
O95977	S1PR4
O95983	MBD3
O95985	TOP3B
O95989	NUDT3
O95994	AGR2
O95999	BCL10
O96000	NDUFB10
O96005	CLPTM1
O96006	ZBED1
O96008	TOMM40
O96011	PEX11B
O96013	PAK4
O96019	ACTL6A
O96028	NSD2
P00156	MT-CYB
P00167	CYB5A
P00338	LDHA
P00352	ALDH1A1
P00367	GLUD1
P00374	DHFR
P00387	CYB5R3
P00390	GSR
P00395	MT-CO1
P00403	MT-CO2
P00414	MT-CO3
P00441	SOD1
P00450	CP
P00488	F13A1
P00491	PNP
P00492	HPRT1
P00505	GOT2
P00519	ABL1
P00558	PGK1
P00734	F2
P00738	HP
P00742	F10
P00747	PLG
P00813	ADA
P00846	MT-ATP6
P00918	CA2
P00973	OAS1
P01008	SERPINC1
P01009	SERPINA1
P01011	SERPINA3
P01019	AGT
P01023	A2M
P01024	C3
P01031	C5
P01034	CST3
P01040	CSTA
P01042	KNG1
P01100	FOS
P01111	NRAS
P01112	HRAS
P01116	KRAS
P01137	TGFB1
P01591	JCHAIN
P01619	IGKV3-20
P01624	IGKV3-15
P01730	CD4
P01834	IGKC
P01859	IGHG2
P01860	IGHG3
P01876	IGHA1
P01891	HLA-A
P01912	HLA-DRB1
P02042	HBD
P02533	KRT14
P02538	KRT6A
P02545	LMNA
P02647	APOA1
P02649	APOE
P02671	FGA
P02675	FGB
P02679	FGG
P02730	SLC4A1
P02741	CRP
P02743	APCS
P02745	C1QA
P02747	C1QC
P02748	C9
P02749	APOH
P02751	FN1
P02763	ORM1
P02765	AHSG
P02766	TTR
P02775	PPBP
P02776	PF4
P02786	TFRC
P02787	TF
P02790	HPX
P02792	FTL
P02794	FTH1
P03886	MT-ND1
P03897	MT-ND3
P03905	MT-ND4
P03915	MT-ND5
P03923	MT-ND6
P03928	MT-ATP8
P04003	C4BPA
P04004	VTN
P04040	CAT
P04049	RAF1
P04062	GBA1
P04066	FUCA1
P04075	ALDOA
P04080	CSTB
P04083	ANXA1
P04114	APOB
P04150	NR3C1
P04179	SOD2
P04181	OAT
P04196	HRG
P04217	A1BG
P04222	HLA-C
P04233	CD74
P04259	KRT6B
P04271	S100B
P04350	TUBB4A
P04406	GAPDH
P04424	ASL
P04632	CAPNS1
P04732	MT1E
P04792	HSPB1
P04839	CYBB
P04843	RPN1
P04844	RPN2
P04899	GNAI2
P04920	SLC4A2
P05023	ATP1A1
P05026	ATP1B1
P05067	APP
P05089	ARG1
P05091	ALDH2
P05106	ITGB3
P05107	ITGB2
P05109	S100A8
P05114	HMGN1
P05120	SERPINB2
P05141	SLC25A5
P05155	SERPING1
P05161	ISG15
P05162	LGALS2
P05164	MPO
P05165	PCCA
P05198	EIF2S1
P05204	HMGN2
P05362	ICAM1
P05386	RPLP1
P05387	RPLP2
P05388	RPLP0
P05423	POLR3D
P05455	SSB
P05534	HLA-A
P05543	SERPINA7
P05556	ITGB1
P05771	PRKCB
P05783	KRT18
P06132	UROD
P06213	INSR
P06239	LCK
P06241	FYN
P06280	GLA
P06312	IGKV4-1
P06340	HLA-DOA
P06400	RB1
P06493	CDK1
P06576	ATP5F1B
P06702	S100A9
P06703	S100A6
P06729	CD2
P06730	EIF4E
P06733	ENO1
P06737	PYGL
P06744	GPI
P06746	POLB
P06748	NPM1
P06753	TPM3
P06899	H2BC11
P07099	EPHX1
P07108	DBI
P07195	LDHB
P07199	CENPB
P07205	PGK2
P07225	PROS1
P07237	P4HB
P07305	H1-0
P07311	ACYP1
P07320	CRYGD
P07332	FES
P07333	CSF1R
P07355	ANXA2
P07360	C8G
P07384	CAPN1
P07437	TUBB
P07602	PSAP
P07686	HEXB
P07711	CTSL
P07737	PFN1
P07741	APRT
P07814	EPRS1
P07858	CTSB
P07900	HSP90AA1
P07902	GALT
P07919	UQCRH
P07948	LYN
P07951	TPM2
P07954	FH
P07992	ERCC1
P07996	THBS1
P08047	SP1
P08133	ANXA6
P08183	ABCB1
P08236	GUSB
P08237	PFKM
P08238	HSP90AB1
P08240	SRPRA
P08246	ELANE
P08311	CTSG
P08397	HMBS
P08514	ITGA2B
P08559	PDHA1
P08567	PLEK
P08571	CD14
P08574	CYC1
P08575	PTPRC
P08579	SNRPB2
P08582	MELTF
P08603	CFH
P08621	SNRNP70
P08648	ITGA5
P08670	VIM
P08697	SERPINF2
P08708	RPS17
P08727	KRT19
P08729	KRT7
P08754	GNAI3
P08758	ANXA5
P08779	KRT16
P08842	STS
P09012	SNRPA
P09104	ENO2
P09110	ACAA1
P09132	SRP19
P09211	GSTP1
P09234	SNRPC
P09382	LGALS1
P09417	QDPR
P09429	HMGB1
P09467	FBP1
P09486	SPARC
P09488	GSTM1
P09496	CLTA
P09497	CLTB
P09525	ANXA4
P09543	CNP
P09564	CD7
P09601	HMOX1
P09622	DLD
P09661	SNRPA1
P09669	COX6C
P09769	FGR
P09871	C1S
P09874	PARP1
P09914	IFIT1
P09917	ALOX5
P09936	UCHL1
P09958	FURIN
P09960	LTA4H
P09972	ALDOC
P0C024	NUDT7
P0C0L4	C4A
P0C0L5	C4B
P0C0L5	C4B_2
P0C1Z6	TFPT
P0C2W1	FBXO45
P0C7P0	CISD3
P0C7T5	ATXN1L
P0C870	JMJD7
P0CAP2	POLR2M
P0CG12	DERPC
P0CG13	CHTF8
P0CG38	POTEI
P0CG39	POTEJ
P0CJ78	ZNF865
P0DJ93	SMIM13
P0DMQ5	INAFM2
P0DPB5	POLR1D
P0DPB6	POLR1D
P0DPD7	EEF1AKMT4
P10109	FDX1
P10114	RAP2A
P10124	SRGN
P10153	RNASE2
P10155	RO60
P10253	GAA
P10301	RRAS
P10398	ARAF
P10412	H1-4
P10515	DLAT
P10599	TXN
P10606	COX5B
P10620	MGST1
P10643	C7
P10644	PRKAR1A
P10721	KIT
P10746	Mgu
P10768	ESD
P10809	HSPD1
P10909	CLU
P11021	HSPA5
P11049	CD37
P11117	ACP2
P11142	HSPA8
P11166	SLC2A1
P11169	SLC2A3
P11171	EPB41
P11172	UMPS
P11177	PDHB
P11182	DBT
P11215	ITGAM
P11216	PYGB
P11217	PYGM
P11233	RALA
P11234	RALB
P11274	BCR
P11277	SPTB
P11279	LAMP1
P11308	ERG
P11387	TOP1
P11388	TOP2A
P11413	G6PD
P11441	UBL4A
P11474	ESRRA
P11498	PC
P11586	MTHFD1
P11678	EPX
P11717	IGF2R
P11766	ADH5
P11802	CDK4
P11908	PRPS2
P11940	PABPC1
P12004	PCNA
P12074	COX6A1
P12081	HARS1
P12235	SLC25A4
P12236	SLC25A6
P12268	IMPDH2
P12270	TPR
P12314	FCGR1A
P12318	FCGR2A
P12429	ANXA3
P12724	RNASE3
P12755	SKI
P12814	ACTN1
P12931	SRC
P12955	PEPD
P12956	XRCC6
P12980	LYL1
P13010	XRCC5
P13051	UNG
P13056	NR2C1
P13073	COX4I1
P13196	ALAS1
P13224	GP1BB
P13284	IFI30
P13473	LAMP2
P13489	RNH1
P13498	CYBA
P13611	VCAN
P13612	ITGA4
P13639	EEF2
P13646	KRT13
P13647	KRT5
P13667	PDIA4
P13671	C6
P13674	P4HA1
P13682	ZNF35
P13686	ACP5
P13716	ALAD
P13727	PRG2
P13761	HLA-DRB1
P13765	HLA-DOB
P13796	LCP1
P13797	PLS3
P13804	ETFA
P13807	GYS1
P13861	PRKAR2A
P13929	ENO3
P13984	GTF2F2
P13994	YJU2B
P13995	MTHFD2
P14151	SELL
P14174	MIF
P14209	CD99
P14316	IRF2
P14317	HCLS1
P14324	FDPS
P14373	TRIM27
P14384	CPM
P14543	NID1
P14550	AKR1A1
P14598	NCF1
P14618	PKM
P14621	ACYP2
P14625	HSP90B1
P14649	MYL6B
P14735	IDE
P14770	GP9
P14780	MMP9
P14854	COX6B1
P14859	POU2F1
P14866	HNRNPL
P14868	DARS1
P14923	JUP
P14927	UQCRB
P15056	BRAF
P15104	GLUL
P15121	AKR1B1
P15144	ANPEP
P15170	GSPT1
P15260	IFNGR1
P15291	B4GALT1
P15309	ACP3
P15311	EZR
P15336	ATF2
P15374	UCHL3
P15408	FOSL2
P15428	HPGD
P15498	VAV1
P15509	CSF2RA
P15529	CD46
P15531	NME1
P15586	GNS
P15813	CD1D
P15848	ARSB
P15880	RPS2
P15907	ST6GAL1
P15923	TCF3
P15924	DSP
P15927	RPA2
P15954	COX7C
P16035	TIMP2
P16050	ALOX15
P16070	CD44
P16083	NQO2
P16104	H2AX
P16150	SPN
P16152	CBR1
P16219	ACADS
P16220	CREB1
P16260	SLC25A16
P16278	GLB1
P16284	PECAM1
P16298	PPP3CB
P16333	NCK1
P16383	GCFC2
P16401	H1-5
P16402	H1-3
P16403	H1-2
P16435	POR
P16452	EPB42
P16455	MGMT
P16591	FER
P16615	ATP2A2
P16885	PLCG2
P16930	FAH
P16949	STMN1
P16989	YBX3
P17010	ZFX
P17026	ZNF22
P17028	ZNF24
P17029	ZKSCAN1
P17050	NAGA
P17066	HSPA6
P17081	RHOQ
P17096	HMGA1
P17098	ZNF8
P17152	TMEM11
P17174	GOT1
P17181	IFNAR1
P17213	BPI
P17252	PRKCA
P17275	JUNB
P17301	ITGA2
P17302	GJA1
P17405	SMPD1
P17480	UBTF
P17535	JUND
P17568	NDUFB7
P17612	PRKACA
P17655	CAPN2
P17676	CEBPB
P17706	PTPN2
P17812	CTPS1
P17813	ENG
P17844	DDX5
P17858	PFKL
P17900	GM2A
P17927	CR1
P17931	LGALS3
P17947	SPI1
P17980	PSMC3
P17987	TCP1
P18031	PTPN1
P18065	IGFBP2
P18074	ERCC2
P18077	RPL35A
P18085	ARF4
P18124	RPL7
P18206	VCL
P18433	PTPRA
P18440	NAT1
P18463	HLA-B
P18465	HLA-B
P18510	IL1RN
P18583	SON
P18615	NELFE
P18669	PGAM1
P18754	RCC1
P18846	ATF1
P18858	LIG1
P18859	ATP5PF
P18887	XRCC1
P19256	CD58
P19338	NCL
P19367	HK1
P19387	POLR2C
P19388	POLR2E
P19397	CD53
P19404	NDUFV2
P19447	ERCC3
P19474	TRIM21
P19525	EIF2AK2
P19532	TFE3
P19623	SRM
P19634	SLC9A1
P19652	ORM2
P19784	CSNK2A2
P19793	RXRA
P19838	NFKB1
P19876	CXCL3
P19878	NCF2
P19971	TYMP
P20020	ATP2B1
P20039	HLA-DRB1
P20042	EIF2S2
P20061	TCN1
P20073	ANXA7
P20138	CD33
P20160	AZU1
P20290	BTF3
P20292	ALOX5AP
P20338	RAB4A
P20339	RAB5A
P20340	RAB6A
P20585	MSH3
P20591	MX1
P20592	MX2
P20618	PSMB1
P20645	M6PR
P20674	COX5A
P20700	LMNB1
P20701	ITGAL
P20702	ITGAX
P20742	PZP
P20749	BCL3
P20839	IMPDH1
P20851	C4BPB
P20930	FLG
P20933	AGA
P21127	CDK11B
P21266	GSTM3
P21281	ATP6V1B2
P21283	ATP6V1C1
P21291	CSRP1
P21333	FLNA
P21359	NF1
P21399	ACO1
P21462	FPR1
P21675	TAF1
P21730	C5AR1
P21757	MSR1
P21796	VDAC1
P21912	SDHB
P21953	BCKDHB
P21964	COMT
P21980	TGM2
P22033	MMUT
P22059	OSBP
P22083	FUT4
P22087	FBL
P22102	GART
P22234	PAICS
P22304	IDS
P22307	SCP2
P22314	UBA1
P22570	FDXR
P22626	HNRNPA2B1
P22670	RFX1
P22681	CBL
P22694	PRKACB
P22695	UQCRC2
P22732	SLC2A5
P22735	TGM1
P22830	FECH
P22894	MMP8
P22897	MRC1
P23025	XPA
P23141	CES1
P23142	FBLN1
P23219	PTGS1
P23229	ITGA6
P23246	SFPQ
P23258	TUBG1
P23284	PPIB
P23297	S100A1
P23381	WARS1
P23396	RPS3
P23434	GCSH
P23443	RPS6KB1
P23458	JAK1
P23469	PTPRE
P23490	LORICRIN
P23497	SP100
P23526	AHCY
P23528	CFL1
P23610	F8A1
P23610	F8A2
P23610	F8A3
P23634	ATP2B4
P23743	DGKA
P23786	CPT2
P23919	DTYMK
P23921	RRM1
P24071	FCAR
P24158	PRTN3
P24311	COX7B
P24386	CHM
P24390	KDELR1
P24534	EEF1B2
P24539	ATP5PB
P24666	ACP1
P24723	PRKCH
P24752	ACAT1
P24928	POLR2A
P24941	CDK2
P25024	CXCR1
P25025	CXCR2
P25054	APC
P25090	FPR2
P25098	GRK2
P25105	PTAFR
P25205	MCM3
P25208	NFYB
P25325	MPST
P25398	RPS12
P25445	FAS
P25490	YY1
P25685	DNAJB1
P25686	DNAJB2
P25705	ATP5F1A
P25774	CTSS
P25786	PSMA1
P25788	PSMA3
P25789	PSMA4
P25815	S100P
P25963	NFKBIA
P26010	ITGB7
P26022	PTX3
P26038	MSN
P26196	DDX6
P26358	DNMT1
P26368	U2AF2
P26373	RPL13
P26374	CHML
P26447	S100A4
P26572	MGAT1
P26583	HMGB2
P26599	PTBP1
P26639	TARS1
P26640	VARS1
P26641	EEF1G
P26885	FKBP2
P26951	IL3RA
P27105	STOM
P27144	AK4
P27216	ANXA13
P27348	YWHAQ
P27361	MAPK3
P27448	MARK3
P27449	ATP6V0C
P27540	ARNT
P27635	RPL10
P27694	RPA1
P27695	APEX1
P27701	CD82
P27707	DCK
P27797	CALR
P27816	MAP4
P27824	CANX
P27918	CFP
P27986	PIK3R1
P27987	ITPKB
P28039	AOAH
P28062	PSMB8
P28065	PSMB9
P28066	PSMA5
P28068	HLA-DMB
P28070	PSMB4
P28072	PSMB6
P28074	PSMB5
P28161	GSTM2
P28288	ABCD3
P28289	TMOD1
P28290	ITPRID2
P28328	PEX2
P28331	NDUFS1
P28482	MAPK1
P28562	DUSP1
P28702	RXRB
P28715	ERCC5
P28799	GRN
P28838	LAP3
P28906	CD34
P28907	CD38
P28908	TNFRSF8
P29083	GTF2E1
P29084	GTF2E2
P29144	TPP2
P29218	IMPA1
P29323	EPHB2
P29350	PTPN6
P29353	SHC1
P29372	MPG
P29374	ARID4A
P29375	KDM5A
P29401	TKT
P29466	CASP1
P29508	SERPINB3
P29590	PML
P29597	TYK2
P29762	CRABP1
P29966	MARCKS
P29992	GNA11
P30038	ALDH4A1
P30039	PBLD
P30040	ERP29
P30041	PRDX6
P30043	BLVRB
P30044	PRDX5
P30046	DDT
P30047	GCHFR
P30048	PRDX3
P30049	ATP5F1D
P30050	RPL12
P30084	ECHS1
P30085	CMPK1
P30086	PEBP1
P30101	PDIA3
P30153	PPP2R1A
P30154	PPP2R1B
P30260	CDC27
P30273	FCER1G
P30281	CCND3
P30405	PPIF
P30414	NKTR
P30419	NMT1
P30455	HLA-A
P30457	HLA-A
P30486	HLA-B
P30487	HLA-B
P30501	HLA-C
P30510	HLA-C
P30511	HLA-F
P30519	HMOX2
P30520	ADSS2
P30533	LRPAP1
P30536	TSPO
P30613	PKLR
P30622	CLIP1
P30679	GNA15
P30740	SERPINB1
P30825	SLC7A1
P30837	ALDH1B1
P31025	LCN1
P31040	SDHA
P31146	CORO1A
P31150	GDI1
P31153	MAT2A
P31323	PRKAR2B
P31327	CPS1
P31350	RRM2
P31512	FMO4
P31689	DNAJA1
P31749	AKT1
P31751	AKT2
P31785	IL2RG
P31930	UQCRC1
P31937	HIBADH
P31939	ATIC
P31941	APOBEC3A
P31942	HNRNPH3
P31944	CASP14
P31946	YWHAB
P31948	STIP1
P31949	S100A11
P31994	FCGR2B
P31997	CEACAM8
P32019	INPP5B
P32119	PRDX2
P32121	ARRB2
P32189	GK
P32246	CCR1
P32249	GPR183
P32320	CDA
P32321	DCTD
P32322	PYCR1
P32418	SLC8A1
P32455	GBP1
P32456	GBP2
P32519	ELF1
P32780	GTF2H1
P32856	STX2
P32927	CSF2RB
P32942	ICAM3
P32969	RPL9
P32969	RPL9P7
P32969	RPL9P8
P32969	RPL9P9
P33121	ACSL1
P33176	KIF5B
P33240	CSTF2
P33241	LSP1
P33316	DUT
P33527	ABCC1
P33778	H2BC3
P33897	ABCD1
P33908	MAN1A1
P33947	KDELR2
P33991	MCM4
P33992	MCM5
P33993	MCM7
P34059	GALNS
P34096	RNASE4
P34810	CD68
P34896	SHMT1
P34897	SHMT2
P34910	EVI2B
P34931	HSPA1L
P34932	HSPA4
P34949	MPI
P35030	PRSS3
P35221	CTNNA1
P35232	PHB1
P35240	NF2
P35241	RDX
P35244	RPA3
P35249	RFC4
P35250	RFC2
P35251	RFC1
P35268	RPL22
P35269	GTF2F1
P35270	SPR
P35475	IDUA
P35573	AGL
P35579	MYH9
P35580	MYH10
P35606	COPB2
P35610	SOAT1
P35611	ADD1
P35613	BSG
P35625	TIMP3
P35626	GRK3
P35658	NUP214
P35659	DEK
P35749	MYH11
P35754	GLRX
P35789	ZNF93
P35813	PPM1A
P35914	HMGCL
P35998	PSMC2
P36269	GGT5
P36404	ARL2
P36405	ARL3
P36507	MAP2K2
P36542	ATP5F1C
P36543	ATP6V1E1
P36551	CPOX
P36578	RPL4
P36639	NUDT1
P36871	PGM1
P36873	PPP1CC
P36888	FLT3
P36897	TGFBR1
P36915	GNL1
P36941	LTBR
P36954	POLR2I
P36957	DLST
P36959	GMPR
P37108	SRP14
P37198	NUP62
P37235	HPCAL1
P37268	FDFT1
P37802	TAGLN2
P37837	TALDO1
P38117	ETFB
P38159	RBMX
P38432	COIL
P38570	ITGAE
P38606	ATP6V1A
P38646	HSPA9
P38919	EIF4A3
P38935	IGHMBP2
P39019	RPS19
P39023	RPL3
P39210	MPV17
P39687	ANP32A
P39748	FEN1
P39880	CUX1
P40121	CAPG
P40189	IL6ST
P40222	TXLNA
P40227	CCT6A
P40306	PSMB10
P40337	VHL
P40425	PBX2
P40429	RPL13A
P40616	ARL1
P40692	MLH1
P40763	STAT3
P40818	USP8
P40855	PEX19
P40925	MDH1
P40926	MDH2
P40937	RFC5
P40938	RFC3
P40939	HADHA
P41091	EIF2S3
P41162	ETV3
P41182	BCL6
P41208	CETN2
P41212	ETV6
P41214	EIF2D
P41218	MNDA
P41223	BUD31
P41226	UBA7
P41227	NAA10
P41229	KDM5C
P41236	PPP1R2
P41240	CSK
P41247	PNPLA4
P41250	GARS1
P41252	IARS1
P41279	MAP3K8
P41440	SLC19A1
P41597	CCR2
P41743	PRKCI
P42025	ACTR1B
P42126	ECI1
P42166	TMPO
P42167	TMPO
P42224	STAT1
P42285	MTREX
P42331	ARHGAP25
P42336	PIK3CA
P42338	PIK3CB
P42345	MTOR
P42356	PI4KA
P42357	HAL
P42566	EPS15
P42574	CASP3
P42575	CASP2
P42677	RPS27
P42680	TEC
P42684	ABL2
P42694	HELZ
P42695	NCAPD3
P42696	RBM34
P42704	LRPPRC
P42765	ACAA2
P42766	RPL35
P42768	WAS
P42771	CDKN2A
P42773	CDKN2C
P42785	PRCP
P42858	HTT
P42898	MTHFR
P43007	SLC1A4
P43034	PAFAH1B1
P43155	CRAT
P43234	CTSO
P43246	MSH2
P43250	GRK6
P43251	BTD
P43304	GPD2
P43307	SSR1
P43353	ALDH3B1
P43378	PTPN9
P43403	ZAP70
P43405	SYK
P43490	NAMPT
P43652	AFM
P43686	PSMC4
P43897	TSFM
P45880	VDAC2
P45954	ACADSB
P45973	CBX5
P45974	USP5
P45983	MAPK8
P45984	MAPK9
P45985	MAP2K4
P46013	MKI67
P46019	PHKA2
P46060	RANGAP1
P46063	RECQL
P46087	NOP2
P46100	ATRX
P46108	CRK
P46109	CRKL
P46199	MTIF2
P46459	NSF
P46527	CDKN1B
P46531	NOTCH1
P46734	MAP2K3
P46736	BRCC3
P46776	RPL27A
P46777	RPL5
P46778	RPL21
P46779	RPL28
P46782	RPS5
P46783	RPS10
P46926	GNPDA1
P46934	NEDD4
P46939	UTRN
P46940	IQGAP1
P46952	HAAO
P46976	GYG1
P46977	STT3A
P47224	RABIF
P47712	PLA2G4A
P47755	CAPZA2
P47756	CAPZB
P47813	EIF1AX
P47895	ALDH1A3
P47897	QARS1
P47914	RPL29
P47929	LGALS7
P47929	LGALS7B
P47974	ZFP36L2
P47985	UQCRFS1
P48047	ATP5PO
P48059	LIMS1
P48060	GLIPR1
P48147	PREP
P48163	ME1
P48378	RFX2
P48382	RFX5
P48426	PIP4K2A
P48444	ARCN1
P48449	LSS
P48454	PPP3CC
P48506	GCLC
P48507	GCLM
P48553	TRAPPC10
P48595	SERPINB10
P48634	PRRC2A
P48637	GSS
P48643	CCT5
P48651	PTDSS1
P48723	HSPA13
P48728	AMT
P48729	CSNK1A1
P48730	CSNK1D
P48735	IDH2
P48736	PIK3CG
P48739	PITPNB
P48740	MASP1
P48960	ADGRE5
P49005	POLD2
P49006	MARCKSL1
P49069	CAMLG
P49116	NR2C2
P49137	MAPKAPK2
P49184	DNASE1L1
P49189	ALDH9A1
P49207	RPL34
P49238	CX3CR1
P49247	RPIA
P49257	LMAN1
P49279	SLC11A1
P49281	SLC11A2
P49321	NASP
P49326	FMO5
P49327	FASN
P49354	FNTA
P49366	DHPS
P49368	CCT3
P49406	MRPL19
P49407	ARRB1
P49411	TUFM
P49427	CDC34
P49441	INPP1
P49458	SRP9
P49588	AARS1
P49589	CARS1
P49590	HARS2
P49591	SARS1
P49593	PPM1F
P49619	DGKG
P49641	MAN2A2
P49642	PRIM1
P49643	PRIM2
P49662	CASP4
P49711	CTCF
P49715	CEBPA
P49716	CEBPD
P49720	PSMB3
P49721	PSMB2
P49736	MCM2
P49748	ACADVL
P49750	YLPM1
P49754	VPS41
P49755	TMED10
P49756	RBM25
P49757	NUMB
P49759	CLK1
P49761	CLK3
P49768	PSEN1
P49770	EIF2B2
P49773	HINT1
P49789	FHIT
P49790	NUP153
P49792	RANBP2
P49795	RGS19
P49796	RGS3
P49840	GSK3A
P49841	GSK3B
P49863	GZMK
P49902	NT5C2
P49903	SEPHS1
P49914	MTHFS
P49915	GMPS
P49916	LIG3
P49917	LIG4
P49959	MRE11
P49961	ENTPD1
P50135	HNMT
P50148	GNAQ
P50151	GNG10
P50213	IDH3A
P50225	SULT1A1
P50238	CRIP1
P50336	PPOX
P50395	GDI2
P50402	EMD
P50416	CPT1A
P50440	GATM
P50443	SLC26A2
P50452	SERPINB8
P50453	SERPINB9
P50454	SERPINH1
P50502	ST13
P50548	ERF
P50552	VASP
P50570	DNM2
P50579	METAP2
P50583	NUDT2
P50591	TNFSF10
P50613	CDK7
P50748	KNTC1
P50749	RASSF2
P50750	CDK9
P50851	LRBA
P50914	RPL14
P50990	CCT8
P50991	CCT4
P50995	ANXA11
P51003	PAPOLA
P51114	FXR1
P51116	FXR2
P51148	RAB5C
P51149	RAB7A
P51151	RAB9A
P51153	RAB13
P51157	RAB28
P51159	RAB27A
P51178	PLCD1
P51397	DAP
P51398	DAP3
P51452	DUSP3
P51508	ZNF81
P51531	SMARCA2
P51553	IDH3G
P51570	GALK1
P51571	SSR4
P51572	BCAP31
P51575	P2RX1
P51580	TPMT
P51606	RENBP
P51608	MECP2
P51610	HCFC1
P51617	IRAK1
P51648	ALDH3A2
P51649	ALDH5A1
P51659	HSD17B4
P51665	PSMD7
P51688	SGSH
P51689	ARSD
P51692	STAT5B
P51784	USP11
P51787	KCNQ1
P51797	CLCN6
P51798	CLCN7
P51805	PLXNA3
P51809	VAMP7
P51812	RPS6KA3
P51825	AFF1
P51828	ADCY7
P51858	HDGF
P51946	CCNH
P51948	MNAT1
P51957	NEK4
P51965	UBE2E1
P51970	NDUFA8
P51991	HNRNPA3
P52209	PGD
P52272	HNRNPM
P52292	KPNA2
P52294	KPNA1
P52298	NCBP2
P52306	RAP1GDS1
P52333	JAK3
P52564	MAP2K6
P52565	ARHGDIA
P52566	ARHGDIB
P52594	AGFG1
P52597	HNRNPF
P52630	STAT2
P52655	GTF2A1
P52657	GTF2A2
P52701	MSH6
P52735	VAV2
P52739	ZNF131
P52747	ZNF143
P52756	RBM5
P52757	CHN2
P52758	RIDA
P52788	SMS
P52789	HK2
P52790	HK3
P52798	EFNA4
P52815	MRPL12
P52848	NDST1
P52849	NDST2
P52888	THOP1
P52907	CAPZA1
P52948	NUP98
P53004	BLVRA
P53007	SLC25A1
P53041	PPP5C
P53355	DAPK1
P53367	ARFIP1
P53370	NUDT6
P53384	NUBP1
P53396	ACLY
P53567	CEBPG
P53582	METAP1
P53597	SUCLG1
P53602	MVD
P53609	PGGT1B
P53611	RABGGTB
P53618	COPB1
P53621	COPA
P53634	CTSC
P53671	LIMK2
P53675	CLTCL1
P53677	AP3M2
P53701	HCCS
P53778	MAPK12
P53794	SLC5A3
P53801	PTTG1IP
P53803	POLR2K
P53985	SLC16A1
P53990	IST1
P53992	SEC24C
P53999	SUB1
P54098	POLG
P54105	CLNS1A
P54136	RARS1
P54198	HIRA
P54259	ATN1
P54274	TERF1
P54277	PMS1
P54278	PMS2
P54577	YARS1
P54578	USP14
P54619	PRKAG1
P54652	HSPA2
P54687	BCAT1
P54709	ATP1B3
P54725	RAD23A
P54727	RAD23B
P54802	NAGLU
P54803	GALC
P54886	ALDH18A1
P54920	NAPA
P54922	ADPRH
P55008	AIF1
P55010	EIF5
P55011	SLC12A2
P55036	PSMD4
P55039	DRG2
P55060	CSE1L
P55072	VCP
P55081	MFAP1
P55084	HADHB
P55160	NCKAP1L
P55199	ELL
P55201	BRPF1
P55210	CASP7
P55211	CASP9
P55212	CASP6
P55263	ADK
P55265	ADAR
P55327	TPD52
P55345	PRMT2
P55347	PKNOX1
P55735	SEC13
P55769	SNU13
P55773	CCL23
P55789	GFER
P55795	HNRNPH2
P55809	OXCT1
P55884	EIF3B
P55899	FCGRT
P55957	BID
P56134	ATP5MF
P56181	NDUFV3
P56182	RRP1
P56192	MARS1
P56202	CTSW
P56211	ARPP19
P56270	MAZ
P56277	CMC4
P56377	AP1S2
P56378	ATP5MJ
P56381	ATP5F1E
P56385	ATP5ME
P56524	HDAC4
P56537	EIF6
P56545	CTBP2
P56589	PEX3
P56937	HSD17B7
P56962	STX17
P57060	RWDD2B
P57076	CFAP298
P57081	WDR4
P57088	TMEM33
P57682	KLF3
P57729	RAB38
P57740	NUP107
P57768	SNX16
P57772	EEFSEC
P57789	KCNK10
P58004	SESN2
P58005	SESN3
P58215	LOXL3
P58335	ANTXR2
P58511	SMIM11
P58546	MTPN
P58876	H2BC5
P59046	NLRP12
P59535	TAS2R40
P59665	DEFA1
P59665	DEFA1B
P59768	GNG2
P59923	ZNF445
P59998	ARPC4
P60059	SEC61G
P60174	TPI1
P60228	EIF3E
P60468	SEC61B
P60484	PTEN
P60510	PPP4C
P60520	GABARAPL2
P60602	ROMO1
P60604	UBE2G2
P60660	MYL6
P60673	PFN3
P60842	EIF4A1
P60866	RPS20
P60891	PRPS1
P60900	PSMA6
P60903	S100A10
P60953	CDC42
P60981	DSTN
P60983	GMFB
P61006	RAB8A
P61009	SPCS3
P61011	SRP54
P61018	RAB4B
P61019	RAB2A
P61020	RAB5B
P61026	RAB10
P61081	UBE2M
P61086	UBE2K
P61088	UBE2N
P61106	RAB14
P61158	ACTR3
P61160	ACTR2
P61163	ACTR1A
P61201	COPS2
P61204	ARF3
P61221	ABCE1
P61224	RAP1B
P61225	RAP2B
P61244	MAX
P61247	RPS3A
P61254	RPL26
P61289	PSME3
P61313	RPL15
P61326	MAGOH
P61353	RPL27
P61457	PCBD1
P61513	RPL37A
P61586	RHOA
P61599	NAA20
P61601	NCALD
P61604	HSPE1
P61626	LYZ
P61758	VBP1
P61769	B2M
P61916	NPC2
P61927	RPL37
P61956	SUMO2
P61960	UFM1
P61962	DCAF7
P61964	WDR5
P61966	AP1S1
P61970	NUTF2
P61978	HNRNPK
P61981	YWHAG
P62070	RRAS2
P62072	TIMM10
P62081	RPS7
P62136	PPP1CA
P62140	PPP1CB
P62191	PSMC1
P62195	PSMC5
P62241	RPS8
P62244	RPS15A
P62249	RPS16
P62253	UBE2G1
P62258	YWHAE
P62263	RPS14
P62266	RPS23
P62269	RPS18
P62273	RPS29
P62277	RPS13
P62280	RPS11
P62304	SNRPE
P62306	SNRPF
P62308	SNRPG
P62310	LSM3
P62312	LSM6
P62314	SNRPD1
P62316	SNRPD2
P62318	SNRPD3
P62328	TMSB4X
P62330	ARF6
P62380	TBPL1
P62424	RPL7A
P62487	POLR2G
P62491	RAB11A
P62495	ETF1
P62633	CNBP
P62699	YPEL5
P62701	RPS4X
P62745	RHOB
P62750	RPL23A
P62753	RPS6
P62805	H4C1
P62805	H4C11
P62805	H4C12
P62805	H4C13
P62805	H4C14
P62805	H4C15
P62805	H4C16
P62805	H4C2
P62805	H4C3
P62805	H4C4
P62805	H4C5
P62805	H4C6
P62805	H4C8
P62805	H4C9
P62826	RAN
P62829	RPL23
P62834	RAP1A
P62837	UBE2D2
P62841	RPS15
P62851	RPS25
P62854	RPS26
P62857	RPS28
P62873	GNB1
P62875	POLR2L
P62877	RBX1
P62879	GNB2
P62888	RPL30
P62899	RPL31
P62906	RPL10A
P62913	RPL11
P62917	RPL8
P62937	PPIA
P62942	FKBP1A
P62979	RPS27A
P62987	UBA52
P62993	GRB2
P62995	TRA2B
P63000	RAC1
P63010	AP2B1
P63096	GNAI1
P63104	YWHAZ
P63151	PPP2R2A
P63162	SNRPN
P63167	DYNLL1
P63172	DYNLT1
P63173	RPL38
P63208	SKP1
P63218	GNG5
P63241	EIF5A
P63244	RACK1
P63261	ACTG1
P63272	SUPT4H1
P63313	TMSB10
P67775	PPP2CA
P67809	YBX1
P67812	SEC11A
P67870	CSNK2B
P67936	TPM4
P68032	ACTC1
P68036	UBE2L3
P68104	EEF1A1
P68363	TUBA1B
P68366	TUBA4A
P68371	TUBB4B
P68402	PAFAH1B2
P68871	HBB
P69891	HBG1
P69892	HBG2
P69905	HBA1
P69905	HBA2
P78314	SH3BP2
P78316	NOP14
P78318	IGBP1
P78324	SIRPA
P78325	ADAM8
P78332	RBM6
P78345	RPP38
P78346	RPP30
P78347	GTF2I
P78356	PIP4K2B
P78362	SRPK2
P78368	CSNK1G2
P78371	CCT2
P78382	SLC35A1
P78385	KRT83
P78406	RAE1
P78410	BTN3A2
P78417	GSTO1
P78527	PRKDC
P78536	ADAM17
P78537	BLOC1S1
P78549	NTHL1
P78560	CRADD
P78563	ADARB1
P79483	HLA-DRB3
P80108	GPLD1
P80188	LCN2
P80217	IFI35
P80511	S100A12
P80723	BASP1
P81605	DCD
P82094	TMF1
P82663	MRPS25
P82664	MRPS10
P82673	MRPS35
P82675	MRPS5
P82909	KGD4
P82912	MRPS11
P82914	MRPS15
P82921	MRPS21
P82932	MRPS6
P82933	MRPS9
P82970	HMGN5
P82979	SARNP
P83111	LACTB
P83436	COG7
P83731	RPL24
P83876	TXNL4A
P83916	CBX1
P84022	SMAD3
P84077	ARF1
P84085	ARF5
P84090	ERH
P84095	RHOG
P84098	RPL19
P84101	SERF2
P84103	SRSF3
P84157	MXRA7
P85037	FOXK1
P86452	ZBED6
P98066	TNFAIP6
P98082	DAB2
P98170	XIAP
P98171	ARHGAP4
P98175	RBM10
P98179	RBM3
P99999	CYCS
Q00013	MPP1
Q00059	TFAM
Q00169	PITPNA
Q00325	SLC25A3
Q00403	GTF2B
Q00534	CDK6
Q00535	CDK5
Q00577	PURA
Q00613	HSF1
Q00653	NFKB2
Q00688	FKBP3
Q00722	PLCB2
Q00765	REEP5
Q00796	SORD
Q00839	HNRNPU
Q00978	IRF9
Q01082	SPTBN1
Q01085	TIAL1
Q01105	SET
Q01130	SRSF2
Q01167	FOXK2
Q01196	RUNX1
Q01201	RELB
Q01415	GALK2
Q01432	AMPD3
Q01433	AMPD2
Q01459	CTBS
Q01469	FABP5
Q01518	CAP1
Q01543	FLI1
Q01546	KRT76
Q01581	HMGCS1
Q01628	IFITM3
Q01650	SLC7A5
Q01658	DR1
Q01664	TFAP4
Q01780	EXOSC10
Q01804	OTUD4
Q01813	PFKP
Q01826	SATB1
Q01831	XPC
Q01968	OCRL
Q01970	PLCB3
Q02040	AKAP17A
Q02078	MEF2A
Q02083	NAAA
Q02086	SP2
Q02108	GUCY1A1
Q02127	DHODH
Q02156	PRKCE
Q02218	OGDH
Q02252	ALDH6A1
Q02318	CYP27A1
Q02338	BDH1
Q02413	DSG1
Q02446	SP4
Q02447	SP3
Q02539	H1-1
Q02543	RPL18A
Q02556	IRF8
Q02750	MAP2K1
Q02790	FKBP4
Q02809	PLOD1
Q02818	NUCB1
Q02878	RPL6
Q02880	TOP2B
Q02978	SLC25A11
Q03013	GSTM4
Q03014	HHEX
Q03111	MLLT1
Q03113	GNA12
Q03154	ACY1
Q03164	KMT2A
Q03169	TNFAIP2
Q03188	CENPC
Q03252	LMNB2
Q03405	PLAUR
Q03468	ERCC6
Q03591	CFHR1
Q03701	CEBPZ
Q04446	GBE1
Q04637	EIF4G1
Q04656	ATP7A
Q04695	KRT17
Q04721	NOTCH2
Q04727	TLE4
Q04759	PRKCQ
Q04760	GLO1
Q04828	AKR1C1
Q04837	SSBP1
Q04864	REL
Q04917	YWHAH
Q04941	PLP2
Q05048	CSTF1
Q05086	UBE3A
Q05193	DNM1
Q05209	PTPN12
Q05315	CLC
Q05397	PTK2
Q05519	SRSF11
Q05639	EEF1A2
Q05655	PRKCD
Q05823	RNASEL
Q05932	FPGS
Q05940	SLC18A2
Q05BQ5	MBTD1
Q05D32	CTDSPL2
Q06033	ITIH3
Q06124	PTPN11
Q06136	KDSR
Q06187	BTK
Q06203	PPAT
Q06210	GFPT1
Q06265	EXOSC9
Q06323	PSME1
Q06330	RBPJ
Q06481	APLP2
Q06546	GABPA
Q06547	GABPB1
Q06587	RING1
Q06830	PRDX1
Q07002	CDK18
Q07021	C1QBP
Q07065	CKAP4
Q07617	SPAG1
Q07666	KHDRBS1
Q07812	BAX
Q07820	MCL1
Q07864	POLE
Q07890	SOS2
Q07954	LRP1
Q07960	ARHGAP1
Q08117	TLE5
Q08170	SRSF4
Q08188	TGM3
Q08209	PPP3CA
Q08211	DHX9
Q08257	CRYZ
Q08334	IL10RB
Q08378	GOLGA3
Q08379	GOLGA2
Q08380	LGALS3BP
Q08426	EHHADH
Q08554	DSC1
Q08623	PUDP
Q08708	CD300C
Q08722	CD47
Q08752	PPID
Q08830	FGL1
Q08945	SSRP1
Q08999	RBL2
Q08AF3	SLFN5
Q08AG7	MZT1
Q08AM6	VAC14
Q08AN1	ZNF616
Q08ET2	SIGLEC14
Q08J23	NSUN2
Q09028	RBBP4
Q09161	NCBP1
Q09327	MGAT3
Q09328	MGAT5
Q09472	EP300
Q09666	AHNAK
Q0GE19	SLC10A7
Q0JRZ9	FCHO2
Q0PNE2	ELP6
Q0VD83	APOBR
Q0VDF9	HSPA14
Q0VDG4	SCRN3
Q0VG06	FAAP100
Q0VGL1	LAMTOR4
Q10469	MGAT2
Q10471	GALNT2
Q10472	GALNT1
Q10567	AP1B1
Q10570	CPSF1
Q10589	BST2
Q10713	PMPCA
Q11130	FUT7
Q11201	ST3GAL1
Q11206	ST3GAL4
Q12756	KIF1A
Q12765	SCRN1
Q12768	WASHC5
Q12769	NUP160
Q12770	SCAP
Q12788	TBL3
Q12789	GTF3C1
Q12792	TWF1
Q12797	ASPH
Q12800	TFCP2
Q12802	AKAP13
Q12824	SMARCB1
Q12830	BPTF
Q12846	STX4
Q12851	MAP4K2
Q12872	SFSWAP
Q12873	CHD3
Q12874	SF3A3
Q12882	DPYD
Q12888	TP53BP1
Q12893	TMEM115
Q12899	TRIM26
Q12904	AIMP1
Q12905	ILF2
Q12906	ILF3
Q12907	LMAN2
Q12913	PTPRJ
Q12929	EPS8
Q12931	TRAP1
Q12933	TRAF2
Q12962	TAF10
Q12965	MYO1E
Q12968	NFATC3
Q12972	PPP1R8
Q12974	PTP4A2
Q12980	NPRL3
Q12981	BNIP1
Q12986	NFX1
Q12996	CSTF3
Q13009	TIAM1
Q13011	ECH1
Q13017	ARHGAP5
Q13029	PRDM2
Q13033	STRN3
Q13042	CDC16
Q13043	STK4
Q13045	FLII
Q13057	COASY
Q13084	MRPL28
Q13085	ACACA
Q13094	LCP2
Q13105	ZBTB17
Q13107	USP4
Q13111	CHAF1A
Q13112	CHAF1B
Q13123	IK
Q13126	MTAP
Q13127	REST
Q13129	RLF
Q13131	PRKAA1
Q13136	PPFIA1
Q13137	CALCOCO2
Q13144	EIF2B5
Q13148	TARDBP
Q13151	HNRNPA0
Q13153	PAK1
Q13155	AIMP2
Q13158	FADD
Q13162	PRDX4
Q13163	MAP2K5
Q13164	MAPK7
Q13177	PAK2
Q13185	CBX3
Q13188	STK3
Q13190	STX5
Q13191	CBLB
Q13200	PSMD2
Q13206	DDX10
Q13216	ERCC8
Q13217	DNAJC3
Q13232	NME3
Q13233	MAP3K1
Q13239	SLA
Q13242	SRSF9
Q13243	SRSF5
Q13247	SRSF6
Q13257	MAD2L1
Q13263	TRIM28
Q13283	G3BP1
Q13287	NMI
Q13303	KCNAB2
Q13308	PTK7
Q13315	ATM
Q13325	IFIT5
Q13330	MTA1
Q13347	EIF3I
Q13356	PPIL2
Q13363	CTBP1
Q13370	PDE3B
Q13371	PDCL
Q13393	PLD1
Q13395	TARBP1
Q13404	UBE2V1
Q13405	MRPL49
Q13409	DYNC1I2
Q13415	ORC1
Q13416	ORC2
Q13422	IKZF1
Q13423	NNT
Q13425	SNTB2
Q13426	XRCC4
Q13427	PPIG
Q13428	TCOF1
Q13432	UNC119
Q13433	SLC39A6
Q13435	SF3B2
Q13438	OS9
Q13439	GOLGA4
Q13442	PDAP1
Q13443	ADAM9
Q13444	ADAM15
Q13445	TMED1
Q13451	FKBP5
Q13459	MYO9B
Q13464	ROCK1
Q13472	TOP3A
Q13480	GAB1
Q13488	TCIRG1
Q13492	PICALM
Q13496	MTM1
Q13501	SQSTM1
Q13503	MED21
Q13505	MTX1
Q13506	NAB1
Q13509	TUBB3
Q13523	PRP4K
Q13526	PIN1
Q13530	SERINC3
Q13535	ATR
Q13541	EIF4EBP1
Q13542	EIF4EBP2
Q13546	RIPK1
Q13547	HDAC1
Q13561	DCTN2
Q13563	PKD2
Q13564	NAE1
Q13568	IRF5
Q13571	LAPTM5
Q13572	ITPK1
Q13573	SNW1
Q13574	DGKZ
Q13576	IQGAP2
Q13586	STIM1
Q13595	TRA2A
Q13596	SNX1
Q13601	KRR1
Q13608	PEX6
Q13610	PWP1
Q13615	MTMR3
Q13616	CUL1
Q13618	CUL3
Q13619	CUL4A
Q13625	TP53BP2
Q13627	DYRK1A
Q13630	GFUS
Q13636	RAB31
Q13637	RAB32
Q13642	FHL1
Q13643	FHL3
Q13671	RIN1
Q13686	ALKBH1
Q13724	MOGS
Q13748	TUBA3C
Q13748	TUBA3D
Q13751	LAMB3
Q13761	RUNX3
Q13769	THOC5
Q13795	ARFRP1
Q13797	ITGA9
Q13813	SPTAN1
Q13823	GNL2
Q13825	AUH
Q13835	PKP1
Q13838	DDX39B
Q13867	BLMH
Q13868	EXOSC2
Q13882	PTK6
Q13884	SNTB1
Q13889	GTF2H3
Q13895	BYSL
Q13905	RAPGEF1
Q13907	IDI1
Q13946	PDE7A
Q13948	CUX1
Q13951	CBFB
Q13952	NFYC
Q14004	CDK13
Q14005	IL16
Q14008	CKAP5
Q14011	CIRBP
Q14012	CAMK1
Q14019	COTL1
Q14061	COX17
Q14103	HNRNPD
Q14116	IL18
Q14118	DAG1
Q14135	VGLL4
Q14137	BOP1
Q14139	UBE4A
Q14142	TRIM14
Q14145	KEAP1
Q14146	URB2
Q14147	DHX34
Q14149	MORC3
Q14151	SAFB2
Q14152	EIF3A
Q14153	FAM53B
Q14157	UBAP2L
Q14161	GIT2
Q14162	SCARF1
Q14164	IKBKE
Q14165	MLEC
Q14166	TTLL12
Q14181	POLA2
Q14186	TFDP1
Q14195	DPYSL3
Q14204	DYNC1H1
Q14232	EIF2B1
Q14240	EIF4A2
Q14244	MAP7
Q14246	ADGRE1
Q14249	ENDOG
Q14254	FLOT2
Q14257	RCN2
Q14258	TRIM25
Q14289	PTK2B
Q14296	FASTK
Q14314	FGL2
Q14318	FKBP8
Q14320	FAM50A
Q14331	FRG1
Q14332	FZD2
Q14344	GNA13
Q14353	GAMT
Q14376	GALE
Q14435	GALNT3
Q14444	CAPRIN1
Q14457	BECN1
Q14498	RBM39
Q14511	NEDD9
Q14520	HABP2
Q14554	PDIA5
Q14558	PRPSAP1
Q14562	DHX8
Q14566	MCM6
Q14571	ITPR2
Q14573	ITPR3
Q14574	DSC3
Q14586	ZNF267
Q14592	ZNF460
Q14596	NBR1
Q14643	ITPR1
Q14644	RASA3
Q14651	PLS1
Q14653	IRF3
Q14657	LAGE3
Q14667	BLTP2
Q14669	TRIP12
Q14671	PUM1
Q14676	MDC1
Q14677	CLINT1
Q14683	SMC1A
Q14684	RRP1B
Q14686	NCOA6
Q14687	GSE1
Q14689	DIP2A
Q14690	PDCD11
Q14691	GINS1
Q14692	BMS1
Q14693	LPIN1
Q14694	USP10
Q14696	MESD
Q14697	GANAB
Q14699	RFTN1
Q14722	KCNAB1
Q14728	MFSD10
Q14739	LBR
Q14746	COG2
Q14761	PTPRCAP
Q14764	MVP
Q14789	GOLGB1
Q14790	CASP8
Q147X3	NAA30
Q14814	MEF2D
Q14847	LASP1
Q14849	STARD3
Q14872	MTF1
Q14914	PTGR1
Q14934	NFATC4
Q14938	NFIX
Q14964	RAB39A
Q14966	ZNF638
Q14974	KPNB1
Q14978	NOLC1
Q14980	NUMA1
Q14997	PSME4
Q14999	CUL7
Q14BN4	SLMAP
Q14C86	GAPVD1
Q14CS0	UBXN2B
Q14CX7	NAA25
Q14CZ7	FASTKD3
Q15003	NCAPH
Q15004	PCLAF
Q15006	EMC2
Q15007	WTAP
Q15008	PSMD6
Q15013	MAD2L1BP
Q15014	MORF4L2
Q15018	ABRAXAS2
Q15019	SEPTIN2
Q15020	SART3
Q15021	NCAPD2
Q15022	SUZ12
Q15024	EXOSC7
Q15025	TNIP1
Q15027	ACAP1
Q15029	EFTUD2
Q15031	LARS2
Q15032	R3HDM1
Q15034	HERC3
Q15035	TRAM2
Q15036	SNX17
Q15042	RAB3GAP1
Q15046	KARS1
Q15047	SETDB1
Q15048	LRRC14
Q15050	RRS1
Q15052	ARHGEF6
Q15054	POLD3
Q15056	EIF4H
Q15057	ACAP2
Q15059	BRD3
Q15061	WDR43
Q15067	ACOX1
Q15072	ZNF146
Q15075	EEA1
Q15080	NCF4
Q15084	PDIA6
Q15102	PAFAH1B3
Q15118	PDK1
Q15119	PDK2
Q15120	PDK3
Q15121	PEA15
Q15125	EBP
Q15126	PMVK
Q15131	CDK10
Q15149	PLEC
Q15154	PCM1
Q15170	TCEAL1
Q15172	PPP2R5A
Q15173	PPP2R5B
Q15181	PPA1
Q15185	PTGES3
Q15208	STK38
Q15223	NECTIN1
Q15233	NONO
Q15257	PTPA
Q15269	PWP2
Q15274	QPRT
Q15276	RABEP1
Q15286	RAB35
Q15291	RBBP5
Q15293	RCN1
Q15306	IRF4
Q15311	RALBP1
Q15326	ZMYND11
Q15361	TTF1
Q15363	TMED2
Q15365	PCBP1
Q15366	PCBP2
Q15370	ELOB
Q15382	RHEB
Q15386	UBE3C
Q15388	TOMM20
Q15390	MTFR1
Q15392	DHCR24
Q15393	SF3B3
Q15397	PUM3
Q15399	TLR1
Q15404	RSU1
Q15424	SAFB
Q15427	SF3B4
Q15428	SF3A2
Q15435	PPP1R7
Q15437	SEC23B
Q15438	CYTH1
Q15459	SF3A1
Q15477	SKIC2
Q15526	SURF1
Q15527	SURF2
Q15532	SS18
Q15542	TAF5
Q15544	TAF11
Q15545	TAF7
Q15554	TERF2
Q15555	MAPRE2
Q15569	TESK1
Q15596	NCOA2
Q15599	NHERF2
Q15628	TRADD
Q15631	TSN
Q15633	TARBP2
Q15637	SF1
Q15643	TRIP11
Q15645	TRIP13
Q15646	OASL
Q15648	MED1
Q15650	TRIP4
Q15651	HMGN3
Q15654	TRIP6
Q15691	MAPRE1
Q15714	TSC22D1
Q15717	ELAVL1
Q15722	LTB4R
Q15723	ELF2
Q15738	NSDHL
Q15742	NAB2
Q15744	CEBPE
Q15750	TAB1
Q15751	HERC1
Q15758	SLC1A5
Q15772	SPEG
Q15773	MLF2
Q15785	TOMM34
Q15788	NCOA1
Q15796	SMAD2
Q15797	SMAD1
Q15800	MSMO1
Q15811	ITSN1
Q15813	TBCE
Q15814	TBCC
Q15819	UBE2V2
Q15833	STXBP2
Q15836	VAMP3
Q15843	NEDD8
Q15853	USF2
Q15904	ATP6AP1
Q15906	VPS72
Q15907	RAB11B
Q15910	EZH2
Q15911	ZFHX3
Q15942	ZYX
Q16134	ETFDH
Q16181	SEPTIN7
Q16186	ADRM1
Q16204	CCDC6
Q16222	UAP1
Q16254	E2F4
Q16270	IGFBP7
Q16401	PSMD5
Q16512	PKN1
Q16513	PKN2
Q16514	TAF12
Q16531	DDB1
Q16537	PPP2R5E
Q16539	MAPK14
Q16540	MRPL23
Q16543	CDC37
Q16555	DPYSL2
Q16560	SNRNP35
Q16563	SYPL1
Q16576	RBBP7
Q16581	C3AR1
Q16584	MAP3K11
Q16594	TAF9
Q16602	CALCRL
Q16610	ECM1
Q16621	NFE2
Q16626	MEA1
Q16627	CCL14
Q16630	CPSF6
Q16635	TAFAZZIN
Q16644	MAPKAPK3
Q16654	PDK4
Q16656	NRF1
Q16658	FSCN1
Q16666	IFI16
Q16678	CYP1B1
Q16698	DECR1
Q16706	MAN2A1
Q16718	NDUFA5
Q16719	KYNU
Q16740	CLPP
Q16762	TST
Q16769	QPCT
Q16775	HAGH
Q16777	H2AC20
Q16795	NDUFA9
Q16798	ME3
Q16799	RTN1
Q16822	PCK2
Q16827	PTPRO
Q16828	DUSP6
Q16829	DUSP7
Q16831	UPP1
Q16854	DGUOK
Q16864	ATP6V1F
Q16873	LTC4S
Q16881	TXNRD1
Q16891	IMMT
Q17R31	TATDN3
Q17RN3	FAM98C
Q17RS7	GEN1
Q1KMD3	HNRNPUL2
Q27J81	INF2
Q29974	HLA-DRB1
Q29RF7	PDS5A
Q2KHR2	RFX7
Q2KHR3	QSER1
Q2KHT3	CLEC16A
Q2LD37	BLTP1
Q2M1Z3	ARHGAP31
Q2M296	MTHFSD
Q2M2I8	AAK1
Q2M385	MPEG1
Q2M389	WASHC4
Q2NKJ3	CTC1
Q2NKX8	ERCC6L
Q2NL82	TSR1
Q2PPJ7	RALGAPA2
Q2T9J0	TYSND1
Q2TAA2	IAH1
Q2TAA5	ALG11
Q2TAL8	QRICH1
Q2TAY7	SMU1
Q2TAZ0	ATG2A
Q2TB10	ZNF800
Q2TBE0	CWF19L2
Q2VIQ3	KIF4B
Q2VPB7	AP5B1
Q30134	HLA-DRB1
Q31612	HLA-B
Q32M88	PGGHG
Q32MZ4	LRRFIP1
Q32NB8	PGS1
Q32NC0	C18orf21
Q32P28	P3H1
Q32P41	TRMT5
Q32Q12	NME1-NME2
Q330K2	NDUFAF6
Q38SD2	LRRK1
Q3B726	POLR1F
Q3B7J2	GFOD2
Q3BDU5	LMNA
Q3KQU3	MAP7D1
Q3KQV9	UAP1L1
Q3KQZ1	SLC25A35
Q3KRA6	C2orf76
Q3L8U1	CHD9
Q3LXA3	TKFC
Q3MHD2	LSM12
Q3MIT2	PUS10
Q3MIX3	ADCK5
Q3SXM5	HSDL1
Q3SY69	ALDH1L2
Q3SY84	KRT71
Q3T8J9	GON4L
Q3T906	GNPTAB
Q3V6T2	CCDC88A
Q3YBM2	TMEM176B
Q3YEC7	RABL6
Q3ZAQ7	VMA21
Q3ZCQ8	TIMM50
Q3ZCW2	LGALSL
Q460N5	PARP14
Q495W5	FUT11
Q496F6	CD300E
Q499Z4	ZNF672
Q49A26	GLYR1
Q49AG3	ZBED5
Q49AR2	C5orf22
Q49B96	COX19
Q4ADV7	RIC1
Q4AE62	GTDC1
Q4FZB7	KMT5B
Q4G0F5	VPS26B
Q4G0I0	UQCC4
Q4G0J3	LARP7
Q4G0N4	NADK2
Q4G0X4	KCTD21
Q4G148	GXYLT1
Q4G176	ACSF3
Q4J6C6	PREPL
Q4KMP7	TBC1D10B
Q4KMQ2	ANO6
Q4KWH8	PLCH1
Q4L235	AASDH
Q4LE39	ARID4B
Q4V328	GRIPAP1
Q4VC31	MIX23
Q4VX76	SYTL3
Q4W5G0	TIGD2
Q4ZIN3	TMEM259
Q504Q3	PAN2
Q52LA3	LIN52
Q52LJ0	FAM98B
Q52LR7	EPC2
Q53EL6	PDCD4
Q53EP0	FNDC3B
Q53ET0	CRTC2
Q53EU6	GPAT3
Q53F19	NCBP3
Q53FA7	TP53I3
Q53FT3	HIKESHI
Q53G44	IFI44L
Q53GL0	PLEKHO1
Q53GQ0	HSD17B12
Q53GS7	GLE1
Q53GS9	USP39
Q53GT1	KLHL22
Q53H12	AGK
Q53H47	SETMAR
Q53H82	LACTB2
Q53HC5	KLHL26
Q53HV7	SMUG1
Q53QZ3	ARHGAP15
Q53R41	FASTKD1
Q53S33	BOLA3
Q53S58	TMEM177
Q53T59	HS1BP3
Q53T94	TAF1B
Q53TN4	CYBRD1
Q562R1	ACTBL2
Q56P03	EAPP
Q56VL3	OCIAD2
Q587I9	SFT2D3
Q58A45	PAN3
Q58FF3	HSP90B2P
Q58FF6	HSP90AB4P
Q58FG0	HSP90AA5P
Q58FG1	HSP90AA4P
Q58WW2	DCAF6
Q5BJD5	TMEM41B
Q5BJF2	TMEM97
Q5BJF6	ODF2
Q5BJH2	TMEM128
Q5BJH7	YIF1B
Q5BKT4	ALG10
Q5BKU9	OXLD1
Q5BKX5	ACTMAP
Q5BKZ1	ZNF326
Q5C9Z4	NOM1
Q5D862	FLG2
Q5EBL8	PDZD11
Q5EBM0	CMPK2
Q5EE01	CENPW
Q5EG05	CARD16
Q5F1R6	DNAJC21
Q5FWE3	PRRT3
Q5FWF5	ESCO1
Q5GLZ8	HERC4
Q5H8A4	PIGG
Q5H9F3	BCORL1
Q5H9U9	DDX60L
Q5HYI7	MTX3
Q5HYI8	RABL3
Q5HYK3	COQ5
Q5HYK9	ZNF667
Q5J8M3	EMC4
Q5JPH6	EARS2
Q5JPI3	C3orf38
Q5JPI9	EEF1AKMT2
Q5JRA6	MIA3
Q5JRS3	UBA1
Q5JRX3	PITRM1
Q5JS37	NHLRC3
Q5JS54	PSMG4
Q5JSH3	WDR44
Q5JSK9	HMGN5
Q5JSP0	FGD3
Q5JSZ5	PRRC2B
Q5JTD0	TJAP1
Q5JTH9	RRP12
Q5JTV8	TOR1AIP1
Q5JTZ9	AARS2
Q5JU69	TOR2A
Q5JUQ0	FAM78A
Q5JUR7	TEX30
Q5JUX0	SPIN3
Q5JVF3	PCID2
Q5JXA9	SIRPB2
Q5JXC2	MIIP
Q5JXI8	FHL1
Q5JYR3	RPN2
Q5K651	SAMD9
Q5LJB0	UCHL5
Q5M775	SPECC1
Q5M7Z0	RNFT1
Q5MIZ7	PPP4R3B
Q5MNZ6	WDR45B
Q5NDL2	EOGT
Q5PSV4	BRMS1L
Q5QGZ9	CLEC12A
Q5QJ74	TBCEL
Q5QJE6	DNTTIP2
Q5QP82	DCAF10
Q5QPM7	PSMF1
Q5R372	RABGAP1L
Q5R3I4	TTC38
Q5RI15	COX20
Q5RKV6	EXOSC6
Q5RL73	RBM48
Q5S007	LRRK2
Q5SGD2	PPM1L
Q5SNT2	TMEM201
Q5SQI0	ATAT1
Q5SRE5	NUP188
Q5SRE7	PHYHD1
Q5SRI9	MANEA
Q5SSJ5	HP1BP3
Q5SVL2	CASP7
Q5SVS4	SLC25A30
Q5SW79	CEP170
Q5SW96	LDLRAP1
Q5SWX3	CAMK2G
Q5SWX8	ODR4
Q5SX86	GDI2
Q5SXM8	DNLZ
Q5SY16	NOL9
Q5T011	SZT2
Q5T0B9	ZNF362
Q5T0D9	TPRG1L
Q5T0F9	CC2D1B
Q5T0I0	GSN
Q5T0R9	CAP1
Q5T0Z8	C6orf132
Q5T124	UBXN11
Q5T160	RARS2
Q5T1C6	THEM4
Q5T1J5	CHCHD2P9
Q5T1M5	FKBP15
Q5T1V6	DDX59
Q5T200	ZC3H13
Q5T280	SPOUT1
Q5T2E6	ARMH3
Q5T2R2	PDSS1
Q5T2T1	MPP7
Q5T3I0	GPATCH4
Q5T3J3	LRIF1
Q5T440	IBA57
Q5T447	HECTD3
Q5T4D3	TMTC4
Q5T4F4	ZFYVE27
Q5T4S7	UBR4
Q5T4T1	TMEM170B
Q5T5C0	STXBP5
Q5T5X7	BEND3
Q5T5Y3	CAMSAP1
Q5T653	MRPL2
Q5T6C5	ATXN7L2
Q5T6F0	DCAF12
Q5T6F2	UBAP2
Q5T6J7	IDNK
Q5T6V5	QNG1
Q5T6W2	HNRNPK
Q5T749	KPRP
Q5T750	KPLCE
Q5T7W0	ZNF618
Q5T8D3	ACBD5
Q5T8I3	EEIG2
Q5T8I9	HENMT1
Q5T8P6	RBM26
Q5T8T7	MED22
Q5T8T8	MED22
Q5T9A4	ATAD3B
Q5TA02	GSTO1
Q5TA45	INTS11
Q5TA50	CPTP
Q5TAL2	SNRPC
Q5TB53	TM9SF3
Q5TB80	CEP162
Q5TBB1	RNASEH2B
Q5TBP9	LSM14B
Q5TC82	RC3H1
Q5TC84	OGFRL1
Q5TDH0	DDI2
Q5TEC6	H3-7
Q5TEJ8	THEMIS2
Q5TEU4	NDUFAF5
Q5TFE4	NT5DC1
Q5TFQ8	SIRPB1
Q5TGY3	AHDC1
Q5TGZ0	MICOS10
Q5THJ4	VPS13D
Q5THK1	PRR14L
Q5TKA1	LIN9
Q5TZA2	CROCC
Q5U3C3	TMEM164
Q5U5X0	LYRM7
Q5UE93	PIK3R6
Q5UIP0	RIF1
Q5VIR6	VPS53
Q5VSG8	MANEAL
Q5VSL9	STRIP1
Q5VST6	ABHD17B
Q5VT06	CEP350
Q5VT52	RPRD2
Q5VT66	MTARC1
Q5VTB9	RNF220
Q5VTE6	ANGEL2
Q5VTL8	PRPF38B
Q5VTR2	RNF20
Q5VU77	UBAP2L
Q5VUA4	ZNF318
Q5VUM1	SDHAF4
Q5VV42	CDKAL1
Q5VV50	ZNF691
Q5VVJ2	MYSM1
Q5VVQ6	YOD1
Q5VW32	BROX
Q5VW36	FOCAD
Q5VWC4	PSMD4
Q5VWC8	HACD4
Q5VWJ9	SNX30
Q5VWN6	TASOR2
Q5VWZ2	LYPLAL1
Q5VXI4	ARHGEF10L
Q5VYK3	ECPAS
Q5VYS8	TUT7
Q5VYY1	ANKRD22
Q5VZ89	DENND4C
Q5VZE5	NAA35
Q5VZI3	TMEM268
Q5VZK9	CARMIL1
Q5VZL5	ZMYM4
Q5VZM2	RRAGB
Q5VZU9	TPP2
Q5W0B1	OBI1
Q5W0Q7	USPL1
Q5W0U4	BSPRY
Q5W0V3	FHIP2A
Q5W0Z9	ZDHHC20
Q5W111	SPRYD7
Q5XPI4	RNF123
Q5Y7A7	HLA-DRB1
Q63HM1	AFMID
Q63HQ2	EGFLAM
Q641Q2	WASHC2A
Q643R3	LPCAT4
Q64LD2	WDR25
Q658P3	STEAP3
Q658Y4	FAM91A1
Q659A1	ICE2
Q66GS9	CEP135
Q66K14	TBC1D9B
Q66K74	MAP1S
Q66LE6	PPP2R2D
Q66PJ3	ARL6IP4
Q676U5	ATG16L1
Q684P5	RAP1GAP2
Q687X5	STEAP4
Q68CP4	HGSNAT
Q68CP9	ARID2
Q68CQ4	UTP25
Q68CQ7	GLT8D1
Q68CR1	SEL1L3
Q68CZ2	TNS3
Q68CZ6	HAUS3
Q68D06	SLFN13
Q68D10	SPTY2D1
Q68D20	PMS2CL
Q68D91	MBLAC2
Q68DH5	LMBRD2
Q68DK2	ZFYVE26
Q68DQ2	CRYBG3
Q68E01	INTS3
Q68EM7	ARHGAP17
Q69YL0	NCBP2AS2
Q69YN2	CWF19L1
Q69YN4	VIRMA
Q69YQ0	SPECC1L
Q69YU5	UQCC6
Q6AI08	HEATR6
Q6AI12	ANKRD40
Q6AI39	BICRAL
Q6DD87	ZNF787
Q6DD88	ATL3
Q6DHV7	MAPDA
Q6DKI1	RPL7L1
Q6DKJ4	NXN
Q6DKK2	TTC19
Q6DN12	MCTP2
Q6DN14	MCTP1
Q6DN90	IQSEC1
Q6ECI4	ZNF470
Q6F5E8	CARMIL2
Q6FI81	CIAPIN1
Q6FIF0	ZFAND6
Q6GMV2	SMYD5
Q6GMV3	PTRHD1
Q6GPH4	XAF1
Q6I9Y2	THOC7
Q6IA17	SIGIRR
Q6IA69	NADSYN1
Q6IA86	ELP2
Q6IAA8	LAMTOR1
Q6IBS0	TWF2
Q6IC98	GRAMD4
Q6ICB0	DESI1
Q6ICG6	KIAA0930
Q6ICH7	ASPHD2
Q6ICL3	TANGO2
Q6IEG0	SNRNP48
Q6IN84	MRM1
Q6IN85	PPP4R3A
Q6IPR3	TYW3
Q6IPU0	CENPP
Q6IQ22	RAB12
Q6IQ26	DENND5A
Q6IQ32	ADNP2
Q6IQ49	SDE2
Q6JBY9	RCSD1
Q6JQN1	ACAD10
Q6KB66	KRT80
Q6KC79	NIPBL
Q6KCM7	SLC25A25
Q6L8Q7	PDE12
Q6MZP7	LIN54
Q6MZQ0	PRR5L
Q6N043	ZNF280D
Q6N063	OGFOD2
Q6N069	NAA16
Q6N075	MFSD5
Q6NTF9	RHBDD2
Q6NUJ5	PWWP2B
Q6NUK1	SLC25A24
Q6NUK4	REEP3
Q6NUM9	RETSAT
Q6NUP7	PPP4R4
Q6NUQ1	RINT1
Q6NUQ4	TMEM214
Q6NUT3	MFSD12
Q6NVY1	HIBCH
Q6NW34	NEPRO
Q6NXE6	ARMC6
Q6NXT1	ANKRD54
Q6NXT4	SLC30A6
Q6NXT6	TAPT1
Q6NYC1	JMJD6
Q6NZI2	CAVIN1
Q6NZY4	ZCCHC8
Q6P087	RPUSD3
Q6P0N0	MIS18BP1
Q6P158	DHX57
Q6P161	MRPL54
Q6P1A2	LPCAT3
Q6P1J9	CDC73
Q6P1K1	SLC48A1
Q6P1K2	PMF1
Q6P1K8	GTF2H2C
Q6P1K8	GTF2H2C_2
Q6P1L5	FAM117B
Q6P1L8	MRPL14
Q6P1M0	SLC27A4
Q6P1N0	CC2D1A
Q6P1N9	TATDN1
Q6P1Q0	LETMD1
Q6P1Q9	METTL2B
Q6P1R4	DUS1L
Q6P1X5	TAF2
Q6P1X6	C8orf82
Q6P2C8	MED27
Q6P2E9	EDC4
Q6P2I3	FAHD2B
Q6P2P2	PRMT9
Q6P2Q9	PRPF8
Q6P3S1	DENND1B
Q6P3W7	SCYL2
Q6P3X3	TTC27
Q6P444	MTFR2
Q6P4A7	SFXN4
Q6P4A8	PLBD1
Q6P4E1	GOLM2
Q6P4F2	FDX2
Q6P4I2	WDR73
Q6P4Q7	CNNM4
Q6P4R8	NFRKB
Q6P587	FAHD1
Q6P589	TNFAIP8L2
Q6P6C2	ALKBH5
Q6P996	PDXDC1
Q6P9B6	MEAK7
Q6P9B9	INTS5
Q6PCB5	RSBN1L
Q6PCB7	SLC27A1
Q6PCB8	EMB
Q6PCE3	PGM2L1
Q6PD62	CTR9
Q6PD74	AAGAB
Q6PGP7	SKIC3
Q6PH81	C16orf87
Q6PHR2	ULK3
Q6PI26	SHQ1
Q6PI47	KCTD18
Q6PI48	DARS2
Q6PI73	LILRA6
Q6PI78	TMEM65
Q6PID6	TTC33
Q6PID8	KLHDC10
Q6PII3	CCDC174
Q6PIJ6	FBXO38
Q6PIW4	FIGNL1
Q6PIY7	TENT2
Q6PJ61	FBXO46
Q6PJ69	TRIM65
Q6PJF5	RHBDF2
Q6PJG6	BRAT1
Q6PJI9	WDR59
Q6PJT7	ZC3H14
Q6PJW8	CNST
Q6PK04	CCDC137
Q6PKC3	TXNDC11
Q6PKG0	LARP1
Q6PL18	ATAD2
Q6PL24	TMED8
Q6PML9	SLC30A9
Q6QNY0	BLOC1S3
Q6QNY1	BLOC1S2
Q6R327	RICTOR
Q6RFH5	WDR74
Q6RW13	AGTRAP
Q6SPF0	SAMD1
Q6SZW1	SARM1
Q6TFL4	KLHL24
Q6UB28	METAP1D
Q6UB98	ANKRD12
Q6UB99	ANKRD11
Q6ULP2	AFTPH
Q6UN15	FIP1L1
Q6UUV7	CRTC3
Q6UUV9	CRTC1
Q6UW02	CYP20A1
Q6UW63	POGLUT2
Q6UW68	TMEM205
Q6UW78	UQCC3
Q6UWB1	IL27RA
Q6UWD8	C16orf54
Q6UWE0	LRSAM1
Q6UWF3	SCIMP
Q6UWH4	GASK1B
Q6UWJ1	TMCO3
Q6UWL2	SUSD1
Q6UWP2	DHRS11
Q6UWP7	LCLAT1
Q6UWP8	SBSN
Q6UWS5	PET117
Q6UWU4	C6orf89
Q6UWY0	ARSK
Q6UX04	CWC27
Q6UX06	OLFM4
Q6UX07	DHRS13
Q6UX27	VSTM1
Q6UX65	DRAM2
Q6UX71	PLXDC2
Q6UX98	ZDHHC24
Q6UXH1	CRELD2
Q6UXN9	WDR82
Q6UXP7	FAM151B
Q6UXT9	ABHD15
Q6UY14	ADAMTSL4
Q6V1X1	DPP8
Q6VMQ6	ATF7IP
Q6VY07	PACS1
Q6W2J9	BCOR
Q6WCQ1	MPRIP
Q6WKZ4	RAB11FIP1
Q6XQN6	NAPRT
Q6XUX3	DSTYK
Q6XZF7	DNMBP
Q6Y1H2	HACD2
Q6Y288	B3GLCT
Q6Y7W6	GIGYF2
Q6YHK3	CD109
Q6YHU6	THADA
Q6YN16	HSDL2
Q6YP21	KYAT3
Q6ZMD2	SPNS3
Q6ZMG9	CERS6
Q6ZMI0	PPP1R21
Q6ZMZ3	SYNE3
Q6ZN04	MEX3B
Q6ZN06	ZNF813
Q6ZN55	ZNF574
Q6ZN57	ZFP2
Q6ZNA5	FRRS1
Q6ZNB6	NFXL1
Q6ZNC8	MBOAT1
Q6ZNJ1	NBEAL2
Q6ZNK6	TIFAB
Q6ZNW5	GDPGP1
Q6ZPD9	DPY19L3
Q6ZR64	MXRA7
Q6ZRI6	C15orf39
Q6ZRP7	QSOX2
Q6ZRQ5	MMS22L
Q6ZRS2	SRCAP
Q6ZS11	RINL
Q6ZS30	NBEAL1
Q6ZS72	PEAK3
Q6ZS81	WDFY4
Q6ZSJ8	C1orf122
Q6ZSS7	MFSD6
Q6ZSZ5	ARHGEF18
Q6ZT07	TBC1D9
Q6ZT12	UBR3
Q6ZT21	TMPPE
Q6ZTN6	ANKRD13D
Q6ZTW0	TPGS1
Q6ZU80	CEP128
Q6ZUJ8	PIK3AP1
Q6ZUT1	NKAPD1
Q6ZUX7	LHFPL2
Q6ZV29	PNPLA7
Q6ZV73	FGD6
Q6ZVF9	GPRIN3
Q6ZVK8	NUDT18
Q6ZVM7	TOM1L2
Q6ZW49	PAXIP1
Q6ZWT7	MBOAT2
Q6ZXV5	TMTC3
Q6ZYL4	GTF2H5
Q702N8	XIRP1
Q709C8	VPS13C
Q70CQ2	USP34
Q70HW3	SLC25A26
Q70IA6	MOB2
Q70J99	UNC13D
Q70UQ0	IKBIP
Q70Z35	PREX2
Q70Z53	FRA10AC1
Q712K3	UBE2R2
Q71F23	CENPU
Q71F56	MED13L
Q71RG4	TMUB2
Q71SY5	MED25
Q71UM5	RPS27L
Q75N03	CBLL1
Q75QN2	INTS8
Q76FK4	NOL8
Q76L83	ASXL2
Q76N32	CEP68
Q7KYR7	BTN2A1
Q7KZ85	SUPT6H
Q7KZF4	SND1
Q7KZI7	MARK2
Q7KZN9	COX15
Q7L099	RUFY3
Q7L0J3	SV2A
Q7L0Y3	TRMT10C
Q7L190	DPPA4
Q7L1Q6	BZW1
Q7L1T6	CYB5R4
Q7L1V2	MON1B
Q7L1W4	LRRC8D
Q7L211	ABHD13
Q7L266	ASRGL1
Q7L273	KCTD9
Q7L2E3	DHX30
Q7L2H7	EIF3M
Q7L2J0	MEPCE
Q7L311	ARMCX2
Q7L3S4	ZNF771
Q7L3T8	PARS2
Q7L4I2	RSRC2
Q7L523	RRAGA
Q7L576	CYFIP1
Q7L592	NDUFAF7
Q7L5D6	GET4
Q7L5N7	LPCAT2
Q7L5Y1	ENOSF1
Q7L5Y6	DET1
Q7L5Y9	MAEA
Q7L775	EPM2AIP1
Q7L7L0	H2AC25
Q7L7V1	DHX32
Q7L7X3	TAOK1
Q7L804	RAB11FIP2
Q7L8J4	SH3BP5L
Q7L8L6	FASTKD5
Q7L9B9	EEPD1
Q7L9L4	MOB1B
Q7LBC6	KDM3B
Q7LBR1	CHMP1B
Q7LDG7	RASGRP2
Q7LFL8	CXXC5
Q7LG56	RRM2B
Q7LGA3	HS2ST1
Q7RTS9	DYM
Q7RTV0	PHF5A
Q7RTV5	PRXL2C
Q7Z2K6	ERMP1
Q7Z2T5	TRMT1L
Q7Z2W4	ZC3HAV1
Q7Z2W9	MRPL21
Q7Z2X4	PID1
Q7Z2Z2	EFL1
Q7Z333	SETX
Q7Z388	DPY19L4
Q7Z392	TRAPPC11
Q7Z3B1	NEGR1
Q7Z3B4	NUP54
Q7Z3C6	ATG9A
Q7Z3D6	DGLUCY
Q7Z3E2	CCDC186
Q7Z3J2	VPS35L
Q7Z3K3	POGZ
Q7Z3Q1	SLC46A3
Q7Z3T8	ZFYVE16
Q7Z3U7	MON2
Q7Z3V4	UBE3B
Q7Z3Y8	KRT27
Q7Z3Z4	PIWIL4
Q7Z401	DENND4A
Q7Z403	TMC6
Q7Z406	MYH14
Q7Z412	PEX26
Q7Z417	NUFIP2
Q7Z422	SZRD1
Q7Z434	MAVS
Q7Z449	CYP2U1
Q7Z460	CLASP1
Q7Z478	DHX29
Q7Z4G1	COMMD6
Q7Z4G4	TRMT11
Q7Z4H3	HDDC2
Q7Z4H7	HAUS6
Q7Z4H8	POGLUT3
Q7Z4Q2	HEATR3
Q7Z4R8	C6orf120
Q7Z4V5	HDGFL2
Q7Z4W1	DCXR
Q7Z569	BRAP
Q7Z589	EMSY
Q7Z591	AKNA
Q7Z5G4	GOLGA7
Q7Z5J4	RAI1
Q7Z5K2	WAPL
Q7Z5L9	IRF2BP2
Q7Z5R6	APBB1IP
Q7Z5Y7	KCTD20
Q7Z614	SNX20
Q7Z695	ADCK2
Q7Z6B0	CCDC91
Q7Z6E9	RBBP6
Q7Z6I6	ARHGAP30
Q7Z6I8	C5orf24
Q7Z6J4	FGD2
Q7Z6J9	TSEN54
Q7Z6K3	PTAR1
Q7Z6L1	TECPR1
Q7Z6M1	RABEPK
Q7Z6M2	FBXO33
Q7Z6M3	MILR1
Q7Z6M4	MTERF4
Q7Z6Z7	HUWE1
Q7Z739	YTHDF3
Q7Z7A1	CNTRL
Q7Z7A3	CTU1
Q7Z7C8	TAF8
Q7Z7E8	UBE2Q1
Q7Z7F0	KHDC4
Q7Z7F7	MRPL55
Q7Z7G8	VPS13B
Q7Z7H5	TMED4
Q7Z7H8	MRPL10
Q7Z7K0	CMC1
Q7Z7K6	CENPV
Q7Z7L1	SLFN11
Q7Z7L7	ZER1
Q7Z7M0	MEGF8
Q7Z7M8	B3GNT8
Q7Z7N9	TMEM179B
Q86SE9	PCGF5
Q86SF2	GALNT7
Q86SK9	SCD5
Q86SM5	MRGPRG
Q86SQ7	SDCCAG8
Q86SR1	GALNT10
Q86SX6	GLRX5
Q86SZ2	TRAPPC6B
Q86T03	PIP4P1
Q86T24	ZBTB33
Q86TA1	MOB3B
Q86TB9	PATL1
Q86TI0	TBC1D1
Q86TI2	DPP9
Q86TJ2	TADA2B
Q86TM6	SYVN1
Q86TN4	TRPT1
Q86TP1	PRUNE1
Q86TS9	MRPL52
Q86TU7	SETD3
Q86TV6	TTC7B
Q86TW2	ADCK1
Q86TZ5	SDR39U1
Q86U06	RBM23
Q86U28	ISCA2
Q86U38	NOP9
Q86U42	PABPN1
Q86U44	METTL3
Q86U70	LDB1
Q86U86	PBRM1
Q86U90	YRDC
Q86UA1	PRPF39
Q86UD4	ZNF329
Q86UE4	MTDH
Q86UE8	TLK2
Q86UK7	ZNF598
Q86UL3	GPAT4
Q86UP2	KTN1
Q86US8	SMG6
Q86UT6	NLRX1
Q86UV5	USP48
Q86UW6	N4BP2
Q86UX7	FERMT3
Q86UY6	NAA40
Q86UY8	NT5DC3
Q86V21	AACS
Q86V48	LUZP1
Q86V81	ALYREF
Q86V85	GPR180
Q86V88	MDP1
Q86VB7	CD163
Q86VD7	SLC25A42
Q86VN1	VPS36
Q86VP6	CAND1
Q86VR2	RETREG3
Q86VS8	HOOK3
Q86VU5	COMTD1
Q86VV8	RTTN
Q86VW0	SESTD1
Q86VX2	COMMD7
Q86VZ1	P2RY8
Q86VZ5	SGMS1
Q86W42	THOC6
Q86W50	METTL16
Q86W56	PARG
Q86W92	PPFIBP1
Q86WA6	BPHL
Q86WA8	LONP2
Q86WC4	OSTM1
Q86WG5	SBF2
Q86WH2	RASSF3
Q86WI3	NLRC5
Q86WJ1	CHD1L
Q86WK7	AMIGO3
Q86WK9	PAQR7
Q86WN1	FCHSD1
Q86WQ0	NR2C2AP
Q86WR0	CCDC25
Q86WV5	TEN1
Q86WV6	STING1
Q86WV7	CCDC43
Q86WX3	RPS19BP1
Q86X10	RALGAPB
Q86X27	RALGPS2
Q86X52	CHSY1
Q86X53	ERICH1
Q86X55	CARM1
Q86X76	NIT1
Q86X83	COMMD2
Q86X95	CIR1
Q86XI2	NCAPG2
Q86XI8	ZSWIM9
Q86XK2	FBXO11
Q86XK3	SFR1
Q86XL3	ANKLE2
Q86XN7	PROSER1
Q86XP3	DDX42
Q86XR7	TICAM2
Q86XR8	CEP57
Q86Y07	VRK2
Q86Y25	ZNF354C
Q86Y34	ADGRG3
Q86Y37	CACUL1
Q86Y38	XYLT1
Q86Y39	NDUFA11
Q86Y56	DNAAF5
Q86Y79	PTRH1
Q86Y82	STX12
Q86YB8	ERO1B
Q86YC3	NRROS
Q86YH6	PDSS2
Q86YN1	DOLPP1
Q86YP4	GATAD2A
Q86YQ8	CPNE8
Q86YS6	RAB43
Q86YS7	C2CD5
Q86YT6	MIB1
Q86YT9	JAML
Q86YV0	RASAL3
Q86YV5	PRAG1
Q86YV9	HPS6
Q86YZ3	HRNR
Q8IU60	DCP2
Q8IU68	TMC8
Q8IU81	IRF2BP1
Q8IU85	CAMK1D
Q8IUC6	TICAM1
Q8IUD6	RNF135
Q8IUE6	H2AC21
Q8IUF1	ZNG1B
Q8IUF8	RIOX2
Q8IUH3	RBM45
Q8IUH4	ZDHHC13
Q8IUH5	ZDHHC17
Q8IUI8	CRLF3
Q8IUN9	CLEC10A
Q8IUR0	TRAPPC5
Q8IUR7	ARMC8
Q8IUW5	RELL1
Q8IUX1	TMEM126B
Q8IUX4	APOBEC3F
Q8IUZ5	PHYKPL
Q8IV04	TBC1D10C
Q8IV08	PLD3
Q8IV38	ANKMY2
Q8IV48	ERI1
Q8IV50	LYSMD2
Q8IV53	DENND1C
Q8IV63	VRK3
Q8IVB4	SLC9A9
Q8IVB5	LIX1L
Q8IVD9	NUDCD3
Q8IVG5	SAMD9L
Q8IVM0	CCDC50
Q8IVP5	FUNDC1
Q8IVQ6	ZDHHC21
Q8IVS2	MCAT
Q8IVT5	KSR1
Q8IW19	APLF
Q8IW35	CEP97
Q8IW45	NAXD
Q8IW75	SERPINA12
Q8IWA0	WDR75
Q8IWA4	MFN1
Q8IWA5	SLC44A2
Q8IWB1	ITPRIP
Q8IWB7	WDFY1
Q8IWB9	TEX2
Q8IWC1	MAP7D3
Q8IWD4	CCDC117
Q8IWE2	FAM114A1
Q8IWE4	DCUN1D3
Q8IWF2	FOXRED2
Q8IWF6	DENND6A
Q8IWF9	CCDC83
Q8IWI9	MGA
Q8IWJ2	GCC2
Q8IWL3	HSCB
Q8IWR0	ZC3H7A
Q8IWS0	PHF6
Q8IWT0	ZBTB8OS
Q8IWT6	LRRC8A
Q8IWU2	LMTK2
Q8IWU5	SULF2
Q8IWV7	UBR1
Q8IWV8	UBR2
Q8IWW6	ARHGAP12
Q8IWW8	ADHFE1
Q8IWX8	CHERP
Q8IWY8	ZSCAN29
Q8IWY9	CDAN1
Q8IWZ3	ANKHD1
Q8IWZ8	SUGP1
Q8IX04	UEVLD
Q8IX05	CD302
Q8IX12	CCAR1
Q8IX15	HOMEZ
Q8IX18	DHX40
Q8IX19	MCEMP1
Q8IXB1	DNAJC10
Q8IXI1	RHOT2
Q8IXI2	RHOT1
Q8IXJ6	SIRT2
Q8IXL6	FAM20C
Q8IXM2	BACC1
Q8IXM3	MRPL41
Q8IXM6	NRM
Q8IXQ3	C9orf40
Q8IXQ5	KLHL7
Q8IXQ6	PARP9
Q8IXT5	RBM12B
Q8IXW5	RPAP2
Q8IXZ2	ZC3H3
Q8IY17	PNPLA6
Q8IY18	SMC5
Q8IY21	DDX60
Q8IY22	CMIP
Q8IY26	PLPP6
Q8IY31	IFT20
Q8IY33	MICALL2
Q8IY34	SLC15A3
Q8IY37	DHX37
Q8IY47	KBTBD2
Q8IY57	YAF2
Q8IY81	FTSJ3
Q8IY92	SLX4
Q8IY95	TMEM192
Q8IYB5	SMAP1
Q8IYB7	DIS3L2
Q8IYB8	SUPV3L1
Q8IYD1	GSPT2
Q8IYH5	ZZZ3
Q8IYI6	EXOC8
Q8IYI8	ZNF440
Q8IYJ3	SYTL1
Q8IYK4	COLGALT2
Q8IYL3	C1orf174
Q8IYM9	TRIM22
Q8IYQ7	THNSL1
Q8IYR2	SMYD4
Q8IYS1	PM20D2
Q8IYS2	KIAA2013
Q8IYU2	HACE1
Q8IYU8	MICU2
Q8IYW5	RNF168
Q8IZ07	ANKRD13A
Q8IZ21	PHACTR4
Q8IZ73	RPUSD2
Q8IZ81	ELMOD2
Q8IZ83	ALDH16A1
Q8IZD2	KMT2E
Q8IZD4	DCP1B
Q8IZD6	SLC22A15
Q8IZH2	XRN1
Q8IZQ1	WDFY3
Q8IZT6	ASPM
Q8IZY2	ABCA7
Q8N0S6	CENPL
Q8N0T1	RBIS
Q8N0U4	FAM185A
Q8N0U8	VKORC1L1
Q8N0V3	RBFA
Q8N0W3	FCSK
Q8N0X4	CLYBL
Q8N0X7	SPART
Q8N0Z6	TTC5
Q8N0Z8	PUSL1
Q8N103	TAGAP
Q8N108	MIER1
Q8N122	RPTOR
Q8N128	FAM177A1
Q8N129	CNPY4
Q8N137	CNTROB
Q8N141	ZFP82
Q8N142	ADSS1
Q8N163	CCAR2
Q8N165	PDIK1L
Q8N183	NDUFAF2
Q8N1A6	C4orf33
Q8N1B4	VPS52
Q8N1F7	NUP93
Q8N1F8	STK11IP
Q8N1G0	ZNF687
Q8N1G2	CMTR1
Q8N1G4	LRRC47
Q8N1I0	DOCK4
Q8N1N4	KRT78
Q8N1W2	ZNF710
Q8N201	INTS1
Q8N257	H2BC26
Q8N264	ARHGAP24
Q8N292	GAPT
Q8N2F6	ARMC10
Q8N2G8	GHDC
Q8N2K0	ABHD12
Q8N2U9	SLC66A2
Q8N2W9	PIAS4
Q8N2Z9	CENPS
Q8N302	AGGF1
Q8N335	GPD1L
Q8N357	SLC35F6
Q8N370	SLC43A2
Q8N371	KDM8
Q8N386	LRRC25
Q8N392	ARHGAP18
Q8N3C0	ASCC3
Q8N3D4	EHBP1L1
Q8N3F0	MTURN
Q8N3F8	MICALL1
Q8N3L3	TXLNB
Q8N3R3	TCAIM
Q8N3U4	STAG2
Q8N3X1	FNBP4
Q8N3Z3	GTPBP8
Q8N413	SLC25A45
Q8N442	GUF1
Q8N465	D2HGDH
Q8N488	RYBP
Q8N490	PNKD
Q8N4C6	NIN
Q8N4C8	MINK1
Q8N4H5	TOMM5
Q8N4J0	CARNMT1
Q8N4L2	PIP4P2
Q8N4N3	KLHL36
Q8N4P3	HDDC3
Q8N4Q0	PTGR3
Q8N4Q1	CHCHD4
Q8N4S0	CCDC82
Q8N4T8	CBR4
Q8N4V1	MMGT1
Q8N4W9	ZNF808
Q8N511	VMA12
Q8N543	OGFOD1
Q8N554	ZNF276
Q8N567	ZCCHC9
Q8N573	OXR1
Q8N584	TTC39C
Q8N587	ZNF561
Q8N5A5	ZGPAT
Q8N5B7	CERS5
Q8N5C6	SRBD1
Q8N5C7	DTWD1
Q8N5C8	TAB3
Q8N5D0	WDTC1
Q8N5F7	NKAP
Q8N5G0	SMIM20
Q8N5G2	MACO1
Q8N5H7	SH2D3C
Q8N5I2	ARRDC1
Q8N5I4	DHRSX
Q8N5J2	MINDY1
Q8N5K1	CISD2
Q8N5L8	RPP25L
Q8N5M1	ATPAF2
Q8N5M4	TTC9C
Q8N5M9	JAGN1
Q8N5N7	MRPL50
Q8N5W9	RFLNB
Q8N5X7	EIF4E3
Q8N5Y2	MSL3
Q8N5Y8	PARP16
Q8N612	FHIP1B
Q8N668	COMMD1
Q8N680	ZBTB2
Q8N684	CPSF7
Q8N697	SLC15A4
Q8N6G5	CSGALNACT2
Q8N6H7	ARFGAP2
Q8N6L1	KRTCAP2
Q8N6M0	OTUD6B
Q8N6N3	C1orf52
Q8N6N6	NATD1
Q8N6Q8	METTL25
Q8N6R0	METTL13
Q8N6S5	ARL6IP6
Q8N6T3	ARFGAP1
Q8N6T7	SIRT6
Q8N755	SLC66A3
Q8N766	EMC1
Q8N7H5	PAF1
Q8N7M0	DYNLT5
Q8N7R7	CCNYL1
Q8N806	UBR7
Q8N884	CGAS
Q8N8A2	ANKRD44
Q8N8A6	DDX51
Q8N8D1	PDCD7
Q8N8J7	FAM241A
Q8N8N7	PTGR2
Q8N8R3	SLC25A29
Q8N8R5	C2orf69
Q8N8R7	ARL14EP
Q8N954	GPATCH11
Q8N960	CEP120
Q8N961	ABTB2
Q8N999	RLIG1
Q8N9A8	CNEP1R1
Q8N9F7	GDPD1
Q8N9H8	EXD3
Q8N9M1	C19orf47
Q8N9M5	TMEM102
Q8N9N2	ASCC1
Q8N9N5	BANP
Q8N9N7	LRRC57
Q8N9R8	SCAI
Q8N9T8	KRI1
Q8N9V3	WDSUB1
Q8N9Z2	CCDC71L
Q8NA72	POC5
Q8NAA4	ATG16L2
Q8NAF0	ZNF579
Q8NAT1	POMGNT2
Q8NAV1	PRPF38A
Q8NB14	USP38
Q8NB15	ZNF511
Q8NB16	MLKL
Q8NB37	GATD1
Q8NB46	ANKRD52
Q8NB49	ATP11C
Q8NB50	ZFP62
Q8NB78	KDM1B
Q8NB90	AFG2A
Q8NBA8	DTWD2
Q8NBF2	NHLRC2
Q8NBF6	AVL9
Q8NBI5	SLC43A3
Q8NBI6	XXYLT1
Q8NBJ4	GOLM1
Q8NBJ5	COLGALT1
Q8NBK3	SUMF1
Q8NBL1	POGLUT1
Q8NBM4	UBAC2
Q8NBM8	PCYOX1L
Q8NBN3	TMEM87A
Q8NBN7	RDH13
Q8NBP0	TTC13
Q8NBQ5	HSD17B11
Q8NBS9	TXNDC5
Q8NBT0	POC1A
Q8NBU5	ATAD1
Q8NBX0	SCCPDH
Q8NBZ7	UXS1
Q8NC42	RNF149
Q8NC44	RETREG2
Q8NC51	SERBP1
Q8NC56	LEMD2
Q8NC60	NOA1
Q8NCA5	FAM98A
Q8NCC3	PLA2G15
Q8NCE0	TSEN2
Q8NCE2	MTMR14
Q8NCF5	NFATC2IP
Q8NCG7	DAGLB
Q8NCH0	CHST14
Q8NCL4	GALNT6
Q8NCN4	RNF169
Q8NCN5	PDPR
Q8NCS4	TMEM35B
Q8NCW5	NAXE
Q8ND04	SMG8
Q8ND24	RNF214
Q8ND30	PPFIBP2
Q8ND56	LSM14A
Q8ND71	GIMAP8
Q8ND76	CCNY
Q8ND82	ZNF280C
Q8NDB2	BANK1
Q8NDC0	MAPK1IP1L
Q8NDD1	FSAF1
Q8NDF8	TENT4B
Q8NDH3	NPEPL1
Q8NDI1	EHBP1
Q8NDN9	RCBTB1
Q8NDT2	RBM15B
Q8NDV7	TNRC6A
Q8NDX1	PSD4
Q8NDX5	PHC3
Q8NDX6	ZNF740
Q8NDZ4	DIPK2A
Q8NDZ6	TMEM161B
Q8NE00	TMEM104
Q8NE01	CNNM3
Q8NE22	SETD9
Q8NE62	CHDH
Q8NE71	ABCF1
Q8NE86	MCU
Q8NEC7	GSTCD
Q8NEF9	SRFBP1
Q8NEJ9	NGDN
Q8NEL9	DDHD1
Q8NEN9	PDZD8
Q8NEQ5	C1orf162
Q8NET5	NFAM1
Q8NEU8	APPL2
Q8NEW0	SLC30A7
Q8NEZ2	VPS37A
Q8NEZ4	KMT2C
Q8NEZ5	FBXO22
Q8NF37	LPCAT1
Q8NF50	DOCK8
Q8NF91	SYNE1
Q8NF99	ZNF397
Q8NFA0	USP32
Q8NFC6	BOD1L1
Q8NFD5	ARID1B
Q8NFF5	FLAD1
Q8NFG4	FLCN
Q8NFH3	NUP43
Q8NFH4	NUP37
Q8NFH5	NUP35
Q8NFH8	REPS2
Q8NFI3	ENGASE
Q8NFP7	NUDT10
Q8NFQ8	TOR1AIP2
Q8NFU3	TSTD1
Q8NFU5	IPMK
Q8NFV4	ABHD11
Q8NFW8	CMAS
Q8NFZ0	FBH1
Q8NFZ5	TNIP2
Q8NG08	HELB
Q8NG11	TSPAN14
Q8NHG7	SVIP
Q8NHG8	ZNRF2
Q8NHH9	ATL2
Q8NHM5	KDM2B
Q8NHP6	MOSPD2
Q8NHP8	PLBD2
Q8NHQ9	DDX55
Q8NHU6	TDRD7
Q8NHV1	GIMAP7
Q8NHV4	NEDD1
Q8NHX9	TPCN2
Q8NHY2	COP1
Q8NHZ8	CDC26
Q8NI08	NCOA7
Q8NI22	MCFD2
Q8NI27	THOC2
Q8NI37	PPTC7
Q8NI60	COQ8A
Q8TAC2	JOSD2
Q8TAD4	SLC30A5
Q8TAD8	SNIP1
Q8TAE8	GADD45GIP1
Q8TAF3	WDR48
Q8TAG9	EXOC6
Q8TAP6	CEP76
Q8TAP9	MPLKIP
Q8TAQ2	SMARCC2
Q8TAT6	NPLOC4
Q8TAV0	FAM76A
Q8TB03	CXorf38
Q8TB24	RIN3
Q8TB36	GDAP1
Q8TB37	NUBPL
Q8TB40	ABHD4
Q8TB45	DEPTOR
Q8TB52	FBXO30
Q8TB61	SLC35B2
Q8TB72	PUM2
Q8TB96	ITFG1
Q8TBA6	GOLGA5
Q8TBC4	UBA3
Q8TBC5	ZSCAN18
Q8TBF4	ZCRB1
Q8TBM8	DNAJB14
Q8TBP5	FAM174A
Q8TBP6	SLC25A40
Q8TBQ9	TMEM167A
Q8TBX8	PIP4K2C
Q8TBZ6	TRMT10A
Q8TC05	MDM1
Q8TC07	TBC1D15
Q8TC12	RDH11
Q8TC44	POC1B
Q8TCA0	LRRC20
Q8TCB0	IFI44
Q8TCC3	MRPL30
Q8TCD1	C18orf32
Q8TCD5	NT5C
Q8TCE6	DENND10
Q8TCF1	ZFAND1
Q8TCG2	PI4K2B
Q8TCJ2	STT3B
Q8TCS8	PNPT1
Q8TCT7	SPPL2B
Q8TCT8	SPPL2A
Q8TCT9	HM13
Q8TCU6	PREX1
Q8TCY9	URGCP
Q8TD16	BICD2
Q8TD19	NEK9
Q8TD22	SFXN5
Q8TD26	CHD6
Q8TD30	GPT2
Q8TD46	CD200R1
Q8TD55	PLEKHO2
Q8TDB6	DTX3L
Q8TDD1	DDX54
Q8TDF6	RASGRP4
Q8TDH9	BLOC1S5
Q8TDJ6	DMXL2
Q8TDN6	BRIX1
Q8TDP1	RNASEH2C
Q8TDQ0	HAVCR2
Q8TDQ7	GNPDA2
Q8TDW0	LRRC8C
Q8TDX6	CSGALNACT1
Q8TDX7	NEK7
Q8TDY2	RB1CC1
Q8TDZ2	MICAL1
Q8TE02	ELP5
Q8TE69	EOLA1
Q8TE73	DNAH5
Q8TE77	SSH3
Q8TE82	SH3TC1
Q8TEA7	TBCK
Q8TEA8	DTD1
Q8TEB1	DCAF11
Q8TEB9	RHBDD1
Q8TED0	UTP15
Q8TED4	SLC37A2
Q8TEH3	DENND1A
Q8TEK3	DOT1L
Q8TEL6	TRPC4AP
Q8TEM1	NUP210
Q8TEQ0	SNX29
Q8TEQ6	GEMIN5
Q8TEQ8	PIGO
Q8TER5	ARHGEF40
Q8TET4	GANC
Q8TEU7	RAPGEF6
Q8TEV9	SMCR8
Q8TEX9	IPO4
Q8TEY7	USP33
Q8TF01	PNISR
Q8TF05	PPP4R1
Q8TF40	FNIP1
Q8TF42	UBASH3B
Q8TF46	DIS3L
Q8TF47	ZFP90
Q8TF62	ATP8B4
Q8TF64	GIPC3
Q8TF65	GIPC2
Q8TF68	ZNF384
Q8TF72	SHROOM3
Q8TF76	HASPIN
Q8WTS6	SETD7
Q8WTT2	NOC3L
Q8WTW3	COG1
Q8WTW4	NPRL2
Q8WU39	MZB1
Q8WU67	ABHD3
Q8WU68	U2AF1L4
Q8WU76	SCFD2
Q8WU79	SMAP2
Q8WU90	ZC3H15
Q8WUA2	PPIL4
Q8WUA4	GTF3C2
Q8WUA7	TBC1D22A
Q8WUB8	PHF10
Q8WUD1	RAB2B
Q8WUD6	CHPT1
Q8WUF8	ARB2A
Q8WUH2	TGFBRAP1
Q8WUH6	TMEM263
Q8WUI4	HDAC7
Q8WUJ0	STYX
Q8WUK0	PTPMT1
Q8WUM0	NUP133
Q8WUM4	PDCD6IP
Q8WUQ7	CACTIN
Q8WUR7	C15orf40
Q8WUU5	GATAD1
Q8WUW1	BRK1
Q8WUX1	SLC38A5
Q8WUX2	CHAC2
Q8WUX9	CHMP7
Q8WUY1	THEM6
Q8WUY8	NAT14
Q8WV22	NSMCE1
Q8WV44	TRIM41
Q8WV60	PTCD2
Q8WV74	NUDT8
Q8WV92	MITD1
Q8WV93	AFG1L
Q8WVB3	HEXD
Q8WVC0	LEO1
Q8WVD3	RNF138
Q8WVE0	EEF1AKMT1
Q8WVI0	UQCC5
Q8WVJ2	NUDCD2
Q8WVK2	SNRNP27
Q8WVL7	ANKRD49
Q8WVM0	TFB1M
Q8WVM7	STAG1
Q8WVM8	SCFD1
Q8WVN6	SECTM1
Q8WVN8	UBE2Q2
Q8WVQ1	CANT1
Q8WVR3	TRAPPC14
Q8WVT3	TRAPPC12
Q8WVX3	ARLN
Q8WVX9	FAR1
Q8WVY7	UBLCP1
Q8WW12	PCNP
Q8WW22	DNAJA4
Q8WW43	APH1B
Q8WW59	SPRYD4
Q8WWB7	GLMP
Q8WWC4	MAIP1
Q8WWH5	TRUB1
Q8WWI5	SLC44A1
Q8WWM7	ATXN2L
Q8WWN8	ARAP3
Q8WWP7	GIMAP1
Q8WWQ0	PHIP
Q8WWV3	RTN4IP1
Q8WWW0	RASSF5
Q8WWW8	GAB3
Q8WWY3	PRPF31
Q8WX93	PALLD
Q8WXA9	SREK1
Q8WXD5	GEMIN6
Q8WXE1	ATRIP
Q8WXE9	STON2
Q8WXF1	PSPC1
Q8WXF7	ATL1
Q8WXG6	MADD
Q8WXI4	ACOT11
Q8WXI9	GATAD2B
Q8WXS3	BAALC
Q8WXW3	PIBF1
Q8WXX5	DNAJC9
Q8WY22	BRI3BP
Q8WY36	BBX
Q8WYB5	KAT6B
Q8WYL5	SSH1
Q8WYN0	ATG4A
Q8WYP3	RIN2
Q8WYP5	AHCTF1
Q8WYQ5	DGCR8
Q8WZ64	ARAP2
Q8WZ73	RFFL
Q8WZ82	OVCA2
Q8WZA0	LZIC
Q8WZA1	POMGNT1
Q8WZA9	IRGQ
Q92187	ST8SIA4
Q92466	DDB2
Q92478	CLEC2B
Q92485	SMPDL3B
Q92499	DDX1
Q92503	SEC14L1
Q92504	SLC39A7
Q92506	HSD17B8
Q92508	PIEZO1
Q92520	FAM3C
Q92522	H1-10
Q92523	CPT1B
Q92526	CCT6B
Q92530	PSMF1
Q92536	SLC7A6
Q92538	GBF1
Q92539	LPIN2
Q92540	SMG7
Q92541	RTF1
Q92542	NCSTN
Q92545	TMEM131
Q92546	RGP1
Q92547	TOPBP1
Q92551	IP6K1
Q92552	MRPS27
Q92556	ELMO1
Q92558	WASF1
Q92560	BAP1
Q92562	FIG4
Q92564	DCUN1D4
Q92567	FAM168A
Q92572	AP3S1
Q92574	TSC1
Q92575	UBXN4
Q92576	PHF3
Q92581	SLC9A6
Q92585	MAML1
Q92597	NDRG1
Q92598	HSPH1
Q92600	CNOT9
Q92604	LPGAT1
Q92608	DOCK2
Q92609	TBC1D5
Q92610	ZNF592
Q92611	EDEM1
Q92615	LARP4B
Q92616	GCN1
Q92618	ZNF516
Q92619	ARHGAP45
Q92620	DHX38
Q92621	NUP205
Q92622	RUBCN
Q92623	TTC9
Q92624	APPBP2
Q92625	ANKS1A
Q92636	NSMAF
Q92643	PIGK
Q92665	MRPS31
Q92667	AKAP1
Q92673	SORL1
Q92674	CENPI
Q92686	NRGN
Q92688	ANP32B
Q92692	NECTIN2
Q92696	RABGGTA
Q92733	PRCC
Q92734	TFG
Q92747	ARPC1A
Q92759	GTF2H4
Q92766	RREB1
Q92769	HDAC2
Q92783	STAM
Q92785	DPF2
Q92793	CREBBP
Q92794	KAT6A
Q92797	SYMPK
Q92802	N4BP2L2
Q92804	TAF15
Q92805	GOLGA1
Q92820	GGH
Q92828	CORO2A
Q92830	KAT2A
Q92831	KAT2B
Q92835	INPP5D
Q92844	TANK
Q92845	KIFAP3
Q92851	CASP10
Q92854	SEMA4D
Q92871	PMM1
Q92878	RAD50
Q92882	OSTF1
Q92889	ERCC4
Q92890	UFD1
Q92896	GLG1
Q92900	UPF1
Q92902	HPS1
Q92905	COPS5
Q92917	GPKOW
Q92918	MAP4K1
Q92922	SMARCC1
Q92930	RAB8B
Q92934	BAD
Q92945	KHSRP
Q92947	GCDH
Q92963	RIT1
Q92968	PEX13
Q92973	TNPO1
Q92979	EMG1
Q92982	NINJ1
Q92989	CLP1
Q92990	GLMN
Q92993	KAT5
Q92994	BRF1
Q92995	USP13
Q93008	USP9X
Q93009	USP7
Q93033	CD101
Q93034	CUL5
Q93050	ATP6V0A1
Q93052	LPP
Q93062	RBPMS
Q93063	EXT2
Q93073	SECISBP2L
Q93074	MED12
Q93084	ATP2A3
Q93091	RNASE6
Q93096	PTP4A1
Q93100	PHKB
Q95460	MR1
Q969E2	SCAMP4
Q969E4	TCEAL3
Q969E8	TSR2
Q969F9	HPS3
Q969G6	RFK
Q969H6	POP5
Q969H8	MYDGF
Q969J2	ZKSCAN4
Q969M1	TOMM40L
Q969M3	YIPF5
Q969P0	IGSF8
Q969Q0	RPL36AL
Q969Q4	ARL11
Q969Q5	RAB24
Q969R5	L3MBTL2
Q969R8	ITFG2
Q969S3	ZNF622
Q969S9	GFM2
Q969T4	UBE2E3
Q969T7	NT5C3B
Q969U6	FBXW5
Q969U7	PSMG2
Q969V3	NCLN
Q969V5	MUL1
Q969W3	VCF1
Q969X0	RILPL2
Q969X5	ERGIC1
Q969X6	UTP4
Q969Y2	GTPBP3
Q969Z0	TBRG4
Q969Z3	MTARC2
Q96A29	SLC35C1
Q96A33	CCDC47
Q96A35	MRPL24
Q96A46	SLC25A28
Q96A49	SYAP1
Q96A57	TMEM230
Q96A65	EXOC4
Q96A72	MAGOHB
Q96A73	KIAA1191
Q96AA3	RFT1
Q96AB3	ISOC2
Q96AB6	NTAN1
Q96AD5	PNPLA2
Q96AE4	FUBP1
Q96AE7	TTC17
Q96AG3	SLC25A46
Q96AG4	LRRC59
Q96AH8	RAB7B
Q96AJ9	VTI1A
Q96AK3	APOBEC3D
Q96AN5	TMEM143
Q96AQ6	PBXIP1
Q96AQ8	MCUR1
Q96AT1	KIAA1143
Q96AT9	RPE
Q96AX1	VPS33A
Q96AX2	RAB37
Q96AZ6	ISG20
Q96B23	ARK2N
Q96B26	EXOSC8
Q96B36	AKT1S1
Q96B45	BORCS7
Q96B49	TOMM6
Q96B77	TMEM186
Q96B97	SH3KBP1
Q96BD5	PHF21A
Q96BF6	NACC2
Q96BH1	RNF25
Q96BI3	APH1A
Q96BJ3	AIDA
Q96BK5	PINX1
Q96BM9	ARL8A
Q96BN2	TADA1
Q96BN8	OTULIN
Q96BP2	CHCHD1
Q96BP3	PPWD1
Q96BQ5	CCDC127
Q96BR1	SGK3
Q96BR5	COA7
Q96BS2	TESC
Q96BT7	ALKBH8
Q96BW1	UPRT
Q96BW5	PTER
Q96BW9	TAMM41
Q96BX8	MOB3A
Q96BY6	DOCK10
Q96BY7	ATG2B
Q96BZ4	PLD4
Q96BZ8	LENG1
Q96BZ9	TBC1D20
Q96C01	FAM136A
Q96C03	MIEF2
Q96C19	EFHD2
Q96C23	GALM
Q96C36	PYCR2
Q96C86	DCPS
Q96C90	PPP1R14B
Q96C92	ENTR1
Q96CB8	INTS12
Q96CB9	NSUN4
Q96CD0	FBXL8
Q96CD2	PPCDC
Q96CG3	TIFA
Q96CM3	RPUSD4
Q96CM8	ACSF2
Q96CN4	EVI5L
Q96CN5	LRRC45
Q96CN7	ISOC1
Q96CN9	GCC1
Q96CP2	FLYWCH2
Q96CP6	GRAMD1A
Q96CQ1	SLC25A36
Q96CS2	HAUS1
Q96CS3	FAF2
Q96CS4	ZNF689
Q96CT7	CCDC124
Q96CU9	FOXRED1
Q96CW5	TUBGCP3
Q96CW6	SLC7A6OS
Q96CX2	KCTD12
Q96CX6	LRRC58
Q96D31	ORAI1
Q96D53	COQ8B
Q96D71	REPS1
Q96D96	HVCN1
Q96DA2	RAB39B
Q96DA6	DNAJC19
Q96DB5	RMDN1
Q96DC8	ECHDC3
Q96DE0	NUDT16
Q96DF8	ESS2
Q96DG6	CMBL
Q96DH6	MSI2
Q96DI7	SNRNP40
Q96DP5	MTFMT
Q96DT0	LGALS12
Q96DT6	ATG4C
Q96DV4	MRPL38
Q96DW6	SLC25A38
Q96DX4	RSPRY1
Q96DX5	ASB9
Q96DX7	TRIM44
Q96DZ1	ERLEC1
Q96E09	PABIR1
Q96E11	MRRF
Q96E29	MTERF3
Q96E39	RBMXL1
Q96E52	OMA1
Q96EA4	SPDL1
Q96EB1	ELP4
Q96EB6	SIRT1
Q96EC8	YIPF6
Q96ED9	HOOK2
Q96EE3	SEH1L
Q96EH3	MALSU1
Q96EI5	TCEAL4
Q96EK4	THAP11
Q96EK6	GNPNAT1
Q96EK9	KTI12
Q96EL2	MRPS24
Q96EL3	MRPL53
Q96EM0	L3HYPDH
Q96EP0	RNF31
Q96EQ0	SGTB
Q96ER3	SAAL1
Q96ER9	CCDC51
Q96ES6	MFSD3
Q96ES7	SGF29
Q96EU6	RRP36
Q96EU7	C1GALT1C1
Q96EV2	RBM33
Q96EV8	DTNBP1
Q96EW2	HSPBAP1
Q96EX1	SMIM12
Q96EY1	DNAJA3
Q96EY5	MVB12A
Q96EY7	PTCD3
Q96EY8	MMAB
Q96EZ8	MCRS1
Q96F07	CYFIP2
Q96F24	NRBF2
Q96F25	ALG14
Q96F44	TRIM11
Q96F46	IL17RA
Q96F63	CCDC97
Q96F85	CNRIP1
Q96F86	EDC3
Q96FH0	BORCS8
Q96FJ0	STAMBPL1
Q96FJ2	DYNLL2
Q96FK6	WDR89
Q96FN4	CPNE2
Q96FN9	DTD2
Q96FS4	SIPA1
Q96FX7	TRMT61A
Q96FZ2	HMCES
Q96FZ5	CMTM7
Q96FZ7	CHMP6
Q96G03	PGM2
Q96G21	IMP4
Q96G23	CERS2
Q96G25	MED8
Q96G46	DUS3L
Q96G74	OTUD5
Q96G75	RMND5B
Q96GA3	LTV1
Q96GA7	SDSL
Q96GC5	MRPL48
Q96GC9	VMP1
Q96GD0	PDXP
Q96GE4	CEP95
Q96GE9	DMAC1
Q96GJ1	TRMT2B
Q96GK7	FAHD2A
Q96GM5	SMARCD1
Q96GM8	TOE1
Q96GS4	BORCS6
Q96GS6	ABHD17A
Q96GW9	MARS2
Q96GX2	ATXN7L3B
Q96GX8	C16orf74
Q96GX9	APIP
Q96GY3	LIN37
Q96GZ6	SLC41A3
Q96H20	SNF8
Q96H22	CENPN
Q96H55	MYO19
Q96H79	ZC3HAV1L
Q96HA1	POM121
Q96HA7	TONSL
Q96HC4	PDLIM5
Q96HD1	CRELD1
Q96HD9	ACY3
Q96HE7	ERO1A
Q96HJ9	FMC1
Q96HN2	AHCYL2
Q96HQ2	CDKN2AIPNL
Q96HR3	MED30
Q96HR9	REEP6
Q96HS1	PGAM5
Q96HV5	TMEM41A
Q96HW7	INTS4
Q96HY6	DDRGK1
Q96HY7	DHTKD1
Q96I15	SCLY
Q96I23	PYURF
Q96I24	FUBP3
Q96I25	RBM17
Q96I36	COX14
Q96I45	TMEM141
Q96I51	RCC1L
Q96I59	NARS2
Q96I76	GPATCH3
Q96I99	SUCLG2
Q96IG2	FBXL20
Q96II8	LRCH3
Q96IJ6	GMPPA
Q96IK0	TMEM101
Q96IK1	BOD1
Q96IR2	ZNF845
Q96IR7	HPDL
Q96IU4	ABHD14B
Q96IV0	NGLY1
Q96IX5	ATP5MK
Q96IY1	NSL1
Q96IZ5	RBM41
Q96IZ6	METTL2A
Q96IZ7	RSRC1
Q96J01	THOC3
Q96J02	ITCH
Q96JB2	COG3
Q96JB5	CDK5RAP3
Q96JC1	VPS39
Q96JC9	EAF1
Q96JG6	VPS50
Q96JH7	VCPIP1
Q96JI7	SPG11
Q96JJ7	TMX3
Q96JK2	DCAF5
Q96JM3	CHAMP1
Q96JM7	L3MBTL3
Q96JP5	ZFP91
Q96JQ2	CLMN
Q96JX3	SERAC1
Q96JY6	PDLIM2
Q96JZ2	HSH2D
Q96K12	FAR2
Q96K17	BTF3L4
Q96K19	RNF170
Q96K37	SLC35E1
Q96K49	TMEM87B
Q96K58	ZNF668
Q96K76	USP47
Q96K80	ZC3H10
Q96KA5	CLPTM1L
Q96KC2	ARL5B
Q96KC8	DNAJC1
Q96KF7	SMIM8
Q96KM6	ZNF512B
Q96KP1	EXOC2
Q96KP4	CNDP2
Q96KR1	ZFR
Q96KR6	FAM210B
Q96L34	MARK4
Q96L58	B3GALT6
Q96L73	NSD1
Q96L91	EP400
Q96L92	SNX27
Q96L93	KIF16B
Q96LA8	PRMT6
Q96LB3	IFT74
Q96LC7	SIGLEC10
Q96LC9	BMF
Q96LD4	TRIM47
Q96LD8	SENP8
Q96LJ7	DHRS1
Q96LR5	UBE2E2
Q96LT7	C9orf72
Q96LT9	RNPC3
Q96LW4	PRIMPOL
Q96LW7	CARD19
Q96LZ7	RMDN2
Q96M11	HYLS1
Q96M27	PRRC1
Q96ME1	FBXL18
Q96MF6	COQ10A
Q96MF7	NSMCE2
Q96MG7	NSMCE3
Q96MG8	PCMTD1
Q96MH2	HEXIM2
Q96MH6	TMEM68
Q96MT3	PRICKLE1
Q96MT8	CEP63
Q96MU7	YTHDC1
Q96MW5	COG8
Q96MX6	DNAAF10
Q96N11	INTS15
Q96N46	TTC14
Q96N64	PWWP2A
Q96N66	MBOAT7
Q96N67	DOCK7
Q96N96	SPATA13
Q96NA2	RILP
Q96NB2	SFXN2
Q96NB3	ZNF830
Q96NC0	ZMAT2
Q96NJ6	ZFP3
Q96NL6	SCLT1
Q96NL8	CFAP418
Q96NT0	VMA22
Q96NU7	AMDHD1
Q96NW4	ANKRD27
Q96P11	NSUN5
Q96P16	RPRD1A
Q96P20	NLRP3
Q96P47	AGAP3
Q96P48	ARAP1
Q96P53	WDFY2
Q96P63	SERPINB12
Q96P70	IPO9
Q96PE3	INPP4A
Q96PE7	MCEE
Q96PK6	RBM14
Q96PM5	RCHY1
Q96PN7	TRERF1
Q96PP8	GBP5
Q96PP9	GBP4
Q96PU4	UHRF2
Q96PU5	NEDD4L
Q96PU8	QKI
Q96PV6	LENG8
Q96PY6	NEK1
Q96PZ0	PUS7
Q96PZ2	FAM111A
Q96Q05	TRAPPC9
Q96Q07	BTBD9
Q96Q11	TRNT1
Q96Q15	SMG1
Q96Q42	ALS2
Q96Q83	ALKBH3
Q96QA5	GSDMA
Q96QC0	PPP1R10
Q96QD8	SLC38A2
Q96QD9	FYTTD1
Q96QE2	SLC2A13
Q96QE5	TEFM
Q96QG7	MTMR9
Q96QH2	PRAM1
Q96QK1	VPS35
Q96QP1	ALPK1
Q96QR8	PURB
Q96QT6	PHF12
Q96QU8	XPO6
Q96R05	RBP7
Q96RD7	PANX1
Q96RE7	NACC1
Q96RF0	SNX18
Q96RG2	PASK
Q96RL1	UIMC1
Q96RL7	VPS13A
Q96RN5	MED15
Q96RP9	GFM1
Q96RQ3	MCCC1
Q96RQ9	IL4I1
Q96RR1	TWNK
Q96RR4	CAMKK2
Q96RS0	TGS1
Q96RS6	NUDCD1
Q96RT1	ERBIN
Q96RT7	TUBGCP6
Q96RU2	USP28
Q96RU3	FNBP1
Q96RY5	CRAMP1
Q96RY7	IFT140
Q96S06	LMF1
Q96S15	WDR24
Q96S19	METTL26
Q96S38	RPS6KC1
Q96S44	TP53RK
Q96S52	PIGS
Q96S55	WRNIP1
Q96S59	RANBP9
Q96S66	CLCC1
Q96S82	UBL7
Q96S94	CCNL2
Q96S97	MYADM
Q96S99	PLEKHF1
Q96SB4	SRPK1
Q96SB8	SMC6
Q96SD1	DCLRE1C
Q96SF2	CCT8L2
Q96SI9	STRBP
Q96SK2	TMEM209
Q96SL1	SLC49A4
Q96SL4	GPX7
Q96SN8	CDK5RAP2
Q96SQ9	CYP2S1
Q96ST2	IWS1
Q96ST3	SIN3A
Q96SU4	OSBPL9
Q96SW2	CRBN
Q96SY0	INTS14
Q96SZ5	ADO
Q96SZ6	CDK5RAP1
Q96T17	MAP7D2
Q96T23	RSF1
Q96T51	RUFY1
Q96T58	SPEN
Q96T60	PNKP
Q96T66	NMNAT3
Q96T76	MMS19
Q96T83	SLC9A7
Q96TA1	NIBAN2
Q96TA2	YME1L1
Q96TC7	RMDN3
Q99062	CSF3R
Q99081	TCF12
Q99426	TBCB
Q99436	PSMB7
Q99442	SEC62
Q99447	PCYT2
Q99459	CDC5L
Q99460	PSMD1
Q99467	CD180
Q99470	SDF2
Q99471	PFDN5
Q99487	PAFAH2
Q99489	DDO
Q99496	RNF2
Q99497	PARK7
Q99504	EYA3
Q99519	NEU1
Q99523	SORT1
Q99536	VAT1
Q99538	LGMN
Q99543	DNAJC2
Q99549	MPHOSPH8
Q99567	NUP88
Q99570	PIK3R4
Q99571	P2RX4
Q99572	P2RX7
Q99575	POP1
Q99576	TSC22D3
Q99583	MNT
Q99595	TIMM17A
Q99598	TSNAX
Q99607	ELF4
Q99611	SEPHS2
Q99613	EIF3C
Q99614	TTC1
Q99615	DNAJC7
Q99622	C12orf57
Q99623	PHB2
Q99627	COPS8
Q99633	PRPF18
Q99638	RAD9A
Q99643	SDHC
Q99653	CHP1
Q99683	MAP3K5
Q99698	LYST
Q99704	DOK1
Q99707	MTR
Q99714	HSD17B10
Q99717	SMAD5
Q99720	SIGMAR1
Q99732	LITAF
Q99733	NAP1L4
Q99735	MGST2
Q99747	NAPG
Q99757	TXN2
Q99766	DMAC2L
Q99788	CMKLR1
Q99795	GPA33
Q99797	MIPEP
Q99805	TM9SF2
Q99808	SLC29A1
Q99816	TSG101
Q99828	CIB1
Q99832	CCT7
Q99856	ARID3A
Q99871	HAUS7
Q99879	H2BC14
Q99880	H2BC13
Q99941	ATF6B
Q99942	RNF5
Q99943	AGPAT1
Q99952	PTPN18
Q99961	SH3GL1
Q99969	RARRES2
Q99973	TEP1
Q99986	VRK1
Q9BPV8	P2RY13
Q9BPW8	NIPSNAP1
Q9BPW9	DHRS9
Q9BPX3	NCAPG
Q9BPX5	ARPC5L
Q9BPZ3	PAIP2
Q9BPZ7	MAPKAP1
Q9BQ04	RBM4B
Q9BQ15	NABP2
Q9BQ39	DDX50
Q9BQ52	ELAC2
Q9BQ61	TRIR
Q9BQ67	GRWD1
Q9BQ69	MACROD1
Q9BQ70	TCF25
Q9BQ75	CMSS1
Q9BQ89	FAM110A
Q9BQ95	ECSIT
Q9BQA1	WDR77
Q9BQA9	CYBC1
Q9BQB6	VKORC1
Q9BQC3	DPH2
Q9BQC6	MRPL57
Q9BQE4	SELENOS
Q9BQF6	SENP7
Q9BQG0	MYBBP1A
Q9BQG2	NUDT12
Q9BQI0	AIF1L
Q9BQP7	MGME1
Q9BQQ3	GORASP1
Q9BQS8	FYCO1
Q9BR61	ACBD6
Q9BR76	CORO1B
Q9BRA0	NAA38
Q9BRA2	TXNDC17
Q9BRD0	BUD13
Q9BRF8	CPPED1
Q9BRG1	VPS25
Q9BRJ6	CHLSN
Q9BRJ7	NUDT16L1
Q9BRK5	SDF4
Q9BRL6	SRSF8
Q9BRP1	PDCD2L
Q9BRP4	PAAF1
Q9BRP8	PYM1
Q9BRQ0	PYGO2
Q9BRQ8	AIFM2
Q9BRR0	ZKSCAN3
Q9BRR6	ADPGK
Q9BRR8	GPATCH1
Q9BRS2	RIOK1
Q9BRT3	MIEN1
Q9BRT6	LLPH
Q9BRT8	ZNG1A
Q9BRT9	GINS4
Q9BRU9	UTP23
Q9BRV8	SIKE1
Q9BRX2	PELO
Q9BRX5	GINS3
Q9BRX8	PRXL2A
Q9BRX9	WDR83
Q9BRZ2	TRIM56
Q9BS18	ANAPC13
Q9BS26	ERP44
Q9BS40	LXN
Q9BS91	SLC35A5
Q9BS92	NIPSNAP3B
Q9BSA9	TMEM175
Q9BSB4	ATG101
Q9BSC4	NOL10
Q9BSD7	NTPCR
Q9BSE4	HERPUD2
Q9BSF4	TIMM29
Q9BSH4	TACO1
Q9BSH5	HDHD3
Q9BSI4	TINF2
Q9BSJ2	TUBGCP2
Q9BSJ8	ESYT1
Q9BSL1	UBAC1
Q9BSQ5	CCM2
Q9BSR8	YIPF4
Q9BSU1	PHAF1
Q9BSV6	TSEN34
Q9BSW2	CRACR2A
Q9BSY4	CHCHD5
Q9BT09	CNPY3
Q9BT17	MTG1
Q9BT22	ALG1
Q9BT25	HAUS8
Q9BT30	ALKBH7
Q9BT40	INPP5K
Q9BT43	POLR3GL
Q9BT73	PSMG3
Q9BT78	COPS4
Q9BT92	TCHP
Q9BTA9	WAC
Q9BTC0	DIDO1
Q9BTE1	DCTN5
Q9BTE3	MCMBP
Q9BTE6	AARSD1
Q9BTE7	DCUN1D5
Q9BTF0	THUMPD2
Q9BTK6	PAGR1
Q9BTL3	RAMAC
Q9BTL4	IER2
Q9BTM9	URM1
Q9BTT0	ANP32E
Q9BTT4	MED10
Q9BTT6	LRRC1
Q9BTU6	PI4K2A
Q9BTV4	TMEM43
Q9BTV6	DPH7
Q9BTW9	TBCD
Q9BTX1	NDC1
Q9BTY2	FUCA2
Q9BTY7	HGH1
Q9BTZ2	DHRS4
Q9BU02	THTPA
Q9BU19	ZNF692
Q9BU23	LMF2
Q9BU61	NDUFAF3
Q9BU76	MMTAG2
Q9BU89	DOHH
Q9BUB5	MKNK1
Q9BUB7	TMEM70
Q9BUE0	MED18
Q9BUE6	ISCA1
Q9BUF5	TUBB6
Q9BUH6	PAXX
Q9BUI4	POLR3C
Q9BUJ2	HNRNPUL1
Q9BUK6	MSTO1
Q9BUL5	PHF23
Q9BUL8	PDCD10
Q9BUL9	RPP25
Q9BUM1	G6PC3
Q9BUP3	HTATIP2
Q9BUQ8	DDX23
Q9BUR4	WRAP53
Q9BUT1	BDH2
Q9BUV8	RAB5IF
Q9BUW7	BBLN
Q9BV10	ALG12
Q9BV19	C1orf50
Q9BV20	MRI1
Q9BV23	ABHD6
Q9BV40	VAMP8
Q9BV44	THUMPD3
Q9BV57	ADI1
Q9BV73	CEP250
Q9BV79	MECR
Q9BV81	EMC6
Q9BV86	NTMT1
Q9BV94	EDEM2
Q9BVA0	KATNB1
Q9BVA1	TUBB2B
Q9BVC3	DSCC1
Q9BVC4	MLST8
Q9BVC5	C2orf49
Q9BVC6	TMEM109
Q9BVG4	PBDC1
Q9BVG9	PTDSS2
Q9BVI0	PHF20
Q9BVI4	NOC4L
Q9BVJ6	UTP14A
Q9BVJ7	DUSP23
Q9BVK2	ALG8
Q9BVK6	TMED9
Q9BVM2	DPCD
Q9BVM4	GGACT
Q9BVP2	GNL3
Q9BVQ7	AFG2B
Q9BVS4	RIOK2
Q9BVS5	TRMT61B
Q9BVV7	TIMM21
Q9BVW5	TIPIN
Q9BW19	KIFC1
Q9BW27	NUP85
Q9BW30	TPPP3
Q9BW60	ELOVL1
Q9BW61	DDA1
Q9BW62	KATNAL1
Q9BW71	HIRIP3
Q9BW72	HIGD2A
Q9BW83	IFT27
Q9BW85	YJU2
Q9BW91	NUDT9
Q9BW92	TARS2
Q9BWD1	ACAT2
Q9BWE0	REPIN1
Q9BWF3	RBM4
Q9BWH2	FUNDC2
Q9BWH6	RPAP1
Q9BWJ5	SF3B5
Q9BWS9	CHID1
Q9BWT3	PAPOLG
Q9BWU1	CDK19
Q9BWW4	SSBP3
Q9BX10	GTPBP2
Q9BX40	LSM14B
Q9BX59	TAPBPL
Q9BX68	HINT2
Q9BX69	CARD6
Q9BX70	BTBD2
Q9BX95	SGPP1
Q9BXA5	SUCNR1
Q9BXB4	OSBPL11
Q9BXD5	NPL
Q9BXI6	TBC1D10A
Q9BXJ9	NAA15
Q9BXK1	KLF16
Q9BXK5	BCL2L13
Q9BXM0	PRX
Q9BXP2	SLC12A9
Q9BXP5	SRRT
Q9BXR0	QTRT1
Q9BXS4	TMEM59
Q9BXS5	AP1M1
Q9BXV9	GON7
Q9BXW6	OSBPL1A
Q9BXW7	HDHD5
Q9BXW9	FANCD2
Q9BXX0	EMILIN2
Q9BXY0	MAK16
Q9BY15	ADGRE3
Q9BY32	ITPA
Q9BY41	HDAC8
Q9BY42	RTF2
Q9BY43	CHMP4A
Q9BY44	EIF2A
Q9BY49	PECR
Q9BY77	POLDIP3
Q9BYB4	GNB1L
Q9BYC5	FUT8
Q9BYC8	MRPL32
Q9BYC9	MRPL20
Q9BYD1	MRPL13
Q9BYD2	MRPL9
Q9BYD6	MRPL1
Q9BYE4	SPRR2G
Q9BYE7	PCGF6
Q9BYG3	NIFK
Q9BYI3	HYCC1
Q9BYJ9	YTHDF1
Q9BYK8	HELZ2
Q9BYM8	RBCK1
Q9BYN0	SRXN1
Q9BYN8	MRPS26
Q9BYT8	NLN
Q9BYV8	CEP41
Q9BYW2	SETD2
Q9BYX2	TBC1D2
Q9BYX4	IFIH1
Q9BZ23	PANK2
Q9BZ67	FRMD8
Q9BZ95	NSD3
Q9BZD2	SLC29A3
Q9BZE1	MRPL37
Q9BZE2	PUS3
Q9BZE4	GTPBP4
Q9BZE9	ASPSCR1
Q9BZF1	OSBPL8
Q9BZF2	OSBPL7
Q9BZF9	UACA
Q9BZG1	RAB34
Q9BZH6	WDR11
Q9BZI7	UPF3B
Q9BZK7	TBL1XR1
Q9BZL1	UBL5
Q9BZL4	PPP1R12C
Q9BZL6	PRKD2
Q9BZQ6	EDEM3
Q9BZQ8	NIBAN1
Q9BZR9	TRIM8
Q9BZV1	UBXN6
Q9BZW5	TM6SF1
Q9BZW8	CD244
Q9BZX2	UCK2
Q9BZZ2	SIGLEC1
Q9BZZ5	API5
Q9C000	NLRP1
Q9C005	DPY30
Q9C035	TRIM5
Q9C037	TRIM4
Q9C040	TRIM2
Q9C075	KRT23
Q9C0B0	UNK
Q9C0B1	FTO
Q9C0B5	ZDHHC5
Q9C0B7	TANGO6
Q9C0C2	TNKS1BP1
Q9C0C9	UBE2O
Q9C0D3	ZYG11B
Q9C0E2	XPO4
Q9C0E8	LNPK
Q9C0F1	CEP44
Q9C0G0	ZNF407
Q9C0H2	TTYH3
Q9C0I1	MTMR12
Q9C0J8	WDR33
Q9GIY3	HLA-DRB1
Q9GZL7	WDR12
Q9GZN1	ACTR6
Q9GZN7	ROGDI
Q9GZN8	ADISSP
Q9GZP4	PITHD1
Q9GZP9	DERL2
Q9GZQ3	COMMD5
Q9GZR2	REXO4
Q9GZS1	POLR1E
Q9GZS3	SKIC8
Q9GZT3	SLIRP
Q9GZT6	CCDC90B
Q9GZT8	NIF3L1
Q9GZT9	EGLN1
Q9GZU1	MCOLN1
Q9GZU3	TMEM39B
Q9GZU8	PSME3IP1
Q9GZX9	TWSG1
Q9GZY4	COA1
Q9GZY6	LAT2
Q9GZY8	MFF
Q9GZZ9	UBA5
Q9H008	LHPP
Q9H009	NACA2
Q9H019	MTFR1L
Q9H061	TMEM126A
Q9H074	PAIP1
Q9H078	CLPB
Q9H081	MIS12
Q9H082	RAB33B
Q9H089	LSG1
Q9H098	FAM107B
Q9H0A0	NAT10
Q9H0A8	COMMD4
Q9H0C5	BTBD1
Q9H0C8	ILKAP
Q9H0D6	XRN2
Q9H0E2	TOLLIP
Q9H0E3	SAP130
Q9H0F6	SHARPIN
Q9H0F7	ARL6
Q9H0G5	NSRP1
Q9H0J9	PARP12
Q9H0K6	PUS7L
Q9H0L4	CSTF2T
Q9H0N0	RAB6C
Q9H0Q0	CYRIA
Q9H0R4	HDHD2
Q9H0R5	GBP3
Q9H0R6	QRSL1
Q9H0S4	DDX47
Q9H0U4	RAB1B
Q9H0U6	MRPL18
Q9H0V1	TMEM168
Q9H0V9	LMAN2L
Q9H0W8	SMG9
Q9H0X4	FAM234A
Q9H0X9	OSBPL5
Q9H147	DNTTIP1
Q9H160	ING2
Q9H165	BCL11A
Q9H173	SIL1
Q9H1A3	METTL9
Q9H1A4	ANAPC1
Q9H1B7	IRF2BPL
Q9H1C0	LPAR5
Q9H1C4	UNC93B1
Q9H1D9	POLR3F
Q9H1E3	NUCKS1
Q9H1E5	TMX4
Q9H1H9	KIF13A
Q9H1I8	ASCC2
Q9H1K0	RBSN
Q9H1K1	ISCU
Q9H1P3	OSBPL2
Q9H1U4	MEGF9
Q9H1X3	DNAJC25
Q9H1Y0	ATG5
Q9H1Z4	WDR13
Q9H201	EPN3
Q9H204	MED28
Q9H223	EHD4
Q9H237	PORCN
Q9H257	CARD9
Q9H267	VPS33B
Q9H269	VPS16
Q9H270	VPS11
Q9H2C0	GAN
Q9H2D1	SLC25A32
Q9H2D6	TRIOBP
Q9H2F5	EPC1
Q9H2G2	SLK
Q9H2G4	TSPYL2
Q9H2G9	BLZF1
Q9H2H8	PPIL3
Q9H2J4	PDCL3
Q9H2K0	MTIF3
Q9H2K2	TNKS2
Q9H2K8	TAOK3
Q9H2L5	RASSF4
Q9H2M9	RAB3GAP2
Q9H2P0	ADNP
Q9H2P9	DPH5
Q9H2U1	DHX36
Q9H2U2	PPA2
Q9H2W6	MRPL46
Q9H2Y7	ZNF106
Q9H307	PNN
Q9H330	TMEM245
Q9H334	FOXP1
Q9H3F6	KCTD10
Q9H3G5	CPVL
Q9H3H1	TRIT1
Q9H3H3	C11orf68
Q9H3J6	MTRFR
Q9H3K2	GHITM
Q9H3K6	BOLA2
Q9H3K6	BOLA2B
Q9H3M0	KCNF1
Q9H3M7	TXNIP
Q9H3N1	TMX1
Q9H3P7	ACBD3
Q9H3Q1	CDC42EP4
Q9H3R0	KDM4C
Q9H3R5	CENPH
Q9H3S5	PIGM
Q9H3S7	PTPN23
Q9H3U1	UNC45A
Q9H3U5	MFSD1
Q9H3Y8	PPDPF
Q9H3Z4	DNAJC5
Q9H3Z7	ABHD16B
Q9H410	DSN1
Q9H425	C1orf198
Q9H444	CHMP4B
Q9H446	RWDD1
Q9H467	CUEDC2
Q9H477	RBKS
Q9H479	FN3K
Q9H488	POFUT1
Q9H490	PIGU
Q9H496	TOR1AIP2
Q9H497	TOR3A
Q9H4A4	RNPEP
Q9H4A5	GOLPH3L
Q9H4A6	GOLPH3
Q9H4A9	DPEP2
Q9H4B0	OSGEPL1
Q9H4B8	DPEP3
Q9H4E7	DEF6
Q9H4G4	GLIPR2
Q9H4I9	SMDT1
Q9H4K7	MTG2
Q9H4L4	SENP3
Q9H4L5	OSBPL3
Q9H4L7	SMARCAD1
Q9H4M9	EHD1
Q9H4P4	RNF41
Q9H4Z2	ZNF335
Q9H4Z3	PCIF1
Q9H501	ESF1
Q9H553	ALG2
Q9H582	ZNF644
Q9H583	HEATR1
Q9H5H4	ZNF768
Q9H5I1	SUV39H2
Q9H5K3	POMK
Q9H5N1	RABEP2
Q9H5Q4	TFB2M
Q9H5V8	CDCP1
Q9H5V9	STEEP1
Q9H5X1	CIAO2A
Q9H5Z1	DHX35
Q9H665	IGFLR1
Q9H672	ASB7
Q9H6A0	DENND2D
Q9H6A9	PCNX3
Q9H6D7	HAUS4
Q9H6E4	CCDC134
Q9H6F5	CCDC86
Q9H6K1	ILRUN
Q9H6K4	OPA3
Q9H6L4	ARMC7
Q9H6P5	TASP1
Q9H6Q4	CIAO3
Q9H6R0	DHX33
Q9H6R4	NOL6
Q9H6R6	ZDHHC6
Q9H6S0	YTHDC2
Q9H6S1	AZI2
Q9H6T3	RPAP3
Q9H6U6	BCAS3
Q9H6W3	RIOX1
Q9H6Y2	WDR55
Q9H6Z4	RANBP3
Q9H773	DCTPP1
Q9H777	ELAC1
Q9H7B2	RPF2
Q9H7B4	SMYD3
Q9H7D0	DOCK5
Q9H7D7	WDR26
Q9H7E2	TDRD3
Q9H7E9	C8orf33
Q9H7F0	ATP13A3
Q9H7H0	METTL17
Q9H7J1	PPP1R3E
Q9H7L9	SUDS3
Q9H7M9	VSIR
Q9H7N4	SCAF1
Q9H7P6	MVB12B
Q9H7Z3	NRDE2
Q9H7Z6	KAT8
Q9H7Z7	PTGES2
Q9H813	PACC1
Q9H814	PHAX
Q9H832	UBE2Z
Q9H845	ACAD9
Q9H857	NT5DC2
Q9H871	RMND5A
Q9H875	PRKRIP1
Q9H8G2	CAAP1
Q9H8H0	NOL11
Q9H8H3	TMT1A
Q9H8M2	BRD9
Q9H8N7	ZNF395
Q9H8S9	MOB1A
Q9H8T0	AKTIP
Q9H8U3	ZFAND3
Q9H8W4	PLEKHF2
Q9H8Y5	ANKZF1
Q9H8Y8	GORASP2
Q9H900	ZWILCH
Q9H903	MTHFD2L
Q9H910	JPT2
Q9H920	RNF121
Q9H936	SLC25A22
Q9H939	PSTPIP2
Q9H944	MED20
Q9H967	WDR76
Q9H974	QTRT2
Q9H981	ACTR8
Q9H993	ARMT1
Q9H999	PANK3
Q9H9A5	CNOT10
Q9H9A6	LRRC40
Q9H9A7	RMI1
Q9H9B1	EHMT1
Q9H9B4	SFXN1
Q9H9D4	ZNF408
Q9H9F9	ACTR5
Q9H9G7	AGO3
Q9H9H4	VPS37B
Q9H9J2	MRPL44
Q9H9L3	ISG20L2
Q9H9P5	UNKL
Q9H9P8	L2HGDH
Q9H9Q2	COPS7B
Q9H9Q4	NHEJ1
Q9H9T3	ELP3
Q9H9Y2	RPF1
Q9H9Y6	POLR1B
Q9HA38	ZMAT3
Q9HA47	UCK1
Q9HA64	FN3KRP
Q9HA65	TBC1D17
Q9HA77	CARS2
Q9HA92	RSAD1
Q9HAB8	PPCS
Q9HAC8	UBTD1
Q9HAD4	WDR41
Q9HAF1	MEAF6
Q9HAI6	TASL
Q9HAJ7	SAP30L
Q9HAN9	NMNAT1
Q9HAP2	MLXIP
Q9HAT2	SIAE
Q9HAT8	PELI2
Q9HAU0	PLEKHA5
Q9HAU5	UPF2
Q9HAU8	RNPEPL1
Q9HAV0	GNB4
Q9HAV4	XPO5
Q9HAV7	GRPEL1
Q9HB07	MYG1
Q9HB21	PLEKHA1
Q9HB40	SCPEP1
Q9HB58	SP110
Q9HB66	MKKS
Q9HB71	CACYBP
Q9HB90	RRAGC
Q9HBD1	RC3H2
Q9HBD4	SMARCA4
Q9HBE1	PATZ1
Q9HBG7	LY9
Q9HBH0	RHOF
Q9HBH1	PDF
Q9HBH5	RDH14
Q9HBI0	PARVG
Q9HBI1	PARVB
Q9HBL7	PLGRKT
Q9HBL8	NMRAL1
Q9HBM0	VEZT
Q9HBM6	TAF9B
Q9HBR0	SLC38A10
Q9HC07	TMEM165
Q9HC16	APOBEC3G
Q9HC21	SLC25A19
Q9HC29	NOD2
Q9HC35	EML4
Q9HC36	MRM3
Q9HC52	CBX8
Q9HC62	SENP2
Q9HC97	GPR35
Q9HC98	NEK6
Q9HCB6	SPON1
Q9HCC0	MCCC2
Q9HCD5	NCOA5
Q9HCD6	TANC2
Q9HCE0	EPG5
Q9HCE1	MOV10
Q9HCE5	METTL14
Q9HCE9	ANO8
Q9HCG1	ZNF160
Q9HCG7	GBA2
Q9HCG8	CWC22
Q9HCH0	NCKAP5L
Q9HCH3	CPNE5
Q9HCI7	MSL2
Q9HCJ3	RAVER2
Q9HCK5	AGO4
Q9HCK8	CHD8
Q9HCL2	GPAM
Q9HCM7	FBRSL1
Q9HCN4	GPN1
Q9HCN8	SDF2L1
Q9HCS7	XAB2
Q9HCU5	PREB
Q9HCU8	POLD4
Q9HD15	SRA1
Q9HD20	ATP13A1
Q9HD26	GOPC
Q9HD33	MRPL47
Q9HD40	SEPSECS
Q9HD42	CHMP1A
Q9HD45	TM9SF3
Q9HD47	RANGRF
Q9HD89	RETN
Q9HDC9	APMAP
Q9NP58	ABCB6
Q9NP61	ARFGAP3
Q9NP66	HMG20A
Q9NP72	RAB18
Q9NP73	ALG13
Q9NP77	SSU72
Q9NP80	PNPLA8
Q9NP87	POLM
Q9NP90	RAB9B
Q9NP92	MRPS30
Q9NP97	DYNLRB1
Q9NP99	TREM1
Q9NPA0	EMC7
Q9NPA8	ENY2
Q9NPB8	GPCPD1
Q9NPD3	EXOSC4
Q9NPE2	NGRN
Q9NPE3	NOP10
Q9NPF4	OSGEP
Q9NPF5	DMAP1
Q9NPG3	UBN1
Q9NPG8	ZDHHC4
Q9NPH0	ACP6
Q9NPH2	ISYNA1
Q9NPH3	IL1RAP
Q9NPI1	BRD7
Q9NPI6	DCP1A
Q9NPJ3	ACOT13
Q9NPJ6	MED4
Q9NPJ8	NXT2
Q9NPL8	TIMMDC1
Q9NPP4	NLRC4
Q9NPQ8	RIC8A
Q9NPR9	GPR108
Q9NPY3	CD93
Q9NQ11	ATP13A2
Q9NQ29	LUC7L
Q9NQ34	TMEM9B
Q9NQ35	NRIP3
Q9NQ39	RPS10P5
Q9NQ48	LZTFL1
Q9NQ50	MRPL40
Q9NQ66	PLCB1
Q9NQ75	CASS4
Q9NQ88	TIGAR
Q9NQ89	FERRY3
Q9NQA3	WASH6P
Q9NQC3	RTN4
Q9NQC7	CYLD
Q9NQC8	IFT46
Q9NQE9	HINT3
Q9NQG5	RPRD1B
Q9NQG7	HPS4
Q9NQH7	XPNPEP3
Q9NQL2	RRAGD
Q9NQP4	PFDN4
Q9NQR4	NIT2
Q9NQS1	AVEN
Q9NQS5	GPR84
Q9NQT4	EXOSC5
Q9NQT5	EXOSC3
Q9NQT8	KIF13B
Q9NQW7	XPNPEP1
Q9NQX3	GPHN
Q9NQZ2	UTP3
Q9NQZ5	STARD7
Q9NQZ7	ENTPD7
Q9NR09	BIRC6
Q9NR12	PDLIM7
Q9NR19	ACSS2
Q9NR28	DIABLO
Q9NR30	DDX21
Q9NR31	SAR1A
Q9NR33	POLE4
Q9NR45	NANS
Q9NR50	EIF2B3
Q9NR77	PXMP2
Q9NR96	TLR9
Q9NR97	TLR8
Q9NRA1	PDGFC
Q9NRA2	SLC17A5
Q9NRA8	EIF4ENIF1
Q9NRB3	CHST12
Q9NRD1	FBXO6
Q9NRF8	CTPS2
Q9NRF9	POLE3
Q9NRG0	CHRAC1
Q9NRG1	PRTFDC1
Q9NRG4	SMYD2
Q9NRG7	SDR39U1
Q9NRG9	AAAS
Q9NRH2	SNRK
Q9NRI5	DISC1
Q9NRK6	ABCB10
Q9NRL2	BAZ1A
Q9NRL3	STRN4
Q9NRM0	SLC2A9
Q9NRN7	AASDHPPT
Q9NRN9	METTL5
Q9NRP0	OSTC
Q9NRP2	CMC2
Q9NRR4	DROSHA
Q9NRR5	UBQLN4
Q9NRR8	CDC42SE1
Q9NRS6	SNX15
Q9NRV9	HEBP1
Q9NRW1	RAB6B
Q9NRW3	APOBEC3C
Q9NRW4	DUSP22
Q9NRW7	VPS45
Q9NRX1	PNO1
Q9NRX2	MRPL17
Q9NRX4	PHPT1
Q9NRX5	SERINC1
Q9NRX6	TMEM167B
Q9NRY2	INIP
Q9NRY4	ARHGAP35
Q9NRY5	FAM114A2
Q9NRY6	PLSCR3
Q9NRZ5	AGPAT4
Q9NRZ7	AGPAT3
Q9NRZ9	HELLS
Q9NS00	C1GALT1
Q9NS15	LTBP3
Q9NS18	GLRX2
Q9NS23	RASSF1
Q9NS28	RGS18
Q9NS69	TOMM22
Q9NS86	LANCL2
Q9NS87	KIF15
Q9NS93	TM7SF3
Q9NSA3	CTNNBIP1
Q9NSC5	HOMER3
Q9NSD9	FARSB
Q9NSE4	IARS2
Q9NSI2	SLX9
Q9NSI6	BRWD1
Q9NSI8	SAMSN1
Q9NSK0	KLC4
Q9NSP4	CENPM
Q9NSU2	TREX1
Q9NSY1	BMP2K
Q9NSY2	STARD5
Q9NT62	ATG3
Q9NTG7	SIRT3
Q9NTI5	PDS5B
Q9NTJ3	SMC4
Q9NTJ4	MAN2C1
Q9NTJ5	SACM1L
Q9NTM9	CUTC
Q9NTX5	ECHDC1
Q9NTX7	RNF146
Q9NTZ6	RBM12
Q9NU19	TBC1D22B
Q9NU22	MDN1
Q9NU23	LYRM2
Q9NUA8	ZBTB40
Q9NUB1	ACSS1
Q9NUD5	ZCCHC3
Q9NUD9	PIGV
Q9NUE0	ZDHHC18
Q9NUG6	PDRG1
Q9NUH8	TMEM14B
Q9NUI1	DECR2
Q9NUJ1	ABHD10
Q9NUL5	SHFL
Q9NUL7	DDX28
Q9NUM3	SLC39A9
Q9NUM4	TMEM106B
Q9NUN5	LMBRD1
Q9NUP1	BLOC1S4
Q9NUP7	TRMT13
Q9NUP9	LIN7C
Q9NUQ2	AGPAT5
Q9NUQ3	TXLNG
Q9NUQ6	SPATS2L
Q9NUQ7	UFSP2
Q9NUQ8	ABCF3
Q9NUQ9	CYRIB
Q9NUS5	AP5S1
Q9NUT2	ABCB8
Q9NUU6	OTULINL
Q9NUU7	DDX19A
Q9NUW8	TDP1
Q9NUX5	POT1
Q9NUY8	TBC1D23
Q9NV31	IMP3
Q9NV35	NUDT15
Q9NV56	MRGBP
Q9NV66	TYW1
Q9NV70	EXOC1
Q9NV88	INTS9
Q9NV96	TMEM30A
Q9NVA1	UQCC1
Q9NVA4	TMEM184C
Q9NVC3	SLC38A7
Q9NVC6	MED17
Q9NVE5	USP40
Q9NVE7	PANK4
Q9NVF7	FBXO28
Q9NVG8	TBC1D13
Q9NVH0	EXD2
Q9NVH1	DNAJC11
Q9NVH2	INTS7
Q9NVH6	TMLHE
Q9NVI1	FANCI
Q9NVI7	ATAD3A
Q9NVJ2	ARL8B
Q9NVK5	FGFR1OP2
Q9NVM4	PRMT7
Q9NVM6	DNAJC17
Q9NVM9	INTS13
Q9NVN8	GNL3L
Q9NVP1	DDX18
Q9NVP2	ASF1B
Q9NVQ4	FAIM
Q9NVR0	KLHL11
Q9NVR2	INTS10
Q9NVR5	DNAAF2
Q9NVS2	MRPS18A
Q9NVS9	PNPO
Q9NVT9	ARMC1
Q9NVU0	POLR3E
Q9NVU7	SDAD1
Q9NVV0	TMEM38B
Q9NVV4	MTPAP
Q9NVX2	NLE1
Q9NVZ3	NECAP2
Q9NW07	ZNF358
Q9NW08	POLR3B
Q9NW13	RBM28
Q9NW15	ANO10
Q9NW61	PLEKHJ1
Q9NW64	RBM22
Q9NW68	BSDC1
Q9NW81	DMAC2
Q9NW82	WDR70
Q9NWA0	MED9
Q9NWB6	ARGLU1
Q9NWF9	RNF216
Q9NWH9	SLTM
Q9NWK9	ZNHIT6
Q9NWQ4	GPATCH2L
Q9NWQ8	PAG1
Q9NWQ9	C14orf119
Q9NWR8	MCUB
Q9NWS0	PIH1D1
Q9NWS6	FAM118A
Q9NWS8	RMND1
Q9NWT1	PAK1IP1
Q9NWT6	HIF1AN
Q9NWT8	AURKAIP1
Q9NWU1	OXSM
Q9NWU2	GID8
Q9NWV4	CZIB
Q9NWV8	BABAM1
Q9NWW5	CLN6
Q9NWW6	NMRK1
Q9NWX5	ASB6
Q9NWX6	THG1L
Q9NWY4	HPF1
Q9NWZ3	IRAK4
Q9NWZ5	UCKL1
Q9NWZ8	GEMIN8
Q9NX00	TMEM160
Q9NX01	TXNL4B
Q9NX05	FAM120C
Q9NX07	TRNAU1AP
Q9NX08	COMMD8
Q9NX14	NDUFB11
Q9NX20	MRPL16
Q9NX24	NHP2
Q9NX38	ABITRAM
Q9NX40	OCIAD1
Q9NX46	ADPRS
Q9NX47	MARCHF5
Q9NX55	HYPK
Q9NX57	RAB20
Q9NX58	LYAR
Q9NX61	TMEM161A
Q9NX62	BPNT2
Q9NX74	DUS2
Q9NX76	CMTM6
Q9NX78	TMEM260
Q9NXA8	SIRT5
Q9NXC2	GFOD1
Q9NXC5	MIOS
Q9NXD2	MTMR10
Q9NXE4	SMPD4
Q9NXE8	CWC25
Q9NXF1	TEX10
Q9NXF7	DCAF16
Q9NXF8	ZDHHC7
Q9NXG2	THUMPD1
Q9NXG6	P4HTM
Q9NXH8	TOR4A
Q9NXH9	TRMT1
Q9NXJ5	PGPEP1
Q9NXK8	FBXL12
Q9NXN4	GDAP2
Q9NXR1	NDE1
Q9NXR5	ANKRD10
Q9NXR7	BABAM2
Q9NXR8	ING3
Q9NXS2	QPCTL
Q9NXV2	KCTD5
Q9NXV6	CDKN2AIP
Q9NXX6	NSMCE4A
Q9NY12	GAR1
Q9NY15	STAB1
Q9NY27	PPP4R2
Q9NY33	DPP3
Q9NY61	AATF
Q9NY93	DDX56
Q9NY97	B3GNT2
Q9NYB0	TERF2IP
Q9NYF8	BCLAF1
Q9NYG2	ZDHHC3
Q9NYH9	UTP6
Q9NYJ1	COA4
Q9NYJ8	TAB2
Q9NYK1	TLR7
Q9NYK5	MRPL39
Q9NYL2	MAP3K20
Q9NYL9	TMOD3
Q9NYM9	BET1L
Q9NYP7	ELOVL5
Q9NYR9	NKIRAS2
Q9NYU2	UGGT1
Q9NYV4	CDK12
Q9NYY8	FASTKD2
Q9NYZ2	SLC25A37
Q9NZ01	TECR
Q9NZ08	ERAP1
Q9NZ09	UBAP1
Q9NZ32	ACTR10
Q9NZ43	USE1
Q9NZ45	CISD1
Q9NZ52	GGA3
Q9NZ63	C9orf78
Q9NZA1	CLIC5
Q9NZB2	FAM120A
Q9NZC3	GDE1
Q9NZC7	WWOX
Q9NZC9	SMARCAL1
Q9NZD2	GLTP
Q9NZD8	SPG21
Q9NZE8	MRPL35
Q9NZI7	UBP1
Q9NZJ4	SACS
Q9NZJ5	EIF2AK3
Q9NZJ6	COQ3
Q9NZJ7	MTCH1
Q9NZJ9	NUDT4
Q9NZL4	HSPBP1
Q9NZL9	MAT2B
Q9NZM1	MYOF
Q9NZM4	BICRA
Q9NZM5	NOP53
Q9NZN3	EHD3
Q9NZP8	C1RL
Q9NZQ3	NCKIPSD
Q9NZR1	TMOD2
Q9NZT1	CALML5
Q9NZT2	OGFR
Q9NZU5	LMCD1
Q9NZW5	PALS2
Q9NZZ3	CHMP5
Q9P000	COMMD9
Q9P013	CWC15
Q9P015	MRPL15
Q9P016	THYN1
Q9P021	CRIPT
Q9P031	CCDC59
Q9P032	NDUFAF4
Q9P035	HACD3
Q9P086	MED11
Q9P0I2	EMC3
Q9P0J0	NDUFA13
Q9P0J1	PDP1
Q9P0J7	KCMF1
Q9P0K8	FOXJ2
Q9P0L0	VAPA
Q9P0L1	ZKSCAN7
Q9P0M2	AKAP7
Q9P0M6	MACROH2A2
Q9P0N9	TBC1D7
Q9P0P0	RNF181
Q9P0R6	GSKIP
Q9P0S2	COX16
Q9P0S3	ORMDL1
Q9P0S9	TMEM14C
Q9P0T4	ZNF581
Q9P0U1	TOMM7
Q9P0U3	SENP1
Q9P0U4	CXXC1
Q9P0W2	HMG20B
Q9P107	GMIP
Q9P1F3	ABRACL
Q9P1Q0	VPS54
Q9P1U0	POLR1H
Q9P1U1	ACTR3B
Q9P1Z2	CALCOCO1
Q9P206	NHSL3
Q9P215	POGK
Q9P219	CCDC88C
Q9P253	VPS18
Q9P258	RCC2
Q9P260	RELCH
Q9P265	DIP2B
Q9P270	SLAIN2
Q9P275	USP36
Q9P287	BCCIP
Q9P2A4	ABI3
Q9P2B4	CTTNBP2NL
Q9P2D3	HEATR5B
Q9P2E3	ZNFX1
Q9P2G1	ANKIB1
Q9P2I0	CPSF2
Q9P2J3	KLHL9
Q9P2J5	LARS1
Q9P2K2	TXNDC16
Q9P2K3	RCOR3
Q9P2K5	MYEF2
Q9P2K8	EIF2AK4
Q9P2M4	TBC1D14
Q9P2N5	RBM27
Q9P2N6	KANSL3
Q9P2R3	ANKFY1
Q9P2R6	RERE
Q9P2R7	SUCLA2
Q9P2X0	DPM3
Q9P2X3	IMPACT
Q9P2Y5	UVRAG
Q9UBB4	ATXN10
Q9UBB5	MBD2
Q9UBB6	NCDN
Q9UBB9	TFIP11
Q9UBC2	EPS15L1
Q9UBC3	DNMT3B
Q9UBD5	ORC3
Q9UBE0	SAE1
Q9UBF2	COPG2
Q9UBF6	RNF7
Q9UBI1	COMMD3
Q9UBI9	HECA
Q9UBK8	MTRR
Q9UBK9	UXT
Q9UBL3	ASH2L
Q9UBM7	DHCR7
Q9UBN7	HDAC6
Q9UBP0	SPAST
Q9UBP6	METTL1
Q9UBQ0	VPS29
Q9UBQ5	EIF3K
Q9UBQ7	GRHPR
Q9UBR2	CTSZ
Q9UBR5	CKLF
Q9UBS3	DNAJB9
Q9UBS4	DNAJB11
Q9UBS8	RNF14
Q9UBS9	SUCO
Q9UBT2	UBA2
Q9UBT6	POLK
Q9UBU6	FAM8A1
Q9UBU9	NXF1
Q9UBV2	SEL1L
Q9UBV7	B4GALT7
Q9UBV8	PEF1
Q9UBW5	BIN2
Q9UBW7	ZMYM2
Q9UBW8	COPS7A
Q9UBX1	CTSF
Q9UBX3	SLC25A10
Q9UBX7	KLK11
Q9UBY8	CLN8
Q9UBZ4	APEX2
Q9UDT6	CLIP2
Q9UDW1	UQCR10
Q9UDW3	ZMAT5
Q9UDX5	MTFP1
Q9UDY4	DNAJB4
Q9UDY8	MALT1
Q9UEE9	CFDP1
Q9UEG4	ZNF629
Q9UEL6	MPZL1
Q9UER7	DAXX
Q9UET6	FTSJ1
Q9UEU0	VTI1B
Q9UEW8	STK39
Q9UEY8	ADD3
Q9UFC0	LRWD1
Q9UFF9	CNOT8
Q9UFG5	C19orf25
Q9UFN0	NIPSNAP3A
Q9UFW8	CGGBP1
Q9UG22	GIMAP2
Q9UG56	PISD
Q9UG63	ABCF2
Q9UGC7	MTRF1L
Q9UGI8	TES
Q9UGJ0	PRKAG2
Q9UGJ1	TUBGCP4
Q9UGK8	SERGEF
Q9UGL1	KDM5B
Q9UGM6	WARS2
Q9UGN4	CD300A
Q9UGP4	LIMD1
Q9UGP5	POLL
Q9UGP8	SEC63
Q9UGQ3	SLC2A6
Q9UGR2	ZC3H7B
Q9UGU0	TCF20
Q9UGU5	HMGXB4
Q9UGV2	NDRG3
Q9UH62	ARMCX3
Q9UH65	SWAP70
Q9UH99	SUN2
Q9UHA2	SS18L2
Q9UHA3	RSL24D1
Q9UHA4	LAMTOR3
Q9UHB4	NDOR1
Q9UHB6	LIMA1
Q9UHB7	AFF4
Q9UHB9	SRP68
Q9UHC1	MLH3
Q9UHC7	MKRN1
Q9UHD1	CHORDC1
Q9UHD2	TBK1
Q9UHD8	SEPTIN9
Q9UHD9	UBQLN2
Q9UHF7	TRPS1
Q9UHG3	PCYOX1
Q9UHI6	DDX20
Q9UHK6	AMACR
Q9UHL4	DPP7
Q9UHN1	POLG2
Q9UHN6	CEMIP2
Q9UHP3	USP25
Q9UHQ1	NARF
Q9UHQ4	BCAP29
Q9UHQ9	CYB5R1
Q9UHR6	ZNHIT2
Q9UHV7	MED13
Q9UHV9	PFDN2
Q9UHW5	GPN3
Q9UHW9	SLC12A6
Q9UHX3	ADGRE2
Q9UHY1	NRBP1
Q9UHY7	ENOPH1
Q9UHY8	FEZ2
Q9UI08	EVL
Q9UI09	NDUFA12
Q9UI12	ATP6V1H
Q9UI26	IPO11
Q9UI30	TRMT112
Q9UI43	MRM2
Q9UIA0	CYTH4
Q9UIA9	XPO7
Q9UIB8	CD84
Q9UIC8	LCMT1
Q9UID3	VPS51
Q9UIF8	BAZ2B
Q9UIG0	BAZ1B
Q9UII2	ATP5IF1
Q9UII4	HERC5
Q9UIJ5	ZDHHC2
Q9UIJ7	AK3
Q9UIL8	PHF11
Q9UIM3	FKBPL
Q9UIQ6	LNPEP
Q9UIS9	MBD1
Q9UIV1	CNOT7
Q9UJ68	MSRA
Q9UJ70	NAGK
Q9UJ83	HACL1
Q9UJA5	TRMT6
Q9UJC5	SH3BGRL2
Q9UJJ9	GNPTG
Q9UJK0	TSR3
Q9UJS0	SLC25A13
Q9UJU6	DBNL
Q9UJV9	DDX41
Q9UJW0	DCTN4
Q9UJX2	CDC23
Q9UJX3	ANAPC7
Q9UJX4	ANAPC5
Q9UJX5	ANAPC4
Q9UJX6	ANAPC2
Q9UJY4	GGA2
Q9UJY5	GGA1
Q9UJZ1	STOML2
Q9UK23	NAGPA
Q9UK39	NOCT
Q9UK41	VPS28
Q9UK45	LSM7
Q9UK58	CCNL1
Q9UK59	DBR1
Q9UK61	TASOR
Q9UK73	FEM1B
Q9UKA2	FBXL4
Q9UKA4	AKAP11
Q9UKA9	PTBP2
Q9UKB1	FBXW11
Q9UKD2	MRTO4
Q9UKF6	CPSF3
Q9UKG1	APPL1
Q9UKG9	CROT
Q9UKI8	TLK1
Q9UKJ1	PILRA
Q9UKJ3	GPATCH8
Q9UKK3	PARP4
Q9UKL0	RCOR1
Q9UKL6	PCTP
Q9UKM7	MAN1B1
Q9UKM9	RALY
Q9UKN8	GTF3C4
Q9UKQ2	ADAM28
Q9UKR5	ERG28
Q9UKT5	FBXO4
Q9UKT8	FBXW2
Q9UKU7	ACAD8
Q9UKV5	AMFR
Q9UKV8	AGO2
Q9UKW4	VAV3
Q9UKX7	NUP50
Q9UKY4	POMT2
Q9UKY7	CDV3
Q9UKZ1	CNOT11
Q9UL01	DSE
Q9UL03	INTS6
Q9UL12	SARDH
Q9UL15	BAG5
Q9UL18	AGO1
Q9UL25	RAB21
Q9UL26	RAB22A
Q9UL40	ZNF346
Q9UL54	TAOK2
Q9UL63	MKLN1
Q9ULC4	MCTS1
Q9ULC5	ACSL5
Q9ULD4	BRPF3
Q9ULD5	ZNF777
Q9ULE6	PALD1
Q9ULF5	SLC39A10
Q9ULG1	INO80
Q9ULG6	CCPG1
Q9ULH0	KIDINS220
Q9ULH7	MRTFB
Q9ULI0	ATAD2B
Q9ULJ3	ZBTB21
Q9ULJ6	ZMIZ1
Q9ULJ7	ANKRD50
Q9ULL5	PRR12
Q9ULM3	YEATS2
Q9ULR0	ISY1
Q9ULR3	PPM1H
Q9ULS5	TMCC3
Q9ULT0	TTC7A
Q9ULT8	HECTD1
Q9ULU4	ZMYND8
Q9ULV0	MYO5B
Q9ULV4	CORO1C
Q9ULW3	ABT1
Q9ULX3	NOB1
Q9ULX6	AKAP8L
Q9ULZ2	STAP1
Q9ULZ3	PYCARD
Q9UM07	PADI4
Q9UM11	FZR1
Q9UM13	ANAPC10
Q9UM22	EPDR1
Q9UMN6	KMT2B
Q9UMR7	CLEC4A
Q9UMS0	NFU1
Q9UMS4	PRPF19
Q9UMX0	UBQLN1
Q9UMX1	SUFU
Q9UMX5	NENF
Q9UMY1	NOL7
Q9UMZ2	SYNRG
Q9UN19	DAPP1
Q9UN36	NDRG2
Q9UN37	VPS4A
Q9UN86	G3BP2
Q9UNA1	ARHGAP26
Q9UNE7	STUB1
Q9UNF0	PACSIN2
Q9UNF1	MAGED2
Q9UNH7	SNX6
Q9UNI6	DUSP12
Q9UNK0	STX8
Q9UNL2	SSR3
Q9UNL4	ING4
Q9UNM6	PSMD13
Q9UNN5	FAF1
Q9UNP9	PPIE
Q9UNQ2	DIMT1
Q9UNS2	COPS3
Q9UNT1	RABL2B
Q9UNW1	MINPP1
Q9UNX4	WDR3
Q9UNY4	TTF2
Q9UNZ2	NSFL1C
Q9UNZ5	C19orf53
Q9UP83	COG5
Q9UP95	SLC12A4
Q9UPM8	AP4E1
Q9UPN3	MACF1
Q9UPN4	CEP131
Q9UPN7	PPP6R1
Q9UPN9	TRIM33
Q9UPP1	PHF8
Q9UPQ8	DOLK
Q9UPQ9	TNRC6B
Q9UPR0	PLCL2
Q9UPR3	SMG5
Q9UPT5	EXOC7
Q9UPT8	ZC3H4
Q9UPT9	USP22
Q9UPU5	USP24
Q9UPU7	TBC1D2B
Q9UPV0	CEP164
Q9UPW0	FOXJ3
Q9UPY3	DICER1
Q9UPZ3	HPS5
Q9UQ13	SHOC2
Q9UQ35	SRRM2
Q9UQ49	NEU3
Q9UQ80	PA2G4
Q9UQ90	SPG7
Q9UQB8	BAIAP2
Q9UQC2	GAB2
Q9UQE7	SMC3
Q9UQL6	HDAC5
Q9UQN3	CHMP2B
Q9UQR0	SCML2
Q9UQR1	ZNF148
Q9Y216	MTMR7
Q9Y217	MTMR6
Q9Y221	NIP7
Q9Y223	GNE
Q9Y224	RTRAF
Q9Y228	TRAF3IP3
Q9Y230	RUVBL2
Q9Y232	CDYL
Q9Y234	LIPT1
Q9Y237	PIN4
Q9Y241	HIGD1A
Q9Y243	AKT3
Q9Y244	POMP
Q9Y248	GINS2
Q9Y251	HPSE
Q9Y255	PRELID1
Q9Y259	CHKB
Q9Y262	EIF3L
Q9Y263	PLAA
Q9Y265	RUVBL1
Q9Y266	NUDC
Q9Y276	BCS1L
Q9Y277	VDAC3
Q9Y279	VSIG4
Q9Y281	CFL2
Q9Y282	ERGIC3
Q9Y285	FARSA
Q9Y286	SIGLEC7
Q9Y287	ITM2B
Q9Y289	SLC5A6
Q9Y291	MRPS33
Q9Y294	ASF1A
Q9Y295	DRG1
Q9Y296	TRAPPC4
Q9Y2B0	CNPY2
Q9Y2C4	EXOG
Q9Y2C9	TLR6
Q9Y2D0	CA5B
Q9Y2D9	ZNF652
Q9Y2E5	MAN2B2
Q9Y2F5	ICE1
Q9Y2G2	CARD8
Q9Y2G3	ATP11B
Q9Y2G5	POFUT2
Q9Y2G8	DNAJC16
Q9Y2H0	DLGAP4
Q9Y2H1	STK38L
Q9Y2H2	INPP5F
Q9Y2H6	FNDC3A
Q9Y2I1	NISCH
Q9Y2I7	PIKFYVE
Q9Y2I8	WDR37
Q9Y2J8	PADI2
Q9Y2K1	ZBTB1
Q9Y2K2	SIK3
Q9Y2K6	USP20
Q9Y2L1	DIS3
Q9Y2L5	TRAPPC8
Q9Y2L9	LRCH1
Q9Y2P8	RCL1
Q9Y2Q0	ATP8A1
Q9Y2Q3	GSTK1
Q9Y2Q5	LAMTOR2
Q9Y2Q9	MRPS28
Q9Y2R0	COA3
Q9Y2R4	DDX52
Q9Y2R9	MRPS7
Q9Y2S2	CRYL1
Q9Y2S6	TMA7
Q9Y2S7	POLDIP2
Q9Y2T2	AP3M1
Q9Y2U5	MAP3K2
Q9Y2U8	LEMD3
Q9Y2V2	CARHSP1
Q9Y2V7	COG6
Q9Y2W1	THRAP3
Q9Y2W2	WBP11
Q9Y2X0	MED16
Q9Y2X3	NOP58
Q9Y2X7	GIT1
Q9Y2X9	ZNF281
Q9Y2Y8	PRG3
Q9Y2Z0	SUGT1
Q9Y2Z2	MTO1
Q9Y2Z4	YARS2
Q9Y2Z9	COQ6
Q9Y303	AMDHD2
Q9Y305	ACOT9
Q9Y312	AAR2
Q9Y314	NOSIP
Q9Y315	DERA
Q9Y316	MEMO1
Q9Y320	TMX2
Q9Y333	LSM2
Q9Y336	SIGLEC9
Q9Y366	IFT52
Q9Y375	NDUFAF1
Q9Y376	CAB39
Q9Y383	LUC7L2
Q9Y385	UBE2J1
Q9Y388	RBMX2
Q9Y394	DHRS7
Q9Y399	MRPS2
Q9Y3A2	UTP11
Q9Y3A3	MOB4
Q9Y3A4	RRP7A
Q9Y3A6	TMED5
Q9Y3B2	EXOSC1
Q9Y3B3	TMED7
Q9Y3B4	SF3B6
Q9Y3B7	MRPL11
Q9Y3B8	REXO2
Q9Y3B9	RRP15
Q9Y3C1	NOP16
Q9Y3C4	TPRKB
Q9Y3C6	PPIL1
Q9Y3C7	MED31
Q9Y3C8	UFC1
Q9Y3D0	CIAO2B
Q9Y3D2	MSRB2
Q9Y3D3	MRPS16
Q9Y3D5	MRPS18C
Q9Y3D6	FIS1
Q9Y3D8	AK6
Q9Y3D9	MRPS23
Q9Y3E2	BOLA1
Q9Y3E7	CHMP3
Q9Y3F4	STRAP
Q9Y3I0	RTCB
Q9Y3I1	FBXO7
Q9Y3L3	SH3BP1
Q9Y3L5	RAP2C
Q9Y3P9	RABGAP1
Q9Y3Q3	TMED3
Q9Y3Q8	TSC22D4
Q9Y3R5	DOP1B
Q9Y3S2	ZNF330
Q9Y3T9	NOC2L
Q9Y3U8	RPL36
Q9Y3X0	CCDC9
Q9Y3Y2	CHTOP
Q9Y3Z3	SAMHD1
Q9Y450	HBS1L
Q9Y463	DYRK1B
Q9Y478	PRKAB1
Q9Y483	MTF2
Q9Y487	ATP6V0A2
Q9Y490	TLN1
Q9Y4A0	JRKL
Q9Y4A5	TRRAP
Q9Y4B4	RAD54L2
Q9Y4B6	DCAF1
Q9Y4C2	TCAF1
Q9Y4C8	RBM19
Q9Y4D2	DAGLA
Q9Y4D7	PLXND1
Q9Y4E5	ZNF451
Q9Y4E6	WDR7
Q9Y4E8	USP15
Q9Y4F3	MARF1
Q9Y4G2	PLEKHM1
Q9Y4G6	TLN2
Q9Y4G8	RAPGEF2
Q9Y4H2	IRS2
Q9Y4K3	TRAF6
Q9Y4K4	MAP4K5
Q9Y4L1	HYOU1
Q9Y4P1	ATG4B
Q9Y4P8	WIPI2
Q9Y4R8	TELO2
Q9Y4W2	LAS1L
Q9Y4W6	AFG3L2
Q9Y4X4	KLF12
Q9Y4X5	ARIH1
Q9Y4Y9	LSM5
Q9Y4Z0	LSM4
Q9Y508	RNF114
Q9Y512	SAMM50
Q9Y530	OARD1
Q9Y535	POLR3H
Q9Y547	IFT25
Q9Y548	YIPF1
Q9Y570	PPME1
Q9Y572	RIPK3
Q9Y584	TIMM22
Q9Y587	AP4S1
Q9Y5A9	YTHDF2
Q9Y5B0	CTDP1
Q9Y5B6	PAXBP1
Q9Y5B8	NME7
Q9Y5B9	SUPT16H
Q9Y5G4	PCDHGA9
Q9Y5J1	UTP18
Q9Y5J6	TIMM10B
Q9Y5J7	TIMM9
Q9Y5J9	TIMM8B
Q9Y5K5	UCHL5
Q9Y5K6	CD2AP
Q9Y5K8	ATP6V1D
Q9Y5L0	TNPO3
Q9Y5L4	TIMM13
Q9Y5M8	SRPRB
Q9Y5P4	CERT1
Q9Y5P6	GMPPB
Q9Y5Q8	GTF3C5
Q9Y5Q9	GTF3C3
Q9Y5R4	HEMK1
Q9Y5R8	TRAPPC1
Q9Y5S1	TRPV2
Q9Y5S2	CDC42BPB
Q9Y5S9	RBM8A
Q9Y5T5	USP16
Q9Y5U2	TSSC4
Q9Y5U8	MPC1
Q9Y5V0	ZNF706
Q9Y5W7	SNX14
Q9Y5W8	SNX13
Q9Y5W9	SNX11
Q9Y5X1	SNX9
Q9Y5X2	SNX8
Q9Y5X3	SNX5
Q9Y5Y2	NUBP2
Q9Y5Y5	PEX16
Q9Y5Y6	ST14
Q9Y5Z4	HEBP2
Q9Y5Z7	HCFC2
Q9Y5Z9	UBIAD1
Q9Y605	MRFAP1
Q9Y606	PUS1
Q9Y608	LRRFIP2
Q9Y613	FHOD1
Q9Y616	IRAK3
Q9Y618	NCOR2
Q9Y619	SLC25A15
Q9Y624	F11R
Q9Y639	NPTN
Q9Y646	CPQ
Q9Y653	ADGRG1
Q9Y657	SPIN1
Q9Y664	KPTN
Q9Y673	ALG5
Q9Y676	MRPS18B
Q9Y678	COPG1
Q9Y679	AUP1
Q9Y680	FKBP7
Q9Y692	GMEB1
Q9Y696	CLIC4
Q9Y697	NFS1
Q9Y6A4	CFAP20
Q9Y6A5	TACC3
Q9Y6A9	SPCS1
Q9Y6B6	SAR1B
Q9Y6B7	AP4B1
Q9Y6C2	EMILIN1
Q9Y6C9	MTCH2
Q9Y6D5	ARFGEF2
Q9Y6D6	ARFGEF1
Q9Y6D9	MAD1L1
Q9Y6G5	COMMD10
Q9Y6G9	DYNC1LI1
Q9Y6H1	CHCHD2
Q9Y6H3	ATP23
Q9Y6I3	EPN1
Q9Y6I4	USP3
Q9Y6I8	PXMP4
Q9Y6I9	TEX264
Q9Y6J0	CABIN1
Q9Y6J9	TAF6L
Q9Y6K0	CEPT1
Q9Y6K1	DNMT3A
Q9Y6K5	OAS3
Q9Y6K9	IKBKG
Q9Y6M0	PRSS21
Q9Y6M5	SLC30A1
Q9Y6M9	NDUFB9
Q9Y6N1	COX11
Q9Y6N5	SQOR
Q9Y6P5	SESN1
Q9Y6Q5	AP1M2
Q9Y6Q9	NCOA3
Q9Y6R9	CCDC61
Q9Y6V0	PCLO
Q9Y6V7	DDX49
Q9Y6W3	CAPN7
Q9Y6W5	WASF2
Q9Y6X3	MAU2
Q9Y6X4	FAM169A
Q9Y6X5	ENPP4
Q9Y6X8	ZHX2
Q9Y6X9	MORC2
Q9Y6Y0	IVNS1ABP
Q9Y6Y8	SEC23IP
Q9Y6Y9	LY96
R4GMX3	COMMD3-BMI1
R4GN18	CD46
R4GNG3	GIT2
R4GNH3	PSMC3
S4R341	NOLC1
S4R3H4	ACIN1
U3KPR7	CAPNS1
U3KPS2	PRTN3
U3KQ93	UBA2
V9GY16	TTLL12
V9GY62	FLI1
V9GYF0	ARHGEF2
V9GYM8	ARHGEF2
V9GYT7	PSIP1
X5CMH5	TAP2
X6R3N0	SLC27A3
X6RHX1	SCYL3
A0A0B4J1U7	IGHV6-1
A0A0C4DH25	IGKV3D-20
A6NEK1	ARRDC5
A8K2U0	A2ML1
B7Z6T1	PDE4C
E0CX11	STMP1
E7ER45	MGAM
E7EUI6	ITGB1
H3BUJ5	PML
O75556	SCGB2A1
O75752	B3GALNT1
P01780	IGHV3-7
P04229	HLA-DRB1
P04440	HLA-DPB1
P04745	AMY1A
P04745	AMY1B
P04745	AMY1C
P06331	IGHV4-34
P10319	HLA-B
P12035	KRT3
P12273	PIP
P13760	HLA-DRB1
P16189	HLA-A
P25311	AZGP1
P31151	S100A7
P35237	SERPINB6
P36222	CHI3L1
P40199	CEACAM6
P48594	SERPINB4
P49862	KLK7
Q14525	KRT33B
Q15323	KRT31
Q4U2R6	MRPL51
Q5XKE5	KRT79
Q6E0U4	DMKN
Q6NUJ1	PSAPL1
Q6ZVX7	NCCRP1
Q6ZW05	PTCHD4
Q7Z794	KRT77
Q86SG5	S100A7A
Q8NCU8	MTLN
Q8ND94	LRRN4CL
Q8NGF7	OR5B17
Q8NHM4	PRSS3P2
Q8WVV4	POF1B
Q96FX8	PERP
Q9H1E1	RNASE7
Q9H3N8	HRH4
Q9NP55	BPIFA1
Q9NZH8	IL36G
Q9P209	CEP72
Q9Y337	KLK5
A0A075B6I1	IGLV4-60
A0A075B7B8	IGHV3OR16-12
A0A087WWZ6	PRDM11
A0A087WYU8	RUSC1
A0A0B4J1V8	PPAN-P2RY11
A0A0C4DG02	DNMT3A
A0A0U1RRL7	MMP24OS
A0A1B0GV12	GOLGA8N
A0A1W2PNZ7	HLA-C
A0A1W2PP28	GOSR2
A0PK00	TMEM120B
A2RU30	TESPA1
A2RU67	FAM234B
A5PLL7	PEDS1
A6NFY4	NEMP2
A6NHL2	TUBAL3
A6NHM7	ARHGAP22
A6NHQ2	FBLL1
A7MCY6	TBKBP1
A8MTT3	CEBPZOS
B7Z9C2	NAP1L1
B8ZZU6	ATF2
C9JA93	TBC1D15
C9JJV6	MYADM
D6RAY2	MATR3
E5RIW6	SLC25A30
E5RJL3	ASPH
E9PKW2	ANO3
E9PM09	CCT3
E9PQX9	DRAP1
F2Z2I8	STOML2
F2Z333	FNDC10
F5GX35	GTF2H3
F5GY40	NDUFA9
F5GY77	NUP107
F5H760	MGST1
F8WCA4	KLC4
G3V451	SDR39U1
G3V4X0	SHMT2
H0Y7N6	ABLIM1
H0YBN6	CSNK1G3
H0YKH0	TLE3
H0YLF3	B2M
H3BR87	ZNF598
H3BRD1	UBE2I
H3BRJ5	TRIM59-IFT80
H3BSY2	GOLGA8M
H9KVD5	FYTTD1
I3L0Y0	INPP5K
I3L328	CDC27
I3L3Q4	GLOD4
J3KRM2	POLG2
K7EJ28	TNFSF13
K7ELI9	SDF2
K7EP86	RHOT1
M0R2K9	FKBP8
O00463	TRAF5
O00592	PODXL
O00762	UBE2C
O14757	CHEK1
O14786	NRP1
O15021	MAST4
O15056	SYNJ2
O15061	SYNM
O15370	SOX12
O15455	TLR3
O43463	SUV39H1
O43482	OIP5
O43505	B4GAT1
O60353	FZD6
O60733	PLA2G6
O75071	EFCAB14
O75326	SEMA7A
O75387	SLC43A1
O75486	SUPT3H
O75564	JRK
O75820	ZNF189
O76062	TM7SF2
O94900	TOX
O94916	NFAT5
O95072	REC8
O95239	KIF4A
O95503	CBX6
O95810	CAVIN2
O95900	TRUB2
O95969	SCGB1D2
O95980	RECK
P02760	AMBP
P03891	MT-ND2
P03973	SLPI
P04035	HMGCR
P04053	DNTT
P04183	TK1
P04234	CD3D
P04818	TYMS
P04921	GYPC
P05787	KRT8
P06127	CD5
P0CJ79	ZNF888
P0DP91	ERCC6
P10415	BCL2
P10646	TFPI
P12109	COL6A1
P12277	CKB
P12544	GZMA
P12821	ACE
P13688	CEACAM1
P14210	HGF
P14222	PRF1
P14678	SNRPB
P15391	CD19
P15814	IGLL1
P15976	GATA1
P17014	ZNF12
P17020	ZNF16
P17036	ZNF3
P17041	ZNF32
P17342	NPR3
P18850	ATF6
P19021	PAM
P19022	CDH2
P19438	TNFRSF1A
P19827	ITIH1
P20248	CCNA2
P20273	CD22
P20336	RAB3A
P20718	GZMH
P20963	CD247
P21589	NT5E
P21731	TBXA2R
P21854	CD72
P23511	NFYA
P23769	GATA2
P24844	MYL9
P25791	LMO2
P27482	CALML3
P28749	RBL1
P29074	PTPN4
P30291	WEE1
P30460	HLA-B
P31260	HOXA10
P31321	PRKAR1B
P33552	CKS2
P33981	TTK
P35790	CHKA
P36955	SERPINF1
P37275	ZEB1
P38398	BRCA1
P38435	GGCX
P40424	PBX1
P43489	TNFRSF4
P49454	CENPF
P51124	GZMM
P51687	SUOX
P52732	KIF11
P52741	ZNF134
P53539	FOSB
P54132	BLM
P55058	PLTP
P55197	MLLT10
P57057	SLC37A1
P57775	FBXW4
P61073	CXCR4
P62861	FAU
P78364	PHC1
P78383	SLC35B1
P79522	PRR3
P98160	HSPG2
P98172	EFNB1
Q02548	PAX5
Q03112	MECOM
Q05469	LIPE
Q07108	CD69
Q08477	CYP4F3
Q12772	SREBF2
Q12841	FSTL1
Q12891	HYAL2
Q13015	MLLT11
Q13201	MMRN1
Q13342	SP140
Q13469	NFATC2
Q13478	IL18R1
Q13588	GRAP
Q13641	TPBG
Q14188	TFDP2
Q14191	WRN
Q14207	NPAT
Q14765	STAT4
Q14781	CBX2
Q14807	KIF22
Q15043	SLC39A14
Q15049	MLC1
Q15051	IQCB1
Q15058	KIF14
Q15147	PLCB4
Q15389	ANGPT1
Q15560	TCEA2
Q15572	TAF1C
Q15573	TAF1A
Q15695	ZRSR2P1
Q15776	ZKSCAN8
Q15928	ZNF141
Q16342	PDCD2
Q16527	CSRP2
Q16643	DBN1
Q16763	UBE2S
Q16842	ST3GAL2
Q1ED39	KNOP1
Q2TAM9	TUSC1
Q3KQV3	ZNF792
Q3YBR2	TBRG1
Q4AC94	C2CD3
Q4VC05	BCL7A
Q4VCS5	AMOT
Q53EQ6	TIGD5
Q53EZ4	CEP55
Q53FZ2	ACSM3
Q53HL2	CDCA8
Q53TQ3	INO80D
Q567V2	MPV17L2
Q5H9E4	SLC25A53
Q5JQS6	GCSAML
Q5JR01	EEF1A1
Q5SVZ6	ZMYM1
Q5T2D2	TREML2
Q5T4B2	CERCAM
Q5TBC7	BCL2L15
Q63HQ0	AP1AR
Q63ZY3	KANK2
Q69YI7	NAIF1
Q6AZW8	ZNF660
Q6IE81	JADE1
Q6IQ21	ZNF770
Q6NS38	ALKBH2
Q6P179	ERAP2
Q6PIF6	MYO7B
Q6PJG9	LRFN4
Q6PK18	OGFOD3
Q6SJ93	FAM111B
Q6UWH6	TEX261
Q6ZMS4	ZNF852
Q6ZN28	MACC1
Q6ZRY4	RBPMS2
Q6ZW13	C16orf86
Q71RC2	LARP4
Q7L4P6	BEND5
Q7L4S7	ARMCX6
Q7Z309	PABIR2
Q7Z3D4	LYSMD3
Q7Z3K6	MIER3
Q7Z7B1	PIGW
Q86UQ0	ZNF589
Q86V93	ZNF75A
Q86VQ1	GLCCI1
Q86W33	TPRA1
Q86W34	AMZ2
Q86WZ6	ZNF227
Q86XZ4	SPATS2
Q86Y97	KMT5C
Q86YB7	ECHDC2
Q8IV32	CCDC71
Q8IVH2	FOXP4
Q8IVW8	SPNS2
Q8IX90	SKA3
Q8IXK2	GALNT12
Q8IXU6	SLC35F2
Q8IY63	AMOTL1
Q8IYL2	TRMT44
Q8IZR5	CMTM4
Q8N0Z3	SPICE1
Q8N2H3	PYROXD2
Q8N4X5	AFAP1L2
Q8N531	FBXL6
Q8N565	MREG
Q8N5I9	NOPCHAP1
Q8N5Z0	AADAT
Q8N988	ZNF557
Q8N9I9	DTX3
Q8N9L9	ACOT4
Q8N9U0	TC2N
Q8NBI2	CYB561A3
Q8NBZ0	INO80E
Q8NCY6	MSANTD4
Q8NET6	CHST13
Q8NG06	TRIM58
Q8TAA9	VANGL1
Q8TBB5	KLHDC4
Q8TCT0	CERK
Q8TCT6	SPPL3
Q8TEA1	NSUN6
Q8TF20	ZNF721
Q8WTR2	DUSP19
Q8WUF5	PPP1R13L
Q8WV28	BLNK
Q8WWK9	CKAP2
Q8WY91	THAP4
Q92613	JADE3
Q92791	P3H4
Q92833	JARID2
Q93075	TATDN2
Q969S2	NEIL2
Q96A19	CCDC102A
Q96AH0	NABP1
Q96BF3	TMIGD2
Q96BU1	S100PBP
Q96CG8	CTHRC1
Q96CP7	TLCD1
Q96CX3	ZNF501
Q96D15	RCN3
Q96DE5	ANAPC16
Q96DU3	SLAMF6
Q96E16	SMIM19
Q96FC9	DDX11
Q96FL9	GALNT14
Q96GD3	SCMH1
Q96GD4	AURKB
Q96GN5	CDCA7L
Q96H12	MSANTD3
Q96H40	ZNF486
Q96HA8	NTAQ1
Q96HR8	NAF1
Q96IZ0	PAWR
Q96K62	ZBTB45
Q96LW9	ZSCAN31
Q96M94	KLHL15
Q96MX3	ZNF48
Q96NT1	NAP1L5
Q96PE1	ADGRA2
Q96PE2	ARHGEF17
Q96Q89	KIF20B
Q96QE3	ATAD5
Q96RV3	PCNX1
Q96SL8	FIZ1
Q96SN7	ORAI2
Q99424	ACOX2
Q99661	KIF2C
Q99674	CGREF1
Q99676	ZNF184
Q99684	GFI1
Q99728	BARD1
Q9BPU9	B9D2
Q9BPY8	HOPX
Q9BSE5	AGMAT
Q9BSK2	SLC25A33
Q9BSM1	PCGF1
Q9BUA3	SPINDOC
Q9BV35	SLC25A23
Q9BWG4	SSBP4
Q9BWN1	PRR14
Q9BWT1	CDCA7
Q9BX67	JAM3
Q9BXC1	GPR174
Q9BXH1	BBC3
Q9BXL5	HEMGN
Q9BXL7	CARD11
Q9BYB0	SHANK3
Q9C073	FAM117A
Q9C0D5	TANC1
Q9GZR1	SENP6
Q9GZZ8	LACRT
Q9H1U9	SLC25A51
Q9H5U6	ZCCHC4
Q9H9Y4	GPN2
Q9HAW4	CLSPN
Q9HBG6	IFT122
Q9HCN3	PGAP6
Q9HCY8	S100A14
Q9NP50	SINHCAF
Q9NPF0	CD320
Q9NPF2	CHST11
Q9NQ40	SLC52A3
Q9NQS7	INCENP
Q9NQX4	MYO5C
Q9NQX7	ITM2C
Q9NQZ6	ZC4H2
Q9NRC8	SIRT7
Q9NS91	RAD18
Q9NTN3	SLC35D1
Q9NTW7	ZFP64
Q9NV64	TMEM39A
Q9NVX0	HAUS2
Q9NWM8	FKBP14
Q9NWW7	C2orf42
Q9NYG5	ANAPC11
Q9NZN4	EHD2
Q9P0B6	CCDC167
Q9P1Z0	ZBTB4
Q9P291	ARMCX1
Q9P2J9	PDP2
Q9P2L0	WDR35
Q9P2P1	NYNRIN
Q9P2Y4	ZNF219
Q9UBG0	MRC2
Q9UBH6	XPR1
Q9UBQ6	EXTL2
Q9UC06	ZNF70
Q9UG01	IFT172
Q9UHF1	EGFL7
Q9UID6	ZNF639
Q9UJ14	GGT7
Q9UJA2	CRLS1
Q9UJC3	HOOK1
Q9ULW0	TPX2
Q9ULW5	RAB26
Q9UNS1	TIMELESS
Q9UP38	FZD1
Q9Y247	FAM50B
Q9Y252	RNF6
Q9Y271	CYSLTR1
Q9Y283	INVS
Q9Y2B2	PIGL
Q9Y2Y0	ARL2BP
Q9Y2Y1	POLR3K
Q9Y3A0	COQ4
Q9Y3T6	R3HCC1
Q9Y473	ZNF175
Q9Y4D1	DAAM1
Q9Y5V3	MAGED1
Q9Y5Y4	PTGDR2
Q9Y6G1	TMEM14A
Q9Y6K8	AK5
V9GYT5	RUNX1
B2RXH4	BTBD18
C9JUF0	EIF4A2
E9PNV3	RDX
H0YNJ9	DUT
H3BU82	AAAS
H7C1V0	CTSD
J3QLR6	FLII
O00469	PLOD2
O00628	PEX7
O75342	ALOX12B
O95081	AGFG2
P01833	PIGR
P02452	COL1A1
P02461	COL3A1
P08243	ASNS
P28330	ACADL
P56279	TCL1A
P61077	UBE2D3
P61764	STXBP1
P68133	ACTA1
Q14315	FLNC
Q15828	CST6
Q5T624	NASP
Q7Z5P4	HSD17B13
Q8IZJ3	CPAMD8
Q8NEX9	SDR9C7
Q8WTP8	AEN
Q8WVV9	HNRNPLL
Q96FQ6	S100A16
Q9UBI6	GNG12
Q9UKU9	ANGPTL2
Q9UMW8	USP18
Q9UPY8	MAPRE3
Q9Y617	PSAT1
Q9Y620	RAD54B
A0A075B6I0	IGLV8-61
A0A087WWM0	TRAPPC3
A0A087X091	WDR13
A0A087X243	GSTP1
A0A096LNL9	ATRX
A0A0C4DFR1	TMCC2
A0A0G2JLV0	TAP2
A0A0U5Q247	HLA-DQB1
A0AVK6	E2F8
A1KXE4	FAM168B
A8MTL9	HMSD
A9IYQ1	PDS5B
B0QZ55	YY1AP1
B0QZK9	HP1BP3
B1AJZ9	FHAD1
B2RTY4	MYO9A
B5MBX5	LBH
B7ZBB8	PPP1R3G
C9J1E1	BLVRA
C9JHR8	CD163
C9JZE5	KLC4
E9PCB6	NLN
E9PLT2	UBTF
E9PQ14	DPP3
E9PR42	PRCP
F5H068	NUMA1
F5H3G7	OLR1
F5H5A1	ACSF3
F5H6I6	CAND1
F5H7I4	GABPB1
F5H8C8	QKI
F8VS81	TWF1
G3V4C0	CLMN
H0Y306	SUV39H2
H0Y9N3	PHYKPL
H0YG25	ETV6
H0YJ03	PSMA3
H3BN34	PKM
H7C5W0	DNAJB5
H9ZYI9	GABPB1
I3L3D5	PFN1
J3KR24	IARS1
J3QKV4	SF3B3
J3QS69	EIF4A1
J3QT73	COPS7B
K7EIK4	THOP1
K7EK53	EIF3K
K7EM96	VMP1
K7EP07	TBCB
K7ERM3	CARM1
K7ES63	TUBB6
M0QX69	UBE2M
M0QZ21	AP2S1
M0R0Q5	ZNF414
O00458	IFRD1
O00512	BCL9
O14578	CIT
O14595	CTDSP2
O14638	ENPP3
O14798	TNFRSF10C
O15066	KIF3B
O15287	FANCG
O15360	FANCA
O15389	SIGLEC5
O43374	RASA4
O43663	PRC1
O60381	HBP1
O60566	BUB1B
O75155	CAND2
O95067	CCNB2
O95229	ZWINT
O95235	KIF20A
O95817	BAG3
O96017	CHEK2
P00915	CA1
P02008	HBZ
P02549	SPTA1
P02750	LRG1
P07738	BPGM
P08138	NGFR
P08473	MME
P0DJI8	SAA1
P10720	PF4V1
P13533	MYH6
P14207	FOLR2
P14635	CCNB1
P16157	ANK1
P19086	GNAZ
P19174	PLCG1
P20962	PTMS
P22748	CA4
P23276	KEL
P30461	HLA-B
P30711	GSTT1
P31947	SFN
P35219	CA8
P40261	NNMT
P51813	BMX
P53350	PLK1
P56282	POLE2
P59666	DEFA3
P63146	UBE2B
Q02410	APBA1
Q05901	CHRNB3
Q0ZGT2	NEXN
Q13099	IFT88
Q13231	CHIT1
Q14088	RAB33A
Q14CW9	ATXN7L3
Q15011	HERPUD1
Q15582	TGFBI
Q30154	HLA-DRB5
Q3B7T1	EDRF1
Q562F6	SGO2
Q56NI9	ESCO2
Q5STZ8	ABCF1
Q5T073	LIPA
Q5XLA6	CARD17P
Q5Y7H0	HLA-DQA1
Q6IPT2	GARIN5A
Q6NUN9	ZNF746
Q6P6B7	ANKRD16
Q6ZQN7	SLCO4C1
Q7RTP6	MICAL3
Q86UX6	STK32C
Q86V97	KBTBD6
Q86Y91	KIF18B
Q8IW41	MAPKAPK5
Q8IYA6	CKAP2L
Q8N300	SVBP
Q8NCD3	HJURP
Q8NEM2	SHCBP1
Q8NG31	KNL1
Q8TA86	RP9
Q8WU10	PYROXD1
Q8WW36	ZCCHC13
Q92626	PXDN
Q969K4	ABTB1
Q96A00	PPP1R14A
Q96AY2	EME1
Q96BD8	SKA1
Q96BY9	SARAF
Q96C24	SYTL4
Q96GX5	MASTL
Q96JN0	LCOR
Q96R06	SPAG5
Q96T54	KCNK17
Q99650	OSMR
Q99967	CITED2
Q9BXS6	NUSAP1
Q9H0B6	KLC2
Q9H0H5	RACGAP1
Q9H788	SH2D4A
Q9HBM1	SPC25
Q9NQW6	ANLN
Q9NSG2	FIRRM
Q9NXW9	ALKBH4
Q9NYP9	MIS18A
Q9NZD4	AHSP
Q9NZN5	ARHGEF12
Q9P225	DNAH2
Q9P2G3	KLHL14
Q9P2W1	PSMC3IP
Q9UBG3	CRNN
Q9UBJ2	ABCD2
Q9ULE4	FAM184B
Q9Y2D5	PALM2AKAP2
Q9Y2I6	NINL
U3KQE2	CAPNS1
W4VSQ9	TRIP10
A0A0A0MR08	USP19
A0A0A0MS15	IGHV3-49
A6ND36	FAM83G
A6NHX0	CASTOR2
B3KYB6	PITPNB
C9JB56	ARHGAP25
D6R973	CDV3
E5RG31	MCM4
E5RK61	CYRIB
E7EMC5	AFF1
E9PLR4	HBS1L
F5GYV5	ARL6IP4
F8WF39	CASP8
H0Y459	NCOR1
H0YDU3	TOR1AIP1
H3BSK8	RBBP6
I3L2X8	PITPNA
I3L352	DDX19A
I3L4E1	CALCOCO2
J3QK89	CHERP
J3QR46	KIAA0040
M0R0K7	FCGRT
M0R213	NAPA
O00625	PIR
O14796	SH2D1B
O15027	SEC16A
O15062	ZBTB5
O15068	MCF2L
O43900	PRICKLE3
O60516	EIF4EBP3
O60673	REV3L
P08519	LPA
P09455	RBP1
P10275	AR
P15812	CD1E
P16190	HLA-A
P17544	ATF7
P31995	FCGR2C
P50461	CSRP3
P50747	HLCS
P51817	PRKX
Q02386	ZNF45
Q03135	CAV1
Q07075	ENPEP
Q13322	GRB10
Q13772	NCOA4
Q14247	CTTN
Q15334	LLGL1
Q16739	UGCG
Q53HC0	CCDC92
Q5T3F8	TMEM63B
Q5TGY1	TMCO4
Q5XUX1	FBXW9
Q67FW5	B3GNTL1
Q6AZZ1	TRIM68
Q6K0P9	PYHIN1
Q6NVH7	SWSAP1
Q6P1M9	ARMCX5
Q6ZU65	UBN2
Q7Z4L5	TTC21B
Q8N3Z6	ZCCHC7
Q8N720	ZNF655
Q8NCP5	ZBTB44
Q8WTS1	ABHD5
Q8WVP5	TNFAIP8L1
Q8WYA0	IFT81
Q92543	SNX19
Q93015	NAA80
Q969K3	RNF34
Q969Q6	PPP2R3C
Q96AC1	FERMT2
Q96FX2	DPH3
Q9BUT9	MCRIP2
Q9BVG3	TRIM62
Q9H0U9	TSPYL1
Q9H1C7	CYSTM1
Q9H1J1	UPF3A
Q9H4B7	TUBB1
Q9H6X4	TMEM134
Q9H840	GEMIN7
Q9H867	VCPKMT
Q9H972	C14orf93
Q9HC44	GPBP1L1
Q9NPI7	KRCC1
Q9NQX6	ZNF331
Q9NSB2	KRT84
Q9NUV9	GIMAP4
Q9NVM1	EVA1B
Q9P0V3	SH3BP4
Q9P126	CLEC1B
Q9P243	ZFAT
Q9UBK5	HCST
Q9UL41	PNMA3
Q9Y5N5	HEMK2
Q9Y5T4	DNAJC15
R4GN89	C16orf74
U3KQA2	PBX3
V9GZ50	AKAP8L
A0A087X090	FDPS
A0A0C4DFX0	NOL6
A0A140T9Y1	PPT2
B5MCB4	MECP2
B5MCN0	ATL2
B5MDS3	ZNF618
C9IY68	CMSS1
C9J5N7	ARMC10
C9JFU6	UXS1
C9JN71	ZNF878
E9PJV0	ALDH3B2
E9PRI3	WEE1
F5GZQ4	LDHA
G3V4Y8	ATL1
H0YNP8	TCF12
H0YNZ0	GABPB1
J3KR62	ZNF525
K7EJ63	TRIM47
K7EKP8	ACOT7
M0R1F7	PLD3
O14775	GNB5
O43736	ITM2A
O76024	WFS1
O94782	USP1
O95455	TGDS
P07949	RET
P08913	ADRA2A
P11047	LAMC1
P12110	COL6A2
P15622	ZNF250
P16444	DPEP1
P17542	TAL1
P32929	CTH
P41219	PRPH
P46439	GSTM5
P78310	CXADR
Q15124	PGM5
Q15417	CNN3
Q58EX7	PLEKHG4
Q5H9L2	TCEAL5
Q5VUD6	DIPK1B
Q6UXN8	CLEC9A
Q6ZNL6	FGD5
Q7RTP0	NIPA1
Q7Z304	MAMDC2
Q86WR7	PROSER2
Q8IVL6	P3H3
Q8IZ40	RCOR2
Q8N6N7	ACBD7
Q8NHW5	RPLP0P6
Q8TBR7	TLCD3A
Q8TF39	ZNF483
Q8WXE0	CASKIN2
Q969S0	SLC35B4
Q96AY3	FKBP10
Q96CV9	OPTN
Q96K83	ZNF521
Q96KN1	LRATD2
Q9BWV3	CDADC1
Q9BXJ3	C1QTNF4
Q9H2T7	RANBP17
Q9H6R7	WDCP
Q9HAC7	SUGCT
Q9NPD8	UBE2T
Q9NRR1	CYTL1
Q9NZ53	PODXL2
Q9UDR5	AASS
Q9Y225	RNF24
Q9Y240	CLEC11A
Q9Y284	WDR83OS
Q9Y3P8	SIT1
V9GY67	RHOF
A0A1B0GWI8	ARID1B
E5RJU1	H2AZ2
P01036	CST4
P02100	HBE1
P02458	COL2A1
P30491	HLA-B
P36952	SERPINB5
P56730	PRSS12
P60369	KRTAP10-3
Q06828	FMOD
Q08495	DMTN
Q13228	SELENBP1
Q13885	TUBB2A
Q6B0K9	HBM
Q96MV1	TLCD4
Q9BY08	EBPL
A0A087WX58	HDGFL2
A0A087WXX8	SDHB
A0A087X1S3	HUWE1
A0A0A0MSH9	CHD1L
A0A0D9SEY7	FHL1
A0A0D9SGF6	SPTAN1
A0A0U1RR07	SYTL2
A4D161	FAM221A
B9A035	NT5C3A
H7C096	BNIP2
H9KV32	CD200R1
K7ESK7	UBA2
O00468	AGRN
O75061	DNAJC6
O75764	TCEA3
O95153	TSPOAP1
O95833	CLIC3
P05976	MYL1
P06756	ITGAV
P14784	IL2RB
P15088	CPA3
P19012	KRT15
P52943	CRIP2
Q02952	AKAP12
Q05516	ZBTB16
Q06945	SOX4
Q14766	LTBP1
Q15678	PTPN14
Q15973	ZNF124
Q16533	SNAPC1
Q3ZCT1	ZNF260
Q5JVG8	ZNF506
Q5T8U3	RPL7A
Q6PK32	ANK1
Q6UWU2	GLB1L
Q6ZTU2	EP400P1
Q6ZWK4	RHEX
Q7L513	FCRLA
Q7Z624	CAMKMT
Q8IX07	ZFPM1
Q8N8Y2	ATP6V0D2
Q8NES3	LFNG
Q8WXI8	CLEC4D
Q99592	ZBTB18
Q9BR77	CCDC77
Q9BX63	BRIP1
Q9C0C4	SEMA4C
Q9H5V7	IKZF5
Q9NP59	SLC40A1
Q9NZI8	IGF2BP1
Q9UHI5	SLC7A8
Q9UKE5	TNIK
Q9ULD9	ZNF608
Q9ULX9	MAFF
Q9UP52	TFR2
Q9Y3P4	RHBDD3
Q9Y426	C2CD2
Q9Y4I5	TESMIN
A0A0G2JNP3	LILRB5
A0A1B0GTL5	RAB11FIP5
J3QSF7	MPO
K7EMR1	GRN
O95968	SCGB1D1
P05186	ALPL
P06396	GSN
P08910	ABHD2
P12838	DEFA4
P15090	FABP4
P18428	LBP
P19320	VCAM1
P21397	MAOA
P24394	IL4R
P27930	IL1R2
P30504	HLA-C
Q05682	CALD1
Q06609	RAD51
Q14956	GPNMB
Q16348	SLC15A2
Q16853	AOC3
Q5T5P2	KIAA1217
Q6UXB4	CLEC4G
Q7L590	MCM10
Q8TBN0	RAB3IL1
Q8TF71	SLC16A10
Q8WWQ8	STAB2
Q96AP7	ESAM
Q96E17	RAB3C
Q96Q80	DERL3
Q99541	PLIN2
Q99712	KCNJ15
Q9BSK0	MARVELD1
Q9P2C4	TMEM181
Q9UGM3	DMBT1
Q9UQ84	EXO1
Q9Y5Y7	LYVE1
V9GYG9	APOA2
H0Y990	ABCE1
O60462	NRP2
O60911	CTSV
P0DP57	SLURP2
P16870	CPE
P55000	SLURP1
Q5KU26	COLEC12
Q86Y46	KRT73
Q8TDL5	BPIFB1
Q96B01	RAD51AP1
Q96RM1	SPRR2F
Q9H190	SDCBP2
A0A087WX73	AKAP13
A0A0M3HER2	CENPV
A0A140T9L8	MPIG6B
A0A1B0GTV0	MECP2
A0A5B6	TRBV28
A1L020	MEX3A
A1L188	NDUFAF8
A2RRD8	ZNF320
C9J5H8	NCDN
D4Q8H0	pk
D6R9J2	N4BP2
E9PS34	NAP1L4
F8VZ69	PA2G4
F8WF22	THOC7
G3V5Q0	KTN1
G5E9R9	RO60
H0Y9R4	RPL9
H0YGR0	ITFG2
H3BQM0	PAPD5
H3BQT1	GLG1
K7ELB1	DNMT1
O00311	CDC7
O15488	GYG2
O15522	NKX2-8
O43255	SIAH2
O43739	CYTH3
O60243	HS6ST1
O60880	SH2D1A
O75095	MEGF6
P00325	ADH1B
P02795	MT2A
P22001	KCNA3
P25116	F2R
P26006	ITGA3
P30279	CCND2
P31269	HOXA9
P48552	NRIP1
P49675	STAR
P51843	NR0B1
P52746	ZNF142
P52926	HMGA2
P54707	ATP12A
P80294	MT1H
P98155	VLDLR
Q03989	ARID5A
Q10571	MN1
Q14590	ZNF235
Q14678	KANK1
Q14680	MELK
Q14894	CRYM
Q15111	PLCL1
Q2QGD7	ZXDC
Q3KNV8	PCGF3
Q3SXZ3	ZNF718
Q3SY52	ZIK1
Q3SY77	UGT3A2
Q5T0W9	FAM83B
Q5U623	ATF7IP2
Q5VYV7	SLX4IP
Q659C4	LARP1B
Q6P582	MZT2A
Q6P9F7	LRRC8B
Q6PG37	ZNF790
Q7Z6J0	SH3RF1
Q86WT1	IFT70A
Q8IUX7	AEBP1
Q8IV56	PRR15
Q8IVF7	FMNL3
Q8IX21	SLF2
Q8N3Y1	FBXW8
Q8N8Z6	DCBLD1
Q8NC54	KCT2
Q8NG68	TTL
Q8TDN4	CABLES1
Q8TF50	ZNF526
Q8WWM9	CYGB
Q969L4	LSM10
Q96FE7	PIK3IP1
Q96HE9	PRR11
Q96HI0	SENP5
Q99666	RGPD5
Q99666	RGPD6
Q9BQ24	ZFYVE21
Q9BUN5	CCDC28B
Q9BXR6	CFHR5
Q9BY11	PACSIN1
Q9GZT4	SRR
Q9H211	CDT1
Q9H7X3	ZNF696
Q9H816	DCLRE1B
Q9HA90	EFCC1
Q9HB96	FANCE
Q9HC78	ZBTB20
Q9NPA5	ZFP64
Q9NYF5	FAM13B
Q9P2G4	MAP10
Q9UBZ9	REV1
Q9UEE5	STK17A
Q9UIW2	PLXNA1
Q9UKT9	IKZF3
C9IZG4	CUTA
C9JUX2	FAM133B
F8VRI5	ERBB3
F8W6A0	PPHLN1
F8W9S7	GAPVD1
H0Y4K8	FN1
K7EQ06	HDGFL2
O15020	SPTBN2
O75864	PPP1R37
P14672	SLC2A4
P17019	ZNF708
P22557	ALAS2
P35612	ADD2
P50281	MMP14
Q12948	FOXC1
Q7Z6V5	ADAT2
Q8TEZ7	PAQR8
Q8WW01	TSEN15
Q96PL5	ERMAP
Q96SQ5	ZNF587
Q99584	S100A13
Q9H8M7	MINDY3
Q9HBT8	ZNF286A
Q9NZQ7	CD274
Q9NZV1	CRIM1
Q9P2H3	IFT80
P43308	SSR2
P57735	RAB25
Q14CN4	KRT72
Q7Z3Y7	KRT28
Q96RJ3	TNFRSF13C
A6NLU0	RFPL4A
E5RK63	ANXA6
F8W1A0	PPP1CC
H7C4C3	AP2M1
I3L3U6	P4HB
O94889	KLHL18
P04275	VWF
P06727	APOA4
P06732	CKM
P18054	ALOX12
P24387	CRHBP
P27338	MAOB
P37173	TGFBR2
P40197	GP5
Q12955	ANK3
Q2Q1W2	TRIM71
Q6ZUK4	TMEM26
Q8WXH0	SYNE2
Q96PQ1	SIGLEC12
Q99959	PKP2
Q9H492	MAP1LC3A
Q9Y6M4	CSNK1G3
P19013	KRT4
P78386	KRT85
Q8IUQ4	SIAH1
B4E321	OS9
F8VY04	AK2
H3BPG5	RNPS1
I3L524	RPA1
O00763	ACACB
P30530	AXL
P58557	YBEY
P61647	ST8SIA6
Q06190	PPP2R3A
Q14865	ARID5B
Q5JVB9	CLYBL
Q8N5H3	FAM89B
Q96GU1	PAGE5
Q9H8V3	ECT2
Q9UKA8	RCAN3
Q9Y462	ZNF711
X6R8P6	INIP
Q3SXY8	ARL13B
Q7Z3Z0	KRT25
Q9NV72	ZNF701
Q9P2D1	CHD7
A0A087WVV1	PSMB2
A0A0C4DH34	IGHV4-28
A0A1B0GUS7	UNC13B
A0PJW8	DAPL1
A1Z1Q3	MACROD2
B0QY63	SUN2
B7Z2R7	ACBD5
E5RHJ3	CARD8
E9PCW1	GOSR1
E9PJS8	ECHDC1
G3V114	DOK2
H0Y5H6	UBAP2L
H0Y9L1	NEDD4
H0YJG4	CHD8
H7BZV4	ARL6IP4
J3KNF8	CYB5B
J3QT29	COPS9
O15195	VILL
O15440	ABCC5
O15457	MSH4
O60890	OPHN1
O94991	SLITRK5
O95154	AKR7A3
P04733	MT1F
P0DMW3	SMIM10L1
P10586	PTPRF
P13501	CCL5
P13640	MT1G
P78352	DLG4
P78415	IRX3
P80297	MT1X
Q01851	POU4F1
Q08AD1	CAMSAP2
Q12837	POU4F2
Q3ZCM7	TUBB8
Q75T13	PGAP1
Q8IVL0	NAV3
Q8IWY4	SCUBE1
Q8N5U6	RNF10
Q8NFL0	B3GNT7
Q8TB73	NDNF
Q8TBK2	SETD6
Q8WXC6	COPS9
Q969W8	ZNF566
Q96FI4	NEIL1
Q96LX8	ZNF597
Q9NQG1	MANBAL
Q9NZ42	PSENEN
Q9P266	JCAD
Q9UHJ3	SFMBT1
Q9UJ90	KCNE5
Q9UJQ1	LAMP5
Q9UKK6	NXT1
Q9Y6X1	SERP1
A6NLN1	PTBP1
A8MUX0	KRTAP16-1
C9JBE1	DNPEP
J3KNV4	ITGA7
O60658	PDE8A
P01889	HLA-B
P0DMU9	CT45A10
P30499	HLA-C
P32970	CD70
Q14532	KRT32
Q8N8V2	GBP7
Q9P299	COPZ2
Q9UL16	CFAP45
A0A0K0K1C4	TRBV27
C9JKV3	TFPI
H0Y9L4	NSD2
H7C1Q0	BBX
O14602	EIF1AY
O95263	PDE8B
P05154	SERPINA5
Q15935	ZNF77
Q6UVW9	CLEC2A
Q8IUI4	SNX29P2
Q8WUP2	FBLIM1
Q96F45	ZNF503
Q9C026	TRIM9
Q9C0F3	ZNF436
Q9HCJ6	VAT1L
Q9UBL0	ARPP21
Q9UL17	TBX21
P18084	ITGB5
P19801	AOC1
P23510	TNFSF4
Q13253	NOG
Q6ZSZ6	TSHZ1
Q9NS84	CHST7
A0A0D9SGE8	PHF6
H0YNJ8	TMOD3
P00966	ASS1
Q01995	TAGLN
Q9UJN7	ZNF391
A0A0A0MSL2	IKZF2
C9JZX6	PPIP5K1
E9PMG5	EPB41L2
H0Y9Y3	SYNPO2
K7EN88	hCG_2039718
O00451	GFRA2
O14495	PLPP3
O76070	SNCG
O95477	ABCA1
O95760	IL33
P00750	PLAT
P05160	F13B
P07451	CA3
P08253	MMP2
P09619	PDGFRB
P11597	CETP
P14415	ATP1B2
P14555	PLA2G2A
P23946	CMA1
P24821	TNC
P26842	CD27
P29279	CCN2
P29400	COL4A5
P31513	FMO3
P35555	FBN1
P48681	NES
P80748	IGLV3-21
P98177	FOXO4
Q03001	DST
Q13349	ITGAD
Q13351	KLF1
Q14393	GAS6
Q5T0V7	DST
Q5T8A7	PPP1R26
Q5VY43	PEAR1
Q6NUN0	ACSM5
Q6X4U4	SOSTDC1
Q71RC9	SMIM5
Q8N118	CYP4X1
Q8N4Z0	RAB42
Q8TF66	LRRC15
Q92484	SMPDL3A
Q96H15	TIMD4
Q96MM6	HSPA12B
Q96PY5	FMNL2
Q9BQT8	SLC25A21
Q9H8L6	MMRN2
Q9HBA0	TRPV4
Q9HBW9	ADGRL4
Q9NR16	CD163L1
Q9UDY6	TRIM10
Q9ULC0	EMCN
Q9ULJ8	PPP1R9A
Q9UMS6	SYNPO2
Q9Y2A7	NCKAP1
J3KSV1	HP
P01037	CST1
P10451	SPP1
P15169	CPN1
P55056	APOC4
Q02487	DSC2
Q15546	MMD
Q15762	CD226
Q9ULD0	OGDHL
H0YAC8	RUFY1
O15217	GSTA4
Q9TQE0	HLA-DRB1
Q8TD90	MAGEE2
C9JXC6	SEC61A1
F8VTS6	RFPL4AL1
M0QYU8	KLK7
O75051	PLXNA2
O95678	KRT75
Q9H015	SLC22A4
Q14134	TRIM29
P20396	TRH
P59827	BPIFB4
P01911	HLA-DRB1
A6NI72	NCF1B
K7ES75	LGALS3BP
O75636	FCN3
P08493	MGP
Q5QPP4	GALE
Q5THU2	AIG1
Q86SQ4	ADGRG6
Q95IE3	HLA-DRB1
V9GXZ6	TRMT11
G3V1R1	PRB1
O14926	FSCN2
P06310	IGKV2-30
Q13421	MSLN
Q99935	OPRPN
A0A087WVZ0	MPC1
F8W642	CS
H3BUD9	RAB27A
Q9Y2P4	SLC27A6
H0YH80	HNRNPA1
P57053	H2BC12L
P57075	UBASH3A
Q5VUJ6	LRCH2
O95936	EOMES
E7EMB7	IPO11
O15296	ALOX15B
A0A140TA69	KRT34
Q9H7B7	PKD1L1-AS1
E9PGZ7	GUCD1
P78369	CLDN10
K7EPI4	GFAP
P09228	CST2
Q8IUC1	KRTAP11-1
A6NKN8	PCP4L1
P50219	MNX1
C9JIB1	AFF3
A0A087WY62	NBPF26
P22676	CALB2
A0A1B0GU14	CLN5
A0A1W2PS25	ZEB2
K7ELP0	TPM4
M0QXA4	SHKBP1
O00425	IGF2BP3
O60774	FMO6P
H0YJK8	GPX2
M0R2K7	BCAT2
P51854	TKTL1
Q30167	HLA-DRB1
Q96B33	CLDN23
E9PLC9	CAPN1
P12882	MYH1
C9JE82	CACNA2D2
P05412	JUN
P49418	AMPH
Q14392	LRRC32
Q6ZV70	LANCL3
Q96CC6	RHBDF1
M0R299	FBL
R4GMX9	ZMAT2
Q7LC14	NFKBIE
J3QS02	SLC25A19
F5H518	KLRC2
Q15743	GPR68
Q9NQ25	SLAMF7
B8ZZ10	LUC7L
Q9HB03	ELOVL3
Q9NX45	SOHLH2
V9GYA1	CYP4F3
P02818	BGLAP
H0YB27	PIK3R1
O95274	LYPD3
P01861	IGHG4
P19957	PI3
Q9Y3R4	NEU2
Q01638	IL1RL1
