"Name","Name_og.beataml","dupcount.beataml","dupnum.beataml","dupletter.beataml","m.z.beataml","RT..min..beataml","Tags.beataml","Standardized.name.beataml","Super.class.beataml","Main.class.beataml","Sub.class.beataml","Formula.beataml","Annotation.MW.beataml","Annot..DeltaMass..ppm..beataml","Reference.Ion.beataml","Blank_BEAT_AML_01","Blank_BEAT_AML_02","Blank_BEAT_AML_02_2","Blank_BEAT_AML_03","Blank_BEAT_AML_04","Blank_BEAT_AML_05","Blank_BEAT_AML_01_2","Blank_BEAT_AML_02_3","Name_og.pilot","dupcount.pilot","dupnum.pilot","dupletter.pilot","m.z.pilot","RT..min..pilot","Tags.pilot","Standardized.name.pilot","Super.class.pilot","Main.class.pilot","Sub.class.pilot","Pubchem.CID","CHEBI_ID","KEGG_ID","INCHI_KEY","Formula.pilot","Annotation.MW.pilot","Annot..DeltaMass..ppm..pilot","Reference.Ion.pilot","PTRC_exp26_Met_Blank_Pr_01","PTRC_exp26_Met_Blank_Pr_02","PTRC_exp26_Met_Blank_Pr_03","PTRC_exp26_Met_QC_Pool_01","PTRC_exp26_Met_QC_Pool_02","PTRC_exp26_Met_QC_Pool_03","PTRC_exp26_Met_QC_Pool_04","PTRC_exp26_Met_QC_Pool_05","PTRC_exp26_Met_QC_Pool_06","PTRC_exp26_Met_QC_Pool_07"
"hipos_Cytidine.2..3..Cyclic.Phosphate","Cytidine 2',3'-Cyclic Phosphate",1,1,"A",306.04801,6.546,"Confirmed ID (HIgh Confidence)","2',3' cyclic CMP","Nucleic acids","Pyrimidines","Pyrimidine rNMP","C9 H12 N3 O7 P",305.04129,-1.8,"[M+H]+1",17930.4292940351,17928.6307924789,18427.3095493213,17415.0040469922,17302.4622783607,17803.3136344986,NA,NA,"Cytidine 2',3'-Cyclic Phosphate",1,1,"A",306.04944,5.389,"Confirmed ID (HIgh Confidence)","2',3' cyclic CMP","Nucleic acids","Pyrimidines","Pyrimidine rNMP","118701015","27652","C02354","NMPZCCZXCOMSDQ-AYZDMWBASA-N","C9 H12 N3 O7 P",305.04129,3.05,"[M+H]+1",7634.86701578558,5912.76853121331,4831.45290459917,1381972.20527047,1616718.08126529,1451555.22702687,1725271.30447093,2000946.10161121,1923590.40509139,2354692.6329786
"hipos_Deoxycarnitine","Deoxycarnitine",1,1,"A",146.11725,7.306,"Confirmed ID (HIgh Confidence)","3-Dehydroxycarnitine","Fatty Acyls","Fatty esters","Acyl carnitines","C7 H15 N O2",145.11028,-2.07,"[M+H]+1",306754.794810193,311417.247892989,391076.781830042,361481.743399519,336272.527460953,360239.374425817,NA,NA,"Deoxycarnitine",1,1,"A",146.11773,6.094,"Confirmed ID (HIgh Confidence)","3-Dehydroxycarnitine","Fatty Acyls","Fatty esters","Acyl carnitines","725","16244","C01181","JHPNVNIEXXLNTR-UHFFFAOYSA-N","C7 H15 N O2",145.11028,1.17,"[M+H]+1",50220.947722965,50552.1410177229,24538.9502427934,13995720.4493245,13296619.021523,16219298.4235199,13552531.8680584,12066848.8592149,10746292.0320643,9687694.46810995
"hipos_Adenosine","Adenosine",1,1,"A",268.10339,3.895,"Confirmed ID (HIgh Confidence)","Adenosine","Nucleic acids","Purines","Purine ribonucleosides","C10 H13 N5 O4",267.09675,-2.42,"[M+H]+1",17090723.7217992,4280920.25141847,119420.25292555,2972700.71700205,3009696.0250703,3069258.31502851,NA,NA,"Adenosine",1,1,"A",268.10453,3.687,"Confirmed ID (HIgh Confidence)","Adenosine","Nucleic acids","Purines","Purine ribonucleosides","60961","16335","C00212","OIRDTQYFTABQOQ-KQYNXXCUSA-N","C10 H13 N5 O4",267.09675,1.88,"[M+H]+1",149460.210636337,130267.085317447,134983.307155107,8749790.52897927,8205876.36249082,7661935.36012587,7548492.71779861,7822044.91290567,7187897.1508143,6611039.93221528
"hipos_Aspartic.acid","Aspartic acid",1,1,"A",134.04453,7.257,"Confirmed ID (HIgh Confidence)","Aspartic acid","Organic acids","Amino acids and peptides","Amino acids","C4 H7 N O4",133.03751,-1.85,"[M+H]+1",23742.7407819992,248650.196338342,93458.5985208648,84215.9105172314,207200.297580236,197691.934175467,NA,NA,"Aspartic acid",1,1,"A",134.04494,6.068,"Match with Mass and RT only;No MS2","Aspartic acid","Organic acids","Amino acids and peptides","Amino acids","5960","17053","C00049","CKLJMWTZIZZHCS-REOHCLBHSA-N","C4 H7 N O4",133.03751,1.19,"[M+H]+1",4293.08710093767,3777.97898601227,3650.40091837572,141682.478585479,21322.9058859969,93959.3536518619,157056.000303338,298978.858795908,168251.412644916,164567.393365518
"hipos_Dodecanoylcarnitine","Dodecanoylcarnitine",1,1,"A",344.27903,5.265,"Confirmed ID (HIgh Confidence)","CAR 12:0","Fatty Acyls","Fatty esters","Acyl carnitines","C19 H37 N O4",343.27226,-1.47,"[M+H]+1",56542.6178540889,22386.1967710774,22903.8941566206,21437.6119433559,26647.8292880807,22217.134755212,NA,NA,"Dodecanoylcarnitine",1,1,"A",344.28017,4.1,"Confirmed ID (HIgh Confidence)","CAR 12:0","Fatty Acyls","Fatty esters","Acyl carnitines","168381","77086",NA,"FUJLYHJROOYKRA-QGZVFWFLSA-N","C19 H37 N O4",343.27226,1.85,"[M+H]+1",5093.57857547855,4495.36067376015,4592.0460195322,249419.94595497,169344.051517082,152350.633975962,184835.64837743,130510.267986847,175781.588279234,188915.569267977
"hipos_3.hydroxydodecanoyl.carnitine","3-hydroxydodecanoyl carnitine",1,1,"A",360.27406,5.596,"Confirmed ID (HIgh Confidence)","CAR 12:0;OH","Fatty Acyls","Fatty esters","Acyl carnitines","C19 H37 N O5",359.26717,-1.07,"[M+H]+1",20603.6405011948,19151.6639472305,20227.8282032657,18662.2694943259,18583.4234754448,18596.2031716431,NA,NA,"3-hydroxydodecanoyl carnitine",1,1,"A",360.27537,4.361,"Confirmed ID (HIgh Confidence)","CAR 12:0;OH","Fatty Acyls","Fatty esters","Acyl carnitines",NA,NA,NA,NA,"C19 H37 N O5",359.26717,2.55,"[M+H]+1",6044.00601650621,5153.05489952311,4851.01448943781,309146.486685936,224531.99723811,304239.195498604,230741.050110663,220759.171470996,235866.03468294,162209.015211378
"hipos_Tetradecenoyl.L.carnitine","Tetradecenoyl-L-carnitine",1,1,"A",370.29481,5.186,"Confirmed ID (HIgh Confidence)","CAR 14:1","Fatty Acyls","Fatty esters","Acyl carnitines","C21 H39 N O4",369.28791,-1.03,"[M+H]+1",24397.0696873292,24079.3984254389,44972.0948057079,29320.4650565716,22998.4571441957,22810.7266388851,NA,NA,"Tetradecenoyl-L-carnitine",1,1,"A",370.29592,4.04,"Match with Mass and RT only;No MS2","CAR 14:1","Fatty Acyls","Fatty esters","Acyl carnitines",NA,NA,NA,NA,"C21 H39 N O4",369.28791,1.98,"[M+H]+1",5030.83086210716,4785.93831814414,4228.64652684703,178969.195276655,203362.718188741,177204.183342259,151872.231664303,158980.23910338,134512.999466167,177147
"hipos_3.Hydroxyhexadecanoylcarnitine","3-Hydroxyhexadecanoylcarnitine",1,1,"A",416.33657,5.431,"Confirmed ID (HIgh Confidence)","CAR 16:0;3OH","Fatty Acyls","Fatty esters","Acyl carnitines","C23 H45 N O5",415.32977,-1.17,"[M+H]+1",19843.4748100741,19616.4274960149,20407.4346978142,19249.4377779683,19056.6236927936,19844.5241390281,NA,NA,"3-Hydroxyhexadecanoylcarnitine",1,1,"A",416.33804,4.219,"Confirmed ID (HIgh Confidence)","CAR 16:0;3OH","Fatty Acyls","Fatty esters","Acyl carnitines","126456228","73070",NA,"XKAZIAFZAQAHHG-BPGUCPLFSA-N","C23 H45 N O5",415.32977,2.39,"[M+H]+1",4945.38126547899,5042.47585603887,4160.2750594899,59160.4126673629,80827.9398083529,61501.6298029539,70757.9359209234,73988.3197912218,61745.9848357225,58930.7217142721
"hipos_Octadecanoylcarnitine","Octadecanoylcarnitine",1,1,"A",428.37273,5.043,"Confirmed ID (HIgh Confidence)","CAR 18:0","Fatty Acyls","Fatty esters","Acyl carnitines","C25 H49 N O4",427.36616,-1.64,"[M+H]+1",131063.628542288,30607.8988001832,60823.8924825849,29369.9796836943,30283.1235783711,41673.570632685,NA,NA,"Octadecanoylcarnitine",1,1,"A",428.37429,3.938,"Confirmed ID (HIgh Confidence)","CAR 18:0","Fatty Acyls","Fatty esters","Acyl carnitines","52922056","84644",NA,"FNPHNLNTJNMAEE-HSZRJFAPSA-N","C25 H49 N O4",427.36616,2.01,"[M+H]+1",55641.3613636668,20749.4105341569,25608.3232926498,1956244.98251613,1845508.0907512,1701621.55396373,1619743.42231097,1414450.28197181,1551481.49458244,2048817.2566192
"hipos_Oleoylcarnitine","Oleoylcarnitine",1,1,"A",426.35722,5.052,"Confirmed ID (HIgh Confidence)","CAR 18:1","Fatty Acyls","Fatty esters","Acyl carnitines","C25 H47 N O4",425.35051,-1.33,"[M+H]+1",31197.3858164332,30866.4960443399,31904.0780636083,29582.6564184107,30538.9768910387,30323.5171098142,NA,NA,"Oleoylcarnitine",1,1,"A",426.35882,3.956,"Match with Mass and RT only","CAR 18:1","Fatty Acyls","Fatty esters","Acyl carnitines",NA,NA,NA,NA,"C25 H47 N O4",425.35051,2.44,"[M+H]+1",4452.53080088724,3661.63967865174,3742.58412184078,1437029.24512002,1255545.69286899,1180571.6066486,1034033.01430386,933982.676163841,1096315.91187371,1117258.96324575
"hipos_Linoleyl.carnitine","Linoleyl carnitine",1,1,"A",424.34143,5.087,"Confirmed ID (HIgh Confidence)","CAR 18:2","Fatty Acyls","Fatty esters","Acyl carnitines","C25 H45 N O4",423.33486,-1.65,"[M+H]+1",29815.6910564242,29892.804091743,30428.6588150506,28126.5535824379,28742.1672393784,28150.5918970942,NA,NA,"Linoleyl carnitine",1,1,"A",424.34311,3.974,"Match with Mass and RT only","CAR 18:2","Fatty Acyls","Fatty esters","Acyl carnitines",NA,NA,NA,NA,"C25 H45 N O4",423.33486,2.29,"[M+H]+1",4678.64512589941,4572.04908783449,3563.93802207241,281435.013700424,259615.904187163,230797.063322398,205117.171206605,210574.296048975,185302.757752685,244503.589000356
"hipos_Acetyl.DL.carnitine","Acetyl-DL-carnitine",1,1,"A",204.12253,6.633,"Confirmed ID (HIgh Confidence)","CAR 2:0","Fatty Acyls","Fatty esters","Acyl carnitines","C9 H17 N O4",203.11576,-2.46,"[M+H]+1",3560324.51490057,1845837.75356424,3550386.35337622,1816639.08394693,2799533.19604342,2809058.5258548,NA,NA,"Acetyl-DL-carnitine",1,1,"A",204.12313,5.385,"Confirmed ID (HIgh Confidence)","CAR 2:0","Fatty Acyls","Fatty esters","Acyl carnitines","18230","86045",NA,"RDHQFKQIGNGIED-QMMMGPOBSA-N","C9 H17 N O4",203.11576,0.47,"[M+H]+1",137342.023392876,272086.576576842,24080.4945688716,301254680.303974,305138947.819932,311529251.544127,316153696.636758,323438702.395485,287171637.088015,274873733.148236
"hipos_Isovalerylcarnitine","Isovalerylcarnitine",1,1,"A",246.16959,5.98,"Confirmed ID (HIgh Confidence)","CAR 4:0;3Me","Fatty Acyls","Fatty esters","Acyl carnitines","C12 H23 N O4",245.16271,-1.61,"[M+H]+1",254146.216546956,167831.832498558,277353.22023928,104971.724770033,119674.189852119,104111.478668631,NA,NA,"Isovalerylcarnitine",1,1,"A",246.17036,4.713,"Confirmed ID (HIgh Confidence)","CAR 4:0;3Me","Fatty Acyls","Fatty esters","Acyl carnitines","169235","70819",NA,"IGQBPDJNUXPEMT-SNVBAGLBSA-N","C12 H23 N O4",245.16271,1.55,"[M+H]+1",15343.9693401251,51075.0407866574,26629.1510458338,1813235.8810331,1682934.89469055,1541966.22444608,1230801.20866188,1225024.10998601,1077291.80635062,1210462.3504183
"hipos_Hydroxybutyrylcarnitine","Hydroxybutyrylcarnitine",1,1,"A",248.14877,6.75,"Confirmed ID (HIgh Confidence)","CAR 4:0;OH","Fatty Acyls","Fatty esters","Acyl carnitines","C11 H21 N O5",247.14197,-1.95,"[M+H]+1",284904.161366714,124484.016675795,195524.404177739,107829.485747233,144178.270134674,134107.850316387,NA,NA,"Hydroxybutyrylcarnitine",1,1,"A",248.14966,5.496,"Confirmed ID (HIgh Confidence)","CAR 4:0;OH","Fatty Acyls","Fatty esters","Acyl carnitines",NA,NA,NA,NA,"C11 H21 N O5",247.14197,1.66,"[M+H]+1",6250.25420993328,6607.50187859046,6297.01695979342,4283553.05118279,5266922.42159284,9293108.40537349,9202381.10664856,11890114.6110995,12159290.9742443,12412433.1231906
"hipos_Hexanoylcarnitine","Hexanoylcarnitine",1,1,"A",260.18515,5.772,"Confirmed ID (HIgh Confidence)","CAR 6:0","Fatty Acyls","Fatty esters","Acyl carnitines","C13 H25 N O4",259.17836,-1.85,"[M+H]+1",171268.740966259,106515.759054769,33882.306413227,37405.1908187183,30476.8548203996,27378.8146493246,NA,NA,"Hexanoylcarnitine",1,1,"A",260.18606,4.543,"Confirmed ID (HIgh Confidence)","CAR 6:0","Fatty Acyls","Fatty esters","Acyl carnitines","3246938","84834",NA,"VVPRQWTYSNDTEA-LLVKDONJSA-N","C13 H25 N O4",259.17836,1.66,"[M+H]+1",14267.1552588196,17530.8744633707,7345.24062491967,1756261.70098367,1850894.45133366,2023200.34230575,1908469.05499997,1871431.33015115,1825742.93706291,1809644.53128429
"hipos_Octanoyl.L.carnitine","Octanoyl-L-carnitine",1,1,"A",288.21644,5.535,"Confirmed ID (HIgh Confidence)","CAR 8:0","Fatty Acyls","Fatty esters","Acyl carnitines","C15 H29 N O4",287.20966,-1.71,"[M+H]+1",38614.6667613562,20561.1587013726,102477.143892406,27798.9520231013,23566.4504853458,53210.9340201255,NA,NA,"Octanoyl-L-carnitine",1,1,"A",288.21746,4.325,"Confirmed ID (HIgh Confidence)","CAR 8:0","Fatty Acyls","Fatty esters","Acyl carnitines","11953814","18102","C02838","CXTATJFJDMJMIY-CYBMUJFWSA-N","C15 H29 N O4",287.20966,1.83,"[M+H]+1",5994.35410885341,10169.3311846748,4597.49555865542,296016,233698,246583,185369.296893186,178742.057182584,285438.298002645,301612.522814956
"hipos_Succinylcarnitine","Succinylcarnitine",1,1,"A",262.12807,7.216,"Confirmed ID (HIgh Confidence)","CAR DC4:0","Fatty Acyls","Fatty esters","Acyl carnitines","C11 H19 N O6",261.12124,-1.7,"[M+H]+1",42671.322336501,14092.7976074649,14301.4511981449,16659.2568049522,13934.1056793011,13951.6419770096,NA,NA,"Succinylcarnitine",1,1,"A",262.12898,6.013,"Confirmed ID (HIgh Confidence)","CAR DC4:0","Fatty Acyls","Fatty esters","Acyl carnitines","71464481","73034",NA,"HAEVNYBCYZZDFL-UHFFFAOYSA-N","C11 H19 N O6",261.12124,1.77,"[M+H]+1",4143.72813352304,4643.15588902084,3757.11484509572,443442.770817824,273491.728307869,385131.179290923,455651.762658615,557737.698911507,481498.233039873,482285.856265204
"hipos_Carnitine","Carnitine",1,1,"A",162.11202,7.085,"Confirmed ID (HIgh Confidence)","Carnitine","Organic nitrogen compounds","Carnitines","Carnitines","C7 H15 N O3",161.10519,-2.8,"[M+H]+1",3641072.87103896,3209447.82152401,3891995.57954695,4077610.30945677,3369918.96143812,3644989.5694393,NA,NA,"Carnitine",1,1,"A",162.11254,5.839,"Confirmed ID (HIgh Confidence)","Carnitine","Organic nitrogen compounds","Carnitines","Carnitines","10917","16347","C00487","PHIQHXFUZVPYII-ZCFIWIBFSA-N","C7 H15 N O3",161.10519,0.44,"[M+H]+1",142045.788022193,344274.886562,112946.236948987,173200850.945323,171483358.810175,174465688.803987,167078048.158129,175914130.953409,165519023.963161,159063187.418104
"hipos_Carnosine","Carnosine",1,1,"A",227.11341,7.565,"Confirmed ID (HIgh Confidence)","Carnosine","Organic acids","Amino acids and peptides","Dipeptides","C9 H14 N4 O3",226.10659,-2.03,"[M+H]+1",25695.2897552174,21729.854911869,21516.7667295861,20855.5319895835,21142.6705528061,26181.9680796408,NA,NA,"Carnosine",1,1,"A",227.11421,6.433,"Confirmed ID (HIgh Confidence)","Carnosine","Organic acids","Amino acids and peptides","Dipeptides","439224","15727","C00386","CQOVPNPJLQNMDC-ZETCQYMHSA-N","C9 H14 N4 O3",226.10659,1.5,"[M+H]+1",5008.74596414379,4755.71745531337,4174.78652410363,1167493.13288025,1286577.19022445,1151177.08175367,1024202.97730693,956839.082593609,807306.867729742,808134.564005551
"hipos_CDP.Ethanolamine","CDP-Ethanolamine",1,1,"A",447.06715,7.462,"Confirmed ID (HIgh Confidence)","CDP-Ethanolamine","Nucleic acids","Pyrimidines","Pyrimidine rNDP","C11 H20 N4 O11 P2",446.06038,-1.14,"[M+H]+1",15582.7929150853,15534.9655684156,15532.3289827528,15563.8207251636,15388.7174953611,15570.6303999958,NA,NA,"CDP-Ethanolamine",1,1,"A",447.06881,6.372,"Confirmed ID (HIgh Confidence)","CDP-Ethanolamine","Nucleic acids","Pyrimidines","Pyrimidine rNDP","123727","16732","C00570","WVIMUEUQJFPNDK-PEBGCTIMSA-N","C11 H20 N4 O11 P2",446.06038,2.58,"[M+H]+1",4125.04835357435,3497.6497331081,3960.44847928288,850799.801564805,724576.944660792,560640.786522576,553537.925312473,578428.279043527,547266.587114857,571414.531279329
"hipos_Phosphorylcholine","Phosphorylcholine",1,1,"A",184.07307,7.744,"Confirmed ID (HIgh Confidence)","Choline phosphate","Organic nitrogen compounds","Cholines","Cholines","C5 H14 N O4 P",183.06604,-1.51,"[M+H]+1",1675540.12005395,11424710.25792,211569.17697094,9720034.00159485,7801471.21481781,8964484.56874465,NA,NA,"Phosphorylcholine",1,1,"A",184.07355,6.664,"Confirmed ID (HIgh Confidence)","Choline phosphate","Organic nitrogen compounds","Cholines","Cholines","135437","18132",NA,"YHHSONZFOIEMCP-UHFFFAOYSA-N","C5 H14 N O4 P",183.06604,1.34,"[M+H]+1",10722.213375093,10325.0812821552,9489.94424513603,3953356.56077961,3725799.3022383,4442239.87765801,4057510.69582923,4843275.14065569,5192072.41109221,6031641.53237275
"hipos_Cytidine.Monophosphate","Cytidine Monophosphate",1,1,"A",324.05861,7.327,"Confirmed ID (HIgh Confidence)","CMP","Nucleic acids","Pyrimidines","Pyrimidine rNMP","C9 H14 N3 O8 P",323.05185,-1.59,"[M+H]+1",18994.3602054196,18728.8796415422,18910.6059626927,18666.5760953777,18618.8132907305,18321.1013824935,NA,NA,"Cytidine Monophosphate",1,1,"A",324.05999,6.276,"Confirmed ID (HIgh Confidence)","CMP","Nucleic acids","Pyrimidines","Pyrimidine rNMP","6131","17361","C00055","IERHLVCPSMICTF-XVFCMESISA-N","C9 H14 N3 O8 P",323.05185,2.66,"[M+H]+1",5528.6120564759,5108.90805714391,5469.07944901566,1107538.96572663,1227888.85094834,1231743.23492903,1243916.74863324,1390569.89042888,1278327.71119419,1333924.34865873
"hipos_Creatine","Creatine",1,1,"A",132.07653,7.101,"Confirmed ID (HIgh Confidence)","Creatine","Organic acids","Amino acids and peptides","Amino acids","C4 H9 N3 O2",131.06948,-1.66,"[M+H]+1",1319375.44339873,620922.235885797,1097564.37054187,710525.379196939,886511.869973808,1016220.61485104,NA,NA,"Creatine",1,1,"A",132.0767,5.863,"Confirmed ID (HIgh Confidence)","Creatine","Organic acids","Amino acids and peptides","Amino acids","586","16919","C00300","CVSVTCORWBXHQV-UHFFFAOYSA-N","C4 H9 N3 O2",131.06948,-0.36,"[M+H]+1",87598.9510165807,245623.638300593,64713.4600102178,150654918.826976,134563623.157084,121056227.655632,102334270.058389,110664517.873591,94865818.268516,95057116.4684445
"hipos_Creatinine","Creatinine",1,1,"A",114.06603,3.89,"Confirmed ID (HIgh Confidence)","Creatinine","Organoheterocyclic compounds","Azoles","Imidazolines","C4 H7 N3 O",113.05891,-1.4,"[M+H]+1",4157701.56922767,3754282.38415463,5876078.83570134,4505497.41978328,4431423.45453535,1860375.35609066,NA,NA,"Creatinine",1,1,"A",114.06614,3.842,"Confirmed ID (HIgh Confidence)","Creatinine","Organoheterocyclic compounds","Azoles","Imidazolines","137319715","16737","C00791","DDRJAANPRJIHGJ-UHFFFAOYSA-N","C4 H7 N3 O",113.05891,-0.4,"[M+H]+1",1364590.66427084,1465656.33050559,509567.591625347,29297575.2582238,26375293.325176,24125443.2877512,22130997.4607376,21033341.5450361,22003865.0984188,27968457.7825725
"hipos_Glutamic.acid","Glutamic acid",1,1,"A",148.05998,7.193,"Confirmed ID (HIgh Confidence)","Glutamic acid","Organic acids","Amino acids and peptides","Amino acids","C5 H9 N O4",147.05316,-2.87,"[M+H]+1",3516395.8241879,1581942.2408774,549641.81522847,1549411.88053945,1448430.02617144,1500183.6696623,NA,NA,"Glutamic acid",1,1,"A",148.06063,5.973,"Confirmed ID (HIgh Confidence)","Glutamic acid","Organic acids","Amino acids and peptides","Amino acids","33032","16015","C00025","WHUUTDBJXJRKMK-VKHMYHEASA-N","C5 H9 N O4",147.05316,1.38,"[M+H]+1",6035.56591738018,12432.6823297134,6461.87487807899,25165890,38541969,35892934.3832248,46763106.1859036,58903347.1063329,55631459.90614,59995942.5785138
"hipos_Guanidoacetic.acid","Guanidoacetic acid",1,1,"A",118.06095,7.178,"Confirmed ID (HIgh Confidence)","Guanidoacetic acid","Organic acids","Amino acids and peptides","Amino acids","C3 H7 N3 O2",117.05383,-1.28,"[M+H]+1",59932.371485769,57269.2502506228,31449.0498988153,30645.2060230048,48563.7892500542,51202.0935873163,NA,NA,"Guanidoacetic acid",1,1,"A",118.0613,5.955,"Match with Mass and RT only;No MS2","Guanidoacetic acid","Organic acids","Amino acids and peptides","Amino acids","763","16344","C00581","BPMFZUMJYQTVII-UHFFFAOYSA-N","C3 H7 N3 O2",117.05383,1.7,"[M+H]+1",4758.61409314493,4001.10479464556,3494.13229131513,1012538.67023162,841953.446054868,1310961.10575005,1361047.41952809,1992743.42367342,1739041.68326563,1865376.63383285
"hipos_Guanine","Guanine",1,1,"A",152.05643,5.737,"Confirmed ID (HIgh Confidence)","Guanine","Nucleic acids","Purines","Hypoxanthines","C5 H5 N5 O",151.04941,-1.72,"[M+H]+1",40016.6962912447,27648.0545678056,29170.7656779437,27235.2642723932,26998.0301333092,27493.751142139,NA,NA,"Guanine",1,1,"A",152.05683,4.675,"Confirmed ID (HIgh Confidence)","Guanine","Nucleic acids","Purines","Hypoxanthines","135398634","16235","C00242","UYTPUPDQBNUYGX-UHFFFAOYSA-N","C5 H5 N5 O",151.04941,0.97,"[M+H]+1",50502.0073765981,55314.6278157274,42021.9117138215,6852427,6604790,6170683.63341716,4421252.82172509,5363694.51147924,4282208.19006966,4218701.72552499
"hipos_Guanosine","Guanosine",1,1,"A",284.09836,6.167,"Confirmed ID (HIgh Confidence)","Guanosine","Nucleic acids","Purines","Purine ribonucleosides","C10 H13 N5 O5",283.09167,-2.09,"[M+H]+1",21528.3232660488,19025.8661431035,20177.2275045271,18901.2407196706,18793.7240920147,18754.9614232133,NA,NA,"Guanosine",1,1,"A",284.09957,5.031,"Confirmed ID (HIgh Confidence)","Guanosine","Nucleic acids","Purines","Purine ribonucleosides","135398635","16750","C00387","NYHBQMYGNKIUIF-UUOKFMHZSA-N","C10 H13 N5 O5",283.09167,2.6,"[M+H]+1",5277.56159235682,5891.06387984299,5599.19797273664,171449.736698611,153629.559062398,149723.279093409,123728.155537088,143011.54035759,144022.646646311,155889.453669828
"hipos_Inosine.5..monophosphate","Inosine-5'-monophosphate",1,1,"A",349.05383,7.328,"Confirmed ID (HIgh Confidence)","IMP","Nucleic acids","Purines","Purine rNMP","C10 H13 N4 O8 P",348.0471,-1.53,"[M+H]+1",21478.9353129226,20909.9399481103,21182.1040375077,21135.0489995303,20559.7658154852,21533.7249767357,NA,NA,"Inosine-5'-monophosphate",1,1,"A",349.05541,6.208,"Confirmed ID (HIgh Confidence)","IMP","Nucleic acids","Purines","Purine rNMP","135398640","17202","C00130","GRSZFWQUAKGDAV-KQYNXXCUSA-N","C10 H13 N4 O8 P",348.0471,2.98,"[M+H]+1",4446.49767900522,4108.94227814961,3974.68744706805,1449006.3747938,1464725.38615365,1694358.66532498,1699865.12232226,1644386.57394914,1762889.6327125,2008847.31770562
"hipos_Inosine","Inosine",1,1,"A",269.08754,5.313,"Confirmed ID (HIgh Confidence)","Inosine","Nucleic acids","Purines","Purine ribonucleosides","C10 H12 N4 O5",268.08077,-1.9,"[M+H]+1",73598.2832212523,45968.2700522478,48071.5683539317,45245.6468922914,44942.4655070795,44852.607705849,NA,NA,"Inosine",1,1,"A",269.08853,4.473,"Confirmed ID (HIgh Confidence)","Inosine","Nucleic acids","Purines","Purine ribonucleosides","135398641","17596","C00294","UGQMRVRMYYASKQ-KQYNXXCUSA-N","C10 H12 N4 O5",268.08077,2.18,"[M+H]+1",23166.8842027385,19110.848560548,11556.45783634,743170.479331232,862901.294990071,953473.704131977,916135.566456461,1046132.76598209,1140722.6452289,1153684.96830429
"hipos_Leucine.Isoleucine","Leucine/Isoleucine",1,1,"A",132.10164,6.166,"Confirmed ID (HIgh Confidence)","Leucine/Isoleucine","Organic acids","Amino acids and peptides","Amino acids","C6 H13 N O2",131.09463,-2.01,"[M+H]+1",5393099.2411408,7762642.22803163,2147580.19332227,8220036.55506879,9215083.68159737,8541593.44858722,NA,NA,"Leucine/Isoleucine",1,1,"A",132.10203,4.951,"Confirmed ID (HIgh Confidence)","Leucine/Isoleucine","Organic acids","Amino acids and peptides","Amino acids",NA,NA,NA,NA,"C6 H13 N O2",131.09463,0.97,"[M+H]+1",426506.371900427,2258608.76893811,532165.497488785,3464845.06614211,4549245.18457692,4378247.8773392,4732901.07780219,5942938.19326906,5454792.71210484,5935894.31107289
"hipos_Phenylalanylalanine","Phenylalanylalanine",1,1,"A",237.12297,4.985,"Confirmed ID (HIgh Confidence)","Phe-Ala","Organic acids","Amino acids and peptides","Dipeptides","C12 H16 N2 O3",236.11609,-1.7,"[M+H]+1",29107.3161082846,28537.3215003557,30330.7718325827,29228.5053600964,29389.8880647445,27936.2185222706,NA,NA,"Phenylalanylalanine",1,1,"A",237.12368,4.316,"Match with Mass and RT only","Phe-Ala","Organic acids","Amino acids and peptides","Dipeptides","5488196","73630",NA,"MIDZLCFIAINOQN-WPRPVWTQSA-N","C12 H16 N2 O3",236.11609,1.35,"[M+H]+1",5327.58300788434,9443.04387471031,4534.98245302745,43431.6788831793,108134.904470376,113619.598922361,87353.177048854,140833.73302618,183715.408162867,163269.138597681
"hipos_Proline","Proline",1,1,"A",116.07035,6.622,"Confirmed ID (HIgh Confidence)","Proline","Organic acids","Amino acids and peptides","Amino acids","C5 H9 N O2",115.06333,-2.2,"[M+H]+1",1452604.39176168,1183650.16504294,849878.946700708,1231073.62974119,1026393.46888541,1073965.91680833,NA,NA,"Proline",1,1,"A",116.0707,5.444,"Confirmed ID (HIgh Confidence)","Proline","Organic acids","Amino acids and peptides","Amino acids","145742","17203","C00148","ONIBWKKTOPOVIA-BYPYZUCNSA-N","C5 H9 N O2",115.06333,0.83,"[M+H]+1",358485.461540053,339417.890472101,343413.229216863,12906919.5697459,16863347.2103439,14271873.7071612,13845524.7586643,17253510.1652912,12923804.3122685,15440331.2053403
"hipos_5.Oxoproline","5-Oxoproline",1,1,"A",130.04973,6.297,"Confirmed ID (HIgh Confidence)","Pyroglutamic acid","Organic acids","Amino acids and peptides","Amino acids","C5H7NO3",129.04259,-1.11,"[M+H]+1",833857.505128532,474137.262852344,1036029.97704487,534796.306817746,617777.760028887,584234.918832342,NA,NA,"5-Oxoproline",1,1,"A",130.05005,6.039,"Confirmed ID (HIgh Confidence)","Pyroglutamic acid","Organic acids","Amino acids and peptides","Amino acids","7405","18183","C01879","ODHCTXKNWHHXJC-VKHMYHEASA-N","C5 H7 N O3",129.04259,1.47,"[M+H]+1",6435.54629167985,6892.08223344764,6176.83585664737,54614867.7967598,56125286.4047614,44774606.4390893,46442218.6927833,41935760.2393777,42507146,44650153
"hipos_Glycerophosphocholine","Glycerophosphocholine",1,1,"A",258.10946,7.284,"Confirmed ID (HIgh Confidence)","sn-Glycero-3-phosphocholine","Organic acids","Organic phosphoric acids","Organic phosphoric acids","C8 H20 N O6 P",257.10282,-2.49,"[M+H]+1",494747.186443974,134495.919588762,95748.1528271207,97628.6806578136,117538.84449242,113923.599853855,NA,NA,"Glycerophosphocholine",1,1,"A",258.11037,6.085,"Confirmed ID (HIgh Confidence)","sn-Glycero-3-phosphocholine","Organic acids","Organic phosphoric acids","Organic phosphoric acids","657272","16870",NA,"SUHOQUVVVLNYQR-MRVPVSSYSA-N","C8 H20 N O6 P",257.10282,1.07,"[M+H]+1",8322.94937052767,26932.0844894382,8810.87213827809,83018678.4558388,71223249,89332545.5401484,66136009.2884822,65150246.3431863,56158805.9117099,52339743.0067597
"hipos_Taurine","Taurine",1,1,"A",126.02167,6.475,"Confirmed ID (HIgh Confidence)","Taurine","Organic acids","Sulfonic acids","Sulfonic acids","C2 H7 N O3 S",125.01466,-2.13,"[M+H]+1",635072.605149943,546889.67658139,494274.871651094,625357.750237129,989530.628235979,1107440.43256767,NA,NA,"Taurine",1,1,"A",126.02209,5.319,"Confirmed ID (HIgh Confidence)","Taurine","Organic acids","Sulfonic acids","Sulfonic acids","1123","15891","C00245","XOAAWQZATWQOTB-UHFFFAOYSA-N","C2 H7 N O3 S",125.01466,1.26,"[M+H]+1",28470.4042131126,32644.113852614,26179.0414120498,38409981.2840649,39524033.5063717,40531419.1803839,40181597.5286562,44811555.5651919,42789151.7900594,44796132.8386647
"hipos_Diatrizoic.acid","Diatrizoic acid",1,1,"A",614.77488,5.324,"Not in Internal DB. MS/MS match only","-",NA,NA,NA,"C11 H9 I3 N2 O4",613.76964,-1.28,"[M+H]+1",20741.7081516367,20637.4211082471,21791.2306447519,20510.2175956006,20372.7830221391,20332.0497542451,NA,NA,"Diatrizoic acid",1,1,"A",631.80433,4.404,"Not in Internal DB. MS/MS match only","-",NA,NA,NA,"-","-","-","-","C11 H9 I3 N2 O4",613.76964,1.45,"[M+NH4]+1",19976.5564396183,15373.7197991445,12939.4568752657,39066009,36500043.9144022,35346115.8323851,30410797.6511199,31709355.6078446,31357589.7224604,31475665.8420203
"hipos_Didecyldimethylammonium","Didecyldimethylammonium",1,1,"A",326.37748,2.851,"Not in Internal DB. MS/MS match only","-",NA,NA,NA,"C22 H47 N",325.37085,-1.98,"[M+H]+1",3250500.97404358,38268.6410942065,97359.131413883,37665.5868043713,37016.2919056414,37793.7301623816,NA,NA,"Didecyldimethylammonium",1,1,"A",326.37887,0.985,"Not in Internal DB. MS/MS match only","-",NA,NA,NA,"-","-","-","-","C22 H47 N",325.37085,2.29,"[M+H]+1",242127.443995634,214202.960333555,253516.086269754,1944596.70390686,2343682.89623506,1704988.14405218,2545959.68542348,2230740.70434494,1973855.02590627,1754773.25987017
"hipos_Tris.2.butoxyethyl..phosphate","Tris(2-butoxyethyl) phosphate",1,1,"A",399.24995,0.896,"Not in Internal DB. MS/MS match only","-",NA,NA,NA,"C18 H39 O7 P",398.24334,-1.68,"[M+H]+1",659425.97190524,425488.728310537,644779.251479256,282065.348069248,262669.702404741,312566.772895488,NA,NA,"Tris(2-butoxyethyl) phosphate",1,1,"A",399.25113,0.879,"Not in Internal DB. MS/MS match only","-",NA,NA,NA,"-","-","-","-","C18 H39 O7 P",398.24334,1.28,"[M+H]+1",1521553.78604532,1391525.65593681,2405352.46893932,5075919.62883393,7255673.09348415,7499631.03230255,6573409.49590371,6974872.12042463,5292778.95150044,4642128.26755707
"hipos_Cytidine.5..diphosphocholine","Cytidine 5'-diphosphocholine",1,1,"A",489.11405,7.429,"Not in Internal DB. MS/MS match only","CDP-choline","Nucleic acids","Pyrimidines","Pyrimidine rNDP","C14 H26 N4 O11 P2",488.10733,-1.14,"[M+H]+1",14022.2967714632,13348.3266919383,13424.5845475518,13399.1720803201,14870.6719968075,22492.291536876,NA,NA,"Cytidine 5'-diphosphocholine",1,1,"A",489.11577,6.325,"Not in Internal DB. MS/MS match only","CDP-choline","Nucleic acids","Pyrimidines","Pyrimidine rNDP","13804","16436","C00307","RZZPDXZPRHQOCG-OJAKKHQRSA-N","C14 H26 N4 O11 P2",488.10733,2.37,"[M+H]+1",4208.63724804569,3626.54310528221,4110.23906828907,1711631.56575868,1409894.64454915,1330126.43173656,1279919.79306774,1339341.78154195,1479757.79903655,1339226.56723102
"hipos_Choline","Choline",1,1,"A",104.10672,6.588,"Not in Internal DB. MS/MS match only","Choline","Organic nitrogen compounds","Cholines","Cholines","C5 H13 N O",103.09971,-2.63,"[M+H]+1",33552207.5905599,7483236.67756599,38486453.1848867,6837842.11238513,8025776.20831461,9411723.76697935,NA,NA,"Choline",1,1,"A",104.10688,5.13,"Confirmed ID (HIgh Confidence)","Choline","Organic nitrogen compounds","Cholines","Cholines","305","15354","C00114","OEYIOHPDSNJKLS-UHFFFAOYSA-N","C5 H13 N O",103.09971,-1.03,"[M+H]+1",999273.420818916,1932685.26667118,875062.335136012,718998055.453694,900376930.613528,989293981.72976,744167811.495837,771950764.852131,747149380.103646,769594217.216051
"hipos_Ecgonine","Ecgonine",1,1,"A",186.11225,6.681,"Not in Internal DB. MS/MS match only","Ecgonine","Alkaloids","Ornithine alkaloids","Tropane alkaloids","C9 H15 N O3",185.10519,-1.17,"[M+H]+1",329035.208396613,174729.719052909,260315.150099045,137435.084250243,127443.283878168,125820.583439217,NA,NA,"Ecgonine",1,1,"A",186.11267,5.637,"Not in Internal DB. MS/MS match only","Ecgonine","Alkaloids","Ornithine alkaloids","Tropane alkaloids","91460","4743","C10858","PHMBVCPLDPDESM-FKSUSPILSA-N","C9 H15 N O3",185.10519,1.15,"[M+H]+1",18577.7591753115,19561.1024062899,21131.2521863895,615658.107149629,849721.585830405,1031770.96118466,983566.715412271,1245404,891844,1151368
"hipos_Lauramidopropyl.betaine","Lauramidopropyl betaine",1,1,"A",343.29503,4.793,"Not in Internal DB. MS/MS match only","Lauramidopropyl betaine","Fatty Acyls","Fatty amides","Primary amides","C19 H38 N2 O3",342.28824,-1.43,"[M+H]+1",581907.983916631,489556.186111405,638591.845461717,508534.312673498,552468.25409611,491642.033504815,NA,NA,"Lauramidopropyl betaine",1,1,"A",343.2962,3.918,"Not in Internal DB. MS/MS match only","Lauramidopropyl betaine","Fatty Acyls","Fatty amides","Primary amides","56927888","63555",NA,"AWLNSWJVBZROPZ-UHFFFAOYSA-N",NA,NA,NA,"[M+H]+1",116220.16887421,399268.754136579,293559.133674125,130449.525314837,140642.584172662,156442.478941585,140193.259001709,112433.081138235,211228.886351036,248197.38162524
"hipos_Lidocaine","Lidocaine",1,1,"A",235.18005,0.946,"Not in Internal DB. MS/MS match only","Lidocaine","Organic acids","Amino acids and peptides","Amino acids","C14 H22 N2 O",234.17321,-1.87,"[M+H]+1",25783.6076889416,27513.260842478,25873.5363919888,23462.217248128,23466.1495806528,22747.5379945357,NA,NA,"Lidocaine",1,1,"A",235.18048,0.918,"Not in Internal DB. MS/MS match only","Lidocaine","Organic acids","Amino acids and peptides","Amino acids","3676","6456","C07073","NNJVILVZKWQKPM-UHFFFAOYSA-N","C14 H22 N2 O",234.17321,-0.03,"[M+H]+1",195949.434548171,207258.743338817,373654.266811053,11285285.0748868,10702570.4101908,10855889.7982699,8658035.55865798,11649090.9213345,12295836.4800345,10350859.1186277
"hipos_Methyl.palmitate","Methyl palmitate",1,1,"A",288.28902,1.411,"Not in Internal DB. MS/MS match only","Methyl hexadecanoate","Fatty Acyls","Fatty esters","Wax monoesters","C17 H34 O2",270.25588,2,"[M+NH4]+1",41411.9993917767,35390.4154920023,36906.6024112793,35033.4914003305,38730.3364544311,37491.1914235926,NA,NA,"Methyl palmitate",1,1,"A",288.28976,0.961,"Not in Internal DB. MS/MS match only","-",NA,NA,NA,"-","-","-","-","C17 H34 O2",270.25588,0.2,"[M+NH4]+1",94044.2839848492,124761.538356553,160315.974624054,23664166.3576985,17620936.8843839,16558798.9965538,20633093.1719979,25696385.8484025,15223673.884535,13149481.8631468
"hipos_Prolylleucine","Prolylleucine",1,1,"A",229.15418,6.674,"Not in Internal DB. MS/MS match only","Pro-Leu","Organic acids","Amino acids and peptides","Dipeptides","C11 H20 N2 O3",228.14739,-2.13,"[M+H]+1",383153.193427576,47874.566404692,361708.540647647,47991.3200117165,53960.062528301,48492.6991994835,NA,NA,"Prolylleucine",1,1,"A",229.15507,5.377,"Not in Internal DB. MS/MS match only","Pro-Leu","Organic acids","Amino acids and peptides","Dipeptides","444109","74791",NA,"ZKQOUHVVXABNDG-IUCAKERBSA-N","C11 H20 N2 O3",228.14739,1.75,"[M+H]+1",27155.8850827274,22893.8475028381,14072.8480100631,5976741.91867037,5671258.67713759,5124100.07960354,6660519.95035354,8091476.71291907,7251433.48074624,5023891.20497888
"hipos_Sphingosine","Sphingosine",1,1,"A",300.28911,1.592,"Not in Internal DB. MS/MS match only","Sphingosine","Sphingolipids","Sphingoid bases","Sphingosines","C18 H37 N O2",299.28243,-1.99,"[M+H]+1",1110003.51664664,132400.153031448,255217.907237015,66622.6871375244,52863.7668060688,59324.7578687534,NA,NA,"Sphingosine",1,1,"A",300.29003,0.968,"Not in Internal DB. MS/MS match only","Sphingosine","Sphingolipids","Sphingoid bases","Sphingosines","5280335","16393","C00319","WWUZIQQURGPMPG-KRWOKUGFSA-N","C18 H37 N O2",299.28243,1.64,"[M+H]+1",125896.525740396,61942.3564960275,66693.7629999653,5506060.15736647,4377584.14574539,6233744.08229875,6727615.36641749,3353675.4178667,2505035.25403944,4160115.18056995
"hipos_Stachydrine","Stachydrine",1,1,"A",144.10144,6.271,"Not in Internal DB. MS/MS match only","Stachydrine","Organic acids","Amino acids and peptides","Amino acids","C7 H13 N O2",143.09463,-3.22,"[M+H]+1",934018.97712209,338608.991129855,955281.142567991,383695.284277961,404304.24684309,408332.744492307,NA,NA,"Stachydrine",1,1,"A",144.10208,5.093,"Not in Internal DB. MS/MS match only","Stachydrine","Organic acids","Amino acids and peptides","Amino acids","7016563","35280","C10172","CMUNUTVVOOHQPW-ZCFIWIBFSA-O","C7 H13 N O2",143.09463,1.23,"[M+H]+1",122121.342601601,220406.609435557,127966.189708434,11591547.1626902,12052228.5328616,14055338.0230043,13213790.9753799,15583163.5308053,14019753.0697665,14501713.6469239
"hipos_1.Aminocyclopropane.1.carboxylate","1-Aminocyclopropane-1-carboxylate",1,1,"A",102.05483,7.192,"Match with Mass and RT only","1-Aminocyclopropanecarboxylic acid","Organic acids","Amino acids and peptides","Amino acids","C4 H7 N O2",101.04768,-1.01,"[M+H]+1",1038433.7794036,1335350.33270878,919846.888203504,1388471.53645271,1225657.19708556,1251289.95310299,NA,NA,"1-Aminocyclopropane-1-carboxylate",1,1,"A",102.05503,5.976,"Match with Mass and RT only","1-Aminocyclopropanecarboxylic acid","Organic acids","Amino acids and peptides","Amino acids","535","18053","C01234","PAJPWUMXBYXFCZ-UHFFFAOYSA-N","C4 H7 N O2",101.04768,0.86,"[M+H]+1",656001.019748653,641237.970796598,674843.363290638,1828798.77343512,2761169.6023794,2796827.34605697,3450523.0206266,3953920.61674231,3277032.89462327,3934947.66963391
"hipos_Dodecenoylcarnitine","Dodecenoylcarnitine",1,1,"A",342.26337,5.284,"Match with Mass and RT only; No MS2","CAR 12:1","Fatty Acyls","Fatty esters","Acyl carnitines","C19 H35 N O4",341.25661,-1.52,"[M+H]+1",25578.3066861733,25225.7136152162,26379.9271748159,24829.1643244975,24439.1078101928,24368.1051880979,NA,NA,"Dodecenoylcarnitine",1,1,"A",342.26454,4.096,"Confirmed ID (HIgh Confidence)","CAR 12:1","Fatty Acyls","Fatty esters","Acyl carnitines",NA,NA,NA,NA,"C19 H35 N O4",341.25661,1.91,"[M+H]+1",5214.02999437466,4601.66561508586,4700.63734692464,233111.073705852,191886.356409498,193678.214685236,200743.464738345,141438.086331115,164154.680495497,182526.85166307
"hipos_Cysteinylglycine","Cysteinylglycine",1,1,"A",179.04802,6.296,"Match with Mass and RT only","Cys-Gly","Organic acids","Amino acids and peptides","Dipeptides","C5 H10 N2 O3 S",178.04121,-2.64,"[M+H]+1",15865.9945076512,15947.580264004,16278.7726050954,15583.3313329328,15813.1860759325,15575.2893907517,NA,NA,"Cysteinylglycine",1,1,"A",179.04866,5.178,"Match with Mass and RT only;No MS2","Cys-Gly","Organic acids","Amino acids and peptides","Dipeptides","439498","4047","C01419","ZUKPVRWZDMRIEO-VKHMYHEASA-N","C5 H10 N2 O3 S",178.04121,0.96,"[M+H]+1",4478.62863993678,3998.80813319047,4295.46286932881,715005.865385598,692083.849806892,715823.403189147,694041.54284957,713131.239838318,557599.207154362,681938.559397295
"hipos_Guanosine.Monophosphate","Guanosine Monophosphate",1,1,"A",364.06385,7.285,"Match with Mass and RT only","GMP","Nucleic acids","Purines","Purine rNMP","C10 H14 N5 O8 P",363.058,-3.84,"[M+H]+1",36702.1070923235,324276.927726674,36194.8969769285,497872.373683059,440888.980563904,437088.003380827,NA,NA,"Guanosine Monophosphate",1,1,"A",364.06633,6.363,"Confirmed ID (HIgh Confidence)","GMP","Nucleic acids","Purines","Purine rNMP","135398631","17345","C00144","RQFCJASXJCIDSX-UUOKFMHZSA-N","C10 H14 N5 O8 P",363.058,2.92,"[M+H]+1",4507.60461501711,3684.0442681731,4327.7397772281,1245155,1154000.33541244,906948.438449107,873694.870802449,880829.867296935,906619.802955146,805182.686725912
"hipos_O.Phosphorylethanolamine","O-Phosphorylethanolamine",1,1,"A",142.02612,7.598,"Match with Mass and RT only","Phosphoethanolamine","Organic acids","Phosphate esters","Phosphoethanolamines","C2 H8 N O4 P",141.01909,-1.77,"[M+H]+1",25057.0692801217,399328.554927168,25800.4151944107,2759619.4673295,33013.594371332,355655.936787963,NA,NA,"O-Phosphorylethanolamine",1,1,"A",142.02653,6.53,"Match with Mass and RT only;No MS2","Phosphoethanolamine","Organic acids","Phosphate esters","Phosphoethanolamines","1015","17553","C00346","SUHOOTKUPISOBE-UHFFFAOYSA-N","C2 H8 N O4 P",141.01909,1.16,"[M+H]+1",7387.01057366137,7201.24571073059,7285.91116550539,558888.52058681,1830564.80553928,3168207.94271282,5100741.5948415,6064021.44414847,6170107.49891169,6431233.30886025
"hineg_Aconitic.acid","Aconitic acid",1,1,"A",173.00856,6.87,"Confirmed ID (HIgh Confidence)","cis-Aconitic acid","Organic acids","TCA acids","TCA acids","C6 H6 O6",174.01644,-3.44,"[M-H]-1",42620.4862789333,54590.5590867858,35827.6143283897,38192.7279196352,194509.004224673,148564.621556466,37928.3839981733,40003.2603050374,"Aconitic acid",1,1,"A",173.00978,5.815,"Confirmed ID (HIgh Confidence)","cis-Aconitic acid","Organic acids","TCA acids","TCA acids","643757","32805","C00417","GTZCVFVGUGFEME-IWQZZHSRSA-N","C6 H6 O6",174.01644,3.54,"[M-H]-1",18455.463444363,56578.1684920428,36038.0429636875,1204133.36015029,1166893.85796655,1607962.37276486,1326700.2683679,1484650.1186019,1376607.19695525,1648857.01192897
"hineg_Adenosine.Monophosphate","Adenosine-Monophosphate",1,1,"A",346.05427,7.207,"Confirmed ID (HIgh Confidence)","AMP","Nucleic acids","Purines","Purine rNMP","C10 H14 N5 O7 P",347.06308,-4.42,"[M-H]-1",30148.0320972689,22787.8983394761,25065.8391049304,23845.6312539206,23121.2492770943,22557.7362658902,28021.1073118912,24322.3479350368,"Adenosine-Monophosphate",1,1,"A",346.05736,6.033,"Confirmed ID (HIgh Confidence)","AMP","Nucleic acids","Purines","Purine rNMP","6083","16027","C00020","UDMBCSSLTHHNCD-KQYNXXCUSA-N","C10 H14 N5 O7 P",347.06308,4.47,"[M-H]-1",4404.4460341772,4104.60254098017,4184.28021148454,7096718.80020725,9442295.65316401,6338938.80869675,6828119.21735017,8870236.19671018,6002753.73285787,7409449.20556458
"hineg_Alanyl.Alanine","Alanyl-Alanine",1,1,"A",159.07681,6.625,"Confirmed ID (HIgh Confidence)","Ala-Ala","Organic acids","Amino acids and peptides","Dipeptides","C6 H12 N2 O3",160.08479,-4.39,"[M-H]-1",25326.8791919112,18763.0868578722,21161.0195012948,19166.2567240535,19192.2721590019,18948.7652108558,22710.7022570982,20891.6578990499,"Alanyl-Alanine",1,1,"A",159.0782,5.353,"Match with Mass and RT only","Ala-Ala","Organic acids","Amino acids and peptides","Dipeptides","5484352","72816","C00993","DEFJQIDDEAULHB-IMJSIDKUSA-N","C6 H12 N2 O3",160.08479,4.29,"[M-H]-1",3308.62106667593,3059.17360030391,3130.26972109736,78626.9690430931,102519.973105459,71010.5933225847,78334.5718564938,87661.9524877223,79295.0303906896,86524.6740852297
"hineg_Alanyl.Threonine","Alanyl-Threonine",1,1,"A",189.0876,6.613,"Confirmed ID (HIgh Confidence)","Ala-Thr","Organic acids","Amino acids and peptides","Dipeptides","C7 H14 N2 O4",190.09536,-2.5,"[M-H]-1",23050.7718134982,17089.6056566679,18981.7024490882,17056.4192248624,17771.0708768332,17077.3689990434,20966.1508813637,19014.1404863836,"Alanyl-Threonine",1,1,"A",189.08882,5.355,"Match with Mass and RT only","Ala-Thr","Organic acids","Amino acids and peptides","Dipeptides","92284229","73762",NA,"BUQICHWNXBIBOG-LMVFSUKVSA-N","C7 H14 N2 O4",190.09536,3.91,"[M-H]-1",2950.3052829075,2727.87238321474,2791.26896340453,27311.4117835686,34670.3903775016,24609.1355986474,25953.8349970687,29413.2597058814,25901.3151650423,35776.0916331371
"hineg_Allantoin","Allantoin",1,1,"A",157.03592,4.727,"Confirmed ID (HIgh Confidence)","Allantoin","Organoheterocyclic compounds","Ureas","Ureides","C4 H6 N4 O3",158.04399,-5.03,"[M-H]-1",46449.5465095453,134038.600073801,56877.642538919,40854.7210606593,45253.4310471919,40148.3015149431,51129.8532099858,45905.5278691552,"Allantoin",1,1,"A",157.03729,4.194,"Confirmed ID (HIgh Confidence)","Allantoin","Organoheterocyclic compounds","Cyclic ureas","Ureides","439714","15678",NA,"POJWUDADGALRAB-SFOWXEAESA-N","C4 H6 N4 O3",158.04399,3.68,"[M-H]-1",12560.6243106418,26312.0894422358,8376.05610539924,3390010.91610153,3560546.30433644,3830571.23515387,3694977.81774094,3583774.35140115,3406997.48430554,3333228.56427519
"hineg_Aspartic.acid","Aspartic acid",1,1,"A",132.0296,7.244,"Confirmed ID (HIgh Confidence)","Aspartic acid","Organic acids","Amino acids and peptides","Amino acids","C4 H7 N O4",133.03751,-4.73,"[M-H]-1",26711.3661699222,21194.342267322,22208.5078232619,130691.423522039,86152.2182894413,103780.461311616,23817.2702534553,21667.3045361544,"Aspartic acid",1,1,"A",132.03066,6.048,"Confirmed ID (HIgh Confidence)","Aspartic acid","Organic acids","Amino acids and peptides","Amino acids","5960","17053","C00049","CKLJMWTZIZZHCS-REOHCLBHSA-N","C4 H7 N O4",133.03751,3.23,"[M-H]-1",21240.8154975579,66735.1796592904,45060.6123063115,6077750.36009677,6688305.70022491,6085692.61757085,6046210.7162773,6900402.19077757,6256383.6084441,6177790.56612138
"hineg_Carnosine","Carnosine",1,1,"A",225.09937,7.545,"Confirmed ID (HIgh Confidence)","Carnosine","Organic acids","Amino acids and peptides","Dipeptides","C9 H14 N4 O3",226.10659,0.24,"[M-H]-1",20203.8685475215,15867.2427047664,17790.081884792,16233.4414371675,16045.5746501718,15573.2964157657,18644.7515996807,16430.8552433914,"Carnosine",1,1,"A",225.10015,6.434,"Confirmed ID (HIgh Confidence)","Carnosine","Organic acids","Amino acids and peptides","Dipeptides","439224","15727","C00386","CQOVPNPJLQNMDC-ZETCQYMHSA-N","C9 H14 N4 O3",226.10659,3.68,"[M-H]-1",5266.72309622876,4190.08147075686,4077.23859721867,801848.679888902,815937.425493046,870063.002697439,744760.958144299,632785.189288955,624330.665402323,614739.326997211
"hineg_CDP.Ethanolamine","CDP-Ethanolamine",1,1,"A",445.05284,7.443,"Confirmed ID (HIgh Confidence)","CDP-Ethanolamine","Nucleic acids","Pyrimidines","Pyrimidine rNDP","C11 H20 N4 O11 P2",446.06038,-0.6,"[M-H]-1",17328.3567411939,13558.4598609735,14716.3775715542,13516.0576483045,13305.0097531674,13628.2464125958,16227.9704399393,14093.7076283348,"CDP-Ethanolamine",1,1,"A",445.05468,6.35,"Confirmed ID (HIgh Confidence)","CDP-Ethanolamine","Nucleic acids","Pyrimidines","Pyrimidine rNDP","123727","16732","C00570","WVIMUEUQJFPNDK-PEBGCTIMSA-N","C11 H20 N4 O11 P2",446.06038,3.54,"[M-H]-1",4023.47202260436,3662.52356004191,3578.85339080932,75126.6042856074,214547.2777095,7304.53862300354,365210.383416235,151746.819247294,87906.3409768147,489008.064023637
"hineg_Creatine","Creatine",1,1,"A",130.06152,7.084,"Confirmed ID (HIgh Confidence)","Creatine","Organic acids","Amino acids and peptides","Amino acids","C4 H9 N3 O2",131.06948,-5.21,"[M-H]-1",25306.0644903023,18940.2013823812,21346.8960046356,19361.0910184384,19110.1113346198,18966.1715085951,23199.6405268676,19799.2296541319,"Creatine",1,1,"A",130.06273,5.877,"Confirmed ID (HIgh Confidence)","Creatine","Organic acids","Amino acids and peptides","Amino acids","586","16919","C00300","CVSVTCORWBXHQV-UHFFFAOYSA-N","C4 H9 N3 O2",131.06948,3.82,"[M-H]-1",4615.64124635216,4574.69097001762,4378.16941746151,485829.414402971,492799.666991282,574427.657801156,494347.704113339,561556.294831455,555547.009745501,612035.996419095
"hineg_Cysteinylglycine","Cysteinylglycine",1,1,"A",177.03332,6.288,"Confirmed ID (HIgh Confidence)","Cys-Gly","Organic acids","Amino acids and peptides","Dipeptides","C5 H10 N2 O3 S",178.04121,-3.45,"[M-H]-1",20542.5104282681,16036.9110673295,17379.7971108347,15813.7722561814,15167.2197848897,15707.2149075164,18837.0330720438,17011.0164889153,"Cysteinylglycine",1,1,"A",177.03455,5.199,"Match with Mass and RT only","Cys-Gly","Organic acids","Amino acids and peptides","Dipeptides","439498","4047","C01419","ZUKPVRWZDMRIEO-VKHMYHEASA-N","C5 H10 N2 O3 S",178.04121,3.48,"[M-H]-1",3949.10567278501,3206.37932353565,2869.08160677837,317515.975156037,281583.765628217,296380.222043162,199690.581344662,243462.168365984,293849.705860392,257916.955812814
"hineg_Cytidine.Monophosphate","Cytidine Monophosphate",1,1,"A",322.04352,7.382,"Confirmed ID (HIgh Confidence)","CMP","Nucleic acids","Pyrimidines","Pyrimidine rNMP","C9 H14 N3 O8 P",323.05185,-3.27,"[M-H]-1",48382.240525506,37861.5055546164,40565.6476804213,37922.0342701666,37693.4208125097,37070.0220437571,44542.0452092922,39657.0693232312,"Cytidine Monophosphate",1,1,"A",322.04543,6.171,"Confirmed ID (HIgh Confidence)","CMP","Nucleic acids","Pyrimidines","Pyrimidine rNMP","6131","17361","C00055","IERHLVCPSMICTF-XVFCMESISA-N","C9 H14 N3 O8 P",323.05185,2.65,"[M-H]-1",7136.12651764298,7581.94599567101,7374.23392033966,1010789.09450056,996082.82046432,911808.562754029,1054149.32765264,716856.922602766,1189961.50032899,865365.91961875
"hineg_Eicosenoic.acid","Eicosenoic acid",1,1,"A",309.27924,0.939,"Confirmed ID (HIgh Confidence)","Eicosenoic acid","Fatty Acyls","Fatty acids","Unsaturated FA","C20 H38 O2",310.28718,-2.14,"[M-H]-1",21568.1731998405,20598.0285725376,38360.6633137947,19696.5497278571,20187.5712132938,32737.946115624,25327.8697909676,20387.0322275156,"Eicosenoic acid",1,1,"A",309.28045,0.964,"Match with Mass and RT only","Eicosenoic acid","Fatty Acyls","Fatty acids","Unsaturated FA",NA,NA,NA,NA,"C20 H38 O2",310.28718,1.89,"[M-H]-1",167051.138773575,570529.511728607,526071.723082223,621157.276904174,666619.436065086,925980.209335764,595901.552094712,778108.304096667,706013.219479936,696933.897599169
"hineg_Glutamic.acid","Glutamic acid",1,1,"A",146.04517,7.179,"Confirmed ID (HIgh Confidence)","Glutamic acid","Organic acids","Amino acids and peptides","Amino acids","C5 H9 N O4",147.05316,-4.81,"[M-H]-1",23582.4427252991,293713.305943345,24563.9734513915,292979.053308604,187952.90092738,103165.857698399,21918.7161586576,21475.9061355585,"Glutamic acid",1,1,"A",146.04662,5.93,"Confirmed ID (HIgh Confidence)","Glutamic acid","Organic acids","Amino acids and peptides","Amino acids","33032","16015","C00025","WHUUTDBJXJRKMK-VKHMYHEASA-N","C5 H9 N O4",147.05316,4.15,"[M-H]-1",3473.39673460372,3592.68111719336,3816.43925629903,9672755.21628203,11575559.834395,9113482.14731386,9818210.85880538,9407565.99334451,9352403.91550945,9091873.45103755
"hineg_Glutamine","Glutamine",1,1,"A",145.06115,7.26,"Confirmed ID (HIgh Confidence)","Glutamine","Organic acids","Amino acids and peptides","Amino acids","C5 H10 N2 O3",146.06914,-4.88,"[M-H]-1",24535.549355573,109747.092604765,19937.9179569501,110552.326214181,139904.750288546,169426.726523688,21877.1966248844,27543.3970828035,"Glutamine",1,1,"A",145.06266,6.06,"Confirmed ID (HIgh Confidence)","Glutamine","Organic acids","Amino acids and peptides","Amino acids","5961","18050","C00064","ZDXPYRJPNDTMRX-VKHMYHEASA-N","C5 H10 N2 O3",146.06914,5.4,"[M-H]-1",4516.37033522818,17118.5197322565,4622.27892619268,6518371.10231733,7591782.72786824,6162831.64622864,7202747.08185608,7761712.55713857,6406899.14583013,4859407.52535878
"hineg_Glycylvaline","Glycylvaline",1,1,"A",173.09251,6.465,"Confirmed ID (HIgh Confidence)","Gly-Val","Organic acids","Amino acids and peptides","Dipeptides","C7 H14 N2 O3",174.10044,-3.76,"[M-H]-1",28268.0794411259,22115.8566412026,25034.0748507698,21375.5260127064,21400.8710672015,21581.3647513051,25904.3031050863,23554.5444924603,"Glycylvaline",1,1,"A",173.09381,5.252,"Confirmed ID (HIgh Confidence)","Gly-Val","Organic acids","Amino acids and peptides","Dipeptides","2724807","73922",NA,"STKYPAFSDFAEPH-LURJTMIESA-N","C7 H14 N2 O3",174.10044,3.74,"[M-H]-1",12918.3624516475,5380.72920668787,12243.8541879825,73775.9009533509,100286.512647736,76513.2563682201,75433.372668248,107327,72292.9019379302,95369.3854544382
"hineg_Guanine","Guanine",1,1,"A",150.04142,5.73,"Confirmed ID (HIgh Confidence)","Guanine","Nucleic acids","Purines","Hypoxanthines","C5 H5 N5 O",151.04941,-4.7,"[M-H]-1",35375.7410933214,26804.3161711358,29476.2003088748,27175.3913834478,26484.2939526267,26690.3325877978,29978.3038007969,27629.8360818207,"Guanine",1,1,"A",150.04272,4.698,"Confirmed ID (HIgh Confidence)","Guanine","Nucleic acids","Purines","Hypoxanthines","135398634","16235","C00242","UYTPUPDQBNUYGX-UHFFFAOYSA-N","C5 H5 N5 O",151.04941,3.9,"[M-H]-1",7166.86802279829,6952.75868525001,4944.65733218284,667621,654490.078389657,623040.391003224,650206.210437726,628453.460488496,582619.232809258,589782.756472084
"hineg_Guanosine.Monophosphate","Guanosine Monophosphate",1,1,"A",362.04926,7.385,"Confirmed ID (HIgh Confidence)","GMP","Nucleic acids","Purines","Purine rNMP","C10 H14 N5 O8 P",363.058,-4.02,"[M-H]-1",26835.6217670789,21297.5352691955,22662.4543107613,20976.5674554838,20810.5257965543,20502.8697778629,24876.5359932614,21896.0761172901,"Guanosine Monophosphate",1,1,"A",362.05217,6.336,"Confirmed ID (HIgh Confidence)","GMP","Nucleic acids","Purines","Purine rNMP","135398631","17345","C00144","RQFCJASXJCIDSX-UUOKFMHZSA-N","C10 H14 N5 O8 P",363.058,3.99,"[M-H]-1",4570.43763379552,3367.67378561167,3645.18108683262,315569.285423321,399503.676042309,254873.206163324,373506.728232132,348634.403647425,325056.005552849,542618.92834204
"hineg_Hypoxanthine","Hypoxanthine",1,1,"A",135.03056,3.769,"Confirmed ID (HIgh Confidence)","Hypoxanthine","Nucleic acids","Purines","Hypoxanthines","C5 H4 N4 O",136.03851,-4.93,"[M-H]-1",123085.586593657,18454158.3495276,12712897.2304716,17659133.1048689,16972972.5241287,18618841.6793908,16566449.1014645,12104546.5541232,"Hypoxanthine",1,1,"A",135.0315,3.725,"Confirmed ID (HIgh Confidence)","Hypoxanthine","Nucleic acids","Purines","Hypoxanthines","135398638","17368","C00262","FDGQSTZJBFJUBT-UHFFFAOYSA-N","C5 H4 N4 O",136.03851,1.96,"[M-H]-1",339941.980379322,236549.219304855,124351.643458088,16511100.4892803,19231467.1644899,18800566.4482532,19309740.7228417,20552844.0014545,18654106.0827399,17976575.8163386
"hineg_Inosine","Inosine",1,1,"A",267.07355,5.314,"Confirmed ID (HIgh Confidence)","Inosine","Nucleic acids","Purines","Purine ribonucleosides","C10 H12 N4 O5",268.08077,0.22,"[M-H]-1",56334.7875733954,43869.3311572516,45915.111179845,43482.4901294654,43093.3543433978,43397.8903332743,49021.9042110958,45877.0141742522,"Inosine",1,1,"A",267.07428,4.505,"Confirmed ID (HIgh Confidence)","Inosine","Nucleic acids","Purines","Purine ribonucleosides","135398641","17596","C00294","UGQMRVRMYYASKQ-KQYNXXCUSA-N","C10 H12 N4 O5",268.08077,2.93,"[M-H]-1",12784.8083412114,9368.81592569247,7082.19791989027,5641593.81694657,3653150.95260192,6786686.00332347,6020023.48588563,7151481.49801664,6254288.16461675,6157107.45487924
"hineg_Leucine.Isoleucine","Leucine/Isoleucine",1,1,"A",130.08667,6.159,"Confirmed ID (HIgh Confidence)","Leucine/Isoleucine","Organic acids","Amino acids and peptides","Amino acids","C6 H13 N O2",131.09463,-5.23,"[M-H]-1",35872.4489060942,4696076.46229995,173162.67621684,5215988.79491323,6297834.99552829,6080045.6895381,178952.071629796,140018.315282755,"Leucine/Isoleucine",1,1,"A",130.08771,4.997,"Confirmed ID (HIgh Confidence)","Leucine/Isoleucine","Organic acids","Amino acids and peptides","Amino acids",NA,NA,NA,NA,"C6 H13 N O2",131.09463,2.76,"[M-H]-1",1709180.51442288,1837309.64208819,1733423.99844633,8225308.68383304,10669885.4985956,10240314.7827326,12899818.6894315,10933668.973944,10701774.1667539,10785679.1462066
"hineg_Leucyl.Alanine","Leucyl-Alanine",1,1,"A",201.12401,5.388,"Confirmed ID (HIgh Confidence)","Leu-Ala","Organic acids","Amino acids and peptides","Dipeptides","C9 H18 N2 O3",202.13174,-2.27,"[M-H]-1",29989.8898613469,22870.7563247222,24133.6545428773,23147.9543289449,23016.2962634121,23627.9732248054,26096.8678752692,23914.224723571,"Leucyl-Alanine",1,1,"A",201.12517,4.62,"Confirmed ID (HIgh Confidence)","Leu-Ala","Organic acids","Amino acids and peptides","Dipeptides","81721","73527",NA,"HSQGMTRYSIHDAC-BQBZGAKWSA-N","C9 H18 N2 O3",202.13174,3.5,"[M-H]-1",7319.15915210971,6360.38726656673,6585.77835730777,259923.381302079,270995.096701599,291321.438660442,248884.759919425,265990.41310646,203195.467975754,199962.696643531
"hineg_Lumichrome","Lumichrome",1,1,"A",241.07302,1.396,"Confirmed ID (HIgh Confidence)","Lumichrome","Organoheterocyclic compounds","Alloxazines and isoalloxazines","Flavins","C12 H10 N4 O2",242.08038,-0.33,"[M-H]-1",26003.1600418194,23116.6527197268,25274.7089966279,65284.8557500372,124700.820519123,453977.204035329,24756.3207368019,24657.5943057922,"Lumichrome",1,1,"A",241.07372,1.591,"Confirmed ID (HIgh Confidence)","Lumichrome","Organoheterocyclic compounds","Alloxazines and isoalloxazines","Flavins","5326566","17781","C01727","ZJTJUVIJVLLGSP-UHFFFAOYSA-N","C12 H10 N4 O2",242.08038,2.56,"[M-H]-1",14098.9999570997,14678.3717962234,13611.006365386,10505278.8969213,9935136.03143663,10840433.0183336,10195841.4004225,11495237.1208341,7242583.18790897,10550005.6666251
"hineg_Myristic.acid","Myristic acid",1,1,"A",227.20139,0.986,"Confirmed ID (HIgh Confidence)","Myristic acid","Fatty Acyls","Fatty acids","Saturated FA","C14 H28 O2",228.20893,-1.14,"[M-H]-1",1602874.50097374,1877551.0755284,4083674.28543339,1788664.77456149,1986652.00930393,5746869.76820732,5450329.32880796,2964917.50118438,"Myristic acid",1,1,"A",227.20203,0.971,"Not in Internal DB. MS/MS match only","Myristic acid","Fatty Acyls","Fatty acids","Saturated FA","11005","28875","C06424","TUNFSRHWOTWDNC-UHFFFAOYSA-N","C14 H28 O2",228.20893,1.65,"[M-H]-1",99164806.7872851,170763046.357853,232406520.868345,197438159.180836,262796931.701386,303418423.534716,278872276.605093,319260976.398411,294309463.511154,157581475.000885
"hineg_N.Acetylmethionine","N-Acetylmethionine",1,1,"A",190.05386,4.198,"Confirmed ID (HIgh Confidence)","N-Acetylmethionine","Organic acids","Amino acids and peptides","Amino acids","C7 H13 N O3 S",191.06161,-2.51,"[M-H]-1",62596.9282327556,56799.6551008226,59116.7818704758,55610.2840029197,55584.5823386566,56236.0893690824,60895.3133995238,58365.2229878401,"N-Acetylmethionine",1,1,"A",190.05494,4.195,"Confirmed ID (HIgh Confidence)","N-Acetylmethionine","Organic acids","Amino acids and peptides","Amino acids","448580","21557","C02712","XUYPXLNMDZIRQH-LURJTMIESA-N","C7 H13 N O3 S",191.06161,3.14,"[M-H]-1",3956.63690985187,3277.4815721183,3209.45591334184,198989.835186635,199081.835668676,209223.525625481,205278.867960564,195417.498684927,208949.60385579,181136.031904354
"hineg_Nervonate","Nervonate",1,1,"A",365.34126,0.927,"Confirmed ID (HIgh Confidence)","Nervonic acid","Fatty Acyls","Fatty acids","Unsaturated FA","C24 H46 O2",366.34978,-3.4,"[M-H]-1",22151.0361566199,20869.7418721111,22381.1490202587,20634.0787770962,21172.2852756333,21579.2696630347,22345.8428306444,21381.47564578,"Nervonate",1,1,"A",365.34317,0.96,"Match with Mass and RT only;No MS2","Nervonic acid","Fatty Acyls","Fatty acids","Unsaturated FA","5281120","44247","C08323","GWHCXVQVJPWHRF-KTKRTIGZSA-N","C24 H46 O2",366.34978,2.27,"[M-H]-1",552447.975790894,583255.448329478,770691.878388875,347019.165786416,199477.654851496,348932.223785935,256065.193529572,235726.977917485,781696.75884584,171529.351179289
"hineg_O.Phosphorylethanolamine","O-Phosphorylethanolamine",1,1,"A",140.01115,7.589,"Confirmed ID (HIgh Confidence)","Phosphoethanolamine","Organic acids","Phosphate esters","Phosphoethanolamines","C2 H8 N O4 P",141.01909,-4.7,"[M-H]-1",33376.5155256037,109013.48748641,28674.8552493751,38247.6135632576,243711.255008872,38418.4383946022,30869.4967182956,27418.1756483912,"O-Phosphorylethanolamine",1,1,"A",140.01233,6.516,"Not in Internal DB. MS/MS match only","Phosphoethanolamine","Organic acids","Phosphate esters","Phosphoethanolamines","1015","17553","C00346","SUHOOTKUPISOBE-UHFFFAOYSA-N","C2 H8 N O4 P",141.01909,3.66,"[M-H]-1",9374.45282584975,7789.29817414003,8169.67355895983,7237141.13652806,7321044.95852895,7468397.51536204,7451071.10191897,7288421.5516885,7510771.07726778,7736621.41499752
"hineg_p.Cresol.sulfate","p-Cresol sulfate",1,1,"A",187.00666,0.718,"Confirmed ID (HIgh Confidence)","p-Cresol sulfate","Organic acids","Arylsulfates","Phenylsulfates","C7 H8 O4 S",188.01433,-2.1,"[M-H]-1",25423.1245789324,22416.6369742908,24187.9383555578,22893.0245284662,22027.2535049497,33691.4008860186,24328.7239380135,22852.7126032059,"p-Cresol sulfate",1,1,"A",187.00725,0.67,"Not in Internal DB. MS/MS match only","p-Cresol sulfate","Organic acids","Arylsulfates","Phenylsulfates","4615423","82914",NA,"WGNAKZGUSRVWRH-UHFFFAOYSA-N","C7 H8 O4 S",188.01433,1.07,"[M-H]-1",2786195.82065276,4180613.6680971,4117895.80154311,342256820.828057,322828674.378978,333309085.28752,341276089.879221,318986381.801782,348555739.597827,319040034.213917
"hineg_Phenol.sulfate","Phenol sulfate",1,1,"A",172.99071,0.692,"Confirmed ID (HIgh Confidence)","Phenyl hydrogen sulfate","Polyketides","Phenolic acids","Phenolic acids","C6 H6 O4 S",173.99868,-4.01,"[M-H]-1",26229.0621675465,22848.1133567821,24930.4929109762,22882.0437556326,22703.4763889764,30734.4273271429,24510.6332175529,23368.8345380076,"Phenol sulfate",1,1,"A",172.99167,0.666,"Not in Internal DB. MS/MS match only","Phenyl hydrogen sulfate","Benzenoids","Benzenes","Hydroxybenzoic acids","74426","27905","C00850","CTYRPMDGLDAWRQ-UHFFFAOYSA-N","C6 H6 O4 S",173.99868,1.54,"[M-H]-1",2883710.74574177,3113120.40312874,4262019.30414665,18557428.7956709,17424177,16885909.5072673,18869014.0243712,17298151.1841968,18690146.9997809,15284603.9042115
"hineg_Phenylalanine","Phenylalanine",1,1,"A",164.07098,6.131,"Confirmed ID (HIgh Confidence)","Phenylalanine","Organic acids","Amino acids and peptides","Amino acids","C9 H11 N O2",165.07898,-4.38,"[M-H]-1",32037.1829181641,457240.1211203,2438032.84957487,330061.117117564,235584.339745345,257946.950848497,2308521.96923391,2069072.60336401,"Phenylalanine",1,1,"A",164.0723,4.956,"Confirmed ID (HIgh Confidence)","Phenylalanine","Organic acids","Amino acids and peptides","Amino acids","6140","17295","C00079","COLNVLDHVKWLRT-QMMMGPOBSA-N","C9 H11 N O2",165.07898,3.62,"[M-H]-1",75776.7523608275,70828.3781196473,62083.7477465669,4127910.82002809,5379188.60773072,5077479.86304456,5592831.79497847,5492965.24648573,5217007.92485617,5540365.53461371
"hineg_Proline","Proline",1,1,"A",114.05553,6.616,"Confirmed ID (HIgh Confidence)","Proline","Organic acids","Amino acids and peptides","Amino acids","C5 H9 N O2",115.06333,-4.56,"[M-H]-1",27364.4227858155,194372.283529716,23652.6158223846,289628.686038104,255068.903335735,339996.355872605,24889.6922650055,22572.3886118904,"Proline",1,1,"A",114.0564,5.477,"Match with Mass and RT only","Proline","Organic acids","Amino acids and peptides","Amino acids","145742","17203","C00148","ONIBWKKTOPOVIA-BYPYZUCNSA-N","C5 H9 N O2",115.06333,3.05,"[M-H]-1",153181.844175258,144422.906000148,138981.623494219,547541.235888816,623287.94157386,549332.84812777,691914.728142523,789558.162450637,700496.634645053,855816.638449043
"hineg_Pseudouridine","Pseudouridine",1,1,"A",243.06222,5.771,"Confirmed ID (HIgh Confidence)","Pseudouridine","Nucleic acids","Pyrimidines","Pyrimidine ribonucleosides","C9 H12 N2 O6",244.06954,-0.14,"[M-H]-1",31722.3834433584,77109.7235586967,26483.6643783505,77346.4602355698,69415.9875838699,77567.4740137257,26686.9682356441,25076.2061275257,"Pseudouridine",1,1,"A",243.06302,4.811,"Confirmed ID (HIgh Confidence)","Pseudouridine","Nucleic acids","Pyrimidines","Pyrimidine ribonucleosides","15047","17802","C02067","PTJWIQPHWPFNBW-GBNDHIKLSA-N","C9 H12 N2 O6",244.06954,3.1,"[M-H]-1",4673.10038919184,4784.42177462805,4520.30740186686,603870.331932886,785126.985788045,880530.617585234,918822.683019942,801068.851663812,621851.867260315,621845.44719277
"hineg_Pyruvic.acid","Pyruvic acid",1,1,"A",87.00835,1.767,"Confirmed ID (HIgh Confidence)","Pyruvic acid","Organic acids","Short-chain acids","Short-chain acids","C3 H4 O3",88.01604,-4.69,"[M-H]-1",8084516.7515238,5927304.39277271,3082502.86102947,3702474.09914512,3490641.43565143,5734072.68311086,6206379.96768065,2615731.5042236,"Pyruvic acid",1,1,"A",87.00893,5.975,"Match with Mass and RT only;No MS2","Pyruvic acid","Organic acids","Short-chain acids","Short-chain acids","1060","32816","C00022","LCTONWCANYUPML-UHFFFAOYSA-N","C3 H4 O3",88.016044,1.79,"[M-H]-1",4680.23881680916,5752.57249775496,6266.24899583726,57778182.261332,64228016.1130849,59383338.5407462,56356305.0166271,60643275.9255061,64161277.1603342,62260312.2276326
"hineg_Serine","Serine",1,1,"A",104.03488,7.289,"Confirmed ID (HIgh Confidence)","Serine","Organic acids","Amino acids and peptides","Amino acids","C3 H7 N O3",105.04259,-4.18,"[M-H]-1",24006.3542681247,18471.3245712209,20335.137392446,18545.5466218663,18627.2269200518,18107.5841965841,21813.5021973716,19685.5078431658,"Serine",1,1,"A",104.03563,6.082,"Confirmed ID (HIgh Confidence)","Serine","Organic acids","Amino acids and peptides","Amino acids","5951","17115","C00065","MTCFGRXMJLQNBG-REOHCLBHSA-N","C3 H7 N O3",105.04259,2.96,"[M-H]-1",12872.3050458087,7287.58040382846,6353.04467279622,626184.764366838,571227.320311693,512749.373057969,502459.653457243,505122.957307547,473023.233433099,436227.246629186
"hineg_Stearic.acid","Stearic acid",1,1,"A",283.26376,0.951,"Confirmed ID (HIgh Confidence)","Stearic acid","Fatty Acyls","Fatty acids","Saturated FA","C18 H36 O2",284.27153,-1.74,"[M-H]-1",28515816.2617973,26622386.9359199,55904304.2053513,26398920.2971977,24241524.6641364,23650532.7768231,70768098.3850642,47062417.5819634,"Stearic acid",1,1,"A",283.26453,0.968,"Not in Internal DB. MS/MS match only","Stearic acid","Fatty Acyls","Fatty acids","Saturated FA","5281","28842","C01530","QIQXTHQIDYTFRH-UHFFFAOYSA-N","C18 H36 O2",284.27153,0.98,"[M-H]-1",54919357.4069932,61847001.6633069,78072551.4529407,142627031.92301,159834075.766879,199081250.973596,156083761.870839,181404997.286909,169399165.68601,158150289.05445
"hineg_Succinic.acid","Succinic acid",1,1,"A",117.0188,6.844,"Confirmed ID (HIgh Confidence)","Succinic acid","Organic acids","TCA acids","TCA acids","C4 H6 O4",118.02661,-4.48,"[M-H]-1",38842.6117634998,1697111.10575617,1276542.37797588,2144882.8339348,2017125.24148913,1939367.70323386,1834616.49587361,1350988.78316184,"Succinic acid",1,1,"A",117.01957,5.641,"Match with Mass and RT only","Succinic acid","Organic acids","TCA acids","TCA acids","1110","15741","C00042","KDYFGRWQOYBRFD-UHFFFAOYSA-N","C4 H6 O4",118.02661,2.01,"[M-H]-1",12316357.8471426,13668840.7570504,12526591.9675636,36551180.7954815,33496214.3891071,35254304.3745314,35810352.6933319,32888552.234052,35807194.7978058,33890730.2133809
"hineg_Sugars.Alcohol.Hexoses","Sugars-Alcohol-Hexoses",1,1,"A",181.07116,6.162,"Confirmed ID (HIgh Confidence)","Ex. Mannitol, Sorbitol, Galactitol","Carbohydrates","Monosaccharides","Sugar alcohols","C6 H14 O6",182.07904,-3.33,"[M-H]-1",29713.7947920828,22989.5859382177,25651.2665088373,22867.9023505159,22402.5449795553,22415.9874440091,27326.0109576932,24121.4290824023,"Sugars-Alcohol-Hexoses",1,1,"A",181.07233,5.139,"Confirmed ID (HIgh Confidence)","-","Carbohydrates","Monosaccharides","Sugar alcohols",NA,NA,NA,NA,"C6 H14 O6",182.07904,3.11,"[M-H]-1",6305.8130497182,4941.84235950372,4561.10015441966,3823085.49424577,5452596.96567466,4828372.41114804,4901356.90087141,5567340.72834542,4533242.22329447,4619392.81012573
"hineg_Sugars.Hexoses.Phosphate","Sugars-Hexoses-Phosphate",1,1,"A",259.02239,7.524,"Confirmed ID (HIgh Confidence)","Ex. Glucose 6-phosphate, Mannose6-phosphate, Galactose 6-phosphate","Carbohydrates","Monosaccharides","Monosaccharide phosphates","C6 H13 O9 P",260.02972,-0.2,"[M-H]-1",27969.2527512888,22431.7069058489,24627.7239198782,22472.7866107148,22212.7129700307,21558.9139574324,26228.9081313602,22746.0766803806,"Sugars-Hexoses-Phosphate",1,1,"A",259.02332,6.328,"Confirmed ID (HIgh Confidence)","-","Carbohydrates","Monosaccharides","Hexose phosphates",NA,NA,NA,NA,"C6 H13 O9 P",260.02972,3.37,"[M-H]-1",5265.04630780899,3879.48810409982,4199.17057408465,317183,289550.111570759,358413.575531594,390800.2755127,354681.588786385,435027.765316608,473011.286213028
"hineg_Taurine","Taurine",1,1,"A",124.00673,6.468,"Confirmed ID (HIgh Confidence)","Taurine","Organic acids","Sulfonic acids","Sulfonic acids","C2 H7 N O3 S",125.01466,-5.3,"[M-H]-1",31019.1088407796,667994.443576833,902548.159748169,525011.496388066,886007.61685335,588894.717041631,735229.361859099,906071.818009394,"Taurine",1,1,"A",124.00761,5.325,"Confirmed ID (HIgh Confidence)","Taurine","Organic acids","Sulfonic acids","Sulfonic acids","1123","15891","C00245","XOAAWQZATWQOTB-UHFFFAOYSA-N","C2 H7 N O3 S",125.01466,1.78,"[M-H]-1",6819.98966636866,11039.1584053765,5963.84831331036,42798739.7500424,48911387.3004588,44848763.0129856,42736206.659701,49029859.1550099,52097129.900721,50659630.2504955
"hineg_Threonine","Threonine",1,1,"A",118.05048,7.1,"Confirmed ID (HIgh Confidence)","Threonine","Organic acids","Amino acids and peptides","Amino acids","C4 H9 N O3",119.05824,-4.12,"[M-H]-1",38738.2982809323,29271.1155346619,32677.6384023091,29637.7858044249,29253.5883383218,29033.2465338035,36228.9101724441,31367.5416892693,"Threonine",1,1,"A",118.05129,5.846,"Confirmed ID (HIgh Confidence)","Threonine","Organic acids","Amino acids and peptides","Amino acids","6288","16857","C00188","AYFVYJQAPQTCCC-GBXIJSLDSA-N","C4 H9 N O3",119.05824,2.71,"[M-H]-1",349356.642697379,311013.040107864,339489.690784017,1177900.41353108,1215353.44612732,1156287.18244243,1153080.56776101,1227646.92572722,1036900.29917593,1154495.81512751
"hineg_Uracil","Uracil",1,1,"A",111.0195,1.774,"Confirmed ID (HIgh Confidence)","Uracil","Nucleic acids","Pyrimidines","Other pyrimidines","C4 H4 N2 O2",112.02728,-4.43,"[M-H]-1",10211434.7142925,6403729.80346693,2507047.81771922,9256207.56994707,6846630.52568009,6638776.86892096,5862583.15451155,5441888.6923271,"Uracil",1,1,"A",111.0203,1.941,"Confirmed ID (HIgh Confidence)","Uracil","Nucleic acids","Pyrimidines","Other pyrimidines","1174","17568","C00106","ISAKRJDGNUQOIC-UHFFFAOYSA-N","C4 H4 N2 O2",112.02728,2.63,"[M-H]-1",12735489.3173878,12344801.782929,12004977.2411612,39872873.7547461,42981244.6176742,41595671.7454823,42915024.7939859,42974289.0881728,40357764.5366029,40439979.2543243
"hineg_Uridine.Diphosphate.Glucose","Uridine Diphosphate Glucose",1,1,"A",565.04547,7.355,"Confirmed ID (HIgh Confidence)","UDP-glucose","Nucleic acids","Pyrimidines","Pyrimidine rNDP","C15 H24 N2 O17 P2",566.05502,-4.01,"[M-H]-1",22353.8764559813,17906.7845613418,18755.8435008517,17569.1808589132,17496.611549077,17170.481526918,20140.6237808169,18029.2151949523,"Uridine Diphosphate Glucose",1,1,"A",565.04874,6.213,"Confirmed ID (HIgh Confidence)","UDP-glucose","Nucleic acids","Pyrimidines","Pyrimidine rNDP","53477679","167608","C00029","HSCJRCZFDFQWRP-LPTOLDDLSA-N","C15 H24 N2 O17 P2",566.05502,1.76,"[M-H]-1",4764.24526272022,3636.29287032276,7491.099449043,942684.886752437,778808.867601594,1047047.83515961,926493.443006295,961457.043233073,1013965.11521213,1027038.82795694
"hineg_Valine","Valine",1,1,"A",116.07119,6.539,"Confirmed ID (HIgh Confidence)","Valine","Organic acids","Amino acids and peptides","Amino acids","C5 H11 N O2",117.07898,-4.36,"[M-H]-1",32242.671449083,236686.306752054,27368.002256404,322475.583316982,234713.870800728,322546.65921625,117788.103486531,26543.3767136828,"Valine",1,1,"A",116.072,5.38,"Confirmed ID (HIgh Confidence)","Valine","Organic acids","Amino acids and peptides","Amino acids","6287","16414","C00183","KZSNJWFQEVHDMF-BYPYZUCNSA-N","C5 H11 N O2",117.07898,2.52,"[M-H]-1",650308.763198813,639283.510088177,572990.650376415,3209877.99597173,3985524.43388984,3889525.236281,4325594.6849305,4756313.4591892,4592418.83257937,5009548.36587865
"hineg_1.Dodecanesulfonic.acid","1-Dodecanesulfonic acid",1,1,"A",249.15299,0.815,"Not in Internal DB. MS/MS match only","-","Organic acids","Organosulfonic acids","Organosulfonic acids","C12 H26 O3 S",250.16027,0.01,"[M-H]-1",27341.3321895577,23744.6452465774,24879.013036246,23706.8744013698,23842.7859233951,32886.6451713869,25435.1915822468,24151.9412722101,"1-Dodecanesulfonic acid",1,1,"A",249.15346,0.821,"Confirmed ID (HIgh Confidence)","-",NA,NA,NA,"-","-","-","-","C12 H26 O3 S",250.16027,1.52,"[M-H]-1",2530190.81615651,3378428.90934995,3719582.81640175,1620352.41475253,1706029,1956494,1755999,1866689,2170710,1890678
"hineg_5.5.Dimethylhydantoin","5,5-Dimethylhydantoin",1,1,"A",127.05073,7.257,"Not in Internal DB. MS/MS match only","-",NA,NA,NA,"C5 H8 N2 O2",128.05858,-4.42,"[M-H]-1",24115.7610140132,21310.6233108742,19596.7922950785,18522.3855829512,20199.3676513122,18541.8841517077,144051.31065408,35915.2357851242,"5,5-Dimethylhydantoin",1,1,"A",127.05173,6.057,"Not in Internal DB. MS/MS match only","-",NA,NA,NA,"-","-","-","-","C5 H8 N2 O2",128.05858,3.26,"[M-H]-1",33696.7790858555,37707.5266873474,35662.245246439,772352.812230913,715803.97616968,803355.933314625,743019.37490442,770046.645787978,653216.452115248,688226.959264399
"hineg_Cholesterol.sulfate","Cholesterol sulfate",1,1,"A",465.30449,0.681,"Not in Internal DB. MS/MS match only","Cholesterol sulfate","Sterol Lipids","Sterols","Cholesterols","C27 H46 O4 S",466.31168,0.18,"[M-H]-1",32674.5759962558,48008.6245265323,30842.5068008885,79762.9643871041,44252.1711835292,67744.4241486196,56063.221453154,39154.7147823085,"Cholesterol sulfate",1,1,"A",465.30475,0.666,"Not in Internal DB. MS/MS match only","Cholesterol sulfate","Sterol Lipids","Sterols","Cholesterols","65076","41321","C18043","BHYOQNUELFTYRT-DPAQBDIFSA-N","C27 H46 O4 S",466.31168,0.74,"[M-H]-1",2305778.03276604,3099102.17635925,3407855.83340409,16093574.4830953,17172333.496712,12373111.2918757,14217400.7718124,12050114.7562096,15031484.4883554,13390815.611984
"hineg_Dodecyl.sulfate","Dodecyl sulfate",1,1,"A",265.14796,0.683,"Not in Internal DB. MS/MS match only","Blasticidin S","Carbohydrates","Monosaccharides","Sugar acids","C12 H26 O4 S",266.15518,0.2,"[M-H]-1",4749156.28320545,5899687.73929699,6032464.6868304,5929839.64178815,5702925.9054812,5765329.10987035,7029711.595479,6008987.83805023,"Dodecyl sulfate",1,1,"A",265.14801,0.663,"Not in Internal DB. MS/MS match only","Blasticidin S","Carbohydrates","Monosaccharides","Sugar acids","439625","182497","C02010","CXNPLSGKWMLZPZ-LBLJTAPMSA-N","C12 H26 O4 S",266.15518,0.39,"[M-H]-1",274111414.489934,296167296.294331,248136613.396816,365754971.176717,376612533.309159,341992299.308901,373566043.562759,344383932.34949,363968538.62106,316684762.769376
"hineg_Orotidine","Orotidine",1,1,"A",287.05192,6.254,"Not in Internal DB. MS/MS match only","Orotidine","Nucleic acids","Pyrimidines","Pyrimidine ribonucleosides","C10 H12 N2 O8",288.05937,-0.57,"[M-H]-1",32061.102659924,25029.1245499477,28514.152889196,24697.4019521504,24421.1602410996,24714.9445721509,29429.824957799,26321.8354093399,"Orotidine",1,1,"A",287.05308,5.258,"Not in Internal DB. MS/MS match only","Orotidine","Nucleic acids","Pyrimidines","Pyrimidine ribonucleosides","92751","25722","C01103","FKCRAVPPBFWEJD-XVFCMESISA-N","C10 H12 N2 O8",288.05937,3.46,"[M-H]-1",4108.24954419025,3602.13048623582,3143.8125528334,30975.8467484963,45694.7768075847,42371.7359139557,41640.3015583694,74914.8026762219,49164.4642600098,56537.2091124846
"hineg_Perchloric.acid","Perchloric acid",1,1,"A",98.94864,0.646,"Not in Internal DB. MS/MS match only","-",NA,NA,NA,"H Cl O4",99.95634,-4.16,"[M-H]-1",22491.1460844887,19197.1364864214,20843.3076491823,19791.375130177,19669.2753455551,20009.4365464266,21304.4416207176,20170.2874056377,"Perchloric acid",1,1,"A",98.94915,0.645,"Not in Internal DB. MS/MS match only","-",NA,NA,NA,"-","-","-","-","H Cl O4",99.95634,0.94,"[M-H]-1",844142.536362947,7009043.90963372,1297471.46542972,5271886.37378102,4949546.61611424,4920481.17219269,5125731.2344289,4643893.06219208,5107128.37413599,4842175.8868837
"hineg_Cytidine.2..3..Cyclic.Phosphate","Cytidine 2',3'-Cyclic Phosphate",1,1,"A",304.03336,6.529,"Match with Mass and RT only; No MS2","2',3' cyclic CMP","Nucleic acids","Pyrimidines","Pyrimidine rNMP","C9 H12 N3 O7 P",305.04129,-2.12,"[M-H]-1",22868.5119214391,17443.2854195337,19411.0927456771,17329.6170252662,17309.6270947037,16990.6747508411,20573.3085353266,18826.2169209731,"Cytidine 2',3'-Cyclic Phosphate",1,1,"A",304.03502,5.381,"Confirmed ID (HIgh Confidence)","cyclic CMP","Nucleic acids","Pyrimidines","Pyrimidine rNMP",NA,NA,NA,NA,"C9 H12 N3 O7 P",305.04129,3.3,"[M-H]-1",3220.14627056742,3049.57021590598,2933.75034166149,459474.537046622,563981.811030135,658251.923814625,508681.887794427,644898.217003054,633194.097778045,686401.810582896
"hineg_Phenol","Phenol",1,1,"A",93.03413,1.004,"Match with Mass and RT only","Phenol","Polyketides","Phenolic acids","Phenolic acids","C6 H6 O",94.04186,-4.85,"[M-H]-1",121681.962270772,52001.3507383016,51559.1171391259,45446.0966810515,99272.7209380283,49858.8638604306,163002.788974612,43904.683136152,"Phenol",1,1,"A",93.03467,0.953,"Confirmed ID (HIgh Confidence)","Phenol","Benzenoids","Benzenes","Hydroxybenzoic acids","996","15882","C00146","ISWSIDIOOBJBQZ-UHFFFAOYSA-N","C6 H6 O",94.04186,1,"[M-H]-1",156796.391096967,3572247.62285924,2562306.83547706,8615637.76131964,11472541.0928035,12631307.7729171,13481925.6504309,15028487.2376851,13497957.6995451,11478540.5694581
"hineg_4.tert.Octylphenol","4-tert-Octylphenol",1,1,"A",205.15945,0.895,"Not in Internal DB. MS/MS match only;Potential ID (Low Confidence)","-",NA,NA,NA,"C14 H22 O",206.16707,-1.65,"[M-H]-1",1434661.62925578,804358.790218977,782730.107048153,773528.831333238,685765.91059707,777750.851312273,1189495.57369975,771780.837246808,"4-tert-Octylphenol",1,1,"A",205.16038,1.578,"Not in Internal DB. MS/MS match only","alpha-(p-(1,1,3,3-Tetramethylbutyl)phenyl)-omega-hydroxypoly(oxyethylene)","Benzenoids","Benzenes","Phenylpropanes","8814","34445","C14205","ISAVYTVYFVQUDY-UHFFFAOYSA-N","C14 H22 O",206.16707,2.91,"[M-H]-1",9197.73381365914,7470.5963916947,8785.00163262612,611054.526759311,498445.860947555,596595.843443763,617607.815760997,536241.332749743,500252.729177941,485171.207842875
"hineg_Unknown.001","Unknown 001",1,1,"A",98.02429,5.835,"MS2",NA,NA,NA,NA,NA,NA,NA,NA,77111.8921089226,1323978.37774238,690878.921956931,1360478.87521343,1293098.76204307,1372944.91897739,636957.385463054,692860.516892084,"Unknown 001",1,1,"A",78.98603,4.563,NA,NA,NA,NA,NA,NA,NA,NA,NA,NA,NA,NA,NA,11812.386448905,16031.0391504899,11867.2891405706,1566271.9143929,1437658.14736392,1597840.545295,1434438.81070267,1422495.21214823,1231321.02909678,1211408.50052948
"hineg_Unknown.002","Unknown 002",1,1,"A",99.00591,7.695,"MS2",NA,NA,NA,NA,NA,NA,NA,NA,55093.5189479546,650617.149868209,622941.712621965,671260.56459542,707444.543641252,760803.74816484,526622.211233993,588573.476352018,"Unknown 002",1,1,"A",81.04596,4.289,NA,NA,NA,NA,NA,NA,NA,NA,NA,NA,NA,NA,NA,9856.95660460972,5646.8395588356,5273.36417074491,1809957.00402084,1855607.17986779,1787167.09944697,1658653.81404369,1904590.82924045,924129.451582367,877416.083737288
"hineg_Unknown.003","Unknown 003",1,1,"A",100.00356,4.523,"MS2",NA,NA,NA,NA,NA,NA,NA,NA,41999.086805914,826919.479166243,696527.924725449,848943.383054033,884106.749177147,876985.799019875,824160.682863456,642360.696737929,"Unknown 003",1,1,"A",85.02959,5.823,NA,NA,NA,NA,NA,NA,NA,NA,NA,NA,NA,NA,NA,2070158.16543683,2023769.79476019,2137414.77033799,2582576.13322324,5148950.62388843,2318599.96262882,2155640.64863628,2269972.37001202,2160650.90891197,2159564.19658286
"hineg_Unknown.004","Unknown 004",1,1,"A",103.00321,2.289,"MS2",NA,NA,NA,NA,NA,NA,NA,NA,2534884.08990015,5624988.47137589,801312.48475168,6174247.75154993,5057867.75484118,5199959.16964918,1330795.08251275,837500.801672498,"Unknown 004",1,1,"A",94.96558,1.069,NA,NA,NA,NA,NA,NA,NA,NA,NA,NA,NA,NA,NA,14931.5200313594,48824.2264804425,14333.2797874745,19161.092681953,18102.0074402269,21372.2492450772,20187.3519111379,19933.9148319831,19035.0776956854,18803.358460894
"hineg_Unknown.005","Unknown 005",1,1,"A",114.97975,7.476,"MS2",NA,NA,NA,NA,NA,NA,NA,NA,48985.5908715159,38610.0348188557,41601.7780334107,41587.6730818462,60028.7312733668,38525.736342708,45937.5362707959,47038.0598459646,"Unknown 005",1,1,"A",95.06167,4.47,NA,NA,NA,NA,NA,NA,NA,NA,NA,NA,NA,NA,NA,5012.93494507407,4862.81953112162,4067.99226115927,133515.179655983,149622.141125274,166849.020332316,124853.064233208,133322.350240734,70509.028488259,66641.246467049
"hineg_Unknown.006","Unknown 006",1,1,"A",118.90354,0.772,"MS2",NA,NA,NA,NA,NA,NA,NA,NA,20338.9960855091,17435.1051315735,19206.8402225693,17443.182313297,18101.2717987935,17676.8387614002,19631.4535434661,18513.0401210884,"Unknown 006",1,1,"A",99.08166,0.969,NA,NA,NA,NA,NA,NA,NA,NA,NA,NA,NA,NA,NA,172873.948667262,125737.122011861,162734.173537504,161227.004552834,181634.524367842,204541.478162693,187686.255976667,249246.215466766,196655.626414997,189217.988816154
"hineg_Unknown.007","Unknown 007",1,1,"A",118.99802,7.197,"MS2",NA,NA,NA,NA,NA,NA,NA,NA,37546.5824368054,122717.277515738,31217.1816476945,388870.327997359,153239.391796215,199112.316616456,34897.6945580406,31462.079855242,"Unknown 007",1,1,"A",111.05675,4.365,NA,NA,NA,NA,NA,NA,NA,NA,NA,NA,NA,NA,NA,4109.70054717536,6524.06423902802,6494.87030011903,110541.341511308,120172.283706573,128509.265699928,97370.974008859,111837.252659574,75921.8970944351,73870.8593005958
"hineg_Unknown.008","Unknown 008",1,1,"A",122.02182,7.693,"MS2",NA,NA,NA,NA,NA,NA,NA,NA,51617.5395939031,62743.3227929472,58288.5861485565,75324.6271780255,75591.0848280416,61149.6970054337,50503.5269318583,55975.8158087695,"Unknown 008",1,1,"A",113.0247,5.307,NA,NA,NA,NA,NA,NA,NA,NA,NA,NA,NA,NA,NA,1433963.85457232,1408252.60759224,1307736.23997476,6900551.6553591,8422726.90127103,8066499.95752303,8094520.61426515,8553321.32655161,4701878,8374698.38820498
"hineg_Unknown.011","Unknown 011",1,1,"A",127.9983,1.299,"MS2",NA,NA,NA,NA,NA,NA,NA,NA,66835.576962211,878548.839582196,45179.7995126633,96693.1611637333,105209.721894001,88423.8489678323,23478.269231115,52327.1683344508,"Unknown 011",1,1,"A",117.03479,0.965,NA,NA,NA,NA,NA,NA,NA,NA,NA,NA,NA,NA,NA,67722.255167136,44094.9689505845,132841.572840235,105515.418509975,119339.442123658,159299.763725164,135958.234392492,162507.093732561,95741.56016772,99278.1147461463
"hineg_Unknown.012","Unknown 012",1,1,"A",128.0169,2.086,"MS2",NA,NA,NA,NA,NA,NA,NA,NA,130973.64205644,118978.056973689,126835.809308659,116875.149377401,120496.021684268,118525.617065205,124195.471141327,120174.273311784,"Unknown 012",1,1,"A",121.04099,4.735,NA,NA,NA,NA,NA,NA,NA,NA,NA,NA,NA,NA,NA,268579.36150355,249713.422510626,225072.553390805,4520953.78907629,4230815.43586215,4440220.09009167,4201420.91564386,4280978.77677811,3450203.176873,3468162.13454447
"hineg_Unknown.013","Unknown 013",1,1,"A",130.0139,4.547,"MS2",NA,NA,NA,NA,NA,NA,NA,NA,41878.1526785668,391651.149670516,98603.8289058265,398737.750886213,350305.322823286,848829.927068953,374859.405163742,89332.8246477257,"Unknown 013",1,1,"A",122.9071,6.193,NA,NA,NA,NA,NA,NA,NA,NA,NA,NA,NA,NA,NA,13115.0876462781,20073.945717416,19654.5840514338,960022.213834514,1216040.03307551,1289812.4782038,1273483.60654338,929406.050775961,839869.806225878,1027439.32056395
"hineg_Unknown.014","Unknown 014",1,1,"A",132.02957,4.517,"MS2",NA,NA,NA,NA,NA,NA,NA,NA,38192.393369484,45398.895648393,34813.5170251685,33671.0655012522,35091.8740195531,34202.0041103188,36646.8437978246,34316.8899574969,"Unknown 014",1,1,"A",124.00196,7.071,NA,NA,NA,NA,NA,NA,NA,NA,NA,NA,NA,NA,NA,1643682.86185454,1492748.70724729,1717952.88579495,96798276.6987842,71871846.5712764,66002859.1015234,57071884.2104829,52921653.8158702,53021912.0418657,53239879.0221028
"hineg_Unknown.015","Unknown 015",1,1,"A",136.02752,3.77,"MS2",NA,NA,NA,NA,NA,NA,NA,NA,117602.029288105,103870.08261935,112103.516049317,106110.351059612,109963.444377922,160298.481616072,113162.814948011,107927.807176484,"Unknown 015",1,1,"A",126.02011,5.005,NA,NA,NA,NA,NA,NA,NA,NA,NA,NA,NA,NA,NA,199356.053744568,203956.342780061,197778.577053055,3205780.14843263,3751727.78946803,4423950.47188007,2923930.48711206,3589514.99880209,4809992.5563813,4712917.83029011
"hineg_Unknown.016","Unknown 016",1,1,"A",137.99562,7.475,"MS2",NA,NA,NA,NA,NA,NA,NA,NA,50169.3586766711,382673.553141196,181072.589716738,633637.724161643,1278377.9935262,1292221.9123365,101163.143707064,144933.62719687,"Unknown 016",1,1,"A",132.94653,6.228,NA,NA,NA,NA,NA,NA,NA,NA,NA,NA,NA,NA,NA,6567.69793220363,4780.00778978945,7913.19076852014,1725433.86010275,1811092.64605728,1454949.58594487,1576294.70814655,1329450.78160902,1897759.62110776,1599832.54794127
"hineg_Unknown.017","Unknown 017",1,1,"A",139.0064,0.806,"MS2",NA,NA,NA,NA,NA,NA,NA,NA,24084.3127268818,20648.2677543581,22322.9474644555,20881.3770540202,21002.5286433723,21548.1240923108,22688.1504526879,21634.5841874969,"Unknown 017",1,1,"A",133.99219,1.204,NA,NA,NA,NA,NA,NA,NA,NA,NA,NA,NA,NA,NA,89918.0804689099,161671.460947917,80015.3848435605,484993.490213329,532921.333085531,526574.147798323,544098.680167776,494541.022706915,540262.255697446,553542.758375849
"hineg_Unknown.018","Unknown 018",1,1,"A",139.98391,4.604,"MS2",NA,NA,NA,NA,NA,NA,NA,NA,36827.9176006772,33096.9502942942,34926.7427836893,33220.8763406465,32488.232776548,32848.6625294319,35926.5144363559,32828.9090466241,"Unknown 018",1,1,"A",135.05679,5.586,NA,NA,NA,NA,NA,NA,NA,NA,NA,NA,NA,NA,NA,14464.4082878277,14501.9524095459,3527.2980958442,411320.067258664,426314.29390631,592494.04162059,328363.048115621,552827.276289117,862058.671835963,920290.722614326
"hineg_Unknown.019","Unknown 019",1,1,"A",141.01622,7.697,"MS2",NA,NA,NA,NA,NA,NA,NA,NA,48018.3810629673,26137572.7011035,4425525.97976929,12787950.6308979,14160188.1361706,14386928.3001261,27582119.5247738,23865003.7628184,"Unknown 019",1,1,"A",137.98705,3.623,NA,NA,NA,NA,NA,NA,NA,NA,NA,NA,NA,NA,NA,832764.111402576,515801.290831353,525319.749466215,783935.102987146,738418.259202368,771900.954711995,714392.137648727,751313.638749823,844654.960014449,753656.01700547
"hineg_Unknown.020","Unknown 020",1,1,"A",141.07078,7.7,"MS2",NA,NA,NA,NA,NA,NA,NA,NA,22416.4432387598,17452.8799866047,17989.0626997834,17277.66208662,17127.5784194805,16707.9213942123,21072.0365090371,18522.6735843713,"Unknown 020",1,1,"A",138.03135,2.51,NA,NA,NA,NA,NA,NA,NA,NA,NA,NA,NA,NA,NA,458464.766231061,413437.580021524,415438.846024161,5770664.63494158,6645433.54864275,7681765.33399254,6726023.13005693,6980945.77685057,6711619.98925377,6681421.3299962
"hineg_Unknown.021","Unknown 021",1,1,"A",142.97452,7.475,"MS2",NA,NA,NA,NA,NA,NA,NA,NA,34342.9821402894,31177.3314387566,29166.3139014311,26646.9179906113,26674.0265878575,26474.4078472304,31367.7835490266,28400.7488743882,"Unknown 021",1,1,"A",139.01536,4.831,NA,NA,NA,NA,NA,NA,NA,NA,NA,NA,NA,NA,NA,639403.347851135,876392.846757227,181429.397306955,22399572.5557542,18727908.7155747,23772235.7809811,16395260.7485151,21766354.4951942,23156072.2677075,22456791.6711243
"hineg_Unknown.022","Unknown 022",1,1,"A",143.03424,6.366,"MS2",NA,NA,NA,NA,NA,NA,NA,NA,68290.0790100556,761946.027852303,587506.062708786,898284.112585561,729062.774699033,796062.997381253,1011418.50534068,500344.251661953,"Unknown 022",1,1,"A",139.02664,5.237,NA,NA,NA,NA,NA,NA,NA,NA,NA,NA,NA,NA,NA,8624.365158638,5833.13407006809,3085.28611171727,390773.971315711,341681.779932916,277957.529356929,301474.241252346,323351.553591275,310987.588566073,334729.843918214
"hineg_Unknown.023","Unknown 023",1,1,"A",144.02949,6.273,"MS2",NA,NA,NA,NA,NA,NA,NA,NA,54260.1240555664,73606.8086539879,48257.2757873708,41797.8167497325,41667.7045035952,102053.971992574,49806.956737637,44932.1843220138,"Unknown 023",1,1,"A",142.97577,6.553,NA,NA,NA,NA,NA,NA,NA,NA,NA,NA,NA,NA,NA,90321.24147139,424702.176402411,14271.744350431,1755083.34771055,1691425.18074923,1955831.09214448,1884436.67150203,1674267.6034148,1785398.40267098,1735186.90558195
"hineg_Unknown.024","Unknown 024",1,1,"A",144.02952,6.117,"MS2",NA,NA,NA,NA,NA,NA,NA,NA,89501.2179543093,111739.648097035,77351.3108771478,68880.6369820096,70506.1820515787,131349.455185371,82320.5248630593,74162.1658353914,"Unknown 024",1,1,"A",143.8907,6.108,NA,NA,NA,NA,NA,NA,NA,NA,NA,NA,NA,NA,NA,24971.9438108454,15548.9865145366,27411.1801801271,1026364.13765777,974397.305773674,1007065.94570483,1031116.22187127,1100575.23859548,1026719.1851951,1065375.80902247
"hineg_Unknown.025","Unknown 025",1,1,"A",146.0816,7.077,"MS2",NA,NA,NA,NA,NA,NA,NA,NA,27348.7092684405,20469.0089717806,23069.9662066433,20923.8718089096,20652.633647493,20497.0753442409,25072.2598191739,22015.3945515928,"Unknown 025",1,1,"A",144.03076,5.16,NA,NA,NA,NA,NA,NA,NA,NA,NA,NA,NA,NA,NA,52009.0452057871,53609.1182974416,41581.5871325761,1374040.52621586,1362737.43487788,1719307.65392262,1414586.15933279,1581724.19697096,2226854.78533874,1893039.52867236
"hineg_Unknown.026","Unknown 026",1,1,"A",149.98591,1.32,"MS2",NA,NA,NA,NA,NA,NA,NA,NA,27086.4633579327,24242.7414569778,25679.9492155278,23912.3753614763,31787.0763373386,24068.6772799144,25917.2443676446,24763.6098074131,"Unknown 026",1,1,"A",146.01008,5.79,NA,NA,NA,NA,NA,NA,NA,NA,NA,NA,NA,NA,NA,16739.742307464,15007.3071991332,23494.4084145448,204463.814624645,208552.720190876,292612.158066473,198804.288959269,271101.657968343,304103.812801253,377106.528130997
"hineg_Unknown.027","Unknown 027",1,1,"A",153.99035,7.263,"MS2",NA,NA,NA,NA,NA,NA,NA,NA,28263.8048809846,30475.0611336889,22967.5486251266,103610.374510459,111800.999849345,135489.16827777,25201.5069150355,23010.8006574303,"Unknown 027",1,1,"A",146.08279,4.778,NA,NA,NA,NA,NA,NA,NA,NA,NA,NA,NA,NA,NA,4715.14310417348,4474.09415319398,4342.93055713414,398969.570884892,310131.06735956,388094.783184887,255193.440606746,323443.830497076,179426.568342973,158442.586683937
"hineg_Unknown.028","Unknown 028",1,1,"A",154.97445,7.372,"MS2",NA,NA,NA,NA,NA,NA,NA,NA,36631.2831493262,1134121.00604954,30934.8070233489,1450324.82683439,885576.404330433,1134909.04071397,33957.0829270469,29888.6819568915,"Unknown 028",1,1,"A",147.04574,4.953,NA,NA,NA,NA,NA,NA,NA,NA,NA,NA,NA,NA,NA,22688.6953333265,30215.0287380489,17946.758176973,235757.513469744,346673.799723615,282224.197397443,295092.031634293,354167.7556143,279545.595093715,291194.07529006
"hineg_Unknown.029","Unknown 029",1,1,"A",156.0659,1.56,"MS2",NA,NA,NA,NA,NA,NA,NA,NA,197674.25158864,147141.336179398,46406.634190222,211543.946096003,43616.1668965519,1103431.2820217,66420.5065962715,48294.5844842329,"Unknown 029",1,1,"A",148.956,6.047,NA,NA,NA,NA,NA,NA,NA,NA,NA,NA,NA,NA,NA,3855.07061021709,3657.92997845326,3662.366513981,69986.8030327107,25009.9604551818,37624.2733434567,24670.7496967104,25787.5478805742,24606.5491220712,35842.4119425239
"hineg_Unknown.030","Unknown 030",1,1,"A",156.06595,1.014,"MS2",NA,NA,NA,NA,NA,NA,NA,NA,220466.636494848,46848.6504855849,34066.7858811059,169207.67259278,30937.628814755,131330.121017719,104823.500071983,89673.3799972622,"Unknown 030",1,1,"A",150.01275,6.061,NA,NA,NA,NA,NA,NA,NA,NA,NA,NA,NA,NA,NA,25591.4589667619,19820.3570327029,15245.0678867091,2415203.97833587,3839230.55936485,2745870.54680374,1318977.68756435,2921029.021231,1107053.56203327,4514075.40250377
"hineg_Unknown.031","Unknown 031",1,1,"A",156.99014,7.475,"MS2",NA,NA,NA,NA,NA,NA,NA,NA,36553.1500819373,2202863.37992935,1264584.90641379,2026972.36746704,2195035.53006482,2807974.31890621,1870083.0289884,1352019.87807646,"Unknown 031",1,1,"A",150.01319,6.089,NA,NA,NA,NA,NA,NA,NA,NA,NA,NA,NA,NA,NA,23642.4465553493,10898.7096878221,7840.30159521293,1164400.75515061,2569614.21096364,2710504.80316196,1886275.61040778,1572487.98090015,1461316.62398345,2441287.71480052
"hineg_Unknown.032","Unknown 032",1,1,"A",158.11786,6.626,"MS2",NA,NA,NA,NA,NA,NA,NA,NA,25320.7924451122,18758.5775711967,21155.9339253445,19161.6505445522,19187.6597272749,18944.2113005568,22705.2442496895,20886.6370581132,"Unknown 032",1,1,"A",150.04272,5.884,NA,NA,NA,NA,NA,NA,NA,NA,NA,NA,NA,NA,NA,12324.6600525383,10829.9257762638,10763.1844247748,630157.663310848,696572.804793461,722469.453733278,747038.732567321,637567.81531204,606439.334169473,574075.795887639
"hineg_Unknown.033","Unknown 033",1,1,"A",158.96936,7.476,"MS2",NA,NA,NA,NA,NA,NA,NA,NA,40247.5898645835,31722.8151870714,34180.8942208711,31232.2158976258,31260.1065847928,31653.5537893044,37691.7851101595,33283.7051795344,"Unknown 033",1,1,"A",151.01308,5.988,NA,NA,NA,NA,NA,NA,NA,NA,NA,NA,NA,NA,NA,4626.31302974057,4844.25496982203,4405.80756131649,26183579.6113803,15205389.7827783,24362760.6471671,26954165.6020185,25651212.5676761,27163107.5043419,27660390.1626769
"hineg_Unknown.034","Unknown 034",1,1,"A",158.98818,7.475,"MS2",NA,NA,NA,NA,NA,NA,NA,NA,35995.6045481485,31385.3566786816,49251.0830586738,30014.0678193517,28628.9550047797,28309.4915391685,35252.1423532105,29767.424423939,"Unknown 034",1,1,"A",151.03823,2.639,NA,NA,NA,NA,NA,NA,NA,NA,NA,NA,NA,NA,NA,15098.7415409648,55171.5202678342,13294.5923438643,602480.178249115,374906.709250405,483224.260259582,639486.453845658,499067.67002128,312248.653902233,320363.799058094
"hineg_Unknown.035","Unknown 035",1,1,"A",160.02442,7.059,"MS2",NA,NA,NA,NA,NA,NA,NA,NA,33339.1746520469,43738.995586761,29124.0675812154,103067.745360188,47305.9061258439,91933.1485139633,30564.0913736841,27375.1451861392,"Unknown 035",1,1,"A",152.98698,6.371,NA,NA,NA,NA,NA,NA,NA,NA,NA,NA,NA,NA,NA,97022.0837958974,102318.78307276,131924.690509822,154685.414896792,174855.974262677,216245.978327564,214945.038865201,204261.657839511,200664.396919561,200040.498282386
"hineg_Unknown.036","Unknown 036",1,1,"A",161.00845,1.365,"MS2",NA,NA,NA,NA,NA,NA,NA,NA,48206.6473446601,43579.9135066253,46409.9337539451,43288.9337491959,43630.7597387359,42190.2141700904,46590.0801638474,45712.1346465341,"Unknown 036",1,1,"A",154.05162,4.845,NA,NA,NA,NA,NA,NA,NA,NA,NA,NA,NA,NA,NA,207242.044084475,207069.839822575,199553.013129677,2604414.25414375,2486597.22017851,2478441.77841143,2350655.72614124,2081708.00112343,1897016.2048319,1847365.36521026
"hineg_Unknown.037","Unknown 037",1,1,"A",162.04007,4.568,"MS2",NA,NA,NA,NA,NA,NA,NA,NA,41820.0979836276,37729.7636088641,39146.5718392363,37724.1069867678,36998.576297291,37332.2096481766,40796.5057983889,37409.8735963693,"Unknown 037",1,1,"A",154.96625,5.448,NA,NA,NA,NA,NA,NA,NA,NA,NA,NA,NA,NA,NA,185673.927692654,279162.171956457,281496.170316164,557875.796529613,449043.366613251,618826.770361377,280134.152554101,416140.42839957,441205.056283335,519096.64979389
"hineg_Unknown.038","Unknown 038",1,1,"A",162.90217,0.719,"MS2",NA,NA,NA,NA,NA,NA,NA,NA,25397.3693722562,22393.9275265804,24163.4344693623,22869.8324705292,22004.9385269159,21938.9526799454,24304.0774272651,22829.5613837569,"Unknown 038",1,1,"A",154.97579,6.254,NA,NA,NA,NA,NA,NA,NA,NA,NA,NA,NA,NA,NA,621555.760936211,400504.021267767,20099.9843114918,6272516.54193733,5793702.74927277,4911045.87176388,10392063.0488109,8510796.9191457,5231116.8929506,7931517.00191796
"hineg_Unknown.039","Unknown 039",1,1,"A",165.022,0.735,"MS2",NA,NA,NA,NA,NA,NA,NA,NA,28227.0484179188,23577.4179505491,24826.4830675965,35863.9583735237,23207.5711794682,46964.9827611782,25889.3086922071,28741.5907645159,"Unknown 039",1,1,"A",155.04687,4.351,NA,NA,NA,NA,NA,NA,NA,NA,NA,NA,NA,NA,NA,243048.73615627,262116.003370855,105765.79108445,602167.036710129,670382.703597105,796126.584368768,637874.015630353,632332.164245454,421888.161963762,454749.611205893
"hineg_Unknown.040","Unknown 040",1,1,"A",168.04244,7.741,"MS2",NA,NA,NA,NA,NA,NA,NA,NA,53213.8738099235,73961.3264208298,45530.6574469964,87956.2790640864,43044.9257854352,90190.5756435192,50494.9134133796,43970.5444901645,"Unknown 040",1,1,"A",155.10835,2.175,NA,NA,NA,NA,NA,NA,NA,NA,NA,NA,NA,NA,NA,928779.491691272,748904.319270411,768506.138706721,7687195.3134486,8229153.86803717,9142754.22257965,8544325.16031953,8822605.48363887,8608895.57320965,8137304.83513526
"hineg_Unknown.041","Unknown 041",1,1,"A",171.00723,3.718,"MS2",NA,NA,NA,NA,NA,NA,NA,NA,79090.6632252511,69855.5439336872,74792.9782573633,70500.159656796,70327.466163238,71100.3522280687,76105.1670694243,72578.4927256619,"Unknown 041",1,1,"A",156.06707,0.962,NA,NA,NA,NA,NA,NA,NA,NA,NA,NA,NA,NA,NA,112274.515232698,55217.4425207418,137654.549710011,205585.944614702,182361.142786211,163074.875881664,143449.835392455,159029.543355366,149348.483571683,154045.087617791
"hineg_Unknown.042","Unknown 042",1,1,"A",171.01152,0.9,"MS2",NA,NA,NA,NA,NA,NA,NA,NA,22419.6184424883,20390.3419940283,21824.6905017855,20456.0305291512,20759.7966242672,20675.9914823462,22677.8776546548,21037.563455749,"Unknown 042",1,1,"A",156.89598,6.109,NA,NA,NA,NA,NA,NA,NA,NA,NA,NA,NA,NA,NA,122374.512263769,48344.7902455334,698812.475586481,73094065.5697889,72252543.7326641,72899384.0082025,67758593.8859011,71065432.652694,72877947.0696424,71553967.5156712
"hineg_Unknown.043","Unknown 043",1,1,"A",172.02457,6.738,"MS2",NA,NA,NA,NA,NA,NA,NA,NA,28161.7896737584,91304.0367997823,24328.7350327704,21816.9600821785,83210.5218991276,21033.5506021356,24769.7839484424,23237.0194509941,"Unknown 043",1,1,"A",156.99152,6.55,NA,NA,NA,NA,NA,NA,NA,NA,NA,NA,NA,NA,NA,1081121.49915484,3237516.03104762,1120988.84821552,10371302.254605,10986749.0872017,13807294.0567547,13324810.7729416,12344037.9937244,13621250.9462391,13742265.6981942
"hineg_Unknown.044","Unknown 044",1,1,"A",172.06096,4.766,"MS2",NA,NA,NA,NA,NA,NA,NA,NA,46897.0018868715,40375.4264791872,43524.9395885175,41052.6992468026,40381.5836955297,40338.1390060225,43859.0683030524,87366.8569711228,"Unknown 044",1,1,"A",157.99237,1.983,NA,NA,NA,NA,NA,NA,NA,NA,NA,NA,NA,NA,NA,17420.7701047839,19253.5464367931,16698.6369732661,530979.381276247,82379.7671782967,551449.688875522,515791.129677927,582442.158021186,832932.93083691,538398.121156343
"hineg_Unknown.045","Unknown 045",1,1,"A",174.0224,3.81,"MS2",NA,NA,NA,NA,NA,NA,NA,NA,140851.928228647,126041.139150921,134266.359962842,127088.347388549,131703.196526902,130040.652879685,135535.082053394,131838.722750347,"Unknown 045",1,1,"A",158.89383,6.113,NA,NA,NA,NA,NA,NA,NA,NA,NA,NA,NA,NA,NA,1187469.65496062,1176216.59934132,715176.236512751,68540291.4522073,44579079,74572102.8853533,73358240.3127227,75659146.8535709,73026884.9941756,75565817.9911606
"hineg_Unknown.046","Unknown 046",1,1,"A",174.02251,0.93,"MS2",NA,NA,NA,NA,NA,NA,NA,NA,35016.3431058594,33441.2946853378,34646.2424483005,31977.7264806722,32774.9092854972,33404.925186192,34591.5881137891,33098.7380699529,"Unknown 046",1,1,"A",160.89357,6.11,NA,NA,NA,NA,NA,NA,NA,NA,NA,NA,NA,NA,NA,1967558.28204501,1595868.29224692,1328152.31281926,83846808.7313259,114368695.909878,80987960.0652837,76300192.606776,86509768.7012225,74396030.6155726,84464878.7126999
"hineg_Unknown.047","Unknown 047",1,1,"A",176.03807,3.994,"MS2",NA,NA,NA,NA,NA,NA,NA,NA,50536.7482798926,45522.2247133871,47082.7884762267,45751.0113847555,44462.0396033557,45385.2155770949,49009.9993495745,47522.4370983244,"Unknown 047",1,1,"A",162.89372,6.109,NA,NA,NA,NA,NA,NA,NA,NA,NA,NA,NA,NA,NA,2893060.60332786,2248498.08003584,929095.537656288,121203979.905653,108531507.416726,117386651.421139,108683755.883372,114294545.501039,116965655.099275,113714418.250469
"hineg_Unknown.048","Unknown 048",1,1,"A",180.06612,1.308,"MS2",NA,NA,NA,NA,NA,NA,NA,NA,20592.1402235205,18430.2367159513,19522.8556859256,18179.0800819616,18356.614407236,18297.906633038,19211.53502527,18826.2202730669,"Unknown 048",1,1,"A",162.90319,0.672,NA,NA,NA,NA,NA,NA,NA,NA,NA,NA,NA,NA,NA,2652482.4016833,4554657.40905631,3920272.24525793,1913011.32311282,2404798.05089869,2271515.39907095,2184089.94842673,1967957.08062432,2301876.32429326,2087743.26059697
"hineg_Unknown.049","Unknown 049",1,1,"A",181.00885,7.694,"MS2",NA,NA,NA,NA,NA,NA,NA,NA,50146.4140631151,123067.337784733,72733.3071830513,118331.958069805,138661.293319255,132149.277735359,69584.3834551363,85194.4204907044,"Unknown 049",1,1,"A",166.97583,6.275,NA,NA,NA,NA,NA,NA,NA,NA,NA,NA,NA,NA,NA,3363.41693134419,3435.66436139767,3351.56851892673,950194.943124886,841893.308041014,945911.710238483,579732.549416164,648379.763939308,639539.117120451,669647.628264007
"hineg_Unknown.050","Unknown 050",1,1,"A",181.01711,0.837,"MS2",NA,NA,NA,NA,NA,NA,NA,NA,40645.1092910176,38361.6693120807,39325.7247968315,38147.3058427164,38005.2184654762,37700.1118418739,40401.7591141523,37786.6345586779,"Unknown 050",1,1,"A",168.04371,6.655,NA,NA,NA,NA,NA,NA,NA,NA,NA,NA,NA,NA,NA,6878.38613407147,6880.61357250307,8245.05191653833,1206473.83903282,1424330.07333927,1631485.41184747,1685793.0710548,1652362.27824285,1709162.6378614,1698234.29059333
"hineg_Unknown.051","Unknown 051",1,1,"A",182.01224,1.32,"MS2",NA,NA,NA,NA,NA,NA,NA,NA,476404.526718696,235012.627546551,352822.042510772,145296.273730532,212244.653311623,153128.032256671,1069408.25153152,339613.20754846,"Unknown 051",1,1,"A",168.9762,5.39,NA,NA,NA,NA,NA,NA,NA,NA,NA,NA,NA,NA,NA,14618.0438560317,19647.4447670327,13830.057640956,4131778.49489855,3677543.08586649,3687200.87643162,4379944.42172342,3484909.32733263,4591078.65689682,3471020.76950375
"hineg_Unknown.052","Unknown 052",1,1,"A",185.0216,2.927,"MS2",NA,NA,NA,NA,NA,NA,NA,NA,95464.354556258,86655.8744208083,92206.5460256081,88159.4902491062,87660.9897959305,87824.2694286119,94301.2338113245,89672.2548698395,"Unknown 052",1,1,"A",169.16025,0.968,NA,NA,NA,NA,NA,NA,NA,NA,NA,NA,NA,NA,NA,95261.4375964753,52001.4122966614,62907.9175987178,197797.256848214,245299.91254957,324374.435979934,204639.87803266,251916.266011858,293557.979297775,230695.211395977
"hineg_Unknown.053","Unknown 053",1,1,"A",185.1905,0.804,"MS2",NA,NA,NA,NA,NA,NA,NA,NA,22273.2282664696,19518.7089884743,21101.7757279782,19739.0660972032,19853.5901165635,20369.3388912286,21447.0003702499,20451.0692066782,"Unknown 053",1,1,"A",170.02144,5.006,NA,NA,NA,NA,NA,NA,NA,NA,NA,NA,NA,NA,NA,6265.77485017613,9867.52708618871,4907.90016073199,65497.555355037,102432.924674798,114737.939145913,95247.6339263451,124868.665170274,134853.155878105,165242.815343088
"hineg_Unknown.054","Unknown 054",1,1,"A",187.04128,4.456,"MS2",NA,NA,NA,NA,NA,NA,NA,NA,49220.1806848497,43605.4397282714,45738.0871778952,44297.3692259186,44320.1159983178,44077.5943473323,47059.6507040601,44377.9832695654,"Unknown 054",1,1,"A",174.86171,6.111,NA,NA,NA,NA,NA,NA,NA,NA,NA,NA,NA,NA,NA,5473.30065057702,6840.83657087626,4601.08681977524,430111.736849757,380433.589081977,400111.823168462,1018785.32079318,400066.612592228,370706.504407647,430521.106659636
"hineg_Unknown.056","Unknown 056",1,1,"A",188.09228,1.563,"MS2",NA,NA,NA,NA,NA,NA,NA,NA,45484.3543676558,37639.704431668,40632.4177591634,38319.7660173785,38189.1586261066,38275.3191087482,42906.1666957079,39664.4956806072,"Unknown 056",1,1,"A",175.03675,5.4,NA,NA,NA,NA,NA,NA,NA,NA,NA,NA,NA,NA,NA,7573.41022036778,9136.86237709544,7618.23687101999,242402.838135721,223021.30823201,307282.082798082,199878.608634165,236744.141059152,249846.276615539,308007.200709347
"hineg_Unknown.057","Unknown 057",1,1,"A",189.0035,1.367,"MS2",NA,NA,NA,NA,NA,NA,NA,NA,47013.042933016,42500.8677756773,45260.8162623933,42217.0927242645,42550.4550468291,41145.5776202473,45436.5022179508,44580.2947741267,"Unknown 057",1,1,"A",176.003,4.456,NA,NA,NA,NA,NA,NA,NA,NA,NA,NA,NA,NA,NA,4709.76322841099,5116.02102028664,4279.80799724516,105731.626681507,126394.779660873,146471.476014022,67420.0668560101,137910.024740219,85567.2887571817,82597.551643097
"hineg_Unknown.058","Unknown 058",1,1,"A",189.03344,5.279,"MS2",NA,NA,NA,NA,NA,NA,NA,NA,23712.0037210412,18465.1400750394,19045.3301536026,17691.3157172019,18138.5219072941,17623.2507020855,20000.4653190217,18452.8592829195,"Unknown 058",1,1,"A",176.02078,5.92,NA,NA,NA,NA,NA,NA,NA,NA,NA,NA,NA,NA,NA,3442.20313909445,3614.23138775307,3377.62307555592,1004127.09071033,1045579.52152245,1528308.00075674,1116517.55856976,1651803.07828902,1389986.41457765,1174209.63797751
"hineg_Unknown.059","Unknown 059",1,1,"A",190.0352,6.681,"MS2",NA,NA,NA,NA,NA,NA,NA,NA,34014.3750035352,26070.5101264705,29384.7346476491,26337.3677173239,26356.5412506298,25221.9845064633,31002.6169815106,27805.9001820709,"Unknown 059",1,1,"A",177.12894,0.964,NA,NA,NA,NA,NA,NA,NA,NA,NA,NA,NA,NA,NA,155239.412465391,156844.605030102,144030.433210578,137368.089247981,116367.703089682,208514.108202549,158241.606270309,156118.46246436,216319.751234572,199228.599026503
"hineg_Unknown.060","Unknown 060",1,1,"A",190.03651,6.272,"MS2",NA,NA,NA,NA,NA,NA,NA,NA,38390.6767909239,29970.4299365198,44455.9678865472,29573.2179263352,29242.4399628443,29594.2238493582,41097.0683383397,31790.8776627593,"Unknown 060",1,1,"A",177.16542,0.874,NA,NA,NA,NA,NA,NA,NA,NA,NA,NA,NA,NA,NA,54001.451720734,51954.491447786,138739.702307095,150969.468141825,46849.0940414621,112638.475745734,57620.9241095836,65551.8730018491,77580.5638892081,49341.5445666735
"hineg_Unknown.061","Unknown 061",1,1,"A",192.03314,3.922,"MS2",NA,NA,NA,NA,NA,NA,NA,NA,54034.061539215,48352.2998584584,50601.2830271729,48721.4194178057,47871.3795146924,48526.0254158263,52401.6564386961,50576.3871885345,"Unknown 061",1,1,"A",177.86081,6.111,NA,NA,NA,NA,NA,NA,NA,NA,NA,NA,NA,NA,NA,5386.08865299534,6731.83414974797,4527.77274510313,473602.538730305,391794.303076705,430669.432405246,1073737.38443564,447758.212100585,394634.723691915,461402.138352817
"hineg_Unknown.062","Unknown 062",1,1,"A",192.91292,0.768,"MS2",NA,NA,NA,NA,NA,NA,NA,NA,26367.7965692018,22829.1194626657,24900.0517821376,22613.6177431198,23466.7753721862,22916.5336621144,25450.527214598,24000.5983450737,"Unknown 062",1,1,"A",178.85963,6.111,NA,NA,NA,NA,NA,NA,NA,NA,NA,NA,NA,NA,NA,5408.59331677319,6759.96173432904,4546.69111237404,463974.454538801,380262.967049441,430964.430496313,1081617,467183.315569395,433542.673884787,463146.235057326
"hineg_Unknown.063","Unknown 063",1,1,"A",193.06473,7.072,"MS2",NA,NA,NA,NA,NA,NA,NA,NA,26262.3466354694,20072.3343956622,22153.56649707,20092.7206109806,19832.2567424312,19682.8776239532,42772.6393911414,22004.8872909522,"Unknown 063",1,1,"A",180.07965,0.963,NA,NA,NA,NA,NA,NA,NA,NA,NA,NA,NA,NA,NA,101915.984926392,70144.0233282881,139218.573279654,335835.749637283,371738.303598572,497505.330047022,363865.887365248,405150.542330167,408377.006788394,361841.597747469
"hineg_Unknown.064","Unknown 064",1,1,"A",194.92701,7.348,"MS2",NA,NA,NA,NA,NA,NA,NA,NA,17248.0791635829,4039594.10304691,14451.0068456134,4396281.62702633,4240312.69910411,4713916.47669507,15120.8852424863,13911.2037928706,"Unknown 064",1,1,"A",180.86038,6.11,NA,NA,NA,NA,NA,NA,NA,NA,NA,NA,NA,NA,NA,5474.50194414379,6842.33801460985,4602.09667769272,719138.100485223,628595.678351107,685237.105695093,1721306.88380003,742506.136923119,703035.11579622,783471.495645897
"hineg_Unknown.065","Unknown 065",1,1,"A",195.03283,0.94,"MS2",NA,NA,NA,NA,NA,NA,NA,NA,21794.0539304596,20813.7491020497,21563.7045285774,19902.8291842571,20398.9930751656,20791.1128483606,21529.6878549838,20600.5430191825,"Unknown 065",1,1,"A",181.89092,6.109,NA,NA,NA,NA,NA,NA,NA,NA,NA,NA,NA,NA,NA,5191.58960771282,4945.94946149925,4364.26866395715,115378.284128299,86289.2085333609,79350.8613931695,87460.0713750559,76962.3629666989,74507.6632977731,93900.2350086499
"hineg_Unknown.066","Unknown 066",1,1,"A",195.04402,6.672,"MS2",NA,NA,NA,NA,NA,NA,NA,NA,37768.5570160594,55053.8033470445,108419.933078822,43810.0794521748,35428.6010078847,43271.7191823077,202580.438842378,108771.902739498,"Unknown 066",1,1,"A",181.96674,5.32,NA,NA,NA,NA,NA,NA,NA,NA,NA,NA,NA,NA,NA,4006.43780887888,4268.89063313955,4091.28158154531,715613.16639544,260905.650351806,745783.464546556,582898.120507584,375623.24523999,372423.552128038,270268.676389383
"hineg_Unknown.067","Unknown 067",1,1,"A",197.03119,2.007,"MS2",NA,NA,NA,NA,NA,NA,NA,NA,610294.113041731,454895.376453946,386466.543578609,462803.79527662,453223.558139354,440148.174639382,345666.115487773,397886.249202317,"Unknown 067",1,1,"A",182.03268,5.236,NA,NA,NA,NA,NA,NA,NA,NA,NA,NA,NA,NA,NA,6338.23847848694,3073.96321990742,3071.9401340789,1552227.26194112,1520825.34652527,1175126.3498176,1278983.25855256,1506331.46068633,1299333.54096364,1368119.83298226
"hineg_Unknown.068","Unknown 068",1,1,"A",199.03717,5.549,"MS2",NA,NA,NA,NA,NA,NA,NA,NA,25908.6105394621,19367.0960264146,21288.8348072498,19465.5978321471,19480.9274184586,19791.3540858795,22047.0103052868,20695.6094568017,"Unknown 068",1,1,"A",182.86237,6.111,NA,NA,NA,NA,NA,NA,NA,NA,NA,NA,NA,NA,NA,5331.91229022129,6664.1215084366,4482.22981504742,231553.486237368,189411.419554435,192136.706860814,559237.342640746,237495.396676556,227294.338751045,221692.420219337
"hineg_Unknown.069","Unknown 069",1,1,"A",200.98599,6.519,"MS2",NA,NA,NA,NA,NA,NA,NA,NA,26065.0038210751,29426.184739428,22354.2587518307,21588.3538225608,19729.1147720838,23174.7267467901,23448.983800416,21457.688968451,"Unknown 069",1,1,"A",182.99743,5.63,NA,NA,NA,NA,NA,NA,NA,NA,NA,NA,NA,NA,NA,11649.3867721683,27525.1241856327,11219.5271490334,76294.2296304292,61200.1956283632,92830.3981863835,52326.3212111039,67017.177007258,87761.1285106507,129736.054883952
"hineg_Unknown.070","Unknown 070",1,1,"A",201.03757,4.398,"MS2",NA,NA,NA,NA,NA,NA,NA,NA,73051.1808210962,64866.3942357083,67516.9933058324,63873.4949729343,65778.6453189848,65356.7013867439,70315.7262656012,66447.2755659057,"Unknown 070",1,1,"A",183.01661,5.101,NA,NA,NA,NA,NA,NA,NA,NA,NA,NA,NA,NA,NA,3945.92724472474,5238.65583163793,3747.5597060755,456921.457159746,352790.138883856,745084.334820603,430387.673530992,488548.844637029,1057121.08346432,915995.203286676
"hineg_Unknown.071","Unknown 071",1,1,"A",203.00163,0.778,"MS2",NA,NA,NA,NA,NA,NA,NA,NA,25812.9751327244,22127.5392996604,24376.1140893589,22137.7903508969,22972.9961522458,47654.6927370677,36794.4155106993,23495.586619305,"Unknown 071",1,1,"A",183.04173,5.716,NA,NA,NA,NA,NA,NA,NA,NA,NA,NA,NA,NA,NA,190723.744323685,158215.944607955,113420.949818019,3189227.64889222,3295139.07085645,4446646.06582245,3306637.04480249,6621870.17939569,5861539.54230846,6481126.80886107
"hineg_Unknown.072","Unknown 072",1,1,"A",203.06701,5.73,"MS2",NA,NA,NA,NA,NA,NA,NA,NA,30976.3419166209,23470.8768465932,25810.480033813,23795.8043901049,23190.6532426466,23371.0684937153,26250.1409133485,24193.7334206759,"Unknown 072",1,1,"A",183.17588,0.967,NA,NA,NA,NA,NA,NA,NA,NA,NA,NA,NA,NA,NA,92280.8233080946,49478.9773128247,172848.597553143,190318.770283918,89157.5614379015,114884.731106013,69797.6195163278,73672.8289413421,105274.420033796,131587.137784905
"hineg_Unknown.073","Unknown 073",1,1,"A",203.06703,5.63,"MS2",NA,NA,NA,NA,NA,NA,NA,NA,26092.9843524443,19909.7864889422,20847.5207740965,19870.9741100844,19474.6208702019,19684.789969002,22207.4501575597,20686.9387430928,"Unknown 073",1,1,"A",184.0622,4.855,NA,NA,NA,NA,NA,NA,NA,NA,NA,NA,NA,NA,NA,73749.1203408952,85120.4969918654,86989.889350405,536342.475013432,389487.658720362,423641.968271829,464524.467122986,485893.745516293,380358.988947328,344490.214877122
"hineg_Unknown.074","Unknown 074",1,1,"A",204.05099,6.738,"MS2",NA,NA,NA,NA,NA,NA,NA,NA,25587.1231482227,18766.6928969022,21339.2291280559,19822.3639480814,19376.2148103102,19110.5769816437,22505.2285236772,21112.595654539,"Unknown 074",1,1,"A",185.0283,0.881,NA,NA,NA,NA,NA,NA,NA,NA,NA,NA,NA,NA,NA,530694.305873875,1269657.7359847,4122139.06953182,279784.672841177,265795.990808036,255506.380183223,229566.305324224,177916.992468921,238844.646429953,212237.170536501
"hineg_Unknown.075","Unknown 075",1,1,"A",207.0442,4.204,"MS2",NA,NA,NA,NA,NA,NA,NA,NA,44236.1036761492,40139.2768422576,41776.7479276123,39298.7700525216,39280.60715672,39741.015252729,42412.9137908533,41245.6350185669,"Unknown 075",1,1,"A",185.99466,5.216,NA,NA,NA,NA,NA,NA,NA,NA,NA,NA,NA,NA,NA,7016.95063600972,6563.982537674,7222.51695251437,106457.040791414,110907.821057649,155750.132961206,215012.543318062,126321.612457131,116613.375861134,120779.832308598
"hineg_Unknown.076","Unknown 076",1,1,"A",209.00394,7.709,"MS2",NA,NA,NA,NA,NA,NA,NA,NA,34107.4593331806,26555.211638603,28959.2781509976,26337.5267340415,26485.1846209339,25718.076955277,32364.7402918099,28182.9427305557,"Unknown 076",1,1,"A",186.96534,6.202,NA,NA,NA,NA,NA,NA,NA,NA,NA,NA,NA,NA,NA,8070.56103997807,6529.76139725504,12961.710728507,470209.980193962,609170.283157866,638847.368435908,659411.350019123,486911.87114146,712683.133906977,733760.777442676
"hineg_Unknown.077","Unknown 077",1,1,"A",210.00753,6.772,"MS2",NA,NA,NA,NA,NA,NA,NA,NA,32459.6452687595,113962.282176271,27959.4287265935,156715.233607492,25474.2392936311,142459.085129839,28597.7606604597,26783.2910202213,"Unknown 077",1,1,"A",187.0255,5.51,NA,NA,NA,NA,NA,NA,NA,NA,NA,NA,NA,NA,NA,312811.321972092,168510.212147516,301416.946062237,951357.819807091,908125.114856078,1636481.08623661,940513.157883271,1026710.75349788,1225672.14322921,1181638.62939017
"hineg_Unknown.078","Unknown 078",1,1,"A",210.04387,1.571,"MS2",NA,NA,NA,NA,NA,NA,NA,NA,54999.462043761,46073.7414297377,50091.6117576107,46336.0763475476,46178.1465196154,46282.3313598885,51881.929939011,48020.8729126569,"Unknown 078",1,1,"A",188.88851,6.11,NA,NA,NA,NA,NA,NA,NA,NA,NA,NA,NA,NA,NA,4968.05363709212,4732.99009894203,4176.35492162323,137048.193326921,134366.952318794,121427.099312324,125933.127687087,108981.438111884,117655.039387518,120104.038874164
"hineg_Unknown.079","Unknown 079",1,1,"A",211.07551,6.767,"MS2",NA,NA,NA,NA,NA,NA,NA,NA,38306.4813210134,29494.9682002786,32995.657389154,29263.6248395917,29501.9311822064,28786.6572731615,33748.969697369,31607.6663403593,"Unknown 079",1,1,"A",188.95202,0.964,NA,NA,NA,NA,NA,NA,NA,NA,NA,NA,NA,NA,NA,102822.880795762,35018.2769673821,105496.910446069,112585.074890344,138102.35238682,124978.764691281,119221.628771192,115734.719276307,156344.924120402,97397.8733004508
"hineg_Unknown.080","Unknown 080",1,1,"A",212.07888,6.767,"MS2",NA,NA,NA,NA,NA,NA,NA,NA,36109.6939997315,27803.5005961152,31103.4334283462,27585.4242373583,27810.0642672765,27135.80964793,31813.5450334274,29795.0404275292,"Unknown 080",1,1,"A",188.98651,0.663,NA,NA,NA,NA,NA,NA,NA,NA,NA,NA,NA,NA,NA,2488595.18987848,2686571.97056909,3678052.92369582,7576675.59355793,6191629.08449627,6452637.77396845,6280949.96045142,5938794.76596878,6451205.46265699,6190719.91765861
"hineg_Unknown.081","Unknown 081",1,1,"A",212.83445,1.035,"MS2",NA,NA,NA,NA,NA,NA,NA,NA,48140.1746095114,42448.5559074373,47646.5723725499,46645.8802309772,43906.0259836734,41457.9795675618,56924.3863518867,43418.4898248357,"Unknown 081",1,1,"A",189.0347,4.345,NA,NA,NA,NA,NA,NA,NA,NA,NA,NA,NA,NA,NA,3929.44358824276,3861.80869585679,6241.00304969529,250040.335258535,311087.226697561,394837.447991295,348851.314493272,295297.238994186,231356.160167594,211883.956950077
"hineg_Unknown.082","Unknown 082",1,1,"A",212.957,7.475,"MS2",NA,NA,NA,NA,NA,NA,NA,NA,39157.1634063666,30863.3501327541,33254.8325225345,30386.0426316464,30413.1776774613,30795.9652314658,36670.6029752832,32381.9509905912,"Unknown 082",1,1,"A",189.04113,4.269,NA,NA,NA,NA,NA,NA,NA,NA,NA,NA,NA,NA,NA,445429.747045243,538349.106514896,395075.793361202,860150.96277561,1178106.25444475,1042546.09922199,971026.712695262,1125541.2814534,632380.062342369,704809.098896635
"hineg_Unknown.083","Unknown 083",1,1,"A",213.01692,2.536,"MS2",NA,NA,NA,NA,NA,NA,NA,NA,250822.912356804,228282.921419111,236448.588478125,224885.647205685,226471.281582689,224346.720212232,235250.646388771,231345.001495997,"Unknown 083",1,1,"A",191.06794,5.597,NA,NA,NA,NA,NA,NA,NA,NA,NA,NA,NA,NA,NA,3589.92811922794,8409.83974483731,3014.13204309864,128963.435789829,95912.5509907534,134557.74346073,111143.822351146,105881.395358916,101330.478948488,106573.417955216
"hineg_Unknown.084","Unknown 084",1,1,"A",215.0017,0.879,"MS2",NA,NA,NA,NA,NA,NA,NA,NA,65572.179689603,61888.3382823328,63443.6353544654,61542.5087304573,61313.2811752967,61534.8571725427,65179.586292679,60960.6428514282,"Unknown 084",1,1,"A",192.04933,0.964,NA,NA,NA,NA,NA,NA,NA,NA,NA,NA,NA,NA,NA,66075.0660124056,43022.4595597747,129610.505039263,1162742.20131661,1372191.03559767,1707762.59677849,1559094.1566845,1632871.97527068,1470652.65827298,1324597.9730921
"hineg_Unknown.085","Unknown 085",1,1,"A",215.03245,6.296,"MS2",NA,NA,NA,NA,NA,NA,NA,NA,25955.8280164275,20262.9229291057,21959.6833767927,20404.6238352735,28618.4357638309,19276.3879560665,23800.9269833408,21493.722488918,"Unknown 085",1,1,"A",192.04942,3.547,NA,NA,NA,NA,NA,NA,NA,NA,NA,NA,NA,NA,NA,26157.8427142087,27687.6361670624,26266.3005508591,4001324.5646803,6061006.48903602,3598760.97034293,3602879.2553934,3944361.53411985,3676758.80512922,3814884.88805676
"hineg_Unknown.086","Unknown 086",1,1,"A",218.0668,6.881,"MS2",NA,NA,NA,NA,NA,NA,NA,NA,24250.9763055243,18279.2226611705,20385.8449778107,18418.7667081365,18432.6044031516,18177.2937050597,21508.3519191167,19596.0963850088,"Unknown 086",1,1,"A",193.06585,5.841,NA,NA,NA,NA,NA,NA,NA,NA,NA,NA,NA,NA,NA,4318.14813030402,3491.11437619854,3521.02404783244,595327.519170387,547707.083687715,658403.749168643,531183.299313133,613546.380503046,648719.371462961,722768.667782314
"hineg_Unknown.087","Unknown 087",1,1,"A",220.04592,1.445,"MS2",NA,NA,NA,NA,NA,NA,NA,NA,39135.2403570499,37190.2743269093,38069.5800178305,35208.0134435509,35513.7959698305,35009.4843654787,37796.5878172323,36334.4636532397,"Unknown 087",1,1,"A",194.09531,1.185,NA,NA,NA,NA,NA,NA,NA,NA,NA,NA,NA,NA,NA,5081.96726447932,4986.81472518747,5218.72869571725,1101637.67640394,1076933.24666572,1098038.02388019,1017306.64948073,973372.28773389,968530.128915585,950505.753248233
"hineg_Unknown.088","Unknown 088",1,1,"A",220.07579,6.988,"MS2",NA,NA,NA,NA,NA,NA,NA,NA,24736.0034390521,18490.8246752139,20877.1327349051,18764.1032658742,18120.67277554,18666.1336268674,22605.7010641163,20411.0389647186,"Unknown 088",1,1,"A",194.92795,6.203,NA,NA,NA,NA,NA,NA,NA,NA,NA,NA,NA,NA,NA,1223921.75185772,2100838.31986866,4090481.11286625,6552975.0264883,6634535.68827769,6809058.18394162,5418478.88003239,5705915.907659,7435109.90203612,7607954.16525559
"hineg_Unknown.089","Unknown 089",1,1,"A",220.11876,7.077,"MS2",NA,NA,NA,NA,NA,NA,NA,NA,27539.0726165401,20611.4854975246,23230.546947933,21069.5144516265,20796.3883106335,20639.7472286974,25246.7777196991,22168.6348444139,"Unknown 089",1,1,"A",194.93756,6.213,NA,NA,NA,NA,NA,NA,NA,NA,NA,NA,NA,NA,NA,5309.69647152671,4052.60652176553,8348.74405473594,12470750.3160735,11860814.5615461,12521544.05467,13572122.0630544,18857959.4936506,13294255.3243303,14286645.7829018
"hineg_Unknown.090","Unknown 090",1,1,"A",221.02998,2.296,"MS2",NA,NA,NA,NA,NA,NA,NA,NA,2039744.08839806,2694854.32616438,2085503.73036469,2583553.37984941,2443101.49467991,2190052.57386871,1788084.08122966,2302399.27238115,"Unknown 090",1,1,"A",194.9468,6.225,NA,NA,NA,NA,NA,NA,NA,NA,NA,NA,NA,NA,NA,8394.78426721062,4634.42744021303,7672.18591476094,188299994.34142,194480621.171459,185434141.714775,194018611.097537,185821536.983403,181793493.280509,185960312.996253
"hineg_Unknown.091","Unknown 091",1,1,"A",221.05989,6.199,"MS2",NA,NA,NA,NA,NA,NA,NA,NA,29004.0809837271,30095.5882321465,24888.1560640976,53341.3506212451,46023.0044895074,57862.4648781767,28287.9617406531,23545.2888950973,"Unknown 091",1,1,"A",195.08693,7.73,NA,NA,NA,NA,NA,NA,NA,NA,NA,NA,NA,NA,NA,9819.34885875993,10594.1093139395,9321.31975283308,98239.4908776576,193322.584001973,266685.149663992,268431.476760808,302453.354789545,260110.433622997,312048.341599128
"hineg_Unknown.092","Unknown 092",1,1,"A",221.0929,6.046,"MS2",NA,NA,NA,NA,NA,NA,NA,NA,34964.4259173069,26792.1272441622,29585.3615523208,26855.5117278848,27543.8506357877,26095.95439947,32159.2259729654,28293.1055394869,"Unknown 092",1,1,"A",195.17586,0.892,NA,NA,NA,NA,NA,NA,NA,NA,NA,NA,NA,NA,NA,209274.116031365,172687.242243368,164345.406817467,44124.9537767496,95727.8497483758,71306.4570125282,94505.9062074348,122575.260143667,160759.349496504,133920.361340125
"hineg_Unknown.093","Unknown 093",1,1,"A",222.01468,7.682,"MS2",NA,NA,NA,NA,NA,NA,NA,NA,30063.3904083004,85818.7110503409,25525.6211402721,184698.302589569,70277.4913611573,112372.93810415,28260.3646582869,49579.1471456366,"Unknown 093",1,1,"A",196.07348,5.032,NA,NA,NA,NA,NA,NA,NA,NA,NA,NA,NA,NA,NA,4073.9421320598,3854.15552414452,3654.89034921577,54583.6073127769,88188.1680513543,78086.0472819467,91198.7219637257,149903.638464312,118226.462894249,111309.047746603
"hineg_Unknown.094","Unknown 094",1,1,"A",222.07689,1.487,"MS2",NA,NA,NA,NA,NA,NA,NA,NA,36207.9055271156,34617.8074258393,34991.5688533554,32574.4370784697,31950.2786868148,32565.7770907123,35224.6358352698,33616.6282698689,"Unknown 094",1,1,"A",196.8954,6.248,NA,NA,NA,NA,NA,NA,NA,NA,NA,NA,NA,NA,NA,9054.20266567579,8218.47410367034,8733.92147073838,2437070.07759394,2050666.58011773,1280731.01362857,2330946.49819154,380108.606177644,2579612.1710975,1118124.39471757
"hineg_Unknown.095","Unknown 095",1,1,"A",222.13448,6.622,"MS2",NA,NA,NA,NA,NA,NA,NA,NA,47570.4845533622,35706.8907473529,41117.8559998202,35999.2288243927,36674.6267536282,35864.8827957168,43268.3974625669,39239.9822279834,"Unknown 095",1,1,"A",196.97426,4.426,NA,NA,NA,NA,NA,NA,NA,NA,NA,NA,NA,NA,NA,3475.15638121586,5186.81832889416,3017.31469772425,5883.24143801841,4788.60220910791,5403.02266853536,4815.20895781496,6496.42136022941,4314.25362480989,3746.56687450936
"hineg_Unknown.096","Unknown 096",1,1,"A",223.01971,7.699,"MS2",NA,NA,NA,NA,NA,NA,NA,NA,33600.8505568494,85818.7110503409,28529.136922236,220281.594110881,70277.4913611573,112372.93810415,31585.6687043186,49579.1471456366,"Unknown 096",1,1,"A",196.9769,6.373,NA,NA,NA,NA,NA,NA,NA,NA,NA,NA,NA,NA,NA,222843.344810849,370547.262209472,432344.561334066,954316.881041234,938107.384803758,1113403.98254731,1132140.50297793,1094011.46803926,1107778.59128957,1076582.98295107
"hineg_Unknown.097","Unknown 097",1,1,"A",224.91831,0.739,"MS2",NA,NA,NA,NA,NA,NA,NA,NA,24463.5967336165,21570.5809630247,22713.3295155537,22028.9885430245,21232.2144066763,21314.3477063456,23685.6907059658,21990.1980835725,"Unknown 097",1,1,"A",197.11872,0.947,NA,NA,NA,NA,NA,NA,NA,NA,NA,NA,NA,NA,NA,1145886.72821742,1129481.03713441,1227145.29570331,1360644.34376661,308374.884829599,1748374.72454502,1322691.70497675,1452867.13660318,1533201.20868688,1522886.48454599
"hineg_Unknown.098","Unknown 098",1,1,"A",225.06137,7.31,"MS2",NA,NA,NA,NA,NA,NA,NA,NA,18916.339074434,14591.0151260733,16023.5223451429,14613.3746216415,14611.9078639208,14535.1076577164,17188.4326690238,15576.3257811442,"Unknown 098",1,1,"A",197.19149,0.967,NA,NA,NA,NA,NA,NA,NA,NA,NA,NA,NA,NA,NA,53413.4069633699,43849.9296746329,86645.2570917009,55692.5869611479,56906.3066920721,81131.9818533464,94847.0475674623,67005.4080419345,52733.075330952,71916.2663521729
"hineg_Unknown.100","Unknown 100",1,1,"A",227.06716,6.676,"MS2",NA,NA,NA,NA,NA,NA,NA,NA,50302.9497212304,163484.867864654,43456.2983855726,38969.733770384,58628.3421559067,162206.282249896,45848.9413104137,41121.4023090792,"Unknown 100",1,1,"A",198.90636,6.109,NA,NA,NA,NA,NA,NA,NA,NA,NA,NA,NA,NA,NA,20670.2390776263,7960.43923928544,7677.39741924857,9714201.77024396,9350728.85705987,10385305.4201449,9624777.9309519,10175434.8346598,10486665.2018711,9929759.37798207
"hineg_Unknown.101","Unknown 101",1,1,"A",227.06717,6.841,"MS2",NA,NA,NA,NA,NA,NA,NA,NA,30646.6795136266,163484.867864654,26074.0578095949,24114.4143980745,23315.5629129426,28591.0774230431,28238.124176432,25102.5082443549,"Unknown 101",1,1,"A",198.9405,0.981,NA,NA,NA,NA,NA,NA,NA,NA,NA,NA,NA,NA,NA,24750.8645897948,15127.2954512094,24318.8950491458,27095.1637398847,94269.9348391516,96088.1419005965,108313.30876212,123181.977539032,139622.560845194,111967.737798253
"hineg_Unknown.102","Unknown 102",1,1,"A",227.96029,6.273,"MS2",NA,NA,NA,NA,NA,NA,NA,NA,33040.4259670347,25793.6523732212,29385.1327429804,25451.7971335443,25167.1174735902,25263.3714419808,30328.7744983395,27360.3965244963,"Unknown 102",1,1,"A",198.98367,6.219,NA,NA,NA,NA,NA,NA,NA,NA,NA,NA,NA,NA,NA,26467.9017218354,13967.3955263633,33360.0036483678,1600925.80106628,1480794.01544005,1413771.23017072,1386492.73870545,1204822.74764938,1224285.48860828,589986.54792915
"hineg_Unknown.103","Unknown 103",1,1,"A",227.99712,0.726,"MS2",NA,NA,NA,NA,NA,NA,NA,NA,24494.699899447,21598.0059309908,23304.6213248188,22056.9963331787,21006.3249736379,21158.1883752958,23440.2655719181,22018.1565553004,"Unknown 103",1,1,"A",200.90414,6.194,NA,NA,NA,NA,NA,NA,NA,NA,NA,NA,NA,NA,NA,24467.1578217958,14292.9623193798,13170.0600622997,472409.701066861,509439.643748754,254347.461145077,556132.653487222,829420.408264045,1059666.32534744,951512.138156721
"hineg_Unknown.104","Unknown 104",1,1,"A",228.02781,2.542,"MS2",NA,NA,NA,NA,NA,NA,NA,NA,145393.589020478,132327.915920174,169583.52208083,130358.630554114,131277.769363167,130046.23273901,136366.871257736,194258.952665414,"Unknown 104",1,1,"A",200.96603,6.037,NA,NA,NA,NA,NA,NA,NA,NA,NA,NA,NA,NA,NA,4177.45333089005,3565.52072762727,3968.63423259284,188873.006188269,246223.735513099,90230.6810235816,205627.602658922,195513.538267999,147812.348100108,119563.551057639
"hineg_Unknown.106","Unknown 106",1,1,"A",230.01269,0.792,"MS2",NA,NA,NA,NA,NA,NA,NA,NA,31657.7848291667,51791.8654664871,50167.6188961436,35085.5765132268,48149.9318230412,66429.8140434741,93910.0430789601,54007.1083822916,"Unknown 106",1,1,"A",201.07758,4.959,NA,NA,NA,NA,NA,NA,NA,NA,NA,NA,NA,NA,NA,147371.741228593,157118.189835313,133204.996507171,382226.935245119,282040.635295671,403741.045523582,254746.568878933,281352.517828177,336671.427635346,302356.58249242
"hineg_Unknown.107","Unknown 107",1,1,"A",230.99677,0.671,"MS2",NA,NA,NA,NA,NA,NA,NA,NA,26521.1062381647,23102.5126939768,24600.281098427,23126.1304364903,22956.2652847237,24416.6786670645,24783.5436652295,23629.0317772565,"Unknown 107",1,1,"A",202.10905,4.042,NA,NA,NA,NA,NA,NA,NA,NA,NA,NA,NA,NA,NA,2745.92823499105,6537.45469476976,11267.4141571331,51479.199663115,48829.8732398252,54337.8127450741,50468.8774060508,56638.6417976518,55082.4642747804,58374.9082170983
"hineg_Unknown.108","Unknown 108",1,1,"A",231.02728,6.636,"MS2",NA,NA,NA,NA,NA,NA,NA,NA,47052.2860755856,35059.7957780695,40258.5360263929,36432.636501027,36275.1198758827,35203.0234252091,42797.06281228,38812.5302217775,"Unknown 108",1,1,"A",202.90424,6.109,NA,NA,NA,NA,NA,NA,NA,NA,NA,NA,NA,NA,NA,30890.492157536,27648.4090303356,10836.1528729589,11062033.1070536,11366284.4535672,10760335.8788432,10851422.9181061,11274665.2029044,10557744.3809297,11495623.880879
"hineg_Unknown.110","Unknown 110",1,1,"A",233.01238,0.8,"MS2",NA,NA,NA,NA,NA,NA,NA,NA,26349.512494115,23090.8811335197,25437.3495991549,23351.5663974677,23973.1456918236,24097.1871338148,25999.7032899727,24193.8751371129,"Unknown 110",1,1,"A",204.90482,6.11,NA,NA,NA,NA,NA,NA,NA,NA,NA,NA,NA,NA,NA,45861.0611926609,20867.3480580481,17244.4195560869,15917747.6152633,15398983.3805435,15886878.5568552,17196879.2997219,16722724.3445274,17183992.0668521,18113996.1649881
"hineg_Unknown.111","Unknown 111",1,1,"A",233.07766,7.252,"MS2",NA,NA,NA,NA,NA,NA,NA,NA,30589.340603951,24271.3513927962,25226.2933941218,23494.4922976045,23459.6993609399,23519.2250174484,27275.0778602882,24904.1210779557,"Unknown 111",1,1,"A",206.90692,6.109,NA,NA,NA,NA,NA,NA,NA,NA,NA,NA,NA,NA,NA,11938.3780533251,6986.74832760574,5066.58572000229,6149166.25935225,6108224.81366403,6767370.07811379,6274312.22244132,6558477.03604956,6830566.21363466,6612106.03297751
"hineg_Unknown.113","Unknown 113",1,1,"A",235.0393,4.742,"MS2",NA,NA,NA,NA,NA,NA,NA,NA,47666.1895534508,41037.6496241887,44974.535311732,41744.4367592227,41927.9631147738,40999.7505753727,44185.490002522,44518.4930540325,"Unknown 113",1,1,"A",207.10306,0.965,NA,NA,NA,NA,NA,NA,NA,NA,NA,NA,NA,NA,NA,747845.590507593,662470.743715799,769133.580738966,451313.483171955,508298.201188127,654978.174288516,571937.319320103,547530.073182768,628889.938106749,609332.138386569
"hineg_Unknown.114","Unknown 114",1,1,"A",235.07565,4.619,"MS2",NA,NA,NA,NA,NA,NA,NA,NA,137918.84207931,1046431.86587287,130799.030631038,1230231.91948516,713970.903745894,1135117.71327179,258711.428337301,128811.198685032,"Unknown 114",1,1,"A",207.13968,1.235,NA,NA,NA,NA,NA,NA,NA,NA,NA,NA,NA,NA,NA,160952.728409936,145298.462549516,124080.351117393,1529769.97602018,2098325.56769478,2035365.03272728,1721178.51269893,1804275.61033885,1897481.97356115,1517313.51752018
"hineg_Unknown.115","Unknown 115",1,1,"A",235.13733,0.841,"MS2",NA,NA,NA,NA,NA,NA,NA,NA,30265.788109602,28565.4578172494,29283.3276799789,28405.8351847756,28300.0318906619,28072.8386912374,30084.5809479555,28137.2665709783,"Unknown 115",1,1,"A",209.15538,1.642,NA,NA,NA,NA,NA,NA,NA,NA,NA,NA,NA,NA,NA,381420.634532078,411184.449336452,466802.659264944,10487004.5516474,8879448.77325393,9380543.52474174,8758804.42281793,8825577.36144997,9107618.444092,8630573.84226865
"hineg_Unknown.116","Unknown 116",1,1,"A",236.07743,7.516,"MS2",NA,NA,NA,NA,NA,NA,NA,NA,24523.7513217154,19668.3696476409,20441.0002754173,18749.0175019039,19476.353333486,18618.8057832911,22997.7978379832,19724.6199042244,"Unknown 116",1,1,"A",210.03922,5.22,NA,NA,NA,NA,NA,NA,NA,NA,NA,NA,NA,NA,NA,9912.62627096807,9815.19879220164,5618.86894421156,196939.30561057,179889.324317093,148877.982025998,140642.612686856,193627.727221945,234299.398797754,198141.906789741
"hineg_Unknown.117","Unknown 117",1,1,"A",236.86103,7.482,"MS2",NA,NA,NA,NA,NA,NA,NA,NA,37238.3110816602,29350.9267088236,31625.2172199303,28893.4204213376,28922.8144434734,28706.3665901439,34012.2845759076,30795.1102561901,"Unknown 117",1,1,"A",210.99269,6.292,NA,NA,NA,NA,NA,NA,NA,NA,NA,NA,NA,NA,NA,174183.20348434,207870.178035411,171018.069265921,215103.058293416,193740.003046374,256001.561296171,226960.335249292,97211.8113915726,199882.130855245,149778.908040137
"hineg_Unknown.118","Unknown 118",1,1,"A",237.09116,6.372,"MS2",NA,NA,NA,NA,NA,NA,NA,NA,46340.3510086946,4587617.28566655,3763724.305679,3773634.4308572,5479105.64767484,3292119.329864,1740533.60641345,3964490.1644117,"Unknown 118",1,1,"A",211.07631,5.605,NA,NA,NA,NA,NA,NA,NA,NA,NA,NA,NA,NA,NA,12115.4319795547,12067.8345403633,4325.17715944007,754098.772136073,532068.286566908,677880.821498174,566980.682739156,606074.430096093,514733.602947241,622686.827937545
"hineg_Unknown.119","Unknown 119",1,1,"A",237.98868,7.578,"MS2",NA,NA,NA,NA,NA,NA,NA,NA,28301.4202240735,22226.7088369098,23867.7450126564,22265.3580464939,21955.5701606471,21389.7999309775,26018.132432138,23249.0809355853,"Unknown 119",1,1,"A",213.01768,5.507,NA,NA,NA,NA,NA,NA,NA,NA,NA,NA,NA,NA,NA,5732.01823772133,5353.11135183833,6139.594587337,428966.51791271,460162.261312608,526143.22161943,319830.683015317,483234.655994043,459440.316173185,541975.03933789
"hineg_Unknown.121","Unknown 121",1,1,"A",239.07057,6.435,"MS2",NA,NA,NA,NA,NA,NA,NA,NA,29668.223809824,115547.077569055,52642.9528860352,59514.1228539315,64300.4368605171,38204.1909589439,92322.3950914512,28538.3076651048,"Unknown 121",1,1,"A",214.04945,6.151,NA,NA,NA,NA,NA,NA,NA,NA,NA,NA,NA,NA,NA,7151.7350897801,7669.64264701321,6842.79226852616,354062.263264525,393335.312870948,476353.051029087,515520.631024643,448918.783538158,607546.287389769,652052.072348514
"hineg_Unknown.122","Unknown 122",1,1,"A",239.07709,7.31,"MS2",NA,NA,NA,NA,NA,NA,NA,NA,19896.0782602581,22180.2384549836,16853.4330733599,15370.2491784789,31373.8024154489,20586.5864393745,18078.6779200989,16383.0747339357,"Unknown 122",1,1,"A",215.03351,4.785,NA,NA,NA,NA,NA,NA,NA,NA,NA,NA,NA,NA,NA,5405.84021989089,5144.56408727982,5129.50966672722,23229256.996442,16609473.7166707,22116585.7580701,21284250.3137932,19817665.1804887,7527036.98917711,4067732.06085077
"hineg_Unknown.123","Unknown 123",1,1,"A",239.1288,0.883,"MS2",NA,NA,NA,NA,NA,NA,NA,NA,404913.233568386,302995.756279201,355334.810467109,210084.298830846,272049.528897736,157385.237887573,336644.361917916,257164.580463426,"Unknown 123",1,1,"A",215.03352,5.282,NA,NA,NA,NA,NA,NA,NA,NA,NA,NA,NA,NA,NA,6501.18515472566,5822.11684405787,5214.24956392439,10154166.6353736,10140731.7624378,13087031.3174974,12751291.4170019,10834440.7056859,9330476.54489573,8686983.60881412
"hineg_Unknown.124","Unknown 124",1,1,"A",241.09039,0.769,"MS2",NA,NA,NA,NA,NA,NA,NA,NA,24770.6024484693,21446.275989508,23391.7643449227,21243.8279992931,22045.3067425023,21528.3951903754,23908.8954620162,22546.7941005587,"Unknown 124",1,1,"A",215.03867,0.661,NA,NA,NA,NA,NA,NA,NA,NA,NA,NA,NA,NA,NA,2212651.82253499,2388676.30670836,3270218.69129029,1572302.17011682,2006038.11236328,1755666.99631799,1649190.33125575,505985.367702313,1773345.00664428,1927152.59191395
"hineg_Unknown.125","Unknown 125",1,1,"A",242.07984,7.745,"MS2",NA,NA,NA,NA,NA,NA,NA,NA,51091.216828381,145421.712213182,43714.4775490754,133452.491307463,263828.862372142,253483.576158936,48480.7134911535,42216.5961950703,"Unknown 125",1,1,"A",216.13611,6.578,NA,NA,NA,NA,NA,NA,NA,NA,NA,NA,NA,NA,NA,5009.3915202134,4814.9262734985,5056.30077287827,112410.180084609,118830.228478698,130177.10948995,127087.795019146,122260.434657922,126069.175042836,125675.226572137
"hineg_Unknown.126","Unknown 126",1,1,"A",242.17605,1.035,"MS2",NA,NA,NA,NA,NA,NA,NA,NA,409369.941795511,754735.611774467,636346.084001493,408415.229044924,483080.581360012,221620.99489702,744504.614100488,237300.863178058,"Unknown 126",1,1,"A",216.92884,6.234,NA,NA,NA,NA,NA,NA,NA,NA,NA,NA,NA,NA,NA,7781.10755266469,7062.88927702895,11422.9346470482,9037042.49885817,7541355.80039069,7399288.88401658,9622749.85328957,7296300.52968424,7024724.32550664,5967244.6198118
"hineg_Unknown.128","Unknown 128",1,1,"A",245.0431,6.647,"MS2",NA,NA,NA,NA,NA,NA,NA,NA,25219.2035295624,19715.3849416128,24701.2329834301,41757.9887581215,36599.0008397967,40755.4777169517,22453.4707014141,26021.0729410891,"Unknown 128",1,1,"A",217.04913,5.148,NA,NA,NA,NA,NA,NA,NA,NA,NA,NA,NA,NA,NA,5190.63588925441,4404.78837059503,3754.47384331708,1049466.86158052,651287.551907861,884765.393731685,1758023.43860366,1394549.44674307,699838.95491948,1159034.22289393
"hineg_Unknown.129","Unknown 129",1,1,"A",246.14585,7.531,"MS2",NA,NA,NA,NA,NA,NA,NA,NA,25912.6375121948,20782.2745569875,22816.8156068027,20820.3336181559,20579.3835278032,19973.6592000944,24300.2626774603,21073.5283164164,"Unknown 129",1,1,"A",218.04987,1.589,NA,NA,NA,NA,NA,NA,NA,NA,NA,NA,NA,NA,NA,9620.21977007966,9788.38861631987,9410.49198933176,2003966.20942638,1591860.66640473,1879733.25499389,1586473.02694856,1371974.41788811,1704717.9018007,1410418.50320648
"hineg_Unknown.130","Unknown 130",1,1,"A",251.07071,5.687,"MS2",NA,NA,NA,NA,NA,NA,NA,NA,48623.8857353883,255795.926747266,283871.73257658,255012.569836028,318900.779243717,248411.088573385,820745.424515388,274582.890587203,"Unknown 130",1,1,"A",218.95622,4.834,NA,NA,NA,NA,NA,NA,NA,NA,NA,NA,NA,NA,NA,4988.50000241885,5300.59024477341,5007.98183069369,101991.610577565,271558.319273239,245255.521259761,314618.401706622,245154.457064464,202616.475077532,177204.9179296
"hineg_Unknown.131","Unknown 131",1,1,"A",251.07076,5.461,"MS2",NA,NA,NA,NA,NA,NA,NA,NA,47326.922606461,79734.0863837697,129832.733945924,90228.6247304118,118817.716066047,65029.8922648152,186039.465044623,70896.5251287242,"Unknown 131",1,1,"A",219.99051,5.346,NA,NA,NA,NA,NA,NA,NA,NA,NA,NA,NA,NA,NA,4653.66715664199,4304.23067986396,4402.81104996315,513713.388714107,859006.484442164,796418.592132603,938529.887537532,1015434.85067859,1294939.21770201,1190120.76952672
"hineg_Unknown.132","Unknown 132",1,1,"A",251.09587,0.746,"MS2",NA,NA,NA,NA,NA,NA,NA,NA,59117.1629731188,52890.755811445,43610.1648427343,57251.590831127,47410.9825469109,58098.353571613,35409.0236705513,38534.7919556533,"Unknown 132",1,1,"A",220.94031,6.047,NA,NA,NA,NA,NA,NA,NA,NA,NA,NA,NA,NA,NA,4782.34597029042,4537.78632373101,4543.28999667202,1389012.71571028,2026477.66764636,1001964.51049684,1419525.75332294,1856644.67226532,1592340.08501177,1532655.56471233
"hineg_Unknown.133","Unknown 133",1,1,"A",252.89253,7.477,"MS2",NA,NA,NA,NA,NA,NA,NA,NA,36960.5648950005,29132.0094773082,31389.3369334732,28677.9155526021,28707.0903360743,28492.2568837239,33758.6000755599,30565.4214171161,"Unknown 133",1,1,"A",221.06075,4.825,NA,NA,NA,NA,NA,NA,NA,NA,NA,NA,NA,NA,NA,4024.6435221318,4276.433032326,4040.361155474,333005.137654193,325233.321972655,428901.525432111,314143.266644793,370363.731568061,351070.35556399,420093.497433027
"hineg_Unknown.134","Unknown 134",1,1,"A",252.94253,7.356,"MS2",NA,NA,NA,NA,NA,NA,NA,NA,25207.4730686048,101784.22319538,90052.7952721275,142718.902502186,173854.475024642,206077.518600802,22711.6863842199,43346.3428841777,"Unknown 134",1,1,"A",222.05591,5.602,NA,NA,NA,NA,NA,NA,NA,NA,NA,NA,NA,NA,NA,14947.1229884112,14888.4007918995,5336.08335698764,758337.533007146,477111.01163408,672007.298383016,507559.973847013,429165.1427609,510723.543328789,502109.288143865
"hineg_Unknown.135","Unknown 135",1,1,"A",253.05003,7.122,"MS2",NA,NA,NA,NA,NA,NA,NA,NA,26006.1757932159,19715.6293123788,21837.3000209528,19730.5808643079,19613.3057003002,19516.2589923414,24321.5486624761,21228.590339194,"Unknown 135",1,1,"A",223.02048,7.11,NA,NA,NA,NA,NA,NA,NA,NA,NA,NA,NA,NA,NA,499790.378872743,202813.59668489,496490.942689658,248419761.604575,255512654.731456,244094857.484895,233268644.103208,222617309.327094,212530569.821172,206965357.26275
"hineg_Unknown.136","Unknown 136",1,1,"A",253.08644,6.863,"MS2",NA,NA,NA,NA,NA,NA,NA,NA,27541.1592826796,74528.0901413455,119563.291597317,45502.7638788916,68774.55812701,41852.0932929958,41328.9387430928,41778.5137809948,"Unknown 136",1,1,"A",225.11385,0.965,NA,NA,NA,NA,NA,NA,NA,NA,NA,NA,NA,NA,NA,2296608.87761342,1672219.36343425,985058.620992685,2674407.7432752,2892696.13867407,3197300.288749,3223230.74630328,3253385.38218116,3261980.70002221,2928958.21684836
"hineg_Unknown.137","Unknown 137",1,1,"A",254.96796,7.476,"MS2",NA,NA,NA,NA,NA,NA,NA,NA,28619.8243462681,22557.9072306645,24305.8327688965,22206.2868374504,22228.8778660423,22062.525006246,26140.4339214828,23667.8469204308,"Unknown 137",1,1,"A",226.0183,0.7,NA,NA,NA,NA,NA,NA,NA,NA,NA,NA,NA,NA,NA,2932367.88086981,1922644.90167504,4333932.77518614,4278683.09591967,4240944.88898064,3971221.92598619,3974021.23830772,591332.028158723,3662121.10476303,4077246.14198595
"hineg_Unknown.138","Unknown 138",1,1,"A",254.98177,6.818,"MS2",NA,NA,NA,NA,NA,NA,NA,NA,25658.6167744002,19442.7534032556,21830.2363488508,19696.2524224828,19585.6888623769,20243.3417835971,23642.0786254783,21016.8164819206,"Unknown 138",1,1,"A",226.93556,0.989,NA,NA,NA,NA,NA,NA,NA,NA,NA,NA,NA,NA,NA,12046.2750248086,6179.93501977984,7336.65542671467,592769.530946033,657656.470676765,739482.281705649,732651.232308186,389995.284024725,794984.282995574,633187.782439435
"hineg_Unknown.139","Unknown 139",1,1,"A",255.10619,0.752,"MS2",NA,NA,NA,NA,NA,NA,NA,NA,24825.3224605041,21605.3808384969,22749.9729902962,22064.5279686611,21509.1034021394,21348.7342000252,23723.9028935954,22596.6015627347,"Unknown 139",1,1,"A",226.93577,1.247,NA,NA,NA,NA,NA,NA,NA,NA,NA,NA,NA,NA,NA,4062.75747047813,5014.6102826647,4692.47256265984,516678.623611878,566535.59465404,552555.824484163,573771.879630686,489588.837433392,573918.801912582,562743.096527918
"hineg_Unknown.141","Unknown 141",1,1,"A",257.17593,0.804,"MS2",NA,NA,NA,NA,NA,NA,NA,NA,23264.6502648782,32840.571400839,35301.4534580925,20170.7202410059,28102.5000953336,25695.3916587765,61780.9518040183,21963.5941248141,"Unknown 141",1,1,"A",226.97905,0.745,NA,NA,NA,NA,NA,NA,NA,NA,NA,NA,NA,NA,NA,226175.114654479,282105.439688683,144477.633569159,67217002.4830736,71404503.3515917,69479708.0803267,60387185.4305756,76730443.1590013,69593406.1336071,71604811.689552
"hineg_Unknown.142","Unknown 142",1,1,"A",259.02836,0.661,"MS2",NA,NA,NA,NA,NA,NA,NA,NA,25275.8192651331,22017.7442893804,23180.7373916691,21849.2960980043,21788.2010817969,22165.0070654748,23619.8431847625,22343.1860173223,"Unknown 142",1,1,"A",226.98879,0.967,NA,NA,NA,NA,NA,NA,NA,NA,NA,NA,NA,NA,NA,65995.2162509004,40054.0292891076,260296.876868231,538454.194357756,1221519.53087702,1611480.27717025,1364594.46851309,803927.015305497,1415800.82189659,1408181.59407898
"hineg_Unknown.144","Unknown 144",1,1,"A",260.02348,6.3,"MS2",NA,NA,NA,NA,NA,NA,NA,NA,21435.7013202655,16276.5232003946,18135.4728369523,15959.8575568373,16461.0104378949,15919.4649655672,19595.3557675781,17750.6575880192,"Unknown 144",1,1,"A",228.16116,2.465,NA,NA,NA,NA,NA,NA,NA,NA,NA,NA,NA,NA,NA,383743.920021752,395852.372564585,1222259.16546246,2117925.40393893,2214188.4551893,2827954.41507328,2278855.91111255,2434971.00896553,2568122.67279989,2681819.37009766
"hineg_Unknown.145","Unknown 145",1,1,"A",260.02361,0.817,"MS2",NA,NA,NA,NA,NA,NA,NA,NA,27916.9278780208,24244.522697071,25402.7714448561,24205.9566917922,24344.7294528219,25894.1683671522,25970.6587829111,24660.3932074676,"Unknown 145",1,1,"A",228.88056,6.085,NA,NA,NA,NA,NA,NA,NA,NA,NA,NA,NA,NA,NA,3772.32272864721,63430.537774977,70240.8588980915,715167.855866516,844678.295156722,921330.237232241,780171.373131475,1064264.85988231,1008332.14248866,1486431.29589493
"hineg_Unknown.146","Unknown 146",1,1,"A",260.05982,1.365,"MS2",NA,NA,NA,NA,NA,NA,NA,NA,41852.5731794708,26492.1849595788,27784.2060524552,26760.1731501878,26971.4817197249,26080.9712472093,28800.8621207689,28258.1374097411,"Unknown 146",1,1,"A",228.88057,6.154,NA,NA,NA,NA,NA,NA,NA,NA,NA,NA,NA,NA,NA,82878.7838988687,76713.7058320563,66217.0942163539,498232.006952341,527063.764106694,485428.902619812,485152.20647977,347952.898254861,491605.59610596,538732.124340043
"hineg_Unknown.147","Unknown 147",1,1,"A",260.05985,1.015,"MS2",NA,NA,NA,NA,NA,NA,NA,NA,25274.6641482404,22286.4375304179,25015.5119772477,24490.1263092648,23051.6417903064,21766.3628836882,29886.5710097435,22795.6744454703,"Unknown 147",1,1,"A",230.04261,5.345,NA,NA,NA,NA,NA,NA,NA,NA,NA,NA,NA,NA,NA,2837.10326670327,3058.22989956352,2720.80850056596,175466.939600686,102087.843999017,116101.912751846,147734.709752084,140414.08394823,117308.838596392,163131.383531107
"hineg_Unknown.148","Unknown 148",1,1,"A",263.0126,7.696,"MS2",NA,NA,NA,NA,NA,NA,NA,NA,41307.7514395973,32161.1783240093,35072.7578986758,31897.5388121377,32076.3681770067,31538.7458013208,39197.1338093957,34360.6171034868,"Unknown 148",1,1,"A",230.0466,1.428,NA,NA,NA,NA,NA,NA,NA,NA,NA,NA,NA,NA,NA,16246.7529480588,16917.0449518798,16562.4044337106,280020.99999183,750069.6401045,838197.556467081,757045.125970364,766679.688008582,804343.907400529,747988.714591062
"hineg_Unknown.149","Unknown 149",1,1,"A",265.08317,6.807,"MS2",NA,NA,NA,NA,NA,NA,NA,NA,29974.0929367316,22712.7947924527,25818.4742368524,23008.9293514001,23084.69994041,23065.3688891098,27618.3968983327,24551.5966820096,"Unknown 149",1,1,"A",230.99709,0.653,NA,NA,NA,NA,NA,NA,NA,NA,NA,NA,NA,NA,NA,1547410.47821717,2444484.37801153,2822575.41648968,2594935.27269403,3597309.62032529,7747335.75848063,8090906.59040974,7205355.08155141,2305146.39030594,7501215.20525258
"hineg_Unknown.150","Unknown 150",1,1,"A",266.08172,6.584,"MS2",NA,NA,NA,NA,NA,NA,NA,NA,33812.5458853781,40767.0408819802,29226.0927286271,25276.2234798066,38804.8641506885,25729.2052166639,60329.7022877371,27891.3219422175,"Unknown 150",1,1,"A",231.02662,6.028,NA,NA,NA,NA,NA,NA,NA,NA,NA,NA,NA,NA,NA,2774.87026786011,2585.96415167036,2482.92676915474,107979.528254866,215673.712381009,21897.6038076621,87660.2467188713,100863.249204196,64993.1950577868,130830.379080518
"hineg_Unknown.151","Unknown 151",1,1,"A",266.08175,6.748,"MS2",NA,NA,NA,NA,NA,NA,NA,NA,45288.5088896959,40767.0408819802,46587.8527109996,35085.0426082321,61632.1338511489,34033.5300675357,76447.0518175839,37368.717477391,"Unknown 151",1,1,"A",231.87972,6.154,NA,NA,NA,NA,NA,NA,NA,NA,NA,NA,NA,NA,NA,100474.865597443,86323.1220598623,67884.2658474046,597343.231949814,523949.773152678,576153.319378173,558633.295186376,366191.696684169,566982.796423003,576727.149676342
"hineg_Unknown.154","Unknown 154",1,1,"A",269.08141,5.7,"MS2",NA,NA,NA,NA,NA,NA,NA,NA,42440.6856498272,32201.8351209143,35711.0093791111,32620.6970257799,32424.770127109,32020.7006338001,36214.9512898169,33888.2700397555,"Unknown 154",1,1,"A",233.15509,0.967,NA,NA,NA,NA,NA,NA,NA,NA,NA,NA,NA,NA,NA,1431456.66256318,3057505.44829174,2226762.24846587,2712509.9908065,2320500.36039219,1860051.71737512,2669925.67219994,2179153.21367466,2005073.52730163,1954048.40555588
"hineg_Unknown.155","Unknown 155",1,1,"A",269.12198,0.741,"MS2",NA,NA,NA,NA,NA,NA,NA,NA,24365.488645429,21484.0749401198,22622.2406474937,21940.6441358552,21147.0653590482,21228.8692737504,23590.7023092118,21902.0092405199,"Unknown 155",1,1,"A",234.87344,6.108,NA,NA,NA,NA,NA,NA,NA,NA,NA,NA,NA,NA,NA,2328191.8367095,1872648.00369498,1457902.43948055,21234478.1164374,16637185.4113006,19057775.4699604,17411308.8211228,19488770.5735152,12870628.2518337,19938827.7774239
"hineg_Unknown.157","Unknown 157",1,1,"A",275.16907,0.765,"MS2",NA,NA,NA,NA,NA,NA,NA,NA,46493.5068570116,70638.666980719,82215.7022076715,84596.6893916945,76503.9257751518,77298.9847819181,56439.2202521196,70999.4606840153,"Unknown 157",1,1,"A",235.04025,4.361,NA,NA,NA,NA,NA,NA,NA,NA,NA,NA,NA,NA,NA,3517.74965222638,3780.8454514585,5559.36557353367,71207.1434107053,90043.8517881144,108407.93543412,60741.7397916819,37677.8557366281,130852.08110301,128883.6299341
"hineg_Unknown.158","Unknown 158",1,1,"A",276.00039,0.754,"MS2",NA,NA,NA,NA,NA,NA,NA,NA,26350.9633139545,22933.1400937495,24884.1555381636,23420.5041230351,22830.9459249747,22660.7212292705,25434.2795459823,23985.2763140132,"Unknown 158",1,1,"A",235.09788,0.958,NA,NA,NA,NA,NA,NA,NA,NA,NA,NA,NA,NA,NA,596337.33915157,499392.099729315,637854.662742973,303552.693995857,356893.157219598,413609.090383719,857430.041852054,905923.39798808,1026964.02768754,899769.274720462
"hineg_Unknown.159","Unknown 159",1,1,"A",277.01729,1.258,"MS2",NA,NA,NA,NA,NA,NA,NA,NA,21784.4465278461,19305.0463801822,20795.8676636578,19952.1909029784,19583.9646560791,19580.8196304071,20756.8512183209,20100.1710861584,"Unknown 159",1,1,"A",235.13434,0.962,NA,NA,NA,NA,NA,NA,NA,NA,NA,NA,NA,NA,NA,448258.891169061,353196.187895404,477646.9196006,453115.774445834,464793.798746975,490410.283256888,423918.689172167,425985.149597102,444248.749175316,448765.657334227
"hineg_Unknown.160","Unknown 160",1,1,"A",277.01732,0.75,"MS2",NA,NA,NA,NA,NA,NA,NA,NA,26069.43952204,22688.1310410338,23890.0842453157,23170.2882561346,22587.0286763636,22418.6225973543,24912.8224898303,23729.0266332108,"Unknown 160",1,1,"A",235.17102,1.591,NA,NA,NA,NA,NA,NA,NA,NA,NA,NA,NA,NA,NA,17996.6099705623,46004.4674802756,21009.5448622264,642642.487974416,2040168.20647549,3203667.0385869,1850827.63457759,2834309.90972508,1721472.58652827,679055.585652866
"hineg_Unknown.161","Unknown 161",1,1,"A",279.12683,0.72,"MS2",NA,NA,NA,NA,NA,NA,NA,NA,71017.5011480175,135129.637065376,110708.498328618,133193.880862294,139985.225215854,144335.485417802,148438.076094961,117494.263062023,"Unknown 161",1,1,"A",236.07846,6.39,NA,NA,NA,NA,NA,NA,NA,NA,NA,NA,NA,NA,NA,5705.47726844134,4499.60151616,4378.050616697,199965.451928875,181136.242957104,223758.331943109,230613.672497661,215636.050377705,260668.257124148,223490.463973848
"hineg_Unknown.162","Unknown 162",1,1,"A",279.16312,0.679,"MS2",NA,NA,NA,NA,NA,NA,NA,NA,194865.595941345,315089.729045929,373232.509045207,368166.299600622,307541.685865258,302593.135747584,366257.008013064,347749.528485303,"Unknown 162",1,1,"A",236.8616,6.194,NA,NA,NA,NA,NA,NA,NA,NA,NA,NA,NA,NA,NA,8218.45123035492,6204.65487577134,12316.3675940405,936506.013732779,978545.746171951,1346939.31408964,1514158.42838455,1291333.1050723,1262667.56229738,1380413.03279304
"hineg_Unknown.163","Unknown 163",1,1,"A",280.8871,7.475,"MS2",NA,NA,NA,NA,NA,NA,NA,NA,32221.1297646822,25396.4261731636,27364.2976354396,25000.5604899719,25025.9942052515,24838.7087412539,29429.7513254664,26646.0324021268,"Unknown 163",1,1,"A",236.90355,6.344,NA,NA,NA,NA,NA,NA,NA,NA,NA,NA,NA,NA,NA,19531.6723162846,15403.5741853904,15489.0116714873,2489240.74039936,2852237.71693148,7739468.77001307,3093216.76367198,4661896.08045404,9761894.12002385,4641650.2463725
"hineg_Unknown.164","Unknown 164",1,1,"A",281.03071,7.585,"MS2",NA,NA,NA,NA,NA,NA,NA,NA,22932.9109368537,17835.6521792342,19332.2940220676,18041.8321418045,17652.3949712565,17332.3590438397,21082.7410456932,18838.9521882002,"Unknown 164",1,1,"A",237.09169,5.234,NA,NA,NA,NA,NA,NA,NA,NA,NA,NA,NA,NA,NA,5461.05524518838,4788.27621694251,4585.94344742822,85922822.242304,93444862.2571927,76764792.2713907,71645809.8972647,93619861.5132569,87156215.3003008,86895045.8287291
"hineg_Unknown.165","Unknown 165",1,1,"A",282.0287,7.547,"MS2",NA,NA,NA,NA,NA,NA,NA,NA,27795.0645913638,26039.2810189306,24474.346282267,36734.2430744675,22074.3756453408,21424.6483913975,25650.1409016855,22604.4176493832,"Unknown 165",1,1,"A",237.87214,6.105,NA,NA,NA,NA,NA,NA,NA,NA,NA,NA,NA,NA,NA,2424967.89638851,2134875.19841888,1724081.77873254,23268407.8284133,23402168.1298349,23157375.8664045,20588035.1768115,23505573.2361261,24031131.1555351,23523365.6473714
"hineg_Unknown.166","Unknown 166",1,1,"A",283.11032,0.732,"MS2",NA,NA,NA,NA,NA,NA,NA,NA,30447.1039890311,43812.0756537475,25224.4897820416,62095.2060281686,30113.3506687312,32807.3029580629,47540.0370599455,57990.0246889682,"Unknown 166",1,1,"A",237.9897,6.521,NA,NA,NA,NA,NA,NA,NA,NA,NA,NA,NA,NA,NA,5981.60893405962,5703.51357155827,5982.03367967391,87539.5151781975,114670.283911402,256572.590510327,209377.440459433,236820.167231015,302907.599720707,359060.140343893
"hineg_Unknown.167","Unknown 167",1,1,"A",283.1185,0.971,"MS2",NA,NA,NA,NA,NA,NA,NA,NA,38360.2166623709,28880.2544791338,22841.6715903973,21813.3864163948,28696.6724717651,22913.7475541175,38854.694221202,24130.8243998037,"Unknown 167",1,1,"A",239.05656,0.962,NA,NA,NA,NA,NA,NA,NA,NA,NA,NA,NA,NA,NA,362084.800500745,113603.749038082,309367.234289685,156151.969732693,185987.513034759,278159.457776186,226510.656003045,300341.58859691,350779.09629803,248903.248849047
"hineg_Unknown.168","Unknown 168",1,1,"A",283.13724,0.732,"MS2",NA,NA,NA,NA,NA,NA,NA,NA,23612.6441882068,20820.2603549668,21923.2590375103,26188.3270822314,20249.8858667606,20396.2806576042,22596.1801083046,21225.2813284019,"Unknown 168",1,1,"A",239.0712,5.282,NA,NA,NA,NA,NA,NA,NA,NA,NA,NA,NA,NA,NA,6001.76120495786,5374.85922547499,4813.68858153225,1854192.50009682,1692424.22226969,1778220.27009365,1428589.12192878,1888239.23638006,1918038.10980112,48752.8263783721
"hineg_Unknown.169","Unknown 169",1,1,"A",291.00732,7.7,"MS2",NA,NA,NA,NA,NA,NA,NA,NA,29937.3050227185,23308.4341756971,25418.5670874864,23117.3645529779,23246.9690232413,22857.3335556347,28141.8411342854,24737.1504491295,"Unknown 169",1,1,"A",239.86061,6.194,NA,NA,NA,NA,NA,NA,NA,NA,NA,NA,NA,NA,NA,8677.80480210916,7803.14923422482,13004.7658441225,905878.053232491,1340305.05314223,1465160.11772287,1656621.89000923,1168489.62894501,1708088.93303637,1114754.5175343
"hineg_Unknown.170","Unknown 170",1,1,"A",291.16719,7.081,"MS2",NA,NA,NA,NA,NA,NA,NA,NA,20448.7807539868,15304.7908991574,17249.540968499,15644.8943511445,15442.0880819169,15325.7762806381,18256.4356819919,15998.9360040684,"Unknown 170",1,1,"A",240.05219,6.426,NA,NA,NA,NA,NA,NA,NA,NA,NA,NA,NA,NA,NA,4641.33900062592,3692.54054004649,3593.09691631192,439146.381996602,723357.965871096,1079782.04554832,1212113.42298298,1555503.56420004,1624243.43039674,1702078.83995779
"hineg_Unknown.171","Unknown 171",1,1,"A",292.06084,6.651,"MS2",NA,NA,NA,NA,NA,NA,NA,NA,42304.2745522534,31698.0048267377,36196.0768154051,32756.2459925113,32780.0924520457,36776.2030172835,38558.4982963193,34425.7424451766,"Unknown 171",1,1,"A",240.06346,5.842,NA,NA,NA,NA,NA,NA,NA,NA,NA,NA,NA,NA,NA,5061.59407432214,4344.48219488169,4127.23091433172,209764.622810136,295364.982501774,401075.690454713,247164.764324821,428502.470458275,435236.059297162,680539.021690692
"hineg_Unknown.172","Unknown 172",1,1,"A",294.90235,7.476,"MS2",NA,NA,NA,NA,NA,NA,NA,NA,31762.9469257788,25035.290274857,26975.1787042671,24645.0537816991,24670.1258308312,24485.5035566784,29011.2617470748,26267.1271663178,"Unknown 172",1,1,"A",240.85956,6.196,NA,NA,NA,NA,NA,NA,NA,NA,NA,NA,NA,NA,NA,7851.83093541164,6352.79038047685,12610.419618885,2132053.78494643,2023459.02302978,1460821.11162236,1180759.81347349,2057115.85984168,2510333.38854636,2506250.89748084
"hineg_Unknown.173","Unknown 173",1,1,"A",297.02139,6.789,"MS2",NA,NA,NA,NA,NA,NA,NA,NA,25525.0747748624,19653.6263011271,21986.2695047872,19593.7419498792,19658.2660025101,19641.8042356451,22488.2303305513,20867.3600112166,"Unknown 173",1,1,"A",240.8715,6.107,NA,NA,NA,NA,NA,NA,NA,NA,NA,NA,NA,NA,NA,3999840.71504601,3244763.9482044,2703502.37925169,35528050.8105636,48846037.3888069,32632063.7078817,29136491.8071335,32955197.1436107,28918227.5704558,32872474.681833
"hineg_Unknown.174","Unknown 174",1,1,"A",297.15236,0.721,"MS2",NA,NA,NA,NA,NA,NA,NA,NA,3819513.08172869,4372646.5106991,4801993.69683618,4576179.61808909,5031195.63411863,4818310.43627695,5311559.18424272,4790798.60787003,"Unknown 174",1,1,"A",241.04724,6.17,NA,NA,NA,NA,NA,NA,NA,NA,NA,NA,NA,NA,NA,6493.55961635657,6899.23563002458,6710.22682519656,464179.803388196,468727.696154067,503427.10979501,1039641.30976497,411803.097068045,443519.181633453,362979.516246084
"hineg_Unknown.175","Unknown 175",1,1,"A",298.06918,7.191,"MS2",NA,NA,NA,NA,NA,NA,NA,NA,23562.0435166962,17739.3423889895,19463.676047459,18636.4336974043,17649.2800348837,18261.3627731752,21899.7561014473,19009.00923233,"Unknown 175",1,1,"A",241.18161,1.302,NA,NA,NA,NA,NA,NA,NA,NA,NA,NA,NA,NA,NA,560882.913357987,742391.273058079,839228.539773919,1920134.37468616,2032085.65812235,2452382.94668203,2051958.37936511,2152615.45645374,2369314.37753265,2316760.32946476
"hineg_Unknown.176","Unknown 176",1,1,"A",301.1109,0.66,"MS2",NA,NA,NA,NA,NA,NA,NA,NA,24723.2908000457,21536.4372215743,22674.0073380846,21371.6713013702,21311.9118199351,21680.4808388836,23103.5142949415,21854.7648054986,"Unknown 176",1,1,"A",242.08077,6.103,NA,NA,NA,NA,NA,NA,NA,NA,NA,NA,NA,NA,NA,4757.83542653143,5152.80668363196,4546.7979234036,3255123.47485922,3464994.02484838,3112062.93302393,3187710.14248458,3232415.05508262,3097535.4309139,3004368.28832182
"hineg_Unknown.177","Unknown 177",1,1,"A",302.05108,7.507,"MS2",NA,NA,NA,NA,NA,NA,NA,NA,25794.7162761704,54883.9773482446,21759.226650294,33743.9122112694,19665.1782540122,34733.1463420632,24189.6789127125,20746.8656573045,"Unknown 177",1,1,"A",242.17684,2.234,NA,NA,NA,NA,NA,NA,NA,NA,NA,NA,NA,NA,NA,3402097.54409356,3768793.61881397,5778229.89288236,35834390.4818429,36815085.8336084,45818386.2777116,40017397.9193544,43201663.8736791,44406185.4270393,42738031.80658
"hineg_Unknown.178","Unknown 178",1,1,"A",303.08273,3.475,"MS2",NA,NA,NA,NA,NA,NA,NA,NA,71382.0894044425,2278023.4318397,2583213.45299367,1727783.11989975,1739458.65779747,1824168.23987049,70431.9137086766,2340813.56653347,"Unknown 178",1,1,"A",242.87348,6.105,NA,NA,NA,NA,NA,NA,NA,NA,NA,NA,NA,NA,NA,1174308.5433213,977356.088133496,817194.270657577,13598112.2679975,13022100.0540506,12564685.5185054,11200467.8344588,12568599.6444775,11964309.7740762,12684156.6529035
"hineg_Unknown.179","Unknown 179",1,1,"A",304.0702,6.428,"MS2",NA,NA,NA,NA,NA,NA,NA,NA,19743.8685928291,15446.8423739635,16528.7355257448,14929.7576998979,15132.1080027554,14664.1985534142,18031.3668997787,16451.6953545309,"Unknown 179",1,1,"A",244.06232,1.344,NA,NA,NA,NA,NA,NA,NA,NA,NA,NA,NA,NA,NA,6400.75610535499,6197.79357184373,6304.12417058084,279220.636491168,282883.476990143,308515.631540314,261056.947033,318903.987813968,300154.677696118,301753.628303641
"hineg_Unknown.180","Unknown 180",1,1,"A",306.03965,6.616,"MS2",NA,NA,NA,NA,NA,NA,NA,NA,40556.3971093254,245305.645307877,35055.1841518903,154292.328115453,179257.112596189,235484.208261252,36888.6364360558,33454.1957422312,"Unknown 180",1,1,"A",244.08337,4.845,NA,NA,NA,NA,NA,NA,NA,NA,NA,NA,NA,NA,NA,13906.1204878238,5757.08494357062,5486.86522576345,5304079.8970374,2315975.37493159,37161.1747750996,5137687.61760529,2550249.65851337,3088848.86880808,2997721.65785687
"hineg_Unknown.181","Unknown 181",1,1,"A",307.1578,0.737,"MS2",NA,NA,NA,NA,NA,NA,NA,NA,1561840.73909496,11757352.8752008,14041374.9068015,2790824.07573613,2718321.08348892,11929738.5750016,3068469.47891705,12983612.950202,"Unknown 181",1,1,"A",244.86225,6.192,NA,NA,NA,NA,NA,NA,NA,NA,NA,NA,NA,NA,NA,7317.67231197226,5524.59702164769,10966.438760882,755585.801046952,680561.394412789,847930.878884303,888343.807997457,808921.513308023,847954.616968396,995114.878025876
"hineg_Unknown.182","Unknown 182",1,1,"A",307.19424,0.672,"MS2",NA,NA,NA,NA,NA,NA,NA,NA,87716.7802384212,170375.267014762,171272.92717641,175837.821479139,163213.110712416,159971.651505178,193634.572311264,155080.933941916,"Unknown 182",1,1,"A",245.04391,5.499,NA,NA,NA,NA,NA,NA,NA,NA,NA,NA,NA,NA,NA,3709.64439425465,3820.44433160369,3839.49403590345,862250.171838883,1045075.1595253,1176474.43123081,971584.046486163,1330165.79055844,1111574.25877243,1358240.2305226
"hineg_Unknown.183","Unknown 183",1,1,"A",308.09809,6.289,"MS2",NA,NA,NA,NA,NA,NA,NA,NA,24366.1002466192,19021.8709673845,20913.1068250327,18757.1991951427,18168.7929285123,18630.8082630972,22343.1813645669,20177.2872168257,"Unknown 183",1,1,"A",245.05356,5.785,NA,NA,NA,NA,NA,NA,NA,NA,NA,NA,NA,NA,NA,7986.22715112341,8990.06091400247,9699.20167330589,434954.412079129,509723.636840299,639024.871669498,362034.738217823,647699.570067342,635778.169880848,297551.634965953
"hineg_Unknown.184","Unknown 184",1,1,"A",309.03933,6.774,"MS2",NA,NA,NA,NA,NA,NA,NA,NA,32440.3635307981,167554.092137829,27942.8202155086,121507.17157748,187177.346068198,244986.199313506,28580.7729662698,26767.3811606119,"Unknown 184",1,1,"A",246.03758,5.797,NA,NA,NA,NA,NA,NA,NA,NA,NA,NA,NA,NA,NA,5639.15188861843,6342.89227221496,5662.57262364152,664549.964652034,725080.517098482,864631.439645429,758322.402503744,876858.364200314,681916.373118891,797199.359867464
"hineg_Unknown.185","Unknown 185",1,1,"A",309.15259,0.735,"MS2",NA,NA,NA,NA,NA,NA,NA,NA,60542.731773259,104593.073495954,108906.007687121,92056.4337344629,23461.1498449104,93169.3303701332,136568.056750443,138344.936899454,"Unknown 185",1,1,"A",246.03759,5.871,NA,NA,NA,NA,NA,NA,NA,NA,NA,NA,NA,NA,NA,8786.39718721429,7324.89489125382,7673.2025834524,897363.277257513,1118546.68742325,1156742.82521477,1296501.76860935,1404253.12653394,1251320.92337094,1378161.98334365
"hineg_Unknown.186","Unknown 186",1,1,"A",310.06111,3.785,"MS2",NA,NA,NA,NA,NA,NA,NA,NA,69676.900499589,61294.4990305052,66419.1390293672,62814.3284484262,65151.1884522174,64328.7581898832,67039.6830565327,63945.113254396,"Unknown 186",1,1,"A",246.97697,6.19,NA,NA,NA,NA,NA,NA,NA,NA,NA,NA,NA,NA,NA,4686.12877549872,3791.47157542603,7526.14908971831,384239.269359493,361601.545908094,512119.22961609,402211.812749975,311103.757570187,574414.855302804,543378.583465795
"hineg_Unknown.187","Unknown 187",1,1,"A",310.07749,4.514,"MS2",NA,NA,NA,NA,NA,NA,NA,NA,34894.1214358271,32341.5361687336,31807.042803845,30763.2527008154,30667.8479185049,31248.3397735345,33482.0445880414,31353.3041486106,"Unknown 187",1,1,"A",246.98183,7.138,NA,NA,NA,NA,NA,NA,NA,NA,NA,NA,NA,NA,NA,3664017.41313357,2765021.28273559,3881983.66720457,41821262.3956696,20573618.6393885,68693061.3154857,30206978.1281357,20739749.8627216,16862926.8828078,64724458.9456254
"hineg_Unknown.188","Unknown 188",1,1,"A",310.15015,6.279,"MS2",NA,NA,NA,NA,NA,NA,NA,NA,27035.2479822723,21105.5931595529,24044.3132146992,20825.8709432616,20592.9325056626,20671.6920805941,24816.4457800606,22387.5777410094,"Unknown 188",1,1,"A",247.0944,5.892,NA,NA,NA,NA,NA,NA,NA,NA,NA,NA,NA,NA,NA,2994.22144582638,3014.52011465142,3162.19947651128,77525.6772538896,104692.786383537,120316.632880114,84689.1817622699,160359.098666414,139687.652530543,196267.014304414
"hineg_Unknown.189","Unknown 189",1,1,"A",310.92937,7.394,"MS2",NA,NA,NA,NA,NA,NA,NA,NA,18045.6229610499,22941.7622214922,15239.3750893343,87198.6152391593,81894.1776816797,114170.81738334,16728.2350678416,14724.0238131467,"Unknown 189",1,1,"A",247.11911,0.963,NA,NA,NA,NA,NA,NA,NA,NA,NA,NA,NA,NA,NA,214333.137151701,202328.44860625,235541.24095727,141012.398107596,94758.711630185,258875.01508478,75392.96529269,179451.722973985,240014.479545746,136334.091061336
"hineg_Unknown.190","Unknown 190",1,1,"A",310.93387,7.476,"MS2",NA,NA,NA,NA,NA,NA,NA,NA,26558.7547387631,20933.3893286844,22555.4372179328,20226.5247199772,20628.0551627187,20473.6822794345,24257.9187379266,21963.3962091832,"Unknown 190",1,1,"A",247.13432,0.966,NA,NA,NA,NA,NA,NA,NA,NA,NA,NA,NA,NA,NA,245837.712428108,150448.448062821,226187.173221021,236973.48008522,234940.606677919,290011.220592393,200882.395683106,253842.774877552,260859.608042798,240221.707507263
"hineg_Unknown.191","Unknown 191",1,1,"A",311.16814,0.715,"MS2",NA,NA,NA,NA,NA,NA,NA,NA,9983213.9810973,11757352.8752008,14041374.9068015,11908299.0491501,11958245.2311299,11929738.5750016,14444596.4327687,12983612.950202,"Unknown 191",1,1,"A",251.07135,4.815,NA,NA,NA,NA,NA,NA,NA,NA,NA,NA,NA,NA,NA,9504.35283977906,4863.34734617356,4594.87604611676,5804940.81404428,5477733.3814228,6719024.0980999,5532897.0974213,5996706.01957564,5954853.61669392,5933260.4427118
"hineg_Unknown.192","Unknown 192",1,1,"A",312.94742,5.298,"MS2",NA,NA,NA,NA,NA,NA,NA,NA,28682.907231226,22336.1090026303,23068.8597940355,21431.55157105,21941.0197172335,21317.7288156382,24321.0678436365,23358.3225975837,"Unknown 192",1,1,"A",251.16579,0.964,NA,NA,NA,NA,NA,NA,NA,NA,NA,NA,NA,NA,NA,775603.497133911,712732.893415062,1026499.01403607,4125323.33334631,4303114.37985271,5008442.17318586,4482073.61495164,5203319.9521167,5259424.01708325,4419674.41004548
"hineg_Unknown.193","Unknown 193",1,1,"A",318.07544,7.007,"MS2",NA,NA,NA,NA,NA,NA,NA,NA,27314.3913456107,21065.9653149794,23118.226264834,21052.5011996781,20198.7374471607,20713.0631037747,25300.9410640666,22538.6088511232,"Unknown 193",1,1,"A",253.14526,1.635,NA,NA,NA,NA,NA,NA,NA,NA,NA,NA,NA,NA,NA,405360.199036629,312681.634695206,312312.368633059,4520006.97082398,4470526.58275564,4371228.71524939,4635488.90606455,4080823.21879777,4289217.40147158,4129136.91095245
"hineg_Unknown.194","Unknown 194",1,1,"A",318.98575,7.58,"MS2",NA,NA,NA,NA,NA,NA,NA,NA,22774.6797782776,17886.2464243066,19198.9061896433,17917.348162841,17530.5980081219,16932.6755751945,20937.2755811995,18708.968286928,"Unknown 194",1,1,"A",253.18166,1.589,NA,NA,NA,NA,NA,NA,NA,NA,NA,NA,NA,NA,NA,82200.0572652743,20072.9944543361,67719.7237247513,176817.410408818,196929.677065525,202667.81780998,135103.996371058,143709.052505448,84815.4526453317,145158.112477587
"hineg_Unknown.195","Unknown 195",1,1,"A",320.06115,7.508,"MS2",NA,NA,NA,NA,NA,NA,NA,NA,24912.6498862597,166246.045118835,21015.15634174,170806.053649055,73515.486455149,175265.576303516,23362.4977751806,20037.4136634787,"Unknown 195",1,1,"A",254.10387,0.964,NA,NA,NA,NA,NA,NA,NA,NA,NA,NA,NA,NA,NA,78120.0860000097,75919.175859255,101687.305035767,328318.033787752,347082.057064457,511016.662492614,331962.04335844,355572.863638826,398534.859949925,317795.679966882
"hineg_Unknown.196","Unknown 196",1,1,"A",321.17289,0.737,"MS2",NA,NA,NA,NA,NA,NA,NA,NA,25376.1739585897,49808.1974041919,23560.6156871216,44805.639174169,40627.2365514334,27497.3360373778,33528.1560916746,50733.8588433628,"Unknown 196",1,1,"A",254.91365,6.225,NA,NA,NA,NA,NA,NA,NA,NA,NA,NA,NA,NA,NA,4550.21314696668,4035.01341949596,6679.87006427385,4839102.66734809,5057106.89965147,4800812.558976,5088991.13479501,5517463.45125517,4428174.73468846,3748687.0797248
"hineg_Unknown.197","Unknown 197",1,1,"A",321.20924,0.673,"MS2",NA,NA,NA,NA,NA,NA,NA,NA,175177.313135537,223267.432880038,288505.254312108,232681.760743884,173626.359933918,219538.375524373,274120.265127901,232322.88615616,"Unknown 197",1,1,"A",254.91419,6.654,NA,NA,NA,NA,NA,NA,NA,NA,NA,NA,NA,NA,NA,5930.77535879799,5932.69593096505,7109.16046082324,98892.1624020731,79120.1962805888,84613.5548885201,45015.9122496415,42980.0154640199,59562.6386812232,44379.2269064315
"hineg_Unknown.198","Unknown 198",1,1,"A",323.16786,0.73,"MS2",NA,NA,NA,NA,NA,NA,NA,NA,25815.4756831258,49808.1974041919,23968.4872251783,44805.639174169,40627.2365514334,27497.3360373778,33528.1560916746,50733.8588433628,"Unknown 198",1,1,"A",254.98239,5.64,NA,NA,NA,NA,NA,NA,NA,NA,NA,NA,NA,NA,NA,9209.60872128707,6605.52860177407,2674.68306821447,303597.939030058,211190.165998102,317057.35951821,179141.72599819,303385.78255377,306046.343216086,581586.966275861
"hineg_Unknown.200","Unknown 200",1,1,"A",323.18853,0.678,"MS2",NA,NA,NA,NA,NA,NA,NA,NA,291682.679620615,106162.337131498,232454.206968563,122308.7472101,104994.764370453,139371.059983421,165512.331938421,134170.271664987,"Unknown 200",1,1,"A",257.17606,0.968,NA,NA,NA,NA,NA,NA,NA,NA,NA,NA,NA,NA,NA,920147.608336768,610011.181677419,925314.673076969,1801402.5437174,1947373.81659211,2422469.86518885,2180222.0870748,2402209.66264935,2111785.77103912,2483877.39347658
"hineg_Unknown.201","Unknown 201",1,1,"A",324.03839,4.489,"MS2",NA,NA,NA,NA,NA,NA,NA,NA,33596.9731115549,31139.2772288484,31220.1471776127,30236.7342437226,29527.806390029,30086.7191364287,32087.6670981655,30187.7815831102,"Unknown 201",1,1,"A",259.07408,5.218,NA,NA,NA,NA,NA,NA,NA,NA,NA,NA,NA,NA,NA,5637.3440300833,4579.6524281219,4576.63839403493,740230.599249723,928989.069750675,640698.538309429,733710.988501911,905571.311405508,870510.624073868,797426.709002345
"hineg_Unknown.202","Unknown 202",1,1,"A",324.09259,6.28,"MS2",NA,NA,NA,NA,NA,NA,NA,NA,34869.4207277657,27221.4927738809,31011.7841028605,26860.7137030487,26560.2752388025,26661.8574679142,32007.6623465833,28874.9660383625,"Unknown 202",1,1,"A",260.02421,5.236,NA,NA,NA,NA,NA,NA,NA,NA,NA,NA,NA,NA,NA,3708.69177246358,3116.44010520245,3114.38906380695,202533.137724378,188625.40570392,187133.570741048,153227.716756115,212697.034505139,158794.222271813,164406.503972692
"hineg_Unknown.203","Unknown 203",1,1,"A",325.99891,7.656,"MS2",NA,NA,NA,NA,NA,NA,NA,NA,28251.3537641912,21681.7311201523,23987.0933747194,21910.4350340955,22066.0606238112,21570.0984406016,27221.5889502935,23500.0433457626,"Unknown 203",1,1,"A",262.094,4.852,NA,NA,NA,NA,NA,NA,NA,NA,NA,NA,NA,NA,NA,6533.24042330306,6724.58824140977,6408.95691847916,1696626.34334842,1568146.90918666,1306105.11543334,1586768.48289304,1030645.2771707,967019.954073863,799241.584331861
"hineg_Unknown.204","Unknown 204",1,1,"A",328.97867,0.648,"MS2",NA,NA,NA,NA,NA,NA,NA,NA,23869.1696336609,20373.3373814575,22120.3687947245,21003.984789882,20874.4040001603,21235.4067421234,22629.2270393579,21406.112869317,"Unknown 204",1,1,"A",262.95136,5.985,NA,NA,NA,NA,NA,NA,NA,NA,NA,NA,NA,NA,NA,3839.5172797604,4020.39389566336,3656.51311405581,201695.206997878,302613.59054048,120920.812261474,195874.805650462,168407.602335917,217435.088054744,248170.663191927
"hineg_Unknown.205","Unknown 205",1,1,"A",328.9833,7.697,"MS2",NA,NA,NA,NA,NA,NA,NA,NA,37457.3296796304,29163.3365986852,31803.5189425786,28924.2717314728,29086.4318646887,28598.922913768,35210.858838455,30950.9355970586,"Unknown 205",1,1,"A",263.01306,7.103,NA,NA,NA,NA,NA,NA,NA,NA,NA,NA,NA,NA,NA,266730.175181964,57527.7471887644,262477.769214276,63680489.3806961,66629994.9472669,63616149.139175,58367535.5443,59098880.5635715,58384448.5097757,57932666.1100848
"hineg_Unknown.206","Unknown 206",1,1,"A",331.07092,7.061,"MS2",NA,NA,NA,NA,NA,NA,NA,NA,34246.9776565617,26174.9948359476,29917.0960928644,26395.7753653541,26126.108904466,26386.7867408459,31396.3307517994,28120.551732893,"Unknown 206",1,1,"A",265.14496,0.965,NA,NA,NA,NA,NA,NA,NA,NA,NA,NA,NA,NA,NA,749774.224916664,267767.097782461,873838.316457954,897707.726168775,918697.467114617,1161597.64182963,902489.908471019,1063460.57199655,957810.859369013,861858.995823224
"hineg_Unknown.207","Unknown 207",1,1,"A",333.05837,7.392,"MS2",NA,NA,NA,NA,NA,NA,NA,NA,19404.0288827564,15399.605534833,16386.537335223,15167.5233873891,14951.9181605912,14739.5043224376,17987.4730351261,15832.3923733398,"Unknown 207",1,1,"A",265.21772,0.964,NA,NA,NA,NA,NA,NA,NA,NA,NA,NA,NA,NA,NA,118173.47891999,52844.9454345111,112025.414581695,97542.0750335131,86468.1056165755,188601.398256549,85397.8418232829,104716.337234124,85449.6424710667,71700.2755672543
"hineg_Unknown.208","Unknown 208",1,1,"A",334.12465,7.617,"MS2",NA,NA,NA,NA,NA,NA,NA,NA,19972.8622506835,15848.735533268,17159.3386827548,15581.8668976029,15600.0449724725,15095.1974921632,18696.8968724479,17072.4219832917,"Unknown 208",1,1,"A",266.05405,5.31,NA,NA,NA,NA,NA,NA,NA,NA,NA,NA,NA,NA,NA,7954.69793696786,7923.44661617469,2909.74382671964,239383.620702269,131510.45942643,225061.935485649,143070.902592646,121780.134635466,114100.101821499,130543.461502136
"hineg_Unknown.209","Unknown 209",1,1,"A",334.20506,0.859,"MS2",NA,NA,NA,NA,NA,NA,NA,NA,21083.6483566492,20644.2230871993,21163.0268007115,20528.8639966628,20452.4000792624,20288.207818707,21742.0916040582,20334.7697723405,"Unknown 209",1,1,"A",266.08219,5.597,NA,NA,NA,NA,NA,NA,NA,NA,NA,NA,NA,NA,NA,11755.1645361531,12741.464476287,4566.60977131647,2490403.28447018,1717077.58303461,2277197.42150478,1811766.04732575,1724873.9227646,1446901.16002789,1704350.99626111
"hineg_Unknown.210","Unknown 210",1,1,"A",336.04989,6.979,"MS2",NA,NA,NA,NA,NA,NA,NA,NA,37753.91904724,28793.1228911499,31864.225001187,28639.1630498986,28424.8240063189,28970.1226123611,35208.7441586059,31152.8381956587,"Unknown 210",1,1,"A",266.15141,0.661,NA,NA,NA,NA,NA,NA,NA,NA,NA,NA,NA,NA,NA,34994005.5020547,37843514.8299218,32677215.9046474,46753709.7374819,41033690.3238316,42818417.5951189,47668282.6162509,44249908.7039079,44865153.3433234,40636647.8032094
"hineg_Unknown.211","Unknown 211",1,1,"A",337.05282,0.69,"MS2",NA,NA,NA,NA,NA,NA,NA,NA,26222.5111294269,22842.4067531452,24924.2662068586,22876.3286774518,22697.805910241,24141.7768301601,24504.5113786736,23362.9978777073,"Unknown 211",1,1,"A",267.06638,4.324,NA,NA,NA,NA,NA,NA,NA,NA,NA,NA,NA,NA,NA,9184.26882257953,11302.0090287861,14514.5939757289,10799720.3238649,8730425.31616666,11718129.716487,7702577.56390641,9598526.1370404,9651181.38654826,8965970.52699844
"hineg_Unknown.212","Unknown 212",1,1,"A",337.08145,7.454,"MS2",NA,NA,NA,NA,NA,NA,NA,NA,21927.6288430267,54321.9873543929,18622.381228784,41764.8366008677,32984.2709064712,42210.4920344471,20535.1793016054,17786.9453783483,"Unknown 212",1,1,"A",267.16104,1.301,NA,NA,NA,NA,NA,NA,NA,NA,NA,NA,NA,NA,NA,99917.3019346172,57846.6803973758,27857.3712299267,423805.203589974,186239.100782698,486855.256097636,449653.603150457,399191.368254217,461012.437319441,430928.526732648
"hineg_Unknown.213","Unknown 213",1,1,"A",337.1831,0.719,"MS2",NA,NA,NA,NA,NA,NA,NA,NA,40712.4131711732,51907.4402816001,45842.8992090278,53780.0350068621,21118.7104681916,21272.4051290147,66614.8996480832,49337.9166204566,"Unknown 213",1,1,"A",269.12235,0.764,NA,NA,NA,NA,NA,NA,NA,NA,NA,NA,NA,NA,NA,477922.766405081,2391661.14096866,734331.572143202,1040486.94218811,446785.635601334,445751.425822296,834706.666999945,727283.584769695,924725.280459193,360173.076201715
"hineg_Unknown.214","Unknown 214",1,1,"A",337.20443,0.679,"MS2",NA,NA,NA,NA,NA,NA,NA,NA,2074646.94221689,664466.832912422,502738.747399633,4154569.06341452,3821010.85085786,3668944.70354911,5419340.42607562,635331.274251631,"Unknown 214",1,1,"A",269.14025,1.288,NA,NA,NA,NA,NA,NA,NA,NA,NA,NA,NA,NA,NA,129110.764660431,258882.248183623,66315.7790092079,1023720.90999159,1153362.147613,1282855.16684724,1096039.70142225,1312590.43660727,1226864.4376764,1299906.61907026
"hineg_Unknown.215","Unknown 215",1,1,"A",339.19803,0.705,"MS2",NA,NA,NA,NA,NA,NA,NA,NA,3276852.98800769,3875088.63007716,4474521.36556701,4154569.06341452,3821010.85085786,3668944.70354911,5419340.42607562,4534877.44847896,"Unknown 215",1,1,"A",271.00496,5.324,NA,NA,NA,NA,NA,NA,NA,NA,NA,NA,NA,NA,NA,4939.55551183719,5263.13480010195,5044.15978748344,3195172.78989636,3398327.25295865,3690195.19025176,3121589.64755704,3643755.87959121,4004348.08296412,3768948.88754294
"hineg_Unknown.216","Unknown 216",1,1,"A",345.01399,7.697,"MS2",NA,NA,NA,NA,NA,NA,NA,NA,36361.1046367649,28309.8432988043,30872.7581485153,28077.7748965441,28235.1892563559,27761.9477271972,34180.3789412053,30045.1264806105,"Unknown 216",1,1,"A",271.19221,3.003,NA,NA,NA,NA,NA,NA,NA,NA,NA,NA,NA,NA,NA,1007176.94337617,813528.250376221,959941.774527305,2608534.73113831,3000703.45370971,2425763.08047128,3300563.64917491,2742900.06464029,2590399.89254549,2749844.77480281
"hineg_Unknown.217","Unknown 217",1,1,"A",345.07805,6.623,"MS2",NA,NA,NA,NA,NA,NA,NA,NA,24947.7349764604,18482.2028297905,20844.2383425834,18879.3372297997,18904.9632128303,18665.101571716,22691.5601740697,20578.9090923934,"Unknown 217",1,1,"A",272.11464,0.965,NA,NA,NA,NA,NA,NA,NA,NA,NA,NA,NA,NA,NA,137781.690789313,108631.567194818,96719.0664913321,85234.1707367936,75557.5199202819,164803.586295182,65139.6019288477,68756.1951749439,112639.403554477,83957.4564549455
"hineg_Unknown.219","Unknown 219",1,1,"A",352.94346,7.486,"MS2",NA,NA,NA,NA,NA,NA,NA,NA,25742.4569008235,20289.9901701834,21715.1430643145,19604.8514314381,19994.0406166357,19844.4124682647,23512.3383515923,21288.3392264399,"Unknown 219",1,1,"A",275.16917,0.782,NA,NA,NA,NA,NA,NA,NA,NA,NA,NA,NA,NA,NA,5933641.89740689,2385341.37874154,6170071.16870237,227652.690797894,155509.350354376,213810.60101617,170016.094425785,178924.383904285,86126.2969764031,157889.90653151
"hineg_Unknown.220","Unknown 220",1,1,"A",352.99542,7.102,"MS2",NA,NA,NA,NA,NA,NA,NA,NA,24934.9782449495,18677.1861101981,21033.8667111501,19077.181421404,18829.8820849806,18688.0529818467,23319.741110899,19929.8097650559,"Unknown 220",1,1,"A",277.15655,3.922,NA,NA,NA,NA,NA,NA,NA,NA,NA,NA,NA,NA,NA,5537.02800230006,4969.91421524187,3426.87370820413,53168.5570731329,57440.6149758892,86854.690803912,62151.663745957,65621.7469344882,62996.4236502592,55127.5522861056
"hineg_Unknown.221","Unknown 221",1,1,"A",353.04723,0.698,"MS2",NA,NA,NA,NA,NA,NA,NA,NA,26872.7969017036,23212.5863247409,25542.3571142763,23655.7078669995,23260.6833620791,24740.462970959,25415.5086886734,23942.3712658095,"Unknown 221",1,1,"A",278.95006,6.227,NA,NA,NA,NA,NA,NA,NA,NA,NA,NA,NA,NA,NA,5812.7778247256,5154.62369998028,8533.35862025359,8466702.81767698,7317104.9617482,8969523.60614074,7620809.4406346,7693402.52351636,7525367.38342341,8118219.04397382
"hineg_Unknown.222","Unknown 222",1,1,"A",353.04734,1.001,"MS2",NA,NA,NA,NA,NA,NA,NA,NA,27067.9006350899,23867.6594492152,26790.3616271468,30364.4669947231,24687.1549230513,25309.142151521,32007.0221179029,24413.0267045628,"Unknown 222",1,1,"A",279.03957,3.573,NA,NA,NA,NA,NA,NA,NA,NA,NA,NA,NA,NA,NA,21496.2329303801,22753.400685275,21585.3624104078,6522443.28596258,7624484.5259094,6558250.93210577,7270530.8636608,7236773.19033324,6550117.01879635,3156426.47336518
"hineg_Unknown.223","Unknown 223",1,1,"A",353.04735,1.291,"MS2",NA,NA,NA,NA,NA,NA,NA,NA,18482.635107607,16330.3541290749,16874.3954506488,16494.1253046242,16120.8694499972,16423.4279613742,17243.462208144,16763.3107445566,"Unknown 223",1,1,"A",279.06095,5.222,NA,NA,NA,NA,NA,NA,NA,NA,NA,NA,NA,NA,NA,2589.35270303874,2908.63693058063,2906.7226519333,72170.7398099266,96408.9186716063,71963.5625189206,64904.312819397,110162.790822822,129049.368769539,111915.55968193
"hineg_Unknown.224","Unknown 224",1,1,"A",353.07571,7.318,"MS2",NA,NA,NA,NA,NA,NA,NA,NA,17061.8926203126,13160.5979530618,13787.190603143,13045.7255572666,13179.4424899617,13110.1713235736,15597.7613505162,14049.3145555882,"Unknown 224",1,1,"A",279.09966,5.465,NA,NA,NA,NA,NA,NA,NA,NA,NA,NA,NA,NA,NA,3633.5518544048,3046.19320996849,2636.65697677891,17333.0872082004,19502.5694310772,12551.3280746323,15687.3359089139,23084.8572922299,20452.9088729133,29196.7845257659
"hineg_Unknown.225","Unknown 225",1,1,"A",353.19862,0.689,"MS2",NA,NA,NA,NA,NA,NA,NA,NA,460190.466307762,816002.397285507,828984.521596222,838996.884526138,746291.562267021,824176.484134851,908381.343295118,832516.769254549,"Unknown 225",1,1,"A",279.12732,0.675,NA,NA,NA,NA,NA,NA,NA,NA,NA,NA,NA,NA,NA,2335396.79076765,2521186.0827151,2316348.05628692,3444340.05142992,4556168.79181292,3780610.67163594,3539072.51829357,4392077.25129751,3821716.15248206,3365602.08510288
"hineg_Unknown.226","Unknown 226",1,1,"A",353.21384,0.702,"MS2",NA,NA,NA,NA,NA,NA,NA,NA,33050.6329298174,60531.975273971,108418.951646284,63148.5893184416,48176.6023288203,38045.1694848132,66307.749729327,81975.9988712465,"Unknown 226",1,1,"A",279.16076,0.962,NA,NA,NA,NA,NA,NA,NA,NA,NA,NA,NA,NA,NA,1430112.05959608,28644.7469099076,1974488.48042066,2074805.57823822,2005931.67001635,2920379.63108674,2247402.14166124,3344126.73298699,2660071.73954985,2194192.99695612
"hineg_Unknown.228","Unknown 228",1,1,"A",356.10205,1.804,"MS2",NA,NA,NA,NA,NA,NA,NA,NA,52792.5185752697,45986.6066874101,49833.109873229,48428.3005851516,46403.7735106827,46385.8699445973,49926.7155051904,46962.7752462718,"Unknown 228",1,1,"A",283.11468,5.878,NA,NA,NA,NA,NA,NA,NA,NA,NA,NA,NA,NA,NA,3600.82475651691,3568.87799962194,3259.4157705254,152223.958592965,190363.358243938,266779.978818104,183368.605859574,265838.642411576,301568.968519258,334628.745792404
"hineg_Unknown.229","Unknown 229",1,1,"A",356.99136,7.102,"MS2",NA,NA,NA,NA,NA,NA,NA,NA,24260.8734794521,18172.257650294,20465.2265604535,18561.4392867169,18320.8255651575,18182.8307414591,22689.3034799295,19391.0172461251,"Unknown 229",1,1,"A",283.19237,1.253,NA,NA,NA,NA,NA,NA,NA,NA,NA,NA,NA,NA,NA,242878.872456196,288412.594229964,253014.088577932,96804.7843140299,934112.645247015,561370.254600521,696168.65526465,762227.790564929,687793.935344164,600251.65157314
"hineg_Unknown.230","Unknown 230",1,1,"A",356.99794,7.517,"MS2",NA,NA,NA,NA,NA,NA,NA,NA,24974.6534526894,20029.9990603096,20816.8355406878,19093.7433896514,19834.4522681255,18961.1375535714,23420.6432630905,20087.2835534677,"Unknown 230",1,1,"A",283.22977,0.982,NA,NA,NA,NA,NA,NA,NA,NA,NA,NA,NA,NA,NA,23121.3586445858,14131.3699237092,22717.8283906569,744200.901240536,1310389.09495834,1377401.16705073,1397467.43794866,1485147.43398981,1477896.16501968,1319040.21631306
"hineg_Unknown.231","Unknown 231",1,1,"A",358.01669,7.502,"MS2",NA,NA,NA,NA,NA,NA,NA,NA,19763.5020433613,15488.9263904666,16671.5739673526,14618.8798953967,14924.135776557,15235.3401183439,18533.7479001968,15895.91904875,"Unknown 231",1,1,"A",285.24439,1.308,NA,NA,NA,NA,NA,NA,NA,NA,NA,NA,NA,NA,NA,86501.8121174474,66659.6802012974,63640.042520803,513221.584171567,413907.35891962,557789.570126208,406895.152682895,461039.939567262,286580.7816601,303696.982605911
"hineg_Unknown.232","Unknown 232",1,1,"A",360.19156,0.871,"MS2",NA,NA,NA,NA,NA,NA,NA,NA,25085.8743875056,24369.735623851,24982.164063786,24233.5585186963,24143.295715202,23781.1763219209,25665.7284734047,24004.4375237879,"Unknown 232",1,1,"A",286.9746,7.144,NA,NA,NA,NA,NA,NA,NA,NA,NA,NA,NA,NA,NA,38551.1092941075,51172.4326627512,5455.16218103432,4120621.0114179,3398525.27274425,3361566.67930721,3734282.75624343,3713110.79351375,3362242.77493149,3143310.46066108
"hineg_Unknown.233","Unknown 233",1,1,"A",361.06534,7.29,"MS2",NA,NA,NA,NA,NA,NA,NA,NA,24451.6829718244,18813.9759765549,20712.363366594,18889.5748797299,18972.7703843021,18443.4880538435,22218.1525057112,20050.6828960521,"Unknown 233",1,1,"A",289.10204,0.964,NA,NA,NA,NA,NA,NA,NA,NA,NA,NA,NA,NA,NA,55078.8912366454,35862.6863933954,108040.798761274,290178.932316643,284142.636532934,428781.740672591,309847.251868652,315089.324999077,286333.824727561,258832.669992221
"hineg_Unknown.234","Unknown 234",1,1,"A",362.10466,6.437,"MS2",NA,NA,NA,NA,NA,NA,NA,NA,19762.5018402985,15461.4203091449,17235.9024054656,14943.8476371649,15146.3889078285,14716.1416865412,18048.3839762486,16467.2216182615,"Unknown 234",1,1,"A",290.08908,5.56,NA,NA,NA,NA,NA,NA,NA,NA,NA,NA,NA,NA,NA,3088.04512010126,3087.69444120549,2923.22831771776,24975.205707182,32567.4866598576,50097.5998983148,26933.8825856648,45264.9191011187,74192.8400023516,60448.5395714896
"hineg_Unknown.235","Unknown 235",1,1,"A",362.23579,0.841,"MS2",NA,NA,NA,NA,NA,NA,NA,NA,22132.9021079505,20889.4768987492,21414.4440114675,20772.7473397513,20695.3750293778,20529.2321612574,22000.3881170556,20576.3472718953,"Unknown 235",1,1,"A",292.92395,6.223,NA,NA,NA,NA,NA,NA,NA,NA,NA,NA,NA,NA,NA,3972.77409551884,3522.95513864679,5832.16959198268,35758780.4167145,34133109.5702787,34123528.8246548,37766718.0352405,36430894.698881,34086981.0999408,36735740.4612761
"hineg_Unknown.236","Unknown 236",1,1,"A",363.21922,0.727,"MS2",NA,NA,NA,NA,NA,NA,NA,NA,294037.031718239,458533.78737511,413549.432133562,494473.688447036,492046.59018003,549276.241027245,516697.046173536,477574.010567532,"Unknown 236",1,1,"A",293.21298,0.889,NA,NA,NA,NA,NA,NA,NA,NA,NA,NA,NA,NA,NA,65367.9210977276,41652.073429197,102269.873072857,51321.5316726711,33767.1337562095,41836.3388233725,37673.0952915725,36572.0983539627,40046.3089865654,39727.0675915085
"hineg_Unknown.237","Unknown 237",1,1,"A",364.08073,6.878,"MS2",NA,NA,NA,NA,NA,NA,NA,NA,27780.626355126,20939.703557273,23352.9378416436,21369.2368669642,21115.4095086538,20822.9391759629,24722.2487611037,22448.2439318105,"Unknown 237",1,1,"A",295.15556,0.966,NA,NA,NA,NA,NA,NA,NA,NA,NA,NA,NA,NA,NA,1770757.19412522,2522904.76098454,2181209.99243673,7281953.40634345,12776343.2628411,13860430.5556738,1548950.3554829,12735117.8345105,15139684.3245337,12580352.7145021
"hineg_Unknown.238","Unknown 238",1,1,"A",366.10762,6.286,"MS2",NA,NA,NA,NA,NA,NA,NA,NA,23625.5731650445,18443.7640708768,20277.5220655902,18187.1361223528,17616.6125193821,18064.5864249365,21664.134216212,19564.0652623259,"Unknown 238",1,1,"A",296.97127,1.294,NA,NA,NA,NA,NA,NA,NA,NA,NA,NA,NA,NA,NA,4735.72781425223,5234.81829887391,4721.15943555076,37676.3376161831,12095.9539368666,69451.5216614623,35728.8604220139,43303.4585660925,33071.9210199366,36264.9672842465
"hineg_Unknown.239","Unknown 239",1,1,"A",367.10383,6.285,"MS2",NA,NA,NA,NA,NA,NA,NA,NA,23431.468060084,18292.2321382616,20110.924179419,18049.7967006054,17471.8763727399,17916.1697740648,21486.1440774526,19403.3290586085,"Unknown 239",1,1,"A",298.85886,6.218,NA,NA,NA,NA,NA,NA,NA,NA,NA,NA,NA,NA,NA,4483.50779702312,3975.86080983109,6581.94430655149,715836.864962057,784496.363621762,930226.211210982,870819.259777021,485948.30425097,660535.837715815,491916.951790203
"hineg_Unknown.240","Unknown 240",1,1,"A",367.22976,0.698,"MS2",NA,NA,NA,NA,NA,NA,NA,NA,26274.4968014214,22695.7777180036,24973.678130886,23129.0335338126,22742.8039154748,24189.6374826149,24849.6538782204,23409.314614441,"Unknown 240",1,1,"A",299.22365,2.499,NA,NA,NA,NA,NA,NA,NA,NA,NA,NA,NA,NA,NA,180163.15173641,293644.20969375,254668.770971012,1230490.73446402,991845.406985739,1571988.69245383,1143550.19221871,2144169.40775681,1252652.19192964,1225583.06782675
"hineg_Unknown.241","Unknown 241",1,1,"A",368.10093,4.212,"MS2",NA,NA,NA,NA,NA,NA,NA,NA,42250.6647911461,38337.7148954378,39901.6917420203,37534.9323789712,37157.0502143517,37957.328389394,40509.3047188806,39394.4166517318,"Unknown 241",1,1,"A",299.78688,6.11,NA,NA,NA,NA,NA,NA,NA,NA,NA,NA,NA,NA,NA,3164.92767229015,3518.58866032879,3104.77621155738,833502.365641214,1017270.73626763,1072954.33993611,1053249.87739609,1166520.61463281,1034607.19752664,1214298.02407696
"hineg_Unknown.242","Unknown 242",1,1,"A",371.0582,0.861,"MS2",NA,NA,NA,NA,NA,NA,NA,NA,22461.6753421748,21993.5292427632,27530.2976829179,21870.6302835524,21789.1686854937,21614.2448208994,23163.1544317691,40875.3381715239,"Unknown 242",1,1,"A",300.04922,6.263,NA,NA,NA,NA,NA,NA,NA,NA,NA,NA,NA,NA,NA,3396.89879575195,3476.28562508358,3411.33687123254,763782.789543832,1143718.75317656,1223498.3524629,1286197.67584336,1106111.57827788,1295844.21570712,948450.595665737
"hineg_Unknown.243","Unknown 243",1,1,"A",372.0229,1.333,"MS2",NA,NA,NA,NA,NA,NA,NA,NA,24385.2292088062,22064.6715394221,23372.7545044857,21763.9869242792,22018.0870740341,21129.739296308,23588.7300614848,22645.9214063976,"Unknown 243",1,1,"A",301.02009,4.851,NA,NA,NA,NA,NA,NA,NA,NA,NA,NA,NA,NA,NA,2820.77205218921,2823.89792716874,2796.99926041577,135597.879056579,128381.33627232,171521.940853439,178696.887720871,146229.909596505,123159.240548561,117211.868456755
"hineg_Unknown.244","Unknown 244",1,1,"A",373.00928,7.701,"MS2",NA,NA,NA,NA,NA,NA,NA,NA,29614.3140087408,23056.9614802447,25144.3283491892,22867.9532912831,22996.1594700425,22330.1067140351,27838.2212260717,24470.2634564486,"Unknown 244",1,1,"A",301.1295,0.662,NA,NA,NA,NA,NA,NA,NA,NA,NA,NA,NA,NA,NA,327146.549210816,1602759.99429608,729032.446693822,6398714.94951465,6012557.31843285,5620023.02864921,6379878.61168621,4628849.49517126,2161882.14183135,6042860.56674176
"hineg_Unknown.245","Unknown 245",1,1,"A",374.06532,3.464,"MS2",NA,NA,NA,NA,NA,NA,NA,NA,36225.7052843828,32240.1094086433,34617.3126749632,32185.4871154391,32548.7300179155,32897.6632894909,35399.0263099505,33608.4056658441,"Unknown 245",1,1,"A",302.05262,6.425,NA,NA,NA,NA,NA,NA,NA,NA,NA,NA,NA,NA,NA,4591.12913231751,3652.59474547854,3554.22689993022,1152342.84077031,2373016.98578397,4102309.14914202,4476017.06442867,5301951.14164261,5754597.38839085,5821881.67997842
"hineg_Unknown.246","Unknown 246",1,1,"A",375.03692,7.456,"MS2",NA,NA,NA,NA,NA,NA,NA,NA,20792.8550466133,16388.7552043386,17658.6568609318,16135.3000298614,16149.7090172658,16352.9731312023,19472.4659757401,16866.4555397944,"Unknown 246",1,1,"A",302.78579,6.11,NA,NA,NA,NA,NA,NA,NA,NA,NA,NA,NA,NA,NA,3354.35540929402,3729.18376909198,3290.60375409746,2247274.86471838,2611043.44941595,2585032.54871983,2548122.3829871,2816965.50999836,2636868.64352291,2922537.3223322
"hineg_Unknown.247","Unknown 247",1,1,"A",377.05839,7.162,"MS2",NA,NA,NA,NA,NA,NA,NA,NA,43672.1342520444,37042.4036663113,36671.3470600319,36786.8941441991,56636.3408957213,33847.3480065628,40591.0925286136,36594.9731270289,"Unknown 247",1,1,"A",305.78525,6.11,NA,NA,NA,NA,NA,NA,NA,NA,NA,NA,NA,NA,NA,3449.24199627697,3735.58049376188,3296.24817591093,2128141.17392831,2518088.53843617,2582919.55475806,2444416.80815015,2788756.11262354,2606596.06915416,2772429.33222738
"hineg_Unknown.248","Unknown 248",1,1,"A",379.01427,1.368,"MS2",NA,NA,NA,NA,NA,NA,NA,NA,38539.4428989431,34733.682189595,35932.2543190649,34607.9116113448,34881.1889274599,33729.5256871352,37247.0568486999,36545.171673177,"Unknown 248",1,1,"A",306.85814,6.08,NA,NA,NA,NA,NA,NA,NA,NA,NA,NA,NA,NA,NA,649944.615498154,417193.860703897,355877.623507886,5018037.96499317,5465610.29441131,4324640.1760428,3627992.81894626,4261022.30572625,3490757.47708593,4244550.88810142
"hineg_Unknown.249","Unknown 249",1,1,"A",379.215,0.826,"MS2",NA,NA,NA,NA,NA,NA,NA,NA,34821.6207900675,32865.3440711612,33663.06551128,32681.6938467762,32559.964249892,32298.57223169,32393.9810196222,32372.698277525,"Unknown 249",1,1,"A",306.85817,6.157,NA,NA,NA,NA,NA,NA,NA,NA,NA,NA,NA,NA,NA,653605.720692367,237767.643170248,267553.968257734,2570130.32464151,3652848.16702307,3498558.76422161,2492982.39954065,2574320.04051491,3002410.15829445,2620419.81450357
"hineg_Unknown.250","Unknown 250",1,1,"A",380.05803,7.237,"MS2",NA,NA,NA,NA,NA,NA,NA,NA,40519.3193211061,32150.3706200341,33688.7905474981,42057.961941768,31075.2383286187,36215.0597902604,36135.0717580349,32867.8221002669,"Unknown 250",1,1,"A",307.01246,5.977,NA,NA,NA,NA,NA,NA,NA,NA,NA,NA,NA,NA,NA,4301.81402002636,4504.46906895345,4282.56832074638,17462308.745536,27032935.2100263,18662639.0390708,19240790.5855019,19521456.4362258,30709664.6395809,32955145.2230544
"hineg_Unknown.251","Unknown 251",1,1,"A",381.23036,0.683,"MS2",NA,NA,NA,NA,NA,NA,NA,NA,153086.510877504,273337.352231054,304531.051351681,279878.660948646,287174.134562764,247261.933596823,258097.837164378,262253.778308108,"Unknown 251",1,1,"A",307.78629,6.11,NA,NA,NA,NA,NA,NA,NA,NA,NA,NA,NA,NA,NA,3103.33077124753,3450.10868860067,3044.34999874463,1445047.26748623,1820797.82563419,1814695.64736915,1745357.52048074,2071207.42046981,1897043.43248425,2020054.59281629
"hineg_Unknown.252","Unknown 252",1,1,"A",381.24574,0.68,"MS2",NA,NA,NA,NA,NA,NA,NA,NA,25058.4738671961,21828.4149013177,23243.5817531445,21850.7301312429,21690.2330000801,23070.1049499171,33047.6155132468,34762.7277727919,"Unknown 252",1,1,"A",308.09981,5.233,NA,NA,NA,NA,NA,NA,NA,NA,NA,NA,NA,NA,NA,2309.17711176708,2359.05636165872,2357.50378176348,573786.140348816,879286.501529995,435183.279208383,414370.572709398,699714.84598795,348721.606002437,291681.181770815
"hineg_Unknown.253","Unknown 253",1,1,"A",385.19887,1.006,"MS2",NA,NA,NA,NA,NA,NA,NA,NA,19058.7858421863,16805.4632728747,18863.3677864401,18467.1918819093,17382.478422481,17820.4259952828,22536.4718237671,17189.4619384948,"Unknown 253",1,1,"A",308.78547,6.11,NA,NA,NA,NA,NA,NA,NA,NA,NA,NA,NA,NA,NA,3536.55376283344,3830.14043834573,3379.68716092792,1459126.68098184,1820797.82563419,1814695.64736915,1747701.86605445,2039251.30162967,1897043.43248425,2020054.59281629
"hineg_Unknown.254","Unknown 254",1,1,"A",387.025,7.7,"MS2",NA,NA,NA,NA,NA,NA,NA,NA,28041.3883792217,21832.3210701914,23808.820172778,21653.3518044518,21774.748479389,21144.0722460398,26359.6304461608,23170.5573568789,"Unknown 254",1,1,"A",309.85706,6.08,NA,NA,NA,NA,NA,NA,NA,NA,NA,NA,NA,NA,NA,728002.937590979,103119.192946025,417751.059639998,6213198.6730921,5570470.38124454,5218908.49189531,4016639.23986005,5309704.07544441,4345240.02201097,5162375.26698811
"hineg_Unknown.255","Unknown 255",1,1,"A",388.25179,0.825,"MS2",NA,NA,NA,NA,NA,NA,NA,NA,23731.5877056196,20609.7540273911,22942.0105525022,20576.9698850697,20514.7066653692,22012.0827891296,22077.1056676553,20963.2767192424,"Unknown 255",1,1,"A",309.85716,6.158,NA,NA,NA,NA,NA,NA,NA,NA,NA,NA,NA,NA,NA,729398.890000417,570558.223816437,392217.576779914,3208887.34025147,3287256.82529449,3650271.63017381,3108223.41292577,3139117.73675625,3457343.92208721,3211113.45226436
"hineg_Unknown.256","Unknown 256",1,1,"A",389.28999,0.93,"MS2",NA,NA,NA,NA,NA,NA,NA,NA,345466.87921846,315507.54758212,324184.586525977,306309.402958771,296447.67255855,303060.472392919,389851.668235516,336723.934121341,"Unknown 256",1,1,"A",310.85606,6.165,NA,NA,NA,NA,NA,NA,NA,NA,NA,NA,NA,NA,NA,1143790.80913157,932132.699024549,741869.457086213,2901950.49311592,5156502.91076193,3813348.1128893,4602662.89721411,4630169.86196703,3457343.92208721,4709588.60851427
"hineg_Unknown.257","Unknown 257",1,1,"A",390.26741,0.823,"MS2",NA,NA,NA,NA,NA,NA,NA,NA,23095.5212788791,20057.3606198022,21015.573454595,20025.4551752114,19964.8607668926,21422.1034325658,21485.3835338904,20401.4080115527,"Unknown 257",1,1,"A",312.85625,6.157,NA,NA,NA,NA,NA,NA,NA,NA,NA,NA,NA,NA,NA,1184621.01103711,896662.294474613,194138.893732622,4781203.72127561,4063108.77313876,5452209.0251912,4602662.89721411,2546881.8546277,5072909.175227,4291509.11396553
"hineg_Unknown.259","Unknown 259",1,1,"A",392.87909,7.477,"MS2",NA,NA,NA,NA,NA,NA,NA,NA,27128.0564940769,21382.1082316115,23038.9256241606,21048.8155539146,21070.2290571033,20912.5471047648,24777.900787296,22434.193885412,"Unknown 259",1,1,"A",312.89213,6.61,NA,NA,NA,NA,NA,NA,NA,NA,NA,NA,NA,NA,NA,55803.6144006213,23968.4963730062,57019.5214619938,162112.164502785,112755.545926349,150459.675413232,74973.7482037729,64222.3015592643,224126.552898419,345694.148503403
"hineg_Unknown.260","Unknown 260",1,1,"A",395.97304,7.502,"MS2",NA,NA,NA,NA,NA,NA,NA,NA,18113.6855747183,14195.9426983798,15279.8652899536,13398.5258937819,13678.2996423331,13963.5252862623,16544.4621571265,14568.9604473188,"Unknown 260",1,1,"A",312.94923,4.386,NA,NA,NA,NA,NA,NA,NA,NA,NA,NA,NA,NA,NA,5223.47302155751,6831.85337837215,7377.22596362324,928819.834478582,992596.096065077,1816692.80767929,933524.750465779,1074893.11377322,1249762.64117959,981313.693885563
"hineg_Unknown.261","Unknown 261",1,1,"A",397.22543,0.697,"MS2",NA,NA,NA,NA,NA,NA,NA,NA,201644.133409686,412638.231657125,408112.170696135,469598.022281146,422292.014847092,361353.411507346,475266.945417378,406862.703347567,"Unknown 261",1,1,"A",313.12029,4.32,NA,NA,NA,NA,NA,NA,NA,NA,NA,NA,NA,NA,NA,1861.11136632596,2302.33351434431,2809.23086206834,52332.8679763845,75901.4550729326,67269.7182043729,41218.8391253458,65320.9137237176,81331.6249704145,63953.5737509483
"hineg_Unknown.262","Unknown 262",1,1,"A",398.84883,5.298,"MS2",NA,NA,NA,NA,NA,NA,NA,NA,29308.8579162741,22823.5527132275,23572.2944171351,21899.2550112696,22419.8413447603,21782.9482875783,24851.8295601912,23868.0742037812,"Unknown 262",1,1,"A",313.1455,1.695,NA,NA,NA,NA,NA,NA,NA,NA,NA,NA,NA,NA,NA,701672.171709359,417513.9580895,552009.577879377,2827310.69697987,2937765.61006685,2740719.91377568,2580450.01405914,3181864.22972344,3092294.58682142,3099464.66951459
"hineg_Unknown.263","Unknown 263",1,1,"A",399.04549,7.199,"MS2",NA,NA,NA,NA,NA,NA,NA,NA,18742.2516675967,14110.6275114259,15482.2358510438,14824.212097551,14038.9880840039,13966.3062264212,17419.9975490862,15120.5745262095,"Unknown 263",1,1,"A",314.84546,6.182,NA,NA,NA,NA,NA,NA,NA,NA,NA,NA,NA,NA,NA,5056.86746208674,4547.17435621136,7578.34253580077,240418.814714272,203834.776155697,274966.112660595,324859.312892715,212767.749116467,442345.45369126,285039.412422465
"hineg_Unknown.264","Unknown 264",1,1,"A",408.91063,7.477,"MS2",NA,NA,NA,NA,NA,NA,NA,NA,24229.1308883133,19097.1992086831,20438.5714071797,18452.3378327209,18818.6476898102,18677.8157558023,22130.1146819757,20036.8581561354,"Unknown 264",1,1,"A",314.85835,6.082,NA,NA,NA,NA,NA,NA,NA,NA,NA,NA,NA,NA,NA,133964.749132096,34793.2566630244,1537.12757915169,3140708.67286984,1836375.29708814,2857362.58122514,1277034.20511085,2779073.3130312,2265182.60498956,2792129.25035863
"hineg_Unknown.265","Unknown 265",1,1,"A",410.98659,7.696,"MS2",NA,NA,NA,NA,NA,NA,NA,NA,37799.5371886542,29429.7707747895,32094.0736374438,29188.5218278948,29352.1634445941,28860.2006464518,35532.5427491009,31233.7011509093,"Unknown 265",1,1,"A",314.85839,6.157,NA,NA,NA,NA,NA,NA,NA,NA,NA,NA,NA,NA,NA,155217.169374234,238185.537472386,9113.65256545175,1649888.2633606,1816217.95494733,1960089.79523696,1775983.80289046,1636317.44554928,1827399.21082821,1681342.63271717
"hineg_Unknown.266","Unknown 266",1,1,"A",411.05366,0.789,"MS2",NA,NA,NA,NA,NA,NA,NA,NA,25555.7086790785,21907.0039474097,24133.1681912904,21917.1528309734,22744.0345072079,22210.7394019925,24666.6898206016,23261.4165472851,"Unknown 266",1,1,"A",314.88046,6.218,NA,NA,NA,NA,NA,NA,NA,NA,NA,NA,NA,NA,NA,4327.94529617918,11885.8770318828,6978.8534165583,494320.931661638,900211.415577256,726083.13359088,244230.598716583,690411.513601815,655250.97115833,513227.459731664
"hineg_Unknown.267","Unknown 267",1,1,"A",414.07535,6.492,"MS2",NA,NA,NA,NA,NA,NA,NA,NA,33550.3770620089,25833.1659997191,28964.251414612,24904.5156619442,25399.931935788,25614.1534633452,30744.8950861445,27840.6541142314,"Unknown 267",1,1,"A",314.90595,6.228,NA,NA,NA,NA,NA,NA,NA,NA,NA,NA,NA,NA,NA,5904.69716776889,5312.07416566989,8668.29939073858,2537798.03350668,4325210.17517767,5227448.83504949,6267187.60189197,4022759.65772263,3588289.08319907,3763207.78162479
"hineg_Unknown.268","Unknown 268",1,1,"A",416.04372,0.709,"MS2",NA,NA,NA,NA,NA,NA,NA,NA,19355.915441965,16671.37602144,18535.472523186,17166.3766669448,16879.7169109882,16829.0999817188,18443.4216800766,17466.4974752254,"Unknown 268",1,1,"A",316.14063,0.964,NA,NA,NA,NA,NA,NA,NA,NA,NA,NA,NA,NA,NA,219619.437538398,149909.891624812,192298.439997986,116856.184846271,54733.516943886,157514.376828228,47186.8254761699,68816.2921295873,87642.0916305614,68827.7205450679
"hineg_Unknown.269","Unknown 269",1,1,"A",417.15398,6.368,"MS2",NA,NA,NA,NA,NA,NA,NA,NA,57261.4072032213,44676.9284646731,50105.0304147177,44363.9818117733,44409.0515966174,44128.9460905082,52698.601498564,48057.9846936137,"Unknown 269",1,1,"A",316.82791,6.204,NA,NA,NA,NA,NA,NA,NA,NA,NA,NA,NA,NA,NA,9595.10432479854,22862.0289430437,36794.3083358904,2512152.78732369,2944046.31461914,2709246.72503587,2799090.05714505,2607538.08968501,2919907.79845172,2713949.9108866
"hineg_Unknown.270","Unknown 270",1,1,"A",417.20965,0.708,"MS2",NA,NA,NA,NA,NA,NA,NA,NA,25104.3848735155,22276.1875557238,24040.2804728978,22264.5799431623,39473.9144456162,32831.4186535202,28469.3102893732,31744.3619582342,"Unknown 270",1,1,"A",316.8694,6.222,NA,NA,NA,NA,NA,NA,NA,NA,NA,NA,NA,NA,NA,4762.6414933689,9098.76029174263,6991.72221407508,1501460.86733626,1544074.60770892,1473694.54020688,1874635.16806497,1514215.00769857,1666913.35121098,1740337.45313778
"hineg_Unknown.271","Unknown 271",1,1,"A",421.22592,0.668,"MS2",NA,NA,NA,NA,NA,NA,NA,NA,26368.7951701632,47173.3084673563,48819.805437556,49611.9259885576,47170.7562842384,54010.4083340277,52575.7094023233,65400.711088905,"Unknown 271",1,1,"A",319.82699,6.204,NA,NA,NA,NA,NA,NA,NA,NA,NA,NA,NA,NA,NA,9513.50645520735,7697.22537206886,15279.1507399982,2960843.50012247,2789700.1960419,2647446.44689727,3757168.61376288,3215675.0778257,3335616.39027731,3318408.27777345
"hineg_Unknown.272","Unknown 272",1,1,"A",423.32629,0.868,"MS2",NA,NA,NA,NA,NA,NA,NA,NA,20251.1555474946,19961.528228453,20463.1753443826,19849.9840094031,19776.0487181985,19479.4325955362,21023.0907439249,19662.308390833,"Unknown 272",1,1,"A",319.82878,6.239,NA,NA,NA,NA,NA,NA,NA,NA,NA,NA,NA,NA,NA,3180.93811236476,3069.12884473295,3082.8473007485,160012.237166983,104371.825812802,172335.743397306,83971.851889173,184718.696640289,137199.539050176,221239.279443417
"hineg_Unknown.273","Unknown 273",1,1,"A",424.04837,7.295,"MS2",NA,NA,NA,NA,NA,NA,NA,NA,26572.8838496901,20496.8492406778,22509.1756108276,20528.2589271046,20618.6717008331,20149.0578850833,24145.593028066,21880.9725369475,"Unknown 273",1,1,"A",320.19084,0.944,NA,NA,NA,NA,NA,NA,NA,NA,NA,NA,NA,NA,NA,265594.255238734,1920005.23380851,202461.502248478,51113.4489614744,37026.9755850325,108383.875528514,66870.1084054154,59740.7501279054,99595.512706828,52414.476333731
"hineg_Unknown.274","Unknown 274",1,1,"A",425.08019,7.621,"MS2",NA,NA,NA,NA,NA,NA,NA,NA,20367.1376298958,16161.5983635416,17498.073546154,35756.799022999,22547.5252856597,16485.2012747508,19065.9839873518,17409.4410628333,"Unknown 274",1,1,"A",320.82576,6.201,NA,NA,NA,NA,NA,NA,NA,NA,NA,NA,NA,NA,NA,9036.98934845764,7311.68302955107,14513.8412572647,4130167.5092741,3939724.71237717,4175225.87079186,4498182.52033863,4288392.54202376,4622225.8213081,5057546.21112419
"hineg_Unknown.275","Unknown 275",1,1,"A",425.257,0.693,"MS2",NA,NA,NA,NA,NA,NA,NA,NA,76899.5376166715,130315.553421903,168260.510319693,131385.686352536,119430.34828814,146790.83541287,121440.651581853,123025.821295105,"Unknown 275",1,1,"A",321.00858,5.977,NA,NA,NA,NA,NA,NA,NA,NA,NA,NA,NA,NA,NA,4585.63732747468,4801.66306746137,4565.12184340197,15775002.3915557,25948089.0093833,13837265.9720203,17314667.7776351,12558016.0918526,13132582.2183686,13672851.0153586
"hineg_Unknown.276","Unknown 276",1,1,"A",427.01815,7.699,"MS2",NA,NA,NA,NA,NA,NA,NA,NA,32179.5131812665,25054.1611618793,27322.3362630655,24848.7810370429,24988.0924665796,24569.2745517332,30249.574804366,26589.8837033144,"Unknown 276",1,1,"A",321.22063,0.964,NA,NA,NA,NA,NA,NA,NA,NA,NA,NA,NA,NA,NA,88905.2273578236,44008.6450428258,185352.033833759,823909.124617962,996132.803159529,1532840.17986666,1053912.09419859,1379717.89449904,1292490.89626455,1173980.28160088
"hineg_Unknown.277","Unknown 277",1,1,"A",429.07949,0.967,"MS2",NA,NA,NA,NA,NA,NA,NA,NA,31735.7637314777,30308.277017968,31673.9583278946,30248.0617326455,30993.0416094824,31773.9042124278,33017.5778502722,29997.8135358836,"Unknown 277",1,1,"A",321.22092,1.304,NA,NA,NA,NA,NA,NA,NA,NA,NA,NA,NA,NA,NA,3090.65085087864,3798.77903261541,4137.99136087793,83005.5611682029,157343.258307958,252043.004992829,154855.105856414,176905.947512669,149148.197559347,196606.389442484
"hineg_Unknown.278","Unknown 278",1,1,"A",438.06459,6.546,"MS2",NA,NA,NA,NA,NA,NA,NA,NA,28975.7769666218,22101.6894154662,24595.019387766,21957.664738576,21932.3362969376,22048.7305041674,26618.933961586,23853.9466188857,"Unknown 278",1,1,"A",321.24416,0.967,NA,NA,NA,NA,NA,NA,NA,NA,NA,NA,NA,NA,NA,55017.3674641184,40564.1556489612,135671.450509458,186734.966747992,167135.960183703,330321.771045748,290220.552513504,287838.627198391,239194.011112956,164947.203495254
"hineg_Unknown.279","Unknown 279",1,1,"A",440.85994,5.296,"MS2",NA,NA,NA,NA,NA,NA,NA,NA,28363.9400011747,22087.7211121958,22812.3233749889,21193.2227787414,21697.0254028744,21080.6657851548,24050.6062903694,23098.5672179238,"Unknown 279",1,1,"A",322.82656,6.203,NA,NA,NA,NA,NA,NA,NA,NA,NA,NA,NA,NA,NA,9465.83537697728,7658.65546783911,15202.5886864962,4130167.39985019,4949785.97949478,4348001.2151045,4516663.84789313,4433024.14659714,4125005.96471549,4895228.02810442
"hineg_Unknown.280","Unknown 280",1,1,"A",441.2523,0.708,"MS2",NA,NA,NA,NA,NA,NA,NA,NA,86955.3187558367,189972.313571036,190826.531279633,177714.466162331,172819.056764749,171284.264100273,251140.241301314,199058.39841439,"Unknown 280",1,1,"A",323.15071,0.918,NA,NA,NA,NA,NA,NA,NA,NA,NA,NA,NA,NA,NA,1855582.90856278,2130820.71873598,1762769.10674037,1558962.982997,1439081.53613718,2240617.04433762,2387392.56002932,2521384.60667105,2900149.26350264,1652455.20950696
"hineg_Unknown.281","Unknown 281",1,1,"A",447.11634,0.703,"MS2",NA,NA,NA,NA,NA,NA,NA,NA,23478.6378421473,20432.6832180912,22483.4442943183,20822.7372160997,20475.0202293106,21777.5837419601,22371.787038173,21186.7823984441,"Unknown 281",1,1,"A",323.18996,0.664,NA,NA,NA,NA,NA,NA,NA,NA,NA,NA,NA,NA,NA,2682029.40437401,3003248.42372802,4905931.56447027,3857745.2695957,2975630.16431064,3114296.64755093,3516368.37343137,3048969.97715016,3987692.30364081,2899598.30256671
"hineg_Unknown.282","Unknown 282",1,1,"A",447.134,1,"MS2",NA,NA,NA,NA,NA,NA,NA,NA,258017.062361517,216567.785896505,232253.182150384,270933.434557057,275914.002861188,147599.816537645,592059.876907976,247698.510073418,"Unknown 282",1,1,"A",324.82873,6.205,NA,NA,NA,NA,NA,NA,NA,NA,NA,NA,NA,NA,NA,8341.4054144156,6748.89723330228,13396.6998719522,1347001.76372717,1445538.1550489,1486952.78493031,1454488.66111338,1848002.43981738,1989513.13002213,1773815.00942088
"hineg_Unknown.283","Unknown 283",1,1,"A",450.92175,7.478,"MS2",NA,NA,NA,NA,NA,NA,NA,NA,23448.9315951134,18482.2526225512,19780.4314582314,17858.1563492274,18212.6707072165,18076.3736851656,21417.5055540256,19391.6537266647,"Unknown 283",1,1,"A",325.08991,4.864,NA,NA,NA,NA,NA,NA,NA,NA,NA,NA,NA,NA,NA,4717.49931131237,4561.36967058001,4627.75711441984,266577.564445404,296605.105243622,432193.017705425,729626.285887003,441874.466056406,250368.592561359,293546.693312366
"hineg_Unknown.284","Unknown 284",1,1,"A",455.01341,7.705,"MS2",NA,NA,NA,NA,NA,NA,NA,NA,30501.9762864369,23748.0730467077,25898.0068496263,23553.3995082307,23685.4485512421,22999.4314662859,28672.6467289974,25203.7374713849,"Unknown 284",1,1,"A",330.25249,0.971,NA,NA,NA,NA,NA,NA,NA,NA,NA,NA,NA,NA,NA,52309.9845412642,23965.4461459189,28121.7303529537,243322.299332211,250622.927709688,419643.101570135,230225.207717318,382828.687647714,280108.813605244,277056.608121978
"hineg_Unknown.285","Unknown 285",1,1,"A",463.01598,7.283,"MS2",NA,NA,NA,NA,NA,NA,NA,NA,27026.7297079137,20795.3065658282,22893.6162376254,20878.8669131744,20970.8238724388,20385.8019538673,24557.9824944155,22162.2531142384,"Unknown 285",1,1,"A",330.85839,6.078,NA,NA,NA,NA,NA,NA,NA,NA,NA,NA,NA,NA,NA,1765.04880007936,1776.67539685925,1526.39691692819,123667.616667488,110292.733896413,107761.439147309,130171.70763934,104500.391688628,70586.7649729644,123170.851655922
"hineg_Unknown.286","Unknown 286",1,1,"A",464.18205,6.405,"MS2",NA,NA,NA,NA,NA,NA,NA,NA,28832.1483717107,22495.6369953355,24650.2524186357,22307.1001472161,22097.5530231524,21891.2293815825,26534.6936374762,24198.0596148136,"Unknown 286",1,1,"A",333.06031,6.256,NA,NA,NA,NA,NA,NA,NA,NA,NA,NA,NA,NA,NA,2539.33916962348,2598.684501173,2550.13229971252,356457.725023324,228844.905075023,169513.699642465,378732.995009246,278575.412389157,213527.619459827,147054.780602916
"hineg_Unknown.287","Unknown 287",1,1,"A",469.02923,7.702,"MS2",NA,NA,NA,NA,NA,NA,NA,NA,25723.5578728267,20027.7164223204,21840.8430893527,19863.5403051307,19654.4228717374,19396.3565117645,24180.8098129185,21255.3374695589,"Unknown 287",1,1,"A",333.09204,0.965,NA,NA,NA,NA,NA,NA,NA,NA,NA,NA,NA,NA,NA,46364.2836080233,30188.4755766964,24925.3348680342,262487.194660844,233309.595588641,450463.377615792,305535.450587594,342084.580187471,365326.970005395,292102.366124488
"hineg_Unknown.288","Unknown 288",1,1,"A",473.28275,0.675,"MS2",NA,NA,NA,NA,NA,NA,NA,NA,28753.4414671854,54349.8457660663,71156.9664249169,69307.8536375329,46350.5296744625,64116.2536122173,64349.2055103124,76928.2692799605,"Unknown 288",1,1,"A",334.88024,6.236,NA,NA,NA,NA,NA,NA,NA,NA,NA,NA,NA,NA,NA,5914.18590048104,5368.28978344587,5704.97890598015,3551544.80397627,2872992.43485324,3745848.18815913,2685042.46087163,4195314.85387228,3658588.6958292,705648.2231839
"hineg_Unknown.289","Unknown 289",1,1,"A",475.19006,6.374,"MS2",NA,NA,NA,NA,NA,NA,NA,NA,36528.9327106062,28500.8803191061,31963.6448679371,28301.241368823,32246.9989097988,27735.1252054766,33618.1690619682,30657.7671563335,"Unknown 289",1,1,"A",336.06153,5.35,NA,NA,NA,NA,NA,NA,NA,NA,NA,NA,NA,NA,NA,3374.22915805854,3120.86364884913,2776.5317270974,288681.204601326,299677.344582564,255957.029950187,143815.373557919,177289.848233236,218517.307036656,272974.318827754
"hineg_Unknown.290","Unknown 290",1,1,"A",477.16966,6.42,"MS2",NA,NA,NA,NA,NA,NA,NA,NA,23672.8747817822,18073.3862438821,20239.2943918894,17900.7615903803,18143.3793610102,17656.9749594861,21619.5873040739,19133.6681966423,"Unknown 290",1,1,"A",336.8573,6.103,NA,NA,NA,NA,NA,NA,NA,NA,NA,NA,NA,NA,NA,2550.4112717126,14038.372520039,2437.28578953852,211742.029039972,162301.437872912,138882.457882095,176433.38374994,179376.073290744,101754.864672679,191787.573927471
"hineg_Unknown.291","Unknown 291",1,1,"A",481.88702,5.297,"MS2",NA,NA,NA,NA,NA,NA,NA,NA,28307.4632320772,22043.7412164164,22766.9006897141,21151.0239604793,21653.8234396165,21038.6910843931,24002.7180019983,23052.5745791297,"Unknown 291",1,1,"A",337.08357,6.346,NA,NA,NA,NA,NA,NA,NA,NA,NA,NA,NA,NA,NA,4097.93428117837,3594.7262522658,3645.08710763095,6106.4968004494,6776.23076105623,7439.72346849376,6725.53984193058,8359.1413170928,7816.05638524805,14119.8389044316
"hineg_Unknown.292","Unknown 292",1,1,"A",483.08655,7.201,"MS2",NA,NA,NA,NA,NA,NA,NA,NA,18709.1561186718,14085.7106032845,15454.8969217006,14502.3396395753,14014.1976786017,13941.6441645082,16684.79900965,15093.8742277139,"Unknown 292",1,1,"A",337.23733,0.99,NA,NA,NA,NA,NA,NA,NA,NA,NA,NA,NA,NA,NA,404297.522681095,114395.27588412,127074.901401798,489587.187368147,354636.451453543,613079.062264286,563378.080666761,251551.811984459,209634.46842735,316961.421571702
"hineg_Unknown.293","Unknown 293",1,1,"A",485.28246,0.692,"MS2",NA,NA,NA,NA,NA,NA,NA,NA,26122.2839413223,44088.9963576773,24829.0011460429,81955.0859264859,103395.141834244,404316.60691991,24410.8506968556,54700.361079596,"Unknown 293",1,1,"A",340.98281,5.977,NA,NA,NA,NA,NA,NA,NA,NA,NA,NA,NA,NA,NA,3193.80621276868,3534.72604250713,3214.80244584078,16209339.401996,17135664.0303027,15800146.5152492,12248813.2658937,11213180.34548,20891897.6044889,15067470.196465
"hineg_Unknown.295","Unknown 295",1,1,"A",492.9908,7.699,"MS2",NA,NA,NA,NA,NA,NA,NA,NA,32113.852972997,25003.0397719862,27266.5868090779,24798.0787119658,24937.1058855716,24519.1425415001,30187.8525101059,26535.6287712404,"Unknown 295",1,1,"A",346.05669,6.03,NA,NA,NA,NA,NA,NA,NA,NA,NA,NA,NA,NA,NA,4647.91093445879,4331.49296955638,4814.50816866275,7069547.55384503,310642.316796538,6338938.80869675,6828119.21735017,8870236.19671018,6019708.26302887,7409449.20556458
"hineg_Unknown.296","Unknown 296",1,1,"A",493.02712,7.256,"MS2",NA,NA,NA,NA,NA,NA,NA,NA,20006.148867041,15874.0351894289,16257.2660984659,15365.9510529205,15248.0882079489,15382.1268339381,17838.5430107173,16228.2721647509,"Unknown 296",1,1,"A",348.90516,6.087,NA,NA,NA,NA,NA,NA,NA,NA,NA,NA,NA,NA,NA,56748.1640142253,16806.5322880911,2152.4576877132,335281.589765992,304992.518867389,250866.024430661,163175.491752374,268952.563377916,154623.081880653,239598.057390333
"hineg_Unknown.297","Unknown 297",1,1,"A",499.05193,6.47,"MS2",NA,NA,NA,NA,NA,NA,NA,NA,20965.4634398578,16143.0167029681,18566.9133316109,15562.7077344863,15872.2908952831,16006.1568603579,19212.3317332467,17397.4860221346,"Unknown 297",1,1,"A",351.90416,6.08,NA,NA,NA,NA,NA,NA,NA,NA,NA,NA,NA,NA,NA,1753.38182850873,1764.93157349048,1297.67557885828,391691.524312511,359997.989477658,236642.907416836,139175.569799021,282982.957435883,167940.677078113,290294.406239069
"hineg_Unknown.298","Unknown 298",1,1,"A",505.33567,0.678,"MS2",NA,NA,NA,NA,NA,NA,NA,NA,26083.7419362657,22721.5250290666,24194.5934671302,22744.7532871682,22577.6894119718,24014.0188562703,24374.8338181973,23239.3611920629,"Unknown 298",1,1,"A",352.94659,7.157,NA,NA,NA,NA,NA,NA,NA,NA,NA,NA,NA,NA,NA,3355.93026092015,4391.04548127585,4039.5251351415,1476101.48079624,1457639.31410937,1527349.39495158,1568844.00554168,1719055.78479458,1458055.83493431,1563576.82178047
"hineg_Unknown.299","Unknown 299",1,1,"A",506.88904,7.478,"MS2",NA,NA,NA,NA,NA,NA,NA,NA,23517.9927256535,18536.6860305665,19838.6882258599,17910.7516865389,18266.3101501946,18129.6117100069,21480.5837860085,19448.7654771073,"Unknown 299",1,1,"A",352.99815,5.87,NA,NA,NA,NA,NA,NA,NA,NA,NA,NA,NA,NA,NA,2937.75103963302,2911.68711688553,2786.60560285143,66641.070907121,40786.3106834092,89169.2666726625,60511.5537311689,88183.3460141208,105146.307805916,125607.440257271
"hineg_Unknown.300","Unknown 300",1,1,"A",507.35153,0.674,"MS2",NA,NA,NA,NA,NA,NA,NA,NA,26082.2531717625,22720.2281675962,24193.2125283059,22743.4550999138,22576.4007601118,24012.6482239837,24373.4425919135,23238.0347743999,"Unknown 300",1,1,"A",365.11825,0.965,NA,NA,NA,NA,NA,NA,NA,NA,NA,NA,NA,NA,NA,49271.3582223676,32081.3151541762,96648.9480611719,223047.760311285,225640.624616388,474316.418061083,206956.557831119,388112.081600242,274191.216617721,280339.128752359
"hineg_Unknown.301","Unknown 301",1,1,"A",509.0224,7.701,"MS2",NA,NA,NA,NA,NA,NA,NA,NA,30188.2604089481,23503.8217396922,25631.6432583709,23311.1504380333,23441.8413434273,22762.8800128183,28377.7456890109,24944.5145101386,"Unknown 301",1,1,"A",368.97773,7.05,NA,NA,NA,NA,NA,NA,NA,NA,NA,NA,NA,NA,NA,344425.3261197,11275.7642582886,64865.4041696044,5804589.86689712,6776208.85013056,2650981.31844636,2195109.63098843,3106470.97088766,2842821.17623774,2040204.84065719
"hineg_Unknown.302","Unknown 302",1,1,"A",518.10309,6.585,"MS2",NA,NA,NA,NA,NA,NA,NA,NA,32783.4123735946,24792.7842096828,28336.554521493,24506.9052296347,25274.4831968898,24946.0998152018,30116.862440424,27042.4094055519,"Unknown 302",1,1,"A",369.19884,7.731,NA,NA,NA,NA,NA,NA,NA,NA,NA,NA,NA,NA,NA,8000.44691073191,8631.69344034973,7539.25959813253,7910.37681536511,8305.51817869317,11516.1179878816,9380.49725398347,7041.44768509849,13411.9477127451,15243.7440693982
"hineg_Unknown.303","Unknown 303",1,1,"A",526.76288,5.297,"MS2",NA,NA,NA,NA,NA,NA,NA,NA,29032.9528132637,22608.6983957923,23350.3916620728,21693.1017648006,22208.7874492665,21577.8899189334,24617.8816317393,23643.3870634406,"Unknown 303",1,1,"A",369.30199,1.3,NA,NA,NA,NA,NA,NA,NA,NA,NA,NA,NA,NA,NA,16393.5445785455,176717.950547025,148915.341997324,606270.614996822,514212.35846672,885966.541969289,903386.983297177,867273.57678139,973592.25016125,881280.496434181
"hineg_Unknown.306","Unknown 306",1,1,"A",537.01748,7.709,"MS2",NA,NA,NA,NA,NA,NA,NA,NA,30103.1648169264,23437.5684478954,25225.5800497231,23245.4402539963,23000.7191856801,22698.7153102297,28565.0450168115,24874.2001494839,"Unknown 306",1,1,"A",376.9086,7.172,NA,NA,NA,NA,NA,NA,NA,NA,NA,NA,NA,NA,NA,4277.86625248395,5994.71155519287,4951.21592805605,237928.487182666,274285.765311072,315716.337887483,245006.55157029,251296.744243298,300121.876499217,180965.269047225
"hineg_Unknown.307","Unknown 307",1,1,"A",537.09795,7.193,"MS2",NA,NA,NA,NA,NA,NA,NA,NA,26323.9603538764,19818.7286013924,21745.1867555945,20820.9759667274,19718.1092371518,20401.9396411089,24466.8214353122,21237.2243962516,"Unknown 307",1,1,"A",380.76568,6.111,NA,NA,NA,NA,NA,NA,NA,NA,NA,NA,NA,NA,NA,5149.36669202176,6435.96583350868,4328.77430446894,246164.906690187,249992.255943089,303267.990955195,195986.953553299,250005.601151495,225346.851089304,281156.788939412
"hineg_Unknown.308","Unknown 308",1,1,"A",541.08207,1.288,"MS2",NA,NA,NA,NA,NA,NA,NA,NA,18855.8402288179,16660.0999557211,17215.1266701343,16827.1780321028,16436.1827723646,16755.0531537419,17591.6456985402,16814.5863139108,"Unknown 308",1,1,"A",381.7634,6.109,NA,NA,NA,NA,NA,NA,NA,NA,NA,NA,NA,NA,NA,4395.51124102264,4187.53755559802,3695.051693371,249901.805606779,267288.039466647,292149.814632693,192036.547420957,296776.639498329,295611.584865092,91217.2426101738
"hineg_Unknown.309","Unknown 309",1,1,"A",547.12267,7.415,"MS2",NA,NA,NA,NA,NA,NA,NA,NA,15580.0107443673,12018.1447217461,13157.1865455543,12152.3538860132,12256.2210346778,11780.1796762654,13611.6552407957,12671.7218231911,"Unknown 309",1,1,"A",383.76432,6.111,NA,NA,NA,NA,NA,NA,NA,NA,NA,NA,NA,NA,NA,4948.97681134655,6185.50737860689,4160.31813923091,215884.067023737,267288.039466647,319211.66759784,278277.260665915,165838.275579761,206317.921363167,186296.087174517
"hineg_Unknown.310","Unknown 310",1,1,"A",551.03331,7.704,"MS2",NA,NA,NA,NA,NA,NA,NA,NA,24780.0050859058,19293.0899083923,19885.8070588353,19134.9358521354,18933.4889493137,18684.8885906757,23293.8457855556,20475.6812102849,"Unknown 310",1,1,"A",386.76458,6.112,NA,NA,NA,NA,NA,NA,NA,NA,NA,NA,NA,NA,NA,4627.40100365087,4408.45545035888,3889.987984758,230273.197873908,230309.650114512,226623.981028352,195062.44418223,259840.947334452,232811.444837051,256174.215706489
"hineg_Unknown.311","Unknown 311",1,1,"A",557.19795,0.728,"MS2",NA,NA,NA,NA,NA,NA,NA,NA,22151.5590757041,19531.9602306518,20566.7084054873,19947.0440263703,18996.8789381855,19134.2152242829,21197.9909816433,19911.9196264923,"Unknown 311",1,1,"A",387.8365,6.172,NA,NA,NA,NA,NA,NA,NA,NA,NA,NA,NA,NA,NA,130902.964728094,75891.031671491,46329.5468646373,80626.2277750981,82652.6026473981,71625.5431971246,43632.8262087397,28857.0592525547,74659.953577876,63981.1972114696
"hineg_Unknown.312","Unknown 312",1,1,"A",563.1215,7.293,"MS2",NA,NA,NA,NA,NA,NA,NA,NA,24608.8630374452,18934.9157900635,20845.5063750681,19011.000657357,19094.7309584454,18659.8266350136,22360.9750129736,20179.5724966973,"Unknown 312",1,1,"A",388.83524,6.185,NA,NA,NA,NA,NA,NA,NA,NA,NA,NA,NA,NA,NA,201837.517671485,117275.593186604,109784.888867939,136825.765047924,110621.535508842,54906.8443699938,54044.6757100297,82017.9444982238,182908.043986397,120541.846704824
"hineg_Unknown.314","Unknown 314",1,1,"A",565.08955,7.174,"MS2",NA,NA,NA,NA,NA,NA,NA,NA,34736.7421331662,26334.3882954082,29168.3277750627,27475.0783466575,26479.4794908521,26922.1236775363,32286.0867282651,29107.5800772032,"Unknown 314",1,1,"A",390.96266,1.3,NA,NA,NA,NA,NA,NA,NA,NA,NA,NA,NA,NA,NA,3699.33483639223,4546.92434996838,4952.94238416932,19484.0268130925,20782.3239020774,35711.0542235522,22694.2743905295,25509.1210521226,23888.3957649189,18522.5684888477
"hineg_Unknown.315","Unknown 315",1,1,"A",566.12112,7.361,"MS2",NA,NA,NA,NA,NA,NA,NA,NA,36116.0777218694,28931.1262965822,30302.9097861338,28385.6763125442,28268.4295862582,27751.1983580011,33479.4891350605,29468.3087174134,"Unknown 315",1,1,"A",398.85112,4.385,NA,NA,NA,NA,NA,NA,NA,NA,NA,NA,NA,NA,NA,5021.26656339112,6567.38472530331,7091.64533038536,2633254.86616067,2888393.98247843,3504977.79581292,2004865.32738013,3042273.88219469,3264203.64524209,3016090.43802949
"hineg_Unknown.316","Unknown 316",1,1,"A",568.7704,5.296,"MS2",NA,NA,NA,NA,NA,NA,NA,NA,28263.6146550049,22009.5952147855,22731.6345059728,21118.2607878599,21620.2814249818,21006.1019166549,23965.5375234218,23016.8658833395,"Unknown 316",1,1,"A",411.3498,1.292,NA,NA,NA,NA,NA,NA,NA,NA,NA,NA,NA,NA,NA,47605.218569496,113144.830512834,32478.2658592738,176820.163120985,381470.02370723,398945.165011557,11915.7198839798,502609.46098692,214803.170870503,252072.933768093
"hineg_Unknown.317","Unknown 317",1,1,"A",574.99133,7.702,"MS2",NA,NA,NA,NA,NA,NA,NA,NA,28778.7331171041,22406.3991735707,24434.8700684598,22222.7239337705,22347.3127188219,21700.0529341992,27052.753573274,23779.8242130649,"Unknown 317",1,1,"A",414.84668,6.22,NA,NA,NA,NA,NA,NA,NA,NA,NA,NA,NA,NA,NA,5343.73159179962,4738.68541685127,9498.51390095666,7353852.30162751,7222635.39078124,6890093.8734716,7959934.75312775,7986949.25960063,7868261.17879028,7586881.29486054
"hineg_Unknown.318","Unknown 318",1,1,"A",580.33715,0.864,"MS2",NA,NA,NA,NA,NA,NA,NA,NA,26322.5480460581,38451.0834689537,26421.6505767162,25629.9099540203,40349.1492440055,52349.7415813572,31586.9793765852,25387.5868769721,"Unknown 318",1,1,"A",431.1406,1.58,NA,NA,NA,NA,NA,NA,NA,NA,NA,NA,NA,NA,NA,4769.8673149908,5555.78498633828,5292.30034863766,5381855.70818636,5054993.21012562,5290175.00273838,3839299.80001935,4148965.49803629,3460705.41822615,3531646.8296732
"hineg_Unknown.320","Unknown 320",1,1,"A",591.0225,7.704,"MS2",NA,NA,NA,NA,NA,NA,NA,NA,30643.634588162,23858.3646443881,26018.2832420125,23662.7869965316,23795.4493061393,23106.2461976188,28805.809197011,25320.7895146294,"Unknown 320",1,1,"A",434.95082,6.786,NA,NA,NA,NA,NA,NA,NA,NA,NA,NA,NA,NA,NA,201654.479849136,176846.69024689,224740.654167433,1084310.87967224,1607466.63453247,1439764.16226526,3377148.49049263,1638715.93784147,526342.170400605,2124730.20438102
"hineg_Unknown.321","Unknown 321",1,1,"A",619.04056,0.77,"MS2",NA,NA,NA,NA,NA,NA,NA,NA,23489.4709754538,20135.7723960558,22181.9461511995,20145.100719089,20905.127113894,20414.9501419846,22672.3313322116,21380.6776285061,"Unknown 321",1,1,"A",443.24843,0.869,NA,NA,NA,NA,NA,NA,NA,NA,NA,NA,NA,NA,NA,640447.660047594,378441.342232422,378921.601491866,35505.2182956464,32096.8359251676,31015.6310796667,32867.1509024259,33752.022677374,31975.2936326078,27073.5466113045
"hineg_Unknown.322","Unknown 322",1,1,"A",624.06485,6.47,"MS2",NA,NA,NA,NA,NA,NA,NA,NA,19558.7938719046,15059.9073123187,17321.1735448743,14518.5339470644,14807.3457467943,14932.2300273099,17923.2878513356,16230.2085032555,"Unknown 322",1,1,"A",445.6794,6.11,NA,NA,NA,NA,NA,NA,NA,NA,NA,NA,NA,NA,NA,3240.10963168336,3602.17173620706,3178.52929005772,69166.8616329113,63552.5264044917,56305.0397116086,77698.7837243813,108204.737516571,92170.5846474804,107678.213459091
"hineg_Unknown.323","Unknown 323",1,1,"A",633.03366,7.71,"MS2",NA,NA,NA,NA,NA,NA,NA,NA,25814.5792972325,20098.5834184555,21631.8696214331,19933.8263729154,19723.9689887444,19464.9894748527,24495.5845739141,21330.5483366664,"Unknown 323",1,1,"A",447.11699,0.686,NA,NA,NA,NA,NA,NA,NA,NA,NA,NA,NA,NA,NA,3016857.44058041,2775375.16519239,3799628.98910403,5015874.22848351,5720574.04655824,4113036.03243593,5014631.31913994,4896194.06332538,4552761.97259672,4294691.17351284
"hineg_Unknown.324","Unknown 324",1,1,"A",640.13864,7.593,"MS2",NA,NA,NA,NA,NA,NA,NA,NA,18381.8765119862,14296.1683657243,15495.8017490914,14461.4319304609,14149.2785366811,13892.7537146306,16898.8726944964,15100.3635644964,"Unknown 324",1,1,"A",450.98323,6.77,NA,NA,NA,NA,NA,NA,NA,NA,NA,NA,NA,NA,NA,92452.380476503,92836.3651076219,104265.018754213,232811.124693511,235262.102662226,503978.836213212,950198.657213857,997073.279595231,441633.008013523,665591.717545271
"hineg_Unknown.325","Unknown 325",1,1,"A",656.99469,7.709,"MS2",NA,NA,NA,NA,NA,NA,NA,NA,27588.3415998612,21479.5902205969,23118.2310464279,21303.5124468316,21079.2354158135,20802.4609925567,26178.7165745476,22796.2054794127,"Unknown 325",1,1,"A",458.03473,6.031,NA,NA,NA,NA,NA,NA,NA,NA,NA,NA,NA,NA,NA,3676.09895091375,3425.8394762314,3492.34114265654,17886.8216139989,34521.0347249068,22674.9576052986,28055.6809456735,23833.57183377,24153.350934066,22909.2983120977
"hineg_Unknown.326","Unknown 326",1,1,"A",679.31604,0.853,"MS2",NA,NA,NA,NA,NA,NA,NA,NA,23768.8107627528,23273.4213549403,23858.2986532564,23143.3704099453,23057.1682331623,22872.0648438517,24511.1117479018,22924.5568151622,"Unknown 326",1,1,"A",465.43548,0.919,NA,NA,NA,NA,NA,NA,NA,NA,NA,NA,NA,NA,NA,20530.8957634959,33651.6466261955,26157.0877670054,381305.913932153,702929.178472043,631199.917167822,661712.071283487,740870.440592276,823536.390629995,769509.630138031
"hineg_Unknown.327","Unknown 327",1,1,"A",695.31065,0.864,"MS2",NA,NA,NA,NA,NA,NA,NA,NA,1129759.70080393,2718921.02319678,2041669.78344842,2173512.83701728,2593470.50966291,2480406.61443308,2098065.62383407,2217802.54054606,"Unknown 327",1,1,"A",488.87794,6.232,NA,NA,NA,NA,NA,NA,NA,NA,NA,NA,NA,NA,NA,3610.94401057772,3484.02013119988,3789.88895034512,1219303.48520108,1132775.1391261,1124409.68617187,1309721.13985528,1384793.67803516,1209658.40039218,1219934.66125398
"hineg_Unknown.328","Unknown 328",1,1,"A",713.28771,6.381,"MS2",NA,NA,NA,NA,NA,NA,NA,NA,27842.2039916903,21723.2550995639,23803.8923578692,21541.1916155107,21227.0220530365,21139.5996653836,25623.6317733608,23367.2254773691,"Unknown 328",1,1,"A",492.98829,6.76,NA,NA,NA,NA,NA,NA,NA,NA,NA,NA,NA,NA,NA,19879.1882310983,2415.00769616828,20083.4756798071,96837.9377507932,33313.3606158315,15199.7772086346,78481.758416948,44325.2810916988,54818.7667638699,25024.1371810925
"hineg_Unknown.330","Unknown 330",1,1,"A",749.08067,6.47,"MS2",NA,NA,NA,NA,NA,NA,NA,NA,20700.9948842785,15939.38083666,18332.7012539975,15366.3921678284,15672.070096022,15804.2474106872,18969.9780339175,17178.0256695322,"Unknown 330",1,1,"A",496.07446,6.024,NA,NA,NA,NA,NA,NA,NA,NA,NA,NA,NA,NA,NA,3340.90544683718,3128.09100530281,3476.91195696279,24603.8667933425,31520.7233047346,26019.7750281089,19312.3180510277,28986.4687631004,25295.4109057148,20918.1926021542
"hineg_Unknown.331","Unknown 331",1,1,"A",775.84621,5.968,"MS2",NA,NA,NA,NA,NA,NA,NA,NA,29208.6558183852,22518.8506011279,24772.0327639131,22287.4037836664,22038.113480224,22547.665836025,26095.7650044255,24023.4798763177,"Unknown 331",1,1,"A",498.29341,0.964,NA,NA,NA,NA,NA,NA,NA,NA,NA,NA,NA,NA,NA,62079.754362406,40421.0526408844,121773.443466771,119499.600262278,324327.831828337,426865.142755052,398115.579516665,497504.407492601,488316.301430585,439534.155311355
"hineg_Unknown.332","Unknown 332",1,1,"A",305.02246,7.699,"MS2",NA,NA,NA,NA,NA,NA,NA,NA,30260.4140724869,23559.9987708529,25692.9060452476,27578.5677778426,29716.6686004759,23104.0294863404,28445.5719991956,25004.134974608,"Unknown 332",1,1,"A",507.48329,0.91,NA,NA,NA,NA,NA,NA,NA,NA,NA,NA,NA,NA,NA,26106.284823019,38190.2024717543,29684.8617540092,610724.816547244,497526.244814976,608091.811116577,588986.450098159,532615.267490141,730095.573743167,550529.306410249
"hineg_Unknown.333","Unknown 333",1,1,"A",367.21418,0.699,"MS2",NA,NA,NA,NA,NA,NA,NA,NA,25328.4317300125,30546.9626063193,39692.2837651235,49559.4803759199,21923.9044110257,34071.0182779049,30687.2417781576,29799.6474011773,"Unknown 333",1,1,"A",508.34231,4.139,NA,NA,NA,NA,NA,NA,NA,NA,NA,NA,NA,NA,NA,3191.93819556273,3139.10352420574,3772.99186278306,380604.671189189,425799.19489668,247182.965447425,362070.702651867,339234.034110561,370597.206037358,430050.971927957
"hineg_Unknown.334","Unknown 334",1,1,"A",239.07058,6.147,"MS2",NA,NA,NA,NA,NA,NA,NA,NA,51372.8395809655,50245.0331322275,52642.9528860352,59514.1228539315,39568.5534628636,70039.8317733523,101576.435634388,42472.6885743736,"Unknown 334",1,1,"A",512.82743,6.242,NA,NA,NA,NA,NA,NA,NA,NA,NA,NA,NA,NA,NA,3777.22994084001,3644.46114797333,3660.75123629747,190007.787570126,230123.53666039,378437.069677029,284716.370154396,424325.966809424,386961.416309127,391958.520917075
"hineg_Unknown.336","Unknown 336",1,1,"A",221.0599,4.826,"MS2",NA,NA,NA,NA,NA,NA,NA,NA,77249.8494243608,229084.114024836,162455.578475527,373776.632112536,449129.091282495,184960.299332638,109212.138223026,187463.484591121,"Unknown 336",1,1,"A",526.76522,4.398,NA,NA,NA,NA,NA,NA,NA,NA,NA,NA,NA,NA,NA,6343.71003563387,9468.25635354677,8785.59272012547,1051081.28780656,1118001.489207,702257.788437821,1039805.26381543,1443113.84140056,939254.650904735,843943.789699597
