"Name","BEAT_AML_PNL_001_M","BEAT_AML_PNL_002_M","BEAT_AML_PNL_003_M","BEAT_AML_PNL_004_M","BEAT_AML_PNL_005_M","BEAT_AML_PNL_006_M","BEAT_AML_PNL_007_M","BEAT_AML_PNL_008_M","BEAT_AML_PNL_009_M","BEAT_AML_PNL_010_M","BEAT_AML_PNL_011_M","BEAT_AML_PNL_012_M","BEAT_AML_PNL_013_M","BEAT_AML_PNL_014_M","BEAT_AML_PNL_015_M","BEAT_AML_PNL_016_M","BEAT_AML_PNL_017_M","BEAT_AML_PNL_018_M","BEAT_AML_PNL_019_M","BEAT_AML_PNL_020_M","BEAT_AML_PNL_021_M","BEAT_AML_PNL_022_M","BEAT_AML_PNL_023_M","BEAT_AML_PNL_024_M","BEAT_AML_PNL_025_M","BEAT_AML_PNL_026_M","BEAT_AML_PNL_027_M","BEAT_AML_PNL_028_M","BEAT_AML_PNL_029_M","BEAT_AML_PNL_030_M","BEAT_AML_PNL_031_M","BEAT_AML_PNL_032_M","BEAT_AML_PNL_033_M","BEAT_AML_PNL_034_M","BEAT_AML_PNL_035_M","BEAT_AML_PNL_036_M","BEAT_AML_PNL_037_M","BEAT_AML_PNL_038_M","BEAT_AML_PNL_039_M","BEAT_AML_PNL_040_M","BEAT_AML_PNL_041_M","BEAT_AML_PNL_042_M","BEAT_AML_PNL_043_M","BEAT_AML_PNL_044_M","BEAT_AML_PNL_045_M","BEAT_AML_PNL_046_M","BEAT_AML_PNL_047_M","BEAT_AML_PNL_048_M","BEAT_AML_PNL_049_M","BEAT_AML_PNL_050_M","BEAT_AML_PNL_051_M","BEAT_AML_PNL_052_M","BEAT_AML_PNL_053_M","BEAT_AML_PNL_054_M","BEAT_AML_PNL_055_M","BEAT_AML_PNL_056_M","BEAT_AML_PNL_057_M","BEAT_AML_PNL_058_M","BEAT_AML_PNL_059_M","BEAT_AML_PNL_060_M","BEAT_AML_PNL_061_M","BEAT_AML_PNL_062_M","BEAT_AML_PNL_063_M","BEAT_AML_PNL_064_M","BEAT_AML_PNL_065_M","BEAT_AML_PNL_066_M","BEAT_AML_PNL_067_M","BEAT_AML_PNL_068_M","BEAT_AML_PNL_069_M","BEAT_AML_PNL_070_M","BEAT_AML_PNL_071_M","BEAT_AML_PNL_072_M","BEAT_AML_PNL_073_M","BEAT_AML_PNL_074_M","BEAT_AML_PNL_075_M","BEAT_AML_PNL_076_M","BEAT_AML_PNL_077_M","BEAT_AML_PNL_078_M","BEAT_AML_PNL_079_M","BEAT_AML_PNL_080_M","BEAT_AML_PNL_081_M","PTRC_exp26_Met_01","PTRC_exp26_Met_02","PTRC_exp26_Met_03","PTRC_exp26_Met_04","PTRC_exp26_Met_05","PTRC_exp26_Met_06","PTRC_exp26_Met_07","PTRC_exp26_Met_08","PTRC_exp26_Met_09","PTRC_exp26_Met_10","PTRC_exp26_Met_11","PTRC_exp26_Met_12","PTRC_exp26_Met_13","PTRC_exp26_Met_14","PTRC_exp26_Met_15","PTRC_exp26_Met_16","PTRC_exp26_Met_17","PTRC_exp26_Met_18","PTRC_exp26_Met_19","PTRC_exp26_Met_20","PTRC_exp26_Met_21","PTRC_exp26_Met_22","PTRC_exp26_Met_23","PTRC_exp26_Met_24","PTRC_exp26_Met_25","PTRC_exp26_Met_26","PTRC_exp26_Met_27","PTRC_exp26_Met_28","PTRC_exp26_Met_29","PTRC_exp26_Met_30","PTRC_exp26_Met_31","PTRC_exp26_Met_32","PTRC_exp26_Met_33","PTRC_exp26_Met_34","PTRC_exp26_Met_35","PTRC_exp26_Met_36","PTRC_exp26_Met_37","PTRC_exp26_Met_38","PTRC_exp26_Met_39","PTRC_exp26_Met_40","PTRC_exp26_Met_41","PTRC_exp26_Met_42","PTRC_exp26_Met_43","PTRC_exp26_Met_44","PTRC_exp26_Met_45","PTRC_exp26_Met_46","PTRC_exp26_Met_47","PTRC_exp26_Met_48","PTRC_exp26_Met_49","PTRC_exp26_Met_50","PTRC_exp26_Met_51","PTRC_exp26_Met_52","PTRC_exp26_Met_53","PTRC_exp26_Met_54","PTRC_exp26_Met_55","PTRC_exp26_Met_56","PTRC_exp26_Met_57","PTRC_exp26_Met_58","PTRC_exp26_Met_59","PTRC_exp26_Met_60","PTRC_exp26_Met_61","PTRC_exp26_Met_62","PTRC_exp26_Met_63","PTRC_exp26_Met_64","PTRC_exp26_Met_65","PTRC_exp26_Met_66","PTRC_exp26_Met_67","PTRC_exp26_Met_68","PTRC_exp26_Met_69","PTRC_exp26_Met_70","PTRC_exp26_Met_71","PTRC_exp26_Met_72","PTRC_exp26_Met_73","PTRC_exp26_Met_74","PTRC_exp26_Met_75","PTRC_exp26_Met_76","PTRC_exp26_Met_77","PTRC_exp26_Met_78","PTRC_exp26_Met_79","PTRC_exp26_Met_80","PTRC_exp26_Met_81","PTRC_exp26_Met_82","PTRC_exp26_Met_83","PTRC_exp26_Met_84","PTRC_exp26_Met_85","PTRC_exp26_Met_86","PTRC_exp26_Met_87","PTRC_exp26_Met_88","PTRC_exp26_Met_89","PTRC_exp26_Met_90","PTRC_exp26_Met_91","PTRC_exp26_Met_92","PTRC_exp26_Met_93","PTRC_exp26_Met_94","PTRC_exp26_Met_95","PTRC_exp26_Met_96","PTRC_exp26_Met_97","PTRC_exp26_Met_98","PTRC_exp26_Met_99","PTRC_exp26_Met_100","PTRC_exp26_Met_101","PTRC_exp26_Met_102","PTRC_exp26_Met_103","PTRC_exp26_Met_104","PTRC_exp26_Met_105","PTRC_exp26_Met_106","PTRC_exp26_Met_107","PTRC_exp26_Met_108"
"rppos_3.Hydroxyhexadecanoylcarnitine",18.5605115528458,20.4569256212321,17.3211282117482,21.3178640845913,18.9521510072206,17.6187234558617,19.4667758304175,18.4781357931385,16.904963771674,19.840102524176,17.4181086215324,18.5160670660378,19.2148255288656,20.4252671247361,14.7503377449037,18.7977366290525,17.7064286051792,15.0905767212602,21.3964405302797,19.2071001056079,21.4392326267845,15.33360047546,15.7865034856216,17.0693871908266,17.6852818644041,18.3256871366896,14.5854938631234,14.7236041465577,17.5393250890653,19.8315201031301,16.636314492204,16.6124488439586,21.0584993880887,17.1259549184728,13.370100598575,15.7955149402429,18.7317776386243,18.9881095690295,19.1318456716803,17.0524416069957,15.8433503929582,19.5385020906825,16.4790667135241,17.1008975765418,21.9331895027947,18.3891247299234,18.9089973781285,18.3174499301939,19.0697887420985,19.7597636699167,19.1886809830214,18.0062896940093,20.7845951512908,20.6127333487417,17.7195535316225,18.1938808135368,20.9453381298164,18.6802233739601,17.4706395256975,18.0092443703553,17.0903037793291,19.513563512557,16.576776982285,17.2746247686154,15.9445524741918,19.7498641179646,18.9919931751693,18.8293848104411,19.5205053135845,16.9064435998681,18.2704842198792,14.3506148717236,17.3967408406957,17.2668641754515,16.9599548971414,16.858407285051,19.8425861124657,18.2303413464491,14.2367956238864,16.7337338471679,18.9252488116912,18.1122907256875,20.310700397841,21.5648620751604,17.4506522735996,18.9048517577706,20.81500185117,16.4187487142791,20.0468608590987,15.514121892623,18.8353878808878,17.1853724920891,14.9606853767339,20.0574237002555,17.4219904796543,18.0264592715828,15.3333960470192,19.8679183840283,19.8788008633851,17.7053688401805,16.7634998550364,18.4429754874689,19.0297829008433,18.1062926406895,18.0892472175662,19.0623109922596,15.1605325231432,18.9246746016357,19.0910069886919,20.6168379064092,18.2866520643316,17.264365973178,18.5675247668879,19.1500196412217,17.6167443286604,22.5613291616585,18.8514307960213,17.9622737324813,20.7611026733097,17.1743391488624,18.0533802871965,17.8630130067025,16.4935770641526,14.4345373259779,19.6265836052394,18.810640157675,18.2092299620211,15.8840403512143,18.3493649045127,16.4025887984987,19.3386527879283,20.1633590908236,17.3286344943462,20.7073563301359,15.7568237714872,20.7557809100121,20.1826666206809,17.0927634794676,17.5531882435614,16.2026439409632,15.3830739356595,18.2217273355572,16.3502579295307,16.2457579216037,18.1889749309953,18.0062152873352,16.1429163850053,15.2075928994647,18.2213638077037,17.5349144885975,20.6876788824392,17.3467824395727,17.1996052554619,18.9972633459433,15.8029181372868,16.9280373729142,14.1308533174055,16.5336919107919,19.8831547237525,15.1235793205476,18.7118612056954,18.370304457324,17.7309641040268,16.3433778758818,19.0954592880396,14.0355079743799,15.6331567714076,17.096824151596,20.406941612839,19.191232929917,18.496755966639,16.8440858144159,18.1974506433419,20.0799839837294,17.1944353064826,16.9750423652221,18.2029746043699,18.0605542680997,17.828468247004,19.6568686073662,19.8385496264226,20.2223367595265,19.4821364193056,16.3629914827263,20.3741698012003,19.0952945246204,18.580408095696,14.8659521071374,22.3665058327936
"rppos_5.Oxoproline",23.9622770600438,23.5034432458355,23.4092625206709,22.9380071353241,23.4944368604071,24.4548255146848,24.9109305621454,25.5957067031253,22.8678745144372,22.0589858404447,22.6313411626931,23.8298602236596,23.2284874962683,23.3656670543158,24.5933835181559,23.9383651367933,25.4387054846507,23.6521257190294,23.4125136162016,24.5018438141038,23.0982152789415,25.1261522962219,24.0795722281185,22.3043671113265,24.3821214898332,23.6522345645074,22.9848085535635,21.6553677185217,24.9590619033234,23.6375169679857,23.9754729464419,23.3457129748328,22.2168075895787,23.3881932445985,24.3335405856995,23.9343402569385,25.6032603902606,23.2260497513901,24.1804513382427,25.4849298117182,25.6254369246289,23.4592665690497,25.1764174384695,23.0264381121447,23.6472017443427,25.0184862907776,22.730291554882,22.917538538841,24.732676441204,24.5175220132544,24.4679823003138,23.7450102497544,23.5685711845938,24.2318264799418,23.8305497541187,24.066715543062,22.9935891533037,24.7422504425982,23.8403978133849,24.2630028974132,24.3140476071211,24.5120477358935,22.544936803062,25.0897587858497,23.1720477290299,23.8878184739161,24.2369635458589,24.5031942437376,23.3141295976826,23.5332592811844,23.6303555497031,24.4560048381723,26.0774310949469,24.5407622786519,24.1533401308495,24.1074329352721,25.8624255581043,24.9204018862586,24.0181015194431,25.0439889496689,24.5704748544641,25.4171216249368,24.9604389414234,23.178865533786,23.5864003635799,24.768487253813,24.4552513725125,23.3759187927459,25.5424030142122,23.2540970462049,23.0621603204784,19.4890257272047,21.8134628293177,21.622517357876,23.9308081820179,23.2746886089295,22.7891741728335,24.4420293422544,24.9510988998602,22.772857697976,22.8880947396095,24.044410656421,25.1672620203616,24.6674312398772,23.7430480608248,23.1742642092018,23.4445148511647,25.0621475429672,24.6131298173143,22.7133180620243,24.814861001213,23.1592468471791,23.1079113983211,22.895807066782,23.4672616922589,23.1556271912982,22.8859903627444,23.1761962039534,24.3018745217824,23.3937662570841,24.7715578327803,25.7322213099036,21.3900145313521,24.7843846467341,25.763941031352,25.2159119098895,25.4685420149412,22.1561132824042,24.9199456945485,23.7116034585053,25.4682003684063,25.322580504566,22.0101868131445,25.335248075885,21.9523614865826,23.173923135927,24.0621425300739,25.7118598973612,21.8895872362083,22.9532579157847,22.990128273034,24.3440593601664,24.028223316154,24.3906442732157,24.4428031094872,23.1392651236831,23.3645401484228,22.46076018547,21.7805984424957,25.0908649080824,24.3744601028345,24.2252327373205,23.5707771806836,23.3154189903916,24.7414389402495,23.4875527066999,24.1634044032529,23.9306317537071,23.7735529703699,22.1604742881956,25.4743764153193,25.9957524545906,23.0406340771275,24.2446406923258,23.610062442584,23.3784666893976,21.9908557045186,22.8862819323389,25.5533895644301,23.7766485350851,24.1457565036929,24.8590957718932,24.9266306445476,26.0795587320587,22.0058589536929,24.7721706211695,23.5496909473727,25.5573362337032,25.3537159462231,26.9273619197308,26.4619099342139,25.5683777203721,25.7364187710092,25.6731142141244,22.9298285937437,24.9079669342443,26.3353027478525,23.4704227715548,21.720761688799
"rppos_Acetyl.L.carnitine",25.3936204378624,24.2771881415384,27.5923808361865,29.2409053445767,26.7398210762842,23.0353212288386,26.3695869200498,26.4262521773768,24.4756356708172,22.7352829428662,25.0426905954994,26.0155980373066,25.4962064473516,27.5496552620169,25.5594413352732,26.5345831933252,26.5945962896565,25.5403212341902,25.5212700398768,27.2904104294805,25.1902769984329,26.6353835056906,24.1867899155238,24.010037572827,25.7610640707407,24.8787578039057,25.619570654189,26.6881797666654,26.4233494245394,23.4556125305227,24.7755230940314,26.8478378602165,27.5182762221239,23.2477879244542,25.0753480383455,24.5313099421062,27.3007515774407,26.7196627385,26.1734459646792,22.7762687697388,25.952797066752,26.2205550346008,25.3455170045436,26.1943238304524,27.4437719766962,26.8024374191643,27.5091028328869,26.3935173268486,26.5909591767228,27.4891035488735,27.5918331886809,26.7459939372043,26.8547983014217,26.6513207243047,23.5957235138084,23.6384039921942,28.169024222953,25.6285043751666,26.1087156143635,24.9441379590715,25.0333732305894,26.812373065738,23.9047138078449,21.8182663362284,25.044993035344,25.6937266343977,26.5377961973226,26.6620568536565,26.6012443521293,27.5731639532906,24.8479158831801,25.5562005123007,25.8218362116681,25.5540540454949,24.1691109881833,21.9622018963856,25.7216326431998,26.9745488850921,24.9636439677927,23.9380462993318,24.7502029762066,26.112037386726,26.1364579462708,25.9800911559739,25.4735778887899,26.3948793531164,26.5175864448333,24.4275653320992,28.9393665528809,24.4058226773412,24.5154668290036,21.7754411938573,24.9333066390789,23.895881368576,25.7124767806753,25.751895276949,24.7573352115176,27.0752301026003,25.9354721726775,25.257436228956,23.6820932639658,26.9291931070403,26.3028070709211,25.9493439453491,25.7858976777962,26.4815746713638,26.3622559940236,25.9973780446152,26.6178818340191,25.4018285807051,27.0977903641068,27.098533929599,26.9466244396173,25.087737844262,25.4756929963227,27.5190125948368,25.8478759315188,25.1913045809091,26.7594651921856,26.2643339274991,26.0155061662538,26.8795341385826,24.4063198824321,25.8510985433529,25.8081213976842,26.8000518532946,27.4412406026572,21.5676211895345,23.7612162779031,24.7113427819844,25.604643392511,26.5158270319319,25.1734914135247,27.7953118334947,22.9013517057929,23.9187964984491,24.8756223070788,27.0035606384309,23.0831865012636,23.530049177201,23.3843178498589,23.9807328303861,25.6513769981239,24.0464215312832,25.9564486359964,25.786698966574,25.5233773925891,24.0393512358478,25.5182660506973,25.8703314124931,27.7058675593861,25.9928475748894,26.3231370812834,25.1596531960713,25.0415411020807,24.604202788849,23.4905627069285,25.4356576879487,25.2175403639448,23.1489697306801,25.9963451115352,25.1441261564717,23.7548811563195,27.1027700348153,25.349665835171,24.3831682626326,22.3726760673368,24.9432069086538,27.2205588790401,25.4747470816864,25.7005087348789,25.5974800613087,25.2924228423252,26.220357577249,22.800698923468,25.9303651932407,26.3651870966907,28.0341621821546,28.5282559137899,29.0980661257372,29.1560169965581,28.8762713177828,28.8808569523209,28.3224913311121,27.1469905987891,27.6118626650491,29.2630519555827,23.6962738694208,23.2453496363486
"rppos_Adenosine",21.5083347646889,22.3641796928784,20.4982607557527,24.5667661691339,22.1499187590153,20.014892089846,20.1368248014699,21.6262582930345,21.5230747621839,18.798876563709,17.7825197857116,23.6617975215856,22.5181326918899,23.2214770729169,19.9609235898601,21.8768930775729,21.1802832763089,23.805605381233,18.0110000601262,23.4536984507578,22.9773286021179,21.5334304396245,19.8825009730058,20.4343997789599,22.4559008674626,23.9021722715668,22.0044983164361,22.2135143361744,21.3716905997114,23.5402788547959,22.020971063413,21.0724124889192,23.3644222398265,21.9591495979944,20.8900531493668,23.3644417916494,21.6783763199814,19.3477032268236,23.0839433469607,22.652389747207,18.505332771912,17.3049843279684,19.5717413746109,20.5998271454679,23.144705452786,20.4348326077255,18.8675517783732,18.4323928463261,19.7836618347502,21.4483800371224,18.9531122138102,21.2723343583806,22.4163172997761,21.5312619166464,22.7936335962787,21.6312285711023,21.8085079781142,18.9443309118158,21.8826875819553,22.9917859442431,22.6928426626191,22.7650376782672,19.6332650510706,20.5308820437858,23.6161369246267,22.8349736081749,22.5047862165259,23.6413095466866,21.966889516544,19.5513239074781,23.7879804837274,21.3487656079847,23.0384764088088,23.1992562663905,19.2445054073092,20.5630930239257,23.4790154394889,23.4878979072358,20.4939478556886,22.5547333124888,21.50963329779,23.2435329457268,21.5013172260757,20.3093288114438,22.0758725451651,23.5582039205714,24.1086125776075,24.6591969508349,23.1431798492283,23.8196572904965,21.8003461649243,18.3516819029703,21.8478259052011,21.1272441465287,24.709964758457,22.703314874509,23.9783405903401,23.030198086083,24.8527849056571,23.0386467170426,23.1376127110706,24.0631439592527,24.140219415981,23.0027474349791,23.3620255898313,22.8895050007981,22.8395840926969,23.9869928697599,23.7488068733152,21.9478089239374,22.9117094825205,23.2949137616986,22.4391713329562,23.491590060804,22.8459224065113,22.124940961659,23.1179088232031,21.5679445561791,22.8749350239505,22.3832167389536,24.9166201915944,24.2436092559633,21.6091319923343,21.5101537324146,21.100556166638,21.5793855144677,20.9983395358072,17.8306118251347,20.05808928382,19.7645703009858,21.1162108646669,21.8586163210545,17.7029145500413,21.4667321986951,19.0956184674451,19.3039807081119,19.079421783779,22.656220128813,18.6092581688033,18.2178286688304,19.0633894975676,20.9945075449628,20.9397042157395,21.7294563526029,20.6766571945053,19.6545564479657,20.5504227495903,20.1384818320029,18.6702009932502,22.0611617859821,22.3396441111715,19.7525443168359,19.3510939811687,20.0528106244633,20.5439899623549,19.6215884631401,19.8734692371502,20.0676051235415,19.7303106991818,19.6805894410602,21.7961097527507,21.9661034878378,17.8649289405554,19.3673252404417,19.30286835054,20.7514878780644,17.5021030155617,19.457855038489,21.4663372190823,18.7697263951525,20.6544240254296,20.605301668715,20.5875275984611,22.8447711637416,20.2511663210438,20.6826804880761,21.0966069375056,22.5078028187312,23.2279313520228,21.8635587680928,22.3463159420281,22.7489530999538,22.7996075105566,22.1023624787562,19.56788732614,25.1514342120187,24.2249893420353,23.2297721230783,20.409030937812
"rppos_Arginine",24.1168012270473,22.9688339573204,25.4000610212536,23.5865454614932,24.2819871522914,24.6167029927051,24.2864228476202,23.8817679265238,23.9537822871503,23.8487984491208,23.5384678181671,24.5837972056587,22.6462558345517,23.7652692785625,25.3876386830426,24.1684711951729,25.0655675599573,24.9597600653191,23.7509029696105,24.5684056387996,23.5362670002798,25.8884389594115,24.9672598392896,24.7003193200069,23.775776260914,25.166951033777,24.7438388225058,24.5684606129921,23.4121501356537,24.7954444317319,24.9947903389813,22.8871161145897,23.9590799924561,25.4899521543278,25.6908253035847,25.2464321781384,24.3550792167532,25.32767164674,23.4486078164154,24.5314467102357,26.474474126758,24.591662959983,23.0871137625278,24.1388904662984,22.4805469934898,22.9015194274602,22.1714204821455,24.556315165473,24.1484203071894,23.8065724491985,25.2265880971742,24.7780695626286,22.7821600938716,24.0054081055554,24.8304773657457,24.9597872333812,24.8159960716529,25.0044959632037,24.116827698514,24.8977508296885,24.7787454201206,23.3577110867724,24.6620245863486,25.0019741809022,22.5245542205982,23.3667183082418,24.2534578031576,23.4760728743283,24.6022714763919,25.3417049193077,24.6852471035401,25.3972003493206,24.9938375822705,24.6472498001582,26.250899894466,24.360117071584,24.2301855353174,25.3413277981762,25.2834529313841,24.8729196151739,25.0799633925346,24.5015076724955,24.7885610095879,24.9036357487931,23.839708878366,24.1753240314573,23.9989812573318,24.7448802069065,23.903758114559,25.3356272337488,23.7384737607061,22.8042400754915,24.4204446356921,23.5237081357984,24.3581846505523,24.1735414469048,24.5124060941457,23.5251707720303,24.1972705118974,24.0123413733036,24.0488975680352,24.2209525009197,25.0184941214028,23.9712736326061,21.8360765945039,20.1379063221262,23.4759816084785,24.5814640429711,24.4807125877943,23.652721469269,24.1475439844973,24.6928976190538,24.8111097739693,24.5758032563795,25.1554167505411,24.2350248592642,24.677783374137,23.6868134540232,24.7018798758421,23.4927986743312,25.1338902575236,24.692190209462,23.8688439038468,25.8413870988311,24.8904075360962,25.954245125036,24.8542490299879,24.2090909162399,25.4101517038146,24.5610587397667,24.2971711040588,24.3935155275544,24.6993650086955,24.0338758157714,24.5331095263537,24.2113597393772,24.8772672205361,26.3362177745243,24.4403122160224,24.3199903504838,24.4789039312267,24.823682894383,25.8020851103338,25.0992088771665,25.5981386637878,24.4944092839294,22.918546244506,25.0573066647114,25.1125950577112,22.7343046371297,25.9615975287563,25.5800471360188,24.1126273400693,24.9141225122663,25.424464621158,25.5288752272186,25.4064283343097,24.9843239205218,25.628525998792,24.9209506069336,25.5690416273307,24.1990898469753,25.0585141216651,21.9924061888804,23.6769082704893,25.0729992767511,24.4520965790293,24.5290175588308,25.2774988140561,21.5854711955545,24.2254360037945,25.3349449031346,24.9715529857815,25.9819458034083,22.9782450270251,24.5371290142375,22.9623920329768,23.5735314952288,23.6311676191737,24.4272492154133,23.5976484342917,23.3715235901547,23.6820970541165,24.0530922241901,23.0038838731091,24.340050941006,24.8828366059808,23.8797773673741,24.0252038159023
"rppos_Carnitine",24.2210148456642,24.160538093505,24.3993306880972,26.2474497655933,22.502251142313,22.9552468494845,25.894447113956,22.9510177307526,23.1265892111776,23.2202247153056,21.6193323156575,24.4984014090607,23.3863173812933,25.1805029369297,23.2914888771938,24.7353159581743,22.3979404170011,21.6044402161793,23.1340019889288,24.1874764352549,25.7994305612322,24.6659201449242,21.3000268741651,21.6157141345194,22.6463729135983,23.0154540640753,22.9883506332122,21.5102140865238,25.6221096746665,25.6187331414519,24.6471448097469,23.2977985189171,25.4859725842458,24.9236144032681,21.3703067337967,23.046763343302,24.9510655675512,24.6475634230994,25.3496709086203,22.916289493817,23.7900657766706,21.858101471804,19.7908519577309,20.635927251883,25.6638194385962,26.3231137811373,22.4154723850757,22.154526368013,25.6276454999971,25.5516676790257,22.7190668127594,24.5396523823694,25.1057540037817,25.3964654121532,22.5652756060626,22.3639905857533,25.0380183729449,25.8590978164209,22.8549552663917,23.8263519423646,23.5870148569553,24.6866429255123,20.7477624413457,23.5269026487559,22.7130929865347,24.1816961544463,25.802380294803,25.3678341245569,23.8241301128194,24.0735347078505,23.6139544791913,22.961254800112,25.7548904298494,23.9490887826622,23.8518724609721,23.1849606298406,26.5861385018175,25.0055364988245,23.5648541563108,23.2557890889856,24.3366910451388,24.4973764046971,24.5126529444546,24.1575970810117,23.6646652291306,24.255074025628,25.4812701107015,23.5215602875162,25.9406433967045,23.6111482231685,23.5293543554923,20.2324854252325,21.0931414085447,23.3099821729368,25.1955283569664,23.8596944300172,23.5536815161256,25.7115260196405,24.822912039522,24.547768957214,23.4814477238593,25.2245799011483,25.8407063541741,25.1806384756618,24.1485197853032,25.4826575735041,23.2806731400005,24.6590742190113,26.1685244591451,24.2925674956008,25.2638459292954,24.8296441924257,25.3534857557292,24.0601608292443,24.2082257617968,26.5012154277256,25.5474174429001,23.1148980640533,25.6544378526495,24.4002127261183,25.9312798599518,24.4166210526425,22.3831146712139,23.8998963789584,24.9959130340522,25.0066324714157,25.186154925178,19.0137317346103,23.3295878247332,23.23657139654,24.5322133484444,24.8006389907562,22.1386776675947,25.2499868577904,21.3478152879073,22.2925298230391,23.4823948535403,25.245718753487,20.957956916578,21.5133883780262,20.370859509019,22.7303122108558,23.2094914290985,22.3520577581067,24.3215768903245,23.3176175192162,23.3367032159562,21.8352183073748,22.7754570200517,24.4410566945206,24.5387414893225,23.116089362548,23.1696203309249,23.2738508199699,23.0385659599066,22.5357240327995,21.2780471834591,23.2409654345414,23.1590749958381,21.2300210371937,24.2458027829954,23.466182238674,22.1077933137275,24.2531355016959,22.9654551381621,22.3007644054506,20.0725271570342,23.0173543176257,25.1444430433456,23.806648384615,24.3289189439848,23.0107399345192,23.6759300254632,24.74935859647,20.8943988364888,21.8466602496344,23.6679180032965,25.3702385461707,24.8056960593532,24.9812153744264,25.7383217558695,25.3666804196762,26.1774918351406,25.0818650367436,23.6799253732984,24.6389209922658,26.5872312610185,23.5239427938958,21.4796959827337
"rppos_Creatine",23.8124735816564,25.4888423066593,22.9930220132353,28.0358640852646,23.0920370816147,27.2658396216576,22.7325668949234,24.0967043641914,21.6509552480897,20.3082610987582,20.0419431209155,23.6436780193965,20.251517219362,25.3109356035409,18.3241474234224,22.0956092259327,22.3538522352394,23.9681110505953,21.6644197045965,23.1641831115178,27.1006673268456,25.3702484112895,23.8996619285656,22.6485583385874,22.836291451098,23.8301972453499,22.6907370421304,22.1754415139447,22.8009450669007,22.2960401725864,24.4945059278192,22.40172097194,25.6218712823388,23.2474044882511,22.417455154453,22.6081319444463,23.9902984130659,23.6340635888677,22.9966035160697,22.8479997297827,19.0782936686209,22.370732241859,24.012818061293,24.5205982121348,26.7520396731545,25.6500159882953,21.7334443971038,23.9208044221169,24.1132079232701,22.4830024762331,22.5430668859188,25.2762416594203,23.2919277300035,22.8775478762199,22.7213611035414,24.346500608267,21.5070114617892,25.76840851243,24.2755179310774,24.2213709269462,23.3227473276215,22.8891555586224,20.1899667168113,22.6580734217524,21.718599796488,23.6251849685995,25.0472411455741,24.7247113026174,23.3730103576645,22.0120294025443,22.6422084794619,21.8530457799925,25.8906201270108,23.0247800912871,24.6951089842632,21.1322193565582,26.3665344369951,22.520716900022,23.9741692009143,22.7170738319462,22.6008014384212,24.2832067583643,23.8886233942844,23.6432069804928,23.821337410573,25.1406894098999,25.4085326531245,25.1074132317371,24.9779961617746,24.4498362157313,23.3395448103075,20.045475298436,21.0032667441852,22.8947408644164,25.0390013674859,23.5005455027323,24.5179758416653,24.267643225307,24.932529161693,23.971772489688,24.3412830620089,25.8334867694403,26.0501429778272,25.1068385769576,24.1948159338506,23.7614448071109,24.107539695394,25.3486865135985,25.5920788745413,23.6051873137468,25.5230726339009,24.7109869180223,24.2720900274531,25.076067737255,25.1004690220765,25.5883650245159,25.3680807785877,23.3872608742236,25.018508962115,23.6992815651497,25.9333429166998,25.7774325538392,24.118052259837,22.0998927469651,23.5976790279933,23.3860911924925,23.7532072990746,20.0891032276131,23.2104229460633,21.456215745616,23.9277169162926,22.6881164436574,20.008224937334,23.499528470793,19.071835444516,20.4578200186716,21.3983041465199,24.0274009927883,19.4187935264511,20.0109181758531,19.3229147693419,22.6843829485318,22.0384137170677,21.6080065971258,22.6619369044589,21.3855878758737,22.7045980799513,21.0998516383175,20.3300546933034,23.6999441739001,23.3760349308823,22.4642813599633,21.2068152467387,21.1766988143425,23.1280949984928,20.6313983280042,20.0854162342156,21.9032373016704,21.4533603709516,19.7715588603804,23.3137564664469,23.5904884389538,21.9828417507739,23.1076010635444,21.153329565833,23.9396740051446,19.304015703159,21.05978153978,23.3485327347837,22.5379323045385,22.1363200768522,22.3793660203003,22.4605719071976,24.2908240930415,21.1571742289872,23.9650676205191,23.6924859602512,25.4264026425546,25.2282963855904,25.7608503478664,25.8454378376766,25.7686339410453,26.0873870778176,25.3130013996873,23.736911457601,26.5955964897918,26.78232256757,24.4546348996537,22.8189524936733
"rppos_Deoxycarnitine",21.9338366929619,19.8020051976968,21.5042303867031,21.1543699017718,20.6377396617642,21.9582692313996,19.4111525440385,20.9229294833214,19.6790562632381,26.9398744411864,19.741765201898,20.3290331672745,20.329481993758,22.8106189322984,17.9965579746767,20.0694871909038,19.5594986109634,20.826460903856,19.0776262421899,20.9143650515555,21.4767224142356,18.8254467149465,20.6714056284371,19.4235893466416,18.3840515975887,19.7711546947324,19.0590896750588,20.0479922236503,20.1187635482954,22.3623118858831,20.6773911713178,19.1368937380489,22.7656109589279,20.9119617303737,17.3402697099985,20.6217054570704,21.2072424402315,20.919079253773,20.3782340142006,21.4083429809351,17.1770255972093,20.1755546140438,23.9818641039833,20.2093517976618,22.0540247542225,20.6629984832586,21.2488139785641,19.4690472686675,20.0048084553637,20.1714938842552,18.9527474979686,20.4071154104492,22.0215436072648,21.2719441061806,20.3034605300125,21.2410692266965,20.3885070753345,20.1126282361863,20.0762807259522,20.1329954948636,21.0976093273919,21.8395945159431,18.1822095717251,24.9261732689234,20.1873973752691,19.5663150434241,21.6741289428394,21.8705847203513,21.4762179595202,20.1929013234074,18.908772982751,18.8623958843156,21.6808476311609,20.5565215157754,19.3176540578965,20.0443197451144,21.8907340587221,20.0943610752359,20.0747917960542,22.0288600007241,19.582973128206,21.4019667522894,20.9987608009342,21.3661361467798,20.1419394682967,21.820274115772,22.0033957175109,22.0410499349781,22.4699933993245,19.1252214732774,19.2918920629549,17.1727703683076,19.0013649368749,19.5921749411436,21.7357567488478,21.1527832528631,21.112427083152,21.5913610800481,20.777256075316,19.7473399583863,20.338715822754,21.7828344976629,21.9198397568318,21.6315707335916,20.1852072566065,20.7950935480655,21.2520759506755,18.0041291357804,22.7515161229457,18.4844656562936,22.1406839303839,20.8187240088943,20.8579935113174,20.8587227859562,21.1486461360026,21.4148911086022,19.7993464246687,19.4399615958004,21.4470680593289,20.5612600204442,21.6625559079134,21.800686608339,20.3309139360816,20.1345595116368,21.7468613203142,21.3817604960227,23.3875539905755,18.6524600259584,20.8534729383578,20.3679003216056,21.6550510085583,20.4275394926194,18.1345708531258,21.4940525824143,17.743135517938,18.9772524067257,19.7126389373655,21.1903138112374,18.2644088699141,18.3212881989788,18.4883640069713,20.113314478618,20.1501911794308,18.9647787860706,19.3552171329573,20.059072093532,21.3188126254342,19.4174796891609,19.4624454812907,21.310499421712,21.4746707639372,21.6657377351918,20.5236993335064,19.7479457629678,19.2551799276415,19.5799269731682,17.7255686110352,19.3007337405597,20.1284234104802,18.6708905548331,21.5216122963111,21.3010217882711,18.302193097329,17.5505513974072,19.0884071461217,20.2894370414273,18.6375821303782,20.2100331341617,21.9728992318837,19.2892452828856,19.6192131266219,18.8781499213399,19.5021359574799,21.5444987430093,20.6237863456805,19.7230441568228,20.5266175512183,18.7003086353163,22.7000514266953,23.9359215020817,23.8295014958056,23.3630437173815,22.8689934875779,23.5521165762097,21.1328957689917,26.1010224400459,24.1233752816425,19.8928948141642,18.7762501818637
"rppos_Dodecanoylcarnitine",16.6805130242357,16.9464596693227,20.2397983725247,19.5106369811283,20.7390680212606,15.8022750505298,17.5269455435675,20.0082428224834,19.2311473868845,17.4258264553084,17.8610185860382,18.8359319651319,17.4015218547819,21.4918109370649,15.737544474794,20.4646942397583,18.9521460333522,17.5628886394012,20.210351455838,20.454573477601,17.2979500088424,16.1985325876729,17.2294751809024,18.3129295299312,15.8905278551644,17.483364918543,16.343625040701,17.1448370804821,16.1086909914325,17.6951567394934,18.5590036402937,18.8853510993613,18.9413858243256,15.8572050875158,15.667107493988,15.568841214674,19.4718517901986,18.3439473068653,18.1904180830405,15.9332531787356,15.732905714426,20.7063440685838,19.314811081401,18.6993744150463,22.9249675737562,19.5246917902549,19.3634906166501,20.4861505230983,18.349965177944,19.8010774105416,21.389001916404,15.5706372703161,19.7581434916625,18.9891681766589,16.0636978417051,17.7566866076252,18.0099462269094,17.2813284870258,19.1135825729421,16.106676169182,16.8226837140032,19.8760863770801,18.3976705024486,15.9578716589391,15.1592702130532,17.131868395092,15.986309399901,20.2409613859887,20.5214571160096,19.6943801850691,19.0586103506711,15.573658741319,15.8064670628465,18.5280010971922,16.1976414427477,15.8389733394119,17.7243358374057,18.3050584152093,17.1209352804086,16.2542978302443,16.1471413691949,18.6135816492208,19.574505691437,20.8335405550876,16.8825666771375,17.2170055504322,20.4782799209569,16.6589631448581,19.6995112588032,16.8659518641863,18.3206096170912,17.2754066041703,16.7104162697228,18.7384530102404,16.9337424479981,17.8427624118117,14.8736165807514,19.9054321901612,19.0284297207115,19.017927521756,17.8812373114133,18.5158856132065,19.5368685564779,18.6903436030153,17.9114421412458,18.5146457961769,15.3290765309683,19.5094409273358,20.3889506663544,20.334398057377,19.067771434246,19.4756739089248,19.1633543367406,18.5120396960216,17.1788544407072,22.1536684692669,18.1437904694554,18.0460698787871,20.103622689912,17.6084516519304,18.1670732786926,18.2185151328058,14.3105611320129,16.5748082291174,19.1961064107273,18.569717956388,19.2442336613047,13.3585040142931,15.767608770015,15.9559532172896,18.1537204535793,19.0358866329242,15.6790329610753,19.1600625106305,16.3820907666518,20.0302066743161,19.1623843355573,16.776495026538,17.6216199435413,13.4695237379048,15.404033189042,19.3179969383967,18.0596760548931,18.2099031305653,18.405002857234,17.859172509069,17.1057584861479,16.6121298888272,16.9920421086283,17.8783509059102,20.9474953967912,17.0673534506719,17.893318712596,17.8476482889769,15.9034607038333,17.3247613501624,15.0346964984819,17.2618604260005,16.7811833426658,16.3734063048507,18.4358381438923,18.0384990920054,18.5850162236064,17.0318458068147,19.1265107844797,14.4343534490472,17.6642596668076,18.4292591363297,19.5842973520606,19.2217708389595,21.1740065236824,17.0389598599468,18.0635278619535,17.7837080410295,18.8488796967747,18.2426555767641,17.4139594073383,18.3404793475235,18.4560082004222,18.2489242539644,19.2439798458311,20.3837194368432,18.4223922338466,16.7558537337169,20.4391837281141,18.9001316586463,19.521512933536,14.383585753768,21.975471573995
"rppos_Glutamine",24.2609888425856,22.871414058894,24.4275329134334,21.1514867563008,22.3384287385354,25.2281365910563,24.8071470890606,25.6885568385814,23.472076369211,22.505835962575,23.1136835864692,24.1361277996097,23.8730684558783,22.1374374816837,25.0454862293505,23.4803855287735,25.6048492644041,24.2292625086778,21.4552638943816,23.3655047326421,22.760245676041,25.7020797148015,22.7584336558097,22.9026552242377,24.7727823630803,22.5485203087487,23.1499924550294,22.5577161709119,26.0140633189378,24.3868247947527,23.9677588166,21.7391788668434,21.0795848467052,24.8495399617546,24.8972432768414,24.3832613151242,25.4120873542344,22.5307448723413,21.2539278150797,25.1027377887888,23.9546394554911,23.8935906031053,25.8793094032145,23.3974071480075,24.248102995197,25.6948232335951,22.856010230535,23.1046800768321,25.7899770637666,25.6718954913977,25.1253979643866,24.3820737822453,22.6052606516761,23.6888088039868,24.4059767568615,25.1915904714819,22.9782582152339,25.203176404444,24.5112062492627,25.2362438280139,24.7847051300675,22.9108860812303,22.3289135317372,24.80733162292,23.3085830712632,23.0544338589657,24.5310851371752,22.2431769433091,24.7920123294452,22.8865280792517,24.0444400320667,23.6463026443768,24.6306648740665,23.9129306383213,24.3564434564535,24.5307933826679,25.4433164164314,25.5437751652349,22.9818888308024,25.4878880808025,24.7898557561906,25.8109202265169,25.2606584158663,23.2305407025526,23.8124304466271,25.5092764174578,24.2701988630717,25.1329180579102,26.2417829321919,23.2806651489105,23.184048182192,19.2682734998941,21.4029891751224,21.5600940077816,23.8313220902926,22.4271089097569,22.1108752242814,22.8373097681336,25.6635390218512,22.35005195039,23.2253712737158,21.9172922633565,25.4921190956736,25.049916022888,24.4072883917234,23.0493182812923,23.8937507847269,25.1787994749089,24.6772119348017,21.8612874139512,24.9095503871405,23.0128778833342,22.3106450157926,22.4980285021826,23.0743262286416,22.1572953591934,20.68037807541,23.5243671584809,24.6216518617749,23.6973832829471,25.0784305559796,24.7544706742498,22.3732499583012,25.1917743164965,22.781522238532,25.5533990945845,25.8495025934048,22.3844011244983,24.2521294486007,23.994941916805,25.8290422292703,25.6481582919288,22.2796920153381,25.698075683044,22.6578003311672,23.7944726441773,24.2862878210238,25.889028490528,22.1000696268672,23.378288612723,22.0096808241834,24.5206015175131,24.2121504948778,24.7030610865754,24.2415423955404,22.501467908087,22.6296801209771,21.4141977649173,19.673592282082,24.760813320115,23.0423936569078,24.3719179216116,23.699874067704,23.2686007948853,24.8677748926974,23.5111732982944,24.3819718023751,24.2467794243849,24.1158799476883,22.3822070526812,25.814464959298,26.324389957636,20.1430496778895,24.6667298379928,23.8714469624938,24.1452726855567,22.0014891795377,22.9737849751133,25.7927044499918,24.3081639551838,24.3242824825857,25.2477748096713,25.2447148479366,26.4847459212775,22.4022406080729,25.1613263118217,23.9141901083348,25.8246148979773,25.2720061138829,27.3066174525092,26.4538419827599,25.4446009843099,25.9294985560921,25.9571911399508,21.3547246555418,24.9181445388235,26.7131320756602,23.2829416256214,21.5908013910283
"rppos_Glycerophosphocholine",21.4491893659512,20.9347574118759,22.9288573722639,20.2031807742803,19.5281305309094,23.0545416740491,23.9894630555435,25.7729023846041,22.9253762865435,25.1783964292326,20.4231502573716,20.9920743754133,21.0881912796316,19.1938279880679,20.2202292491618,19.4263924091995,23.7189121586371,18.8698014911578,20.4359056663359,19.6404708430478,20.4699871327568,22.8088747758785,21.5086175565888,19.3734553189846,25.8308431379379,19.9644579868913,20.3812332191085,19.3802928030476,21.5431286766036,22.9067777709803,20.8387816141019,19.2290446626444,21.7747991237318,21.0212468497977,23.1081342007641,19.4810047235721,21.1324109375015,18.5921048008488,20.8273869611116,21.3517984924435,21.0018159949701,22.6561660700634,26.6893693474603,23.005096558349,23.8505198060984,28.6450861395501,20.9226331422805,21.4569181226153,25.0519809706183,25.9327079853189,23.1879141075233,23.8786886568033,18.8403961283928,21.0915505401159,21.3971735197612,21.5111721562739,21.5005398902208,21.2459667393508,23.2349688995859,20.3216838453197,20.03831685746,18.9675172148631,21.168336533079,22.5222295827184,19.3681494667272,19.4547550044352,20.6416723120427,19.6138781887416,20.3068110158623,18.848875977212,20.0623437184292,21.1303998716866,20.9447276813488,20.5995037576662,20.5012742191011,21.3414914690097,20.7427445840314,21.1039044473864,21.3583758407021,20.4682043382465,21.6078581031923,23.3198513455188,21.4346935901513,20.144907153945,22.0563889424846,23.6603398521524,24.2559074025593,24.8516650859887,23.2112646670695,23.9432444559978,21.758256692465,18.026642917115,21.8096319610933,21.0299292667509,24.9065981951223,22.7353104789321,24.1149471045122,23.0890131889052,25.0611361809067,23.0981549972335,23.20524076684,24.2067082605984,24.290107459309,23.0593103184542,23.4480658510293,22.9367767822077,22.8827600574127,24.1243092698663,23.8665810371606,21.917818198337,22.9608030554475,23.3754477579573,22.4494949853214,23.5882605838166,22.8896184052673,22.1094832320458,23.1839202514726,21.5067874340119,22.9210113953271,22.3889495341223,25.1302089042174,24.401980034255,21.5513541393951,21.444255097528,21.0010516417252,21.519167078509,20.8904485331866,17.4628210624261,19.8730543985068,19.5554533227065,21.0179907469486,21.8213076886742,17.3246467216908,21.3972709955492,18.8316165884018,19.0570741419574,18.8140910297239,22.6843517921952,18.3053523155303,17.8818075447936,18.7967433566735,20.8863021423709,20.8270024127566,21.6815506462693,20.5423734046993,19.4364132601703,20.4057819136791,19.9600428431474,18.3712952621151,22.0404712226246,22.3418019413996,19.5424406532475,19.1080528761532,19.8673426456441,20.3988213412261,19.4007403801867,19.6732869937875,19.8833509759326,19.5183828535859,19.4645821592762,21.7536726991202,21.9376137601775,17.4999537639323,19.1256158472324,19.0558705197655,20.6233436553174,17.1073593804496,19.2235732637312,21.3968436093927,18.4789863368402,20.5183160904203,20.4651634350529,20.4459310713417,22.888372707498,20.0819726570212,20.5488908861225,20.9967783936752,22.5237574180453,23.302969701624,21.826655644303,22.3490211700749,22.7846931435861,22.8395035519152,22.0850522722808,19.3426332733882,25.3842885033617,24.3818324286804,23.3049615007979,20.2527894526923
"rppos_Hexanoylcarnitine",19.2899487377204,17.2637186583723,20.1550015410888,21.0080985547256,21.3963268789857,15.5048759328886,18.7350497771057,19.7266568218572,20.1945937082952,18.8845276873552,17.7103598136453,19.0753149239051,18.634061073178,21.9475074967972,15.5971034837153,20.5659189014956,19.9515867016187,18.2997542651088,21.5597413543564,20.9944962472818,16.5285277424001,16.253301495098,17.5675120126496,18.2314787961403,17.1994467654432,17.7357459984688,18.4990702031737,18.5776231697429,16.9927080435008,17.2688548423937,19.2759984704973,19.1810605419032,20.9019694876957,16.3971244257716,17.7961898859632,15.1748623259743,19.7373151843632,18.9607418387336,19.6481072390196,16.0288724561837,16.709467495964,21.2918932600578,18.0350103803704,19.5664418732024,22.626854111623,19.8543515209674,20.118682993317,20.9987987953326,20.0856464555713,21.4164885217397,21.8192462629204,15.7818448838929,20.4865910591442,19.5438770765558,16.5279243861908,17.6615376246411,19.7418117704829,17.2655465377782,20.2021035733734,17.6150881183035,18.0584502535083,20.8245219919553,19.0389745483895,17.3483490832532,17.1598647963582,19.1133572420188,17.5944110876451,20.7773609290099,20.4977782442385,20.7148692169224,20.7277912874933,15.0360837820662,15.9465000508979,19.2458024942229,15.5549544279616,15.7016082158402,18.1448673999145,19.6313083858666,19.0675154383435,17.1564710501374,17.4589265847101,17.5734123651284,19.5529530423131,22.8667928665065,17.476357864538,18.9104834873195,21.6699443672251,15.9494466787762,21.2876037090008,15.2419868839966,17.4536886918259,17.176859965952,16.0910032912625,18.9877087125684,16.8090572345353,19.7982357562441,17.3389554562359,19.3149714403692,18.73570467532,17.7595610448455,16.0868780341444,19.6390596509102,19.011205391926,18.6053957728029,16.8280797940312,18.9410005179439,16.9521574149107,19.3378631893907,20.5044121323581,21.5268864520247,19.8893157751301,19.1830209627986,18.5671444666931,18.7843613470647,17.9485586259858,24.6084728058171,20.1520816973674,17.4371318042085,20.3634343366263,17.5329485363917,17.7518480826833,19.3493952991228,17.6538606617426,17.1647485766674,19.887312606706,18.8862209419472,19.9611780813837,17.0933051304703,18.2684565328025,17.5477209663158,19.2984037123117,20.2631900550545,19.6078633295236,20.7893371756231,16.6495844795718,20.8710916491486,20.5320890389703,19.0802640791645,18.6731902720082,15.6699391489229,17.1715796821237,17.6914675843472,17.8208302609365,17.4308135555954,17.8925623056113,18.2355062680065,18.7285738966129,17.7005974486749,17.9347963653318,20.245874339145,22.3206189204062,17.1210859276159,19.5813872364969,18.4268289714381,16.9245487933915,16.841427445746,16.330637865567,17.5014526263701,17.2163517698147,15.8544693204652,18.8212477611045,17.8234403787861,17.366187346195,18.8373801487956,18.9163772844146,17.2342521949334,18.2623075955848,18.370302241815,21.3475118224159,18.248713457088,19.9268247867735,17.5067205192999,18.7724287939004,17.4910837328006,16.4316374093666,17.4025361913501,19.1369926310376,20.1231245652906,21.1627141535805,21.2043280297369,21.4408300766876,22.7395798337651,21.0008809840113,19.8307552703909,21.5087058133371,18.6685947281504,20.9877350910238,16.6633548087988,20.459787149422
"rppos_Hydroxybutyrylcarnitine",20.7006736358928,21.0576527092471,20.06693310975,22.1463007049517,21.316437901864,18.4682642055303,23.1143043339937,21.3227742520102,20.1208733584629,20.794361628842,17.5682497392194,20.6396968252515,20.4700741726027,23.0281670496975,20.4717451026141,20.7948149864961,20.9678478852147,19.1887273892184,20.1491609491296,22.0713680111233,22.6334550007068,22.3096110608242,18.4475415044738,17.9341481817332,21.0120713201213,21.2025245407796,19.3322733806059,18.1815638137425,20.4923944062986,22.3634295518412,17.2272439051463,20.9740798123116,22.9766299077583,18.8286980401191,16.9246354014399,16.4646328119575,20.2629415044086,20.1755823496887,21.5123293169371,17.688290317985,22.3718726388849,22.7258728961347,18.6530777207434,19.6899364149789,24.8653146929787,20.9112904935431,22.5658933302147,20.6513107274517,20.957141723514,22.4477652971689,22.73376219934,21.4637757583043,23.6204033037026,21.9018071225649,17.4318259669502,16.9628030556988,22.1462202877824,22.3503209583986,19.3323416124363,19.1661968253646,18.7925522633704,22.3384865948757,18.2248397192344,20.4999307349834,19.2123971946995,21.0390677080039,22.5177942328797,21.7158467550342,22.094671184551,20.7517076706334,20.1321494394506,20.1856049534604,20.2755722178912,18.4809016461096,18.5032830104247,18.0048989505717,23.3794463228842,21.8767801880256,19.2785442438137,18.1343849068974,20.9874066548017,20.8310263876578,20.7498994515605,21.0411588841916,20.0228939419466,21.8540360032028,20.5444123891213,19.7222491224342,24.8547669586713,19.3994234832856,19.3509158745795,17.4527763311232,17.8778545259619,19.4521023598032,20.698938120734,20.6858844111664,20.0925795726545,21.7971679429057,20.951058522073,20.220622879668,19.2760611015131,20.4226130546611,20.6979649045011,21.0175253215729,20.1537750767213,22.3628786529898,20.7669853073914,20.5699709494163,21.960481736792,19.2959275865269,20.7376414411285,19.8939759981369,22.0447045949746,20.3613005973566,19.7215767158947,23.3547621554016,18.9085821945008,19.0672234934888,22.6511907087476,20.342658447707,20.9814083729056,22.4796850689112,20.4068537948535,19.4207053459057,20.9258254320662,20.1293689297064,23.5411390747954,18.6100227267139,17.0373586107283,19.4047597275124,20.2717999586326,22.0456245390773,19.1989688187991,24.022413883174,17.8632312914582,19.3242251377446,20.6964619954613,22.5485610452649,17.5045639736327,17.6996014026825,18.528368533996,17.5723746860854,21.1313793758709,18.0104424389225,21.7860061184516,20.8353100906577,20.330297799806,18.8779728093181,20.7010491952163,20.4760492312693,23.5702734826774,19.2494932800243,18.789096350165,20.494775291711,18.7298560187176,17.6438493275824,17.6618696160513,19.8274420591095,19.1990902370346,17.216624344701,21.6899144797812,19.6931206705687,17.6986436109848,20.2885695625199,19.9191625281885,20.678880588836,17.3753768791864,19.8061946615118,23.3099402828106,18.6341803974089,20.2511294465903,19.2397452159407,20.3523355291724,23.2358489721337,20.705438107849,20.7183102910321,20.6943842653384,21.6863669044672,22.7288010371362,25.3473018977523,24.92286114612,25.2477933569987,24.3671105081523,22.389351372085,21.2463081817992,23.3529677080525,24.136847387218,18.3299388810711,18.8218693655317
"rppos_Hypoxanthine",25.9791349676328,25.3830798854562,24.5122642930451,25.1466386467136,23.5936513875645,24.2678148549904,20.8258128358241,23.3987556749319,24.181605645149,22.1961686281539,22.3590529452545,26.2287405974244,24.3931679113829,26.38387251836,22.5869273945352,24.5917403914866,23.6683969291642,24.8464895622221,20.9141194557876,25.0373212630099,25.9890260978248,24.4049326488422,23.1793464021584,25.5652718602694,26.5926564831884,26.389745060469,24.5184683440095,24.6851594070894,24.1859614892556,26.3037599423862,26.3562908561892,24.1975103270609,26.1181720892504,25.7843231450287,23.3220272897865,25.5570265273163,24.9343103125901,23.0152151095169,25.5837683717469,26.7787773345255,21.9330044802353,20.4021937248742,23.9444613433421,23.1632714969473,23.1732531416335,23.1736785483057,24.1570873444291,20.9182489924984,23.119178758008,24.6905798890921,22.0395581199165,24.5532201960483,24.7144231059906,25.159393069461,26.0307871111352,25.1633720035155,24.6196342226492,24.0070817626573,25.3961992333343,26.5107139789999,25.3083129859558,26.1109792262196,24.7139069666463,22.7809139494758,25.7646524672605,24.7693351289949,27.5595114909287,26.0792710721113,24.7018562243347,22.5440197619706,25.6671022497754,24.2131335076867,25.6128009249194,26.2434142535956,25.2793306498478,25.1307403429485,26.888609470157,24.7312353202236,23.3947946481613,26.4738938897234,25.0350255563117,25.9693933444724,25.7547920832519,26.3889824537699,23.390780497512,25.2689912382482,24.483229146379,24.6461487879786,26.5237516841939,24.07147578711,24.3300379927402,22.5605569672162,21.3858251346273,25.2296666763089,25.7433892629934,25.1294093723594,20.8855953801503,24.3996157926941,25.8789915273147,25.0984281974149,26.4953785043284,24.8111698814233,25.5708504527259,25.4756139123067,24.4511808000498,24.682950876331,23.0835860978357,25.8571125959773,26.5045680037317,24.7779970233109,26.2372569274976,25.8372823752464,24.4827754765676,26.3850857106523,25.3062085253608,26.5908277979974,24.3921027098112,25.5657979899331,25.7988590260773,24.5709355969704,25.6013102365948,26.6478772778673,21.4493698180791,23.6950249394233,26.0082834519077,25.4726509754243,24.9914056375255,20.3074550737543,25.1301097416669,24.631168449189,25.9136671853928,25.7746350506099,24.3253867750081,25.704886810411,20.7643803571015,24.6390543695271,24.67310799793,25.4233584937918,23.4963432631816,22.0667282141121,21.7678133366151,23.9631397053582,23.8973238367346,22.8080814412644,23.9202709249924,23.7363830071064,24.6718504990402,21.3762583172799,22.3840410910914,26.0234460048106,24.4199627250353,23.4256794006571,24.0897476387385,23.8326847796751,24.0380962230739,24.0401980776763,23.6230182751795,24.4939306310034,24.4645309777198,21.3566590482403,26.6674675045669,25.828236987146,23.9340371591388,23.7720618845107,23.3627336582832,22.4838621487091,21.8219469124241,23.2185227970162,24.6962605016709,24.816357070248,24.4600998367767,24.708290928152,23.1334566813085,24.7651677373019,21.8358803542402,23.5681551186144,25.2593624456752,26.6821850032347,27.1873589704906,25.2445346985872,26.9201507659958,26.9447961516573,27.1203894574856,26.5986064472339,26.1435921609273,24.9267047832937,27.1801760036909,23.2416081706429,22.965469021545
"rppos_Linoleyl.carnitine",16.1659830201272,19.4798456472434,21.306589296914,18.8240183763675,19.474479298511,15.8384137236767,17.4688867740218,22.2472853351622,21.155423150309,18.4937155029709,19.011544856924,18.0746245772987,17.8427970045107,23.0639027986949,15.8371554107829,20.8500904459353,18.1483952160692,16.6000029845464,22.6164196165635,19.061577502063,20.5196040791477,16.2917300977849,20.295641569162,21.0770703166388,18.6182854796785,18.8528638364389,16.7270164831823,17.667068626804,17.6073436863179,18.5797121318121,21.293212402435,19.5939549014079,18.7705297513858,15.9188822964067,15.7741782618248,16.1510612347531,21.3509663130947,17.942480398032,18.1820388083638,19.6400483235765,16.4882486505064,22.723922675361,21.041539548055,18.7630214384144,24.4556724226202,22.7632584787821,21.5741474578851,21.9653303061858,20.6392695867129,22.8263686656982,20.5356291940941,16.3175997704288,18.8754744724559,19.5350242780056,17.5464575992607,20.2026037143112,18.9699887075753,17.7916585685514,19.3852717194954,18.3870647477844,18.1810260412029,22.3524191578248,19.587645568117,17.3699996379187,15.314289606467,18.8560962538858,16.4971244420897,22.2060415439576,21.163644284956,18.2924996640041,17.8512305531251,15.5657398655909,17.5677897171039,18.8054305357251,17.163630888667,16.685819561667,18.5544288394506,18.4091250797403,17.6637031839604,16.2711729080757,18.060092200398,16.3602380006761,18.373225633835,21.3613311347752,17.3930974922008,19.1295818259193,21.5471483779158,18.4315060241657,20.0672542844863,15.4644926329633,17.7689595777236,17.9879426004785,15.8881425163992,20.5873862593802,16.0032510117963,19.2481145844824,15.813808250566,20.4476991382768,20.4035241641322,19.4910277459384,19.5131484132549,20.037498914054,20.5455710824302,20.2110151284559,17.6244225653647,19.800037045779,16.7397008514093,21.0587248220424,22.114099259041,21.4805259041007,19.5852431790715,20.0925505515974,21.2476519481543,19.3280002595347,17.8379331743641,23.4720716117997,20.7337724670388,18.13436246755,20.1452121257426,18.1264873059152,17.4118355057207,18.6718246340015,16.5139708301513,16.0834888185788,20.5095955264416,19.3054071858854,19.1712560482896,15.7191567563675,16.2188254851703,17.4354833597873,19.6209132045125,18.9106219197374,19.4579737186437,19.9878506441038,16.380765813226,20.8082582090358,19.9953805056385,18.0928956514588,19.0367950162743,13.7950894255543,13.9658876994081,19.0736861635132,16.6297627521456,19.2312821070718,18.3756428479158,18.772641233893,18.2325992723801,16.0978943005745,18.6481581708774,21.0499532980672,21.1755551513605,19.969178339632,19.6995563629024,20.4044629842884,17.5126352902662,18.1692688361615,17.0118780702198,17.9346530582959,18.6034339814387,17.1961975212187,19.9375628378535,19.7240960986686,19.0675598517851,18.3326716014593,20.0350713356645,17.1478390599968,18.0325569430805,18.3315006558232,21.376202660908,20.6592981454289,19.3092349602102,17.2417686330845,20.3568550313493,19.2618053296623,18.0131141365643,17.9840490037523,19.3133352107003,20.6999456917713,19.7217206510548,21.2258409151134,22.1582312121111,22.4240219298704,21.2858888717579,19.3198654913805,20.5166637043054,20.3729536372271,21.7876703623412,13.8608472065653,22.2768769584375
"rppos_Octadecanoylcarnitine",21.5105463267544,23.8179193487132,22.2086553412656,24.8092619262611,24.277166832088,20.3811121327278,22.9110095745909,23.1410432005634,21.8018368604903,23.280629027829,21.6880340079394,21.4568888746083,23.0319541857468,24.1736842759773,19.1800816345096,23.6925915756288,20.9653219655508,20.1383413686505,24.8676381328923,22.9471986291162,22.5434637495381,20.9066008504854,21.0156993006298,22.2690155455624,21.6924745369768,22.2888124139592,18.1118602668275,20.7571268329603,21.3371381190119,22.8327753072154,21.1382900571104,21.414490936578,22.7888209002729,19.0149920020221,18.686817549706,19.5155468350404,22.9614280641197,21.9559282053916,23.2200304808308,20.1773778900137,19.6075822792972,25.0314423546456,21.9831032620267,23.0430971491036,24.8789808564166,23.7661827500017,23.5827354090356,22.5009488987373,22.8562642717152,24.0949661499876,24.7910599036253,21.0950780414655,22.5018688468827,23.9077568871752,22.5122700064405,22.0532657894494,23.6528456562593,22.4519828800986,22.5430713802872,20.9651422932055,20.7391259646433,23.4580269807957,22.7048906166326,21.4442454061592,19.8875109752479,22.9859598405362,20.5724316413377,22.5516781582797,23.4151762804344,22.4228651864671,23.4386134049928,20.3731420888837,19.9386789952814,22.6976903795066,21.2868180604947,19.6071814208901,22.3063168180908,20.9691953548012,20.4320572466217,20.7161090015549,21.5256422674448,21.8546225436368,23.7744188113103,24.8649211701077,20.6632803143742,20.6012774120552,24.4791604246899,21.9361102227887,23.0897851970966,20.0366606498213,22.2721755716537,21.4852712905528,20.3958064914253,23.6287461446313,23.0770895201527,21.8871847337698,22.5161970133663,23.3266829218589,22.9856179720837,22.4078762103514,22.9872270936953,24.2699948949018,22.9991094616667,22.3873410996894,21.9579124444244,22.9806426176742,20.3779567771617,23.3577947557697,24.3640199312114,24.8095487564714,23.2783773072196,22.931622513796,24.8763713493519,23.3677082803764,21.8509064519222,25.6923020026456,24.5226788414172,21.9948786369314,24.6858283179875,21.4953951408364,23.8225921607081,22.29674190017,20.6197174822929,19.77006861475,22.9253820024036,22.3073472378418,21.4837725219447,16.6706634280417,21.3513625647648,20.6344807018951,23.0690931525458,22.9114569209,20.0694994763589,22.1843664636558,21.0181482876796,24.3803816062745,22.7033880777853,21.9913114733782,22.4695469120342,18.5813760197258,18.2903934079478,22.7830780820424,20.5513064821249,21.5011045583769,21.7190574016674,21.7327890327747,20.7672891158199,19.5523723892356,21.7285524126288,22.380095771594,24.4234657591561,22.9419946629461,21.335861114551,21.9839692482006,20.651068047774,20.7367016321371,19.7652421505348,21.3216369115398,21.2136267443539,20.3096936773248,22.2966606557832,22.3904747443717,21.1140041147476,20.663381410887,22.7542190479924,19.5304294920623,21.3634508396656,20.504004673288,23.5838576360562,22.8680611440301,22.7316952989217,20.6242158518854,23.2948476875662,22.3179483480869,21.2541702982582,21.1813771287662,21.4145114022951,21.8024428477844,21.1196145279331,20.9733457134501,22.5799347199441,22.8679352307237,22.734128749718,21.670202465925,22.879425486978,22.7069519261306,22.5225939028212,19.8910991165097,24.8370161561898
"rppos_Oleoylcarnitine",19.7561697332617,21.9673447122802,24.1707767443202,22.1469629408247,23.0895750131535,17.5318808778415,20.3445113657296,24.8652365129232,22.8622100057131,21.749985408227,21.9435877486985,20.3622328914678,21.1153761918508,24.8768140666695,18.3439427911886,23.6379716206613,20.4521685178667,20.3279312490668,24.7699487299617,22.2921540558633,21.494529701108,19.3957028222302,22.6892932111222,23.5670478435347,20.9670250416764,21.4039511985938,19.6454109595612,21.4533755376488,20.3636595394916,21.7723726873899,23.0596747912746,22.7517430993844,21.0556932228563,17.2801963651741,18.360636886789,18.8310584279706,24.1026606863961,20.4581155404817,21.1165944455419,21.6467288844813,19.2617456029774,25.3818059646113,23.7710185700776,22.4778372365779,26.1853816332762,24.7880370762098,24.131294781133,23.9882413960842,23.0307533531542,24.7535211119883,23.9860970806551,18.9622681520905,21.7405829109304,22.3663407515659,19.7553515741862,22.7802337990174,21.3123376350137,19.4113250998462,22.0590346421955,20.6005320909621,21.7452286727533,24.7001770848782,23.0946205678911,20.2839082993084,18.4145773039258,21.4332836347437,19.5515086939882,24.3204854553725,23.109409245887,21.1341266883507,21.0926191306875,18.1985830139814,19.3737508247436,21.337939754397,19.7600580384617,19.1538815842865,20.3332980887727,20.3862108240296,20.6351389015198,19.2704026057993,20.2220845753281,19.9580100560099,23.2572439275932,25.3614164684949,19.7180118454535,21.6799381911781,24.448038956905,20.8232538447852,22.9503193656456,18.3468327159395,20.8835895747263,20.3245406743532,19.2799165300553,22.8059205257055,21.2647529201607,21.2125340393934,20.4144515869468,22.8177900185821,22.4710713594347,21.216806717004,22.3332974137933,22.8533496355147,20.8431902922971,22.6518188236223,20.9368634654218,22.2142622861904,18.6113285204504,22.3972478874232,23.7526090203817,24.9229364971652,22.4390239649435,22.5095991447368,24.7312577527499,22.5745332408713,20.7824374308927,26.6627545925992,23.4960514050789,21.0833429792169,23.243151332758,20.3556929255165,20.8504108195747,21.8999016110304,19.8812503247909,19.5710832678407,23.4123344579402,22.2378136775694,21.6805583996827,18.0257625431087,19.1092800046165,20.0906830582072,23.2170786082106,21.82788250399,20.4865204157972,22.0209577581885,19.0232064861461,23.8794697642395,24.1385565207659,20.984492029229,21.2257398839924,17.309875777483,17.3419930831997,20.5546028872376,19.5625349624574,21.622655289827,20.5947464899579,21.3641318043124,20.8104198561061,18.6597967461425,20.623487999728,23.1976317909895,24.1789087413064,21.9474635731881,21.2854166428444,21.7690048845287,20.0068186842129,20.0165992267201,18.7453348350239,19.8403538956017,20.6380217798933,19.3945427109146,21.9943463149933,21.9202235178946,20.8170818850969,21.0418047186913,21.5019315023237,18.7995445091867,19.4684372323555,19.7743833607976,24.4676800053673,22.8676020180085,21.5511644681773,19.8723433220182,21.8238302160507,21.9355983025552,20.5513287193205,20.1867246325657,22.2499888786408,23.8214697953565,22.399645525496,23.7077004934592,24.4897900460525,25.234847201925,23.9663055658446,21.5433383207869,22.6643023695103,23.3648862910095,24.1249902283849,18.3220551754141,24.7861127808183
"rppos_Palmitoylcarnitine",21.7324002186482,23.8377446618457,24.6068241329213,24.9379131840718,24.9177218233758,19.7481490217126,22.1657662181206,25.1467221962267,23.7311863316806,23.5543274496982,24.1695979165997,22.7378966075916,23.1598534530833,25.5661740978525,19.5699716901269,24.8000254116036,23.0908910016123,22.0715864893748,26.168811839283,24.0753691577672,22.8828951222519,20.7018198865603,23.3744320564121,23.4102978522169,22.0451110270428,22.7624002207408,20.3635443174089,22.8389072836097,21.302159424137,23.3636090032446,23.0562851755597,23.2953464203938,23.34491064336,19.2080016949784,19.5082209703904,19.3488113108135,24.6677180348841,22.443858419362,23.0139204451821,21.359240045514,19.8654403463066,26.2590625959181,24.8185030763678,24.3287485591313,26.8138301800768,25.078813692019,25.0689654268535,24.5624748313621,24.1217632668633,25.6088552197463,26.0371991759565,20.7572096330967,24.0100366964739,24.2562794884589,22.3454190014515,23.9958669244256,23.1703291714969,21.2968190481989,23.9950133414272,21.7108875815204,22.3760751216291,24.7219832722769,24.1728240518135,21.74242153285,19.9922314868365,23.234967436751,20.8668031783224,24.367171145646,24.6020697633822,23.7437983948741,24.1397783163527,19.6876001471463,20.5326296821866,23.4137041440868,20.9801850668097,20.8457527038505,22.2073150959899,21.7112607918645,22.175512552774,20.5638499314891,21.5684800060465,21.5410018353752,24.9052792198701,26.1379125522322,21.5926023459584,22.7963019489187,25.8568952638174,22.3435687294981,24.4326736492094,20.0948134891377,22.2654155085819,21.8283869931533,20.4326087909539,23.9095310969629,22.9981152707532,22.795130021602,21.0960485101404,24.2221193616179,24.2534649097985,22.6555720310419,22.882836909568,24.5084923302314,25.2984921762891,23.8763920844295,22.4884742803774,23.8443149097104,20.4247692073914,23.9902036703366,25.3478208781638,26.2127711682457,24.8322887213923,24.4925107201541,26.0552419661646,24.3530834276122,22.2925499246841,27.4428203668039,23.9824193159924,22.5812064869875,25.8295788754379,21.920625922639,23.1961324086338,23.0985474745108,20.3894963954301,20.6083751186308,24.8341713862598,23.1032857653088,22.4417178518873,18.5673131749093,21.0790648574375,20.8626610441669,23.9730749288595,24.2993460976887,21.3046630336712,23.9914650682278,20.2377032828445,25.2233275927513,24.7481494938479,22.2701425727896,22.4560563485623,18.8530034604309,19.4603945549502,22.5454819402204,21.2801563134197,22.7628389752957,22.2891594000924,22.4002994591216,21.4916387006189,20.1102713457052,22.1034966691304,23.6926178223749,25.4995834689727,23.1037995585215,22.515810435969,23.2224977819526,21.732487252089,21.2649535596573,21.0359893614254,21.7327474056217,21.9409029766951,21.0451962035583,23.8067472669442,23.2715187367659,21.905351278491,21.917529104706,23.1327802178791,19.5744205801413,21.2921687348322,21.4753983497154,25.3859822746114,24.4835910464909,23.4683717860188,21.4560064312979,22.9783263301316,22.6964348571912,22.3411191175249,21.6698753071376,22.8434587890176,24.0785118495215,23.4838152281217,23.5688940176127,25.2068952669634,25.6480795034016,24.8959509611734,22.4805804738655,24.4521442171937,24.2629468759566,25.1770264805999,21.1072744341758,26.2064458325547
"rppos_Phosphorylcholine",23.3238281538906,23.3690826211838,22.8333774799821,24.1219912815158,20.415707249726,26.1129673028745,24.5551845029025,25.6073620237489,22.3014367186878,23.3479874963164,22.9433973284129,24.3820107964958,22.0267084114352,23.4588929796402,23.5232918709137,22.6235921608451,23.4237042728883,23.7354421240254,17.3595824989413,21.6903428086693,23.8677757226588,25.4101037212458,22.1093918056362,22.5607147951355,26.1763891994069,23.6896619328267,23.5346578640796,21.0588459136627,23.7646005677417,23.548236862887,24.410907079004,21.441612536747,21.3572057204196,23.2908607616833,23.2903156757473,22.7278691256258,24.4653299335171,21.8697985340712,20.2212494527942,25.7012255110959,22.4412241897869,21.2474025933424,25.199209130479,21.5138085452467,23.7800400461283,26.1341939677008,23.9134961428411,20.6079451149187,26.5027204546293,24.9264835839413,24.6987683005491,26.2325706584347,19.7673241107603,24.2481035842122,24.0559167057804,24.7797596896108,22.083601457246,26.6919230136082,23.5275591423114,24.2201998689277,24.126782503172,22.979164919579,22.7634338315614,23.2363405244486,22.6348079296746,22.3165908053655,25.1376723128147,22.0091479283404,23.2711275776717,21.1173538391768,21.9385879444979,25.0249878320216,24.7691640173324,23.9485150961192,26.3245850646505,25.0458244929083,24.5279821138581,22.6538153390275,21.4053324117835,23.8504564654381,23.6819536039798,24.1474055698773,23.5708654014045,22.0414418001499,24.140990645053,25.1229376152162,23.1138495673023,25.5922469676228,25.8944395233924,23.9876451462613,20.6404408943158,18.9159043289492,20.8811604803834,20.0194250599526,24.5274134113407,24.3523254033375,22.4488638035857,24.649681450505,24.9272246214458,23.1167967267776,23.0659131759482,23.0307754163393,23.8771302536596,23.8989015588124,23.1367636771557,22.4095568978965,23.9454480882764,24.1903918923413,25.02969636998,22.2062674184476,25.6400935471062,23.7380901472144,23.4697939772738,22.6416892349356,24.7377397545929,23.4235729496485,21.8827009213968,22.6143996736884,24.5544458077279,23.3864363851023,24.850430874328,25.7348556087101,21.9417802638649,22.4356327020397,22.1859533130012,24.3940258396256,25.1264145551452,19.7564960347001,19.8828997272321,22.4432594972969,24.30240195247,24.1888078501859,22.1229696607205,24.5802043913357,20.3219497319472,21.1183367972562,22.0985202750683,25.4863760956812,21.7140093649975,22.5089742532817,19.8538538920217,22.8002083940403,23.9416865110791,22.7505548244508,24.1765454501626,23.0667102218755,24.8268995883175,21.9071609968448,22.3383897242102,24.5615561667472,25.113294844995,23.6399067982176,22.7513877982538,22.2315726796792,23.2029662581811,19.7661839739028,22.5158868940031,23.0749164144825,22.7525227096214,21.0355153911614,23.9326893479303,24.7726760180371,21.0493416365267,23.2274497833811,20.9457895799751,23.3086939465837,19.3446306495383,22.9187513074492,24.8257122517663,22.6922188227478,22.3112315907691,23.2112162716983,23.2870152828703,24.637544536869,21.5926962244057,24.0255027353805,22.7013649400055,25.5081567232097,27.6101337132045,27.9668497944111,26.8013047495631,25.842121499929,27.3513772902135,26.6196887954884,23.1984899774434,25.9480915620623,26.7904871052087,23.7078088203398,21.5515788274211
"rppos_Propionylcarnitine",19.413805158962,19.1708245326799,22.3349664969796,20.4258068478935,19.8903562767887,22.9592980646317,21.4835690589117,21.3308557089056,20.901461868073,19.4405894480152,18.8143934712175,20.3747351537187,18.5107213875611,21.3208489871615,19.2562451612407,20.6817791073899,19.5712096327443,20.2060260393481,18.5706997333661,20.5862495041387,18.5623867618686,19.9600059892159,19.5885294195435,20.4647812193306,20.6862302897324,19.1335189892693,20.8708985413416,18.7519822734697,19.9865360404451,18.4272288203579,20.6312710283691,21.0867712367095,20.3337251946442,18.5077525217251,21.0265144624767,18.2430833474877,19.8963077897082,20.3628852156756,20.5917295952458,17.7070218836898,19.4007145535167,18.4297227900735,19.1718676519757,18.7640215392404,21.1448272508589,25.9840437385153,22.1136075972234,20.4100465861227,20.8789813936525,21.7046919118428,22.3198215446429,19.6144290915164,19.9111486236962,21.1598783894449,19.0396077268876,18.4583959310198,18.4046394717701,24.4296657011034,21.350733696472,19.3881111429555,19.0914896564402,20.1469692000478,18.7683929589497,18.4125839332646,18.0821503894333,19.0918789922766,19.7802129325934,23.1107235027386,20.0413638111792,18.1759494982591,21.8366775896875,18.1236030793939,18.8454102373709,22.2543578791785,18.6930384291017,18.7221434988602,21.5829860390915,20.5801547350095,19.9021420831055,17.4917703464102,18.3917741458527,20.5852829204143,20.7122622415397,21.5465474213706,20.0443439551904,21.7243394859036,22.8091106484717,21.6970197700408,22.4899560977855,19.4140230223687,19.6724513585415,16.0148729377452,17.8283617008433,18.3661876091056,20.1763185103668,19.5535755500693,18.8322237589416,20.8781104591125,18.5195224815418,18.8099249435005,19.5933911100385,22.5979418051739,21.9696318489469,21.5127096680628,20.898735115588,18.9954040799053,20.8438632075467,21.1701871563636,20.2947935673638,19.7536885719925,20.435356943072,22.0552278933753,19.3249431119727,20.6808074536386,21.7006946151844,21.0703904904033,19.3541110013918,19.6010853867968,20.2148953836199,19.1779361653152,21.5480044950653,20.0467737558495,19.6250003112234,18.8733114663174,19.4829957325266,19.2571517538265,20.9041218011082,18.6928251617629,21.4213524187518,18.2077660239088,19.6941181211015,19.7181126630708,20.1336616032117,19.3806861712602,17.8073216786945,19.895276243186,19.891048832587,21.4315736122914,19.2243247753877,17.4793141809276,18.4372544066426,20.3800418080193,22.429960801397,17.9227511759443,22.3848119871777,18.3743358411962,18.9279039972523,18.7339379334594,18.1208111457614,19.6298084839567,20.508468028856,18.7916151257798,19.7208626059966,18.7672557604482,19.8577419332534,19.352086822105,17.55716344391,20.7225958059784,18.9805678470057,19.1174137359925,20.125866011387,18.9681126053249,20.2272186472067,18.7410468039461,18.53973977224,20.7235571424275,18.3667124704688,20.7993067822733,19.5793460285688,19.0700983184798,20.0967161925896,18.818001728576,18.2371005813329,19.9355880256665,20.2181672059014,19.5019602289543,19.3368293486832,21.3946692022189,21.5251975703856,22.6536156742891,22.8122402720141,21.8886149871789,22.6616005586066,21.9653176346987,21.880427500856,22.6701335090698,23.3002508481329,18.5081446602256,20.2746874477733
"rppos_Spermidine",22.7603001929593,23.6798123699633,22.0304864568503,25.5491367841881,23.5906708263243,21.0961142915281,19.6130606153926,22.5926648466169,21.5634177975081,21.42964751727,19.0750957118138,21.445686149608,20.2476468606395,24.0693332497404,23.0379920658491,23.9709761929177,22.8298740933329,19.2444918265291,19.7365976446119,19.9821495681742,23.1676470326223,22.4164930704353,24.2402313781653,15.6880361228749,18.5741016471,24.4544970559679,21.2338872591311,22.1102024871464,18.5986539388152,18.1252468170591,20.9472646107044,22.2409351065682,23.2287904730591,19.7729562587095,19.9173377127461,23.6607682265873,19.6157981918723,25.5197251626354,22.8161987593208,21.9779011038056,25.2179084920022,21.4673697060235,17.0869435043766,20.3221949765946,23.8065307189253,20.2618960473143,18.2789558249773,19.2100128525139,18.785578689303,20.888082778901,19.427292893544,20.4741505756997,23.1528968230457,20.0158985374014,24.2258398379036,17.0372057762435,23.4501256956915,17.4812602747832,19.2453358924139,23.381085589261,22.9584949037055,22.8022802124302,17.4904829549493,20.2882069177371,24.2885351566881,23.4245252303513,22.5475555650322,20.2434366581539,17.2810553350854,21.8231785836396,18.8039397801864,22.39424190385,23.2581650462824,20.1161746055123,19.4923237337779,19.9078054476878,19.6541773994956,23.4143852450394,21.9467783592787,18.3360390145711,20.7351107103337,22.1009672111416,22.3546820265718,23.3408339058182,19.631117711749,21.3322392865327,22.7730787426541,17.4893391566929,20.8412882763819,16.943887863392,21.8000555389286,21.1618202417318,16.6348531836806,22.9336327478147,23.6391467180085,22.0398924866823,17.1998582255505,21.4664144313476,19.1899082619684,21.8136106153727,21.17902060789,21.1065018973106,23.9378618743835,20.1281041536242,17.5047586407185,21.1904610383943,17.8524561791042,21.7111441248204,23.9260882484074,21.1185713613078,23.8151125747818,22.4371780547706,18.9264601992673,23.0769960096984,20.925732241026,24.1514354373921,25.0629451605678,22.4389077089803,24.3899901542548,18.1178140668352,22.0766533730689,20.6692953326813,17.5061716693196,17.0468660024421,23.4776150612038,21.6623301796526,20.2792010079015,20.0729949142239,23.6883042476834,22.4074832525388,23.3631113354513,23.547959248617,23.7292162456922,22.0715121456984,21.2696076942276,23.3876666361618,24.2154661734937,18.4193755184086,22.2278655017242,18.9136921119293,18.0810530621515,21.2321224030213,17.093550387222,16.1864858694324,17.3561151898662,20.8497645101955,20.7740800579079,17.3557332347418,20.9903549486536,23.355733941011,23.9456987048843,20.346622449207,22.3043092406382,22.1101355088907,22.2271685584021,21.9266141618084,16.9128924923891,21.9022386547491,22.2134209284114,19.8774377833289,23.6973797095149,21.188396280142,20.428007944356,17.6673785689712,19.6485721378427,21.4487972875551,21.7508710418199,21.6545684499837,20.3150251226399,22.9462051754137,21.087321132961,20.049971215498,17.8980290928249,20.5705848634172,21.0596072155444,17.2839696014878,21.455767858406,22.9915560255688,23.6475043921575,24.8088522684944,24.1300291579658,23.8709189013292,24.2193661174599,24.2075782981091,24.3925474993872,22.0570176656854,24.6668842169583,17.5802604455032,23.7932523778005
"rppos_Spermine",20.6804912342742,21.6439358119688,23.2157216518588,24.0234237699442,20.8005858372059,20.3735995102347,17.4976082715435,23.7918284186661,22.1211051994498,19.4438973249987,17.9393575355109,18.9531085445956,21.2362418701642,15.1635567584204,21.2940527309909,25.5618249077321,16.6495193795884,17.5355567869614,17.7797015282574,16.5179282011952,15.7798877090258,26.254114144511,23.9186874537196,17.3503040904192,20.1806460942028,25.9442841492593,23.2739201537988,24.3350794621282,17.8898569853739,18.1411703038728,18.6703378204979,22.1755148414696,19.7308754195629,18.7485537189194,22.1086247629592,22.1452848745505,19.7642983386873,24.1217230786609,20.0110438240512,18.0728600815866,23.2022436902927,20.8519984633282,16.7885110774789,16.174387882231,20.9131817978388,20.4526587594884,15.7685767319783,17.3743178460814,19.524662175388,21.3246296645958,17.0663918004123,19.8195581889079,22.1060491206511,16.3257060942241,18.1113080133877,16.7293975129013,20.7638099068055,16.897567299687,18.0845948264674,16.8190155323875,21.2385249985046,20.9049026422839,17.4725415529876,16.6136341464401,16.2092499911558,19.5503529329836,19.2004347669413,17.7108346139403,16.3929891981411,23.6573808268322,18.2993724151363,22.5004067384521,19.8993885376667,16.0771944924559,17.3805736102381,20.6474277105573,18.4780492140523,24.8389314341067,24.0109029904308,18.3702229553035,21.5133000293643,21.0628470107913,22.0868388160132,23.383346935435,17.0782653017237,18.9490886386989,21.0597890074564,15.4654750351582,19.4092706545769,14.8211420630584,18.8811892519193,18.5226692305586,14.883312235744,21.9996342186648,22.8866691261376,21.637482336519,15.392231717254,18.6126745206068,16.0445895832304,17.4460591602747,21.4392409037306,19.3065117306103,23.2726360933543,18.7940417740584,15.194137030451,17.2556098506536,16.0448831124794,18.018744588413,22.0704426391548,17.0984253688927,22.6069557394705,20.6260857895413,16.782811084726,20.806626975028,15.368701117611,22.9756860498367,24.2341180017986,20.9736670080067,24.1393962099901,17.8468483487558,20.7272543946118,18.1417525937907,15.527923053589,15.6182892057596,23.7345298068486,21.738216226839,20.8474326700721,15.9181422192936,23.3050454834138,21.7501175198578,23.09594612115,23.3349150583967,22.8962299506186,19.9147458441312,20.8325339229481,23.0719777533249,22.3854589325686,15.6802575475252,22.047139650896,15.7956102777742,17.2790790161791,20.6954201911797,15.2192135607312,15.5250290695374,15.686897008129,20.1637670935027,18.2903666662339,15.872634027669,19.8328138915337,22.583251733024,24.5183430975846,18.9253288899727,21.7547584649758,20.3817892963986,19.5916791710158,20.2155368453372,15.243973088388,20.0123427216589,20.6659290111586,18.4364188201191,22.6786413157257,22.0548091561795,20.2057111899302,16.8616895948973,21.6255460708644,17.0507073162981,20.8965293077277,18.1127304321118,23.4590220901494,22.1990242233582,22.751519106403,17.526118391446,19.8847036567816,19.1466144512179,20.5567729451205,15.0867050164813,19.1199177286897,21.5805776013497,23.063802501983,22.1960304097201,24.2119447548073,23.3043694305389,22.800838562566,21.930278990341,23.5382676521443,20.8081583929479,24.0394411627427,15.5232893297895,23.0748499032284
"rppos_Tetradecanoylcarnitine",18.7983482515947,19.7040744521971,22.2206199215166,21.3181887370959,22.0029300994378,16.1751299099384,19.4503696916125,21.9155278758203,20.8442791333757,19.589135822619,21.0078923971241,20.8551395033169,19.8690234762971,22.9243852964519,16.6625843487393,22.1559993426923,20.7738297333154,19.6308145856671,22.4893810097485,21.8484630892597,19.3913023933264,16.8858578068829,20.2600888246664,20.1390189928053,18.2080951340992,20.1934789744793,17.9767743714171,19.536014088852,17.3593661448042,20.2395445572995,20.6883957059998,20.5165223889462,20.8852996851354,15.9041548045842,15.7049383341246,15.6088202351706,21.6558737933799,19.8614095224597,19.9709653990238,16.7627145261542,16.453682902169,22.7332044650575,21.131838269575,20.5233424001327,23.6981730503074,21.0636039056077,21.3024086892416,21.7777832829411,20.8034277075227,22.0126721154938,22.8098835714775,17.8404313058411,21.7569330642697,20.8131937150576,18.5063640605031,19.6144016934463,19.9835369997816,19.3540272243475,20.658795464602,18.0937490723144,18.8068454841995,21.763381609171,20.5792736564733,18.4035869407971,16.86619018636,19.4922415006606,18.273788024042,21.8316557448335,22.2899936073805,21.1758932055335,21.47090895368,17.5381004824731,17.7642182754219,20.9364807851937,17.5890356970165,17.037443933845,19.9885335648009,19.7405389239011,19.3617983395247,16.9534453546357,18.0935639054559,18.7085911139246,21.071755432122,22.8721228296213,18.8058668518316,19.2972375722694,22.6713128288615,18.7231618700043,21.1868685837048,17.8883560548856,19.8528397906226,19.2599988409811,17.9656890457688,20.8451190726154,19.4947349778818,19.7436296676875,16.6011656949003,21.6427496230354,21.4913179898514,20.4174739313525,19.7472543407171,20.8054475069223,21.5864750244929,20.7124172142017,19.8441495551136,20.8126314417814,16.4675110660988,21.1150020169862,21.7211133323083,22.4047212239369,21.0887649999387,21.0885235001324,21.6385995236077,20.4334106017094,19.0605899569926,24.2822064239839,19.8056438876228,19.9317457392742,22.2556773376066,18.5603226280635,20.0190398156078,19.8425841226705,17.1046621813681,17.4149378127514,21.0818655040553,20.2899087706661,20.6315682523668,15.075025201774,18.7634549866746,17.1690875397544,20.5408011707535,21.2671197011696,18.2452745148972,21.1801949954283,17.8078210928585,21.7150546610681,21.4513421571731,18.9173374458313,19.14668298584,13.4134766058076,16.7357433651702,20.2490416045713,18.75668764031,20.8024128023451,18.1236206745147,19.7362283991474,18.3009943084377,17.217890825101,18.9131709072089,20.237195380335,22.039903232963,19.6442609068761,19.6298458601455,19.9615842271387,18.527713070245,18.2640663670041,16.8246935501999,19.1674036758605,18.9604293532435,17.754174184278,20.3827185937125,20.0454158584251,19.4295402871672,18.8409873434539,20.6518810108762,16.1512633899813,18.9338481169387,19.2156790370777,21.3566966026437,21.2611683088685,22.5743193307087,17.9992499043895,20.0541321445997,20.4215663383026,20.5964465814724,20.5843596180691,20.0045446051797,20.8530094584627,20.3469719456566,20.2341664673902,21.5371240836318,22.0546145397401,21.2253717180125,18.9496886278805,21.8029170140867,21.3956698437706,21.8195312369434,17.3531187357169,23.5836356606167
"rppos_1.Palmitoyl.sn.glycero.3.phosphocholine",24.5748410555755,25.228361964164,24.6393875464644,26.1182241966183,25.2839742283924,23.5770884967688,24.5989685017618,23.0236053383199,23.6546474455411,24.5683135756278,22.1710955338343,24.3574877684972,23.3714773796769,24.9669592777249,23.5097485396533,24.3030478751866,24.082488602922,22.5989021122063,24.9508597502348,24.3305396317469,25.3613010369164,23.3219975361263,23.2367851771851,23.4485446156657,23.4174488712227,23.9085633790991,22.7266829383737,23.4134878564782,23.2117405801823,24.3617558651048,25.2415742116673,23.476430538069,25.4084109326682,22.5578440434274,22.0048059493317,23.5213917344248,23.7850449561274,23.2205045586498,27.7290113679807,22.2205245076216,23.7199885620042,22.4243039979866,22.9036128271445,24.7216382392939,23.0116313358811,24.1575925684819,24.6573446687311,23.0221725923115,23.5723490691883,23.0999583481727,23.8504364382063,24.1669345237805,24.4150820821926,25.2907433610639,23.9654063846338,23.611104392036,25.0334585563856,22.6990704238569,23.9939723649921,22.9661948185464,23.5427290249786,25.338356975921,24.0237943513656,24.6541428923238,23.5270184230026,23.8756939314509,24.2566628988263,24.4697279145613,24.4298603996501,23.4080563621844,25.6987906055562,23.1006578878372,24.8837243036413,23.7794872650345,23.4522914350821,23.802140955705,25.0870078120184,22.3500749458705,23.07216956494,24.9814273909527,23.6463786285789,24.3273157161974,23.8227785573105,25.1626003154798,23.2261477441783,24.1609408115327,26.0496805932669,23.4222861203463,25.1073183456866,23.5026214091447,24.9397573465375,23.3238609466601,22.9804371260649,24.9548796585856,26.5437423736555,23.8169491945796,26.910776486333,24.3275911421611,24.4568982817031,24.0124685292748,24.8760132989494,25.5153855433019,25.6216398871291,24.3861100377832,24.335782975284,24.9718810433562,23.5089875517502,24.3819082705627,25.0950183078,24.9167631475723,25.8803044212735,25.3527936032422,24.2854378854653,24.6868856981576,23.8719735152583,25.1583892714986,27.062598652669,24.8652062196759,25.439016804321,23.7989178752082,25.5652379057262,24.7580117125813,23.5240846094029,23.7486210904743,25.0557005704287,24.2678428297284,23.4206780817226,21.9035971434026,23.2629591035741,22.4685898007836,24.1747122250128,23.2307545561229,22.5262330062399,23.2471488966751,23.8393815829182,23.980883352244,24.412257050772,22.8694746140865,23.1274191054802,21.8238632004853,22.2590979454839,23.7854031951905,22.74963668939,23.2867044645913,22.8389709763249,22.8589216511675,22.9079959370822,22.8423788644313,22.7611483327518,24.5057612303523,24.0269577452756,23.5842737333248,23.0215807176163,23.9584833298967,23.0690019269659,24.1405857479846,23.0843191450294,23.6383918574153,23.1768672954278,23.1813491297035,23.842407035767,23.4419170628138,23.6954985243047,22.248551169007,24.007085836357,22.3407853506303,24.0828635687596,24.1110963666157,24.2692773796632,25.1883042419429,23.9561758218197,23.0193655881479,23.2803690790776,23.7912455318936,22.5564026812316,22.368621401303,23.8859328535796,24.9304765586979,23.4176650895489,22.9970175885276,24.7006954780547,24.8496292314207,24.0939793882913,23.2730249618871,23.7714355888459,25.2227084476836,24.2127559785071,23.6515741257859,24.2768445346848
"rppos_Azithromycin",12.9534532304041,12.2832272626778,12.6991491798126,12.171161622853,12.4026103901811,13.6490973863732,20.1084035984749,12.9715086825857,12.7934727722844,25.6620369049702,12.8577480178061,12.7976249915466,12.9744803401586,11.8127112956224,13.7042555805282,12.5166222756081,13.5821413771334,13.1371297513943,12.4666544408994,12.5284818524954,12.0236206769417,13.9875591302947,22.2647125675548,12.9953154667614,13.3108643912204,12.7787984796369,12.8318345161926,12.7182242585412,14.1761742017562,12.8567822001651,12.6537834106595,12.3888409118217,11.8901155626857,13.5154119867988,13.4811593199877,13.3972954940474,13.3070813124582,13.0042676384369,26.0636247422611,13.6207986308353,14.1461253343649,12.9743344843069,13.5788655470138,20.5797369197541,24.966087153707,13.457928571001,12.5218476998979,12.7547573127112,13.7383950923838,12.9662032689701,13.3168563970479,13.2153165724184,25.2661224660888,12.3383712338862,13.2290425584426,13.654413839271,12.7235865693629,13.7653999459861,13.1593583408776,13.6811508860026,13.0272877920436,11.9362306270179,13.888347189424,13.6480424943619,12.9447933750091,12.2217587102877,13.7409592902043,12.1774743604513,13.2573872809336,12.8863560582932,26.5733291807337,13.1714696927472,12.6637833762262,12.8309524440236,14.067459650057,13.7117461205411,12.8463708485096,13.7807703481114,13.2713172167084,14.0437544361475,13.1881808142468,12.0855359687189,11.9792968769486,11.9465155101903,12.5209298333256,12.0825677138585,11.5756901562567,13.7031850219172,12.1675089584649,12.9493422985956,12.0896503965203,12.0264849319613,12.6921512746305,19.8580612087863,12.3123422322566,12.4503879049217,13.3169707640092,12.6282117772106,12.8844850912495,24.2141634422384,11.87337890081,12.1051360672668,12.5110358471756,12.4754067586635,13.1575440509691,12.7338598309998,14.151227947012,13.0544549304042,12.7362466559102,12.4026388327264,12.6355598667564,12.6538611981049,12.7615589173604,25.9701194980275,13.2090820844643,12.6687597972947,12.2222361255623,23.2680923366599,12.2467301887511,12.7704926979618,12.6797905208309,13.0085296384179,14.1748726708047,13.1664468439803,12.1876361653822,20.6371578731993,12.4778757170633,13.7681602972585,12.7016708263018,20.4272819457292,12.5846320877143,12.5743817885352,12.9277993323984,13.1869153108397,12.5744554916051,12.1106259791807,12.1308820984651,13.1136873916337,12.6450269259261,13.3362423614939,13.5431314757246,12.460011426884,13.451890210943,26.197775739585,13.5667894338631,12.9098895328504,13.0963035979303,13.6956444000084,12.817379293529,12.7519832526156,12.1006953122939,24.3213633071766,12.6182044933479,12.5464248224802,12.9512467336029,12.9619047830726,13.1556786447463,13.0527857021386,12.966781846919,23.8236089113607,12.2766067952505,12.9050617479859,12.4573248496721,23.3129006321692,24.1199220976118,12.8554675038673,16.8388563353957,12.7158754065205,13.8008431464522,12.1134124577258,17.2541364280389,13.2024103403449,12.818411452284,12.7382526243273,12.3002605843338,13.0235181967468,13.2378283633684,12.7698183085995,12.6019350171846,13.2726841308116,13.2485747610091,23.513901233253,12.7836642152647,13.2793477136199,12.8739351234417,25.8793093559771,13.0541246754221,14.0575833053116,12.4251205319513
"rppos_Caprolactam",26.8914185807653,26.4760948602857,27.5768342832668,26.7853468844908,27.0754625009483,27.8474227149243,27.7152840938139,27.587121249644,26.4944428554749,26.9632928197843,27.6559320760705,26.7867997397336,26.995033980883,26.559235010757,27.6753425611578,26.1935442251455,27.5598352706839,27.5619422680722,25.9833545837385,26.8232377963149,26.8046946080146,28.4749878461642,26.4317911096809,27.5253764631236,28.2255015124545,26.3734412861553,26.3363166597505,26.9777619661177,28.1978729877356,27.3481516079566,27.241099912343,26.8446670069489,26.413741894229,28.0369394586606,27.4157620386241,26.89094421997,27.437978790689,26.866906030809,26.6010857446725,27.7672843653654,27.4733218517475,27.4906038614796,27.797238700049,27.0691843330868,26.9485264695953,27.6428769098329,26.2955833407646,26.8751427111768,27.88070140142,25.2851199174633,28.1759473064738,27.9322379269817,27.1623765961637,27.4455077872307,27.9227783482952,27.9306674740819,27.0809888760262,28.7958908325843,28.2610432861072,28.0290350757368,27.6229278316616,26.9804558233593,28.016559587717,27.2738952551463,27.7425514653323,27.1095344474135,28.437972817565,27.516756205011,27.8840449650308,27.3641272270794,26.8413754650412,27.3456506093306,26.8626891040397,27.3851352220645,28.1308964844238,28.5499001063675,27.9016125294944,27.9746891083551,27.3555479299411,28.4738624349113,27.4372193794562,26.2753056969638,26.0273745222894,26.0741204876182,26.9659282136877,26.8675926403592,26.0518641752921,28.1691891437021,26.8226926095905,27.6856785986934,26.2590928161546,26.93532946163,27.9110006353045,26.8641434285042,27.1908735603152,27.4537171789045,28.7124906753856,27.8279935056631,27.7582358520046,27.5366592916155,26.4037483802233,27.0078378271141,27.0898877146656,27.6358115504085,27.6898812890598,27.7881691221768,29.1959108937112,27.6030087343565,27.0369923918562,27.1559001175916,27.6156708825489,27.1350348023094,27.3925605744023,26.7655785869954,28.2330697638967,27.4923256453689,26.6395352556002,27.8020763978763,26.8694651581297,27.640633859251,27.8161145159175,28.508848740045,28.6120481535396,27.9774960431553,27.0171005897823,27.1783764490828,26.8561019673672,28.9146357581974,27.2283673911945,26.9489300378548,27.5233143079458,27.1038378239773,26.8351364837611,27.4687938143444,27.0470334012951,26.3239480193104,26.1565786310239,27.6554234665115,27.1193093604326,27.8607348824323,27.3546129766482,26.757683707316,28.0906882215667,27.4721113135557,28.3569839511501,27.5415809981696,27.5939509572685,28.1049299062471,27.5596552838922,27.9495673704301,26.469218649276,27.6733454359916,27.6969912777688,27.3610885358323,27.442860765947,28.2106857120972,27.8008608153287,27.9894939541486,27.675742327782,28.314846530027,26.1877844177456,27.285990622183,26.985854488863,28.0270838916384,27.3532851074759,27.5497885337188,27.7739384097891,27.2841004251239,27.2060172303376,26.6429602330475,26.8254671524805,27.9249779435198,27.1215111670627,27.1928805584111,26.884280479234,27.4297499729302,27.3569412477857,27.6733687168246,26.6080841639115,27.4789013662674,27.8920730587768,26.6991365329815,26.7745035345178,27.1181574158829,26.3784758139649,27.8376894896063,26.4151503036048,27.4850600415341,25.9782773782531
"rppos_Choline",26.0081886591322,28.1287762877382,26.2837689107375,26.5735357367078,25.9400578257677,27.1740887170344,28.4102983707666,25.7767677033189,26.627953012674,28.3837339412403,25.9457045632926,26.7344721945438,28.1145565684317,26.5161952009612,25.9712360336777,26.6914013102487,26.6247041694164,27.824125555209,27.1056474492885,26.3598230159318,26.8628299391403,27.2165592093296,27.1638363384431,25.4104688402502,29.0412141676505,26.701904926572,26.2709362909917,26.2273584679157,28.5818207081263,28.2570528058447,27.4443825901409,25.3579354699574,26.9858466266592,28.0812582804305,26.9198250433308,25.1319898702189,26.8623406919024,27.1116599712923,28.7166451041103,26.9053142613684,26.6952856465157,26.2979848929743,28.9636628786082,25.9267317286492,26.7295534703896,27.4443137682305,25.8735694944904,25.4494418041585,28.4893378124161,27.4769976391276,27.1812109368555,29.7835850127555,26.3540255175091,27.3028720864614,26.6392800677571,27.4478035751674,26.6624930322322,26.969456862888,27.448705555084,25.6410976704117,26.5479476842621,26.2284206379162,25.7359042377769,28.6484350167705,25.7432380756742,26.588437418674,26.1660777744131,27.0000408155163,25.6318853137192,27.5920688650055,26.0614146512129,27.37699606498,27.839697496399,26.7861687361784,26.4101937287335,28.0294940684234,27.2614421614179,25.9416033583529,27.4935292250178,26.0877345416396,26.0197554374787,27.0591576155448,26.356313697334,27.8557894188801,27.4285911803025,27.5929753306255,28.069541746233,27.6114399777286,27.878669481699,26.7242484092417,26.6317771253797,24.9183465212104,25.3812001331554,27.1229202484722,28.2947890945183,27.0476712785255,27.0790042287577,27.7567132037755,27.8920882447613,27.3886837622257,27.2783010201251,28.0828967790436,28.4135130409861,28.1024300500547,26.8818329073706,27.6253030571097,26.0601455198558,27.7372024138102,28.6475479521417,27.2503564956525,27.9972083094721,27.2761292487446,27.2573514911798,27.0940331413067,27.3254467634167,28.1745167431111,28.9536719355933,26.6962009605713,27.8051210280039,27.3038280289386,27.6408743347002,27.8726780395513,25.6715372708199,26.9545672198686,27.6103188294936,27.3360405044234,26.6646445659488,24.1355031321691,26.7446679895144,25.9700916924652,27.2241842798617,26.9950084255817,25.8814943828283,27.2131857362469,25.6574933899229,26.3489507060521,25.3363469522584,27.3685766892672,25.0390986261611,25.0908400829878,24.9665467280539,27.2054621306,26.0725439073201,26.9635156967818,26.8605343150299,25.9114640725722,26.5390427739675,26.286350443721,25.9806051538177,27.7245124114059,27.4851564602712,26.4706021728073,26.3786429385306,25.8284266232957,26.2903389581037,26.3920642379238,26.2003247549361,25.9507032064247,26.610952203425,25.0992813106643,27.0188217631418,27.6450315949382,25.720287405057,26.8486873344453,26.3234998753122,24.9873312293237,24.8641026487263,25.8254864277012,27.4732794228183,26.1642546894262,26.2017581604935,26.3202699904503,26.5129413997546,27.2905957852503,24.9603885964437,25.9816907979231,26.5479991851745,28.1235958232252,27.914766472917,27.6980811117611,28.2414737236104,28.012553795146,28.5647644628602,27.8019942097681,27.3034242716233,29.4441537229986,29.4382710569598,26.3102241776833,27.3329267494285
"rppos_Diatrizoic.acid",19.912762720572,20.1476854964974,19.9961348068826,21.0632460079256,21.4386347831084,20.1468122830598,22.4067319031781,20.1330850524663,19.201748899526,20.6277894427631,20.9530953254108,20.7819915298697,21.1241543021428,20.3300587998138,19.9719412000384,18.765438513306,17.2264681701767,20.2858051672283,21.049602035071,22.3122268986687,20.6238219539077,21.0742726866284,21.4720209086318,18.0845717521676,16.7221999030355,18.6041809617964,19.9033293336406,20.9819186360949,19.1188532264665,22.0430118235547,22.0938394935181,20.688886324924,22.4688768975779,21.957801223734,19.4784093094549,18.9750090853094,19.7156843977081,19.0415847901056,12.5916650188638,21.1811047389672,20.4293562191151,19.496725259986,21.3126149983839,19.9725172737284,20.5681366397535,19.2686371823831,21.1125724255262,21.469830445884,19.1218096216339,18.243130092315,18.3130260119898,20.3360475302026,20.5286414464169,19.6964832848419,21.7188507982884,18.6252626340719,19.1707489534035,18.0376425541715,19.315760406585,19.9513425190398,18.311606581082,20.4922653726782,23.6942093066871,19.1605687949814,18.947193472901,20.3968624765767,19.2256324380387,20.4615615535062,21.378417108331,21.1698158836636,20.2952706254008,20.7300173174223,19.4981519060991,18.9041047481381,21.1684107594491,20.2131830446351,20.2562002667772,21.2329561611803,20.0137641513175,19.9194939297019,19.6800075712875,21.258935297733,20.5792304111271,22.3582102842658,18.2583073113645,20.9506425405262,22.1656938184944,20.1339363777199,21.2608143060939,21.5438197972473,20.3107437295917,19.4057274264658,16.4435327397136,22.1187936737492,20.0951926842806,19.7662415171606,23.851773381729,22.0338071117081,21.5779711068492,19.8662251683889,21.8276795344539,21.546099140767,20.329855174608,21.8955375061653,20.9439453313237,20.4479652313696,17.5905515995414,21.95589871558,21.133803510105,20.9251022086905,21.3717873888814,19.4959497349385,21.7070998403258,21.0598930153127,18.7789981195216,23.1310424985527,21.6445185862431,19.6834788953071,19.3155876005428,19.1035450382318,17.2234808482454,20.4590409646952,19.1715615171492,17.420584064095,21.501988130793,20.9975131868466,21.2956444789814,18.7003005233122,21.263777935031,19.4606149740056,20.3857838161041,18.9413461368257,16.4235217852454,19.458517165948,18.8059844439075,20.25741594067,20.784584180388,19.6576960596546,19.2875756359316,18.0628713460623,18.9500049893944,18.6797284300853,17.4584241869676,19.8354975062881,18.7337079136463,20.9215291033782,21.0414381192733,17.5818986738251,18.5833482019927,20.6119126531357,20.5395768782104,20.1947295123378,18.8504605712158,19.6245194838538,18.2524816356546,21.4264430026862,20.2500824611509,18.8756184272817,20.7339533773581,18.4326484513436,21.9481789219273,20.853202266965,19.4059599417177,17.6155619663482,19.6252874766532,21.1138680387543,19.4524487699587,18.488581674862,21.4228335395441,19.6643755267051,18.6956842257444,20.0925815939954,20.1768748550082,19.2547647099288,21.2629162628396,18.0429958759189,20.7401230521916,20.5758013428378,20.8567107785438,19.3800506830569,21.6515857982448,20.475433144292,20.7424948464895,19.7277531255258,19.5978683153704,18.4015030814121,21.0549622187851,19.3198215921707,20.70150712345
"rppos_Methyl.palmitate",16.0716442679494,25.1462465994506,20.6696801606071,19.7776098312352,16.309145201571,25.139634334546,22.1580295484628,24.2127337245961,23.2645091773321,24.2661628003367,24.2765647811408,23.4918204689622,22.609483675056,23.8386292268831,16.0516193056456,15.8348389109843,15.9999096692367,14.9400154804024,25.4824814592302,19.6676995402474,23.6136568040814,18.2674781178372,16.2176960792295,24.5764234541469,24.8357402415443,23.4125004459528,23.5377575295083,23.7813608880741,22.1524641401688,23.3645161172083,23.1848617633249,22.4328465677234,16.0453907754427,22.9933932902075,15.7177076652454,24.1377189769316,24.1807479796545,15.9843071542205,21.9306752475131,15.1886853857761,17.924967182052,24.5323383112777,23.5586374756222,16.5198568836329,15.3184738638464,16.3337940192669,24.7574812010574,24.9840065377342,23.696813128107,24.5750949391945,17.2488582860182,23.5806089083827,17.8949231919485,23.9394319499753,23.6743781091715,23.9793861700726,16.6408689929907,24.1286001713388,25.2954264299704,25.3839408573162,15.3251974945713,25.2328866148769,17.0347550027,24.0674743521717,16.832939317702,24.2213334675041,20.4445051677001,24.7748527917639,24.0989571436819,15.8353139457633,24.5151734953716,24.7369457615203,20.1843885257567,23.9685841402059,21.338183844319,18.4044091843573,23.424876026707,18.9036860326484,16.2086939861231,21.4195002032583,23.4215002630898,21.4487131078692,21.3689719923411,19.639993501619,23.024552141327,24.6554779185188,24.1502716606502,23.5157299504169,23.3478534260752,23.7263282844472,22.4354639593235,21.8635542889055,20.465797252481,22.4377437037794,21.8623673701804,19.2622856788364,19.3610432754692,24.0591053762203,20.9692673621781,21.0815261696812,20.8771779187118,21.2271183308925,23.4502890525082,21.7185697165449,21.2174803757965,20.9112513409764,19.8143488663189,19.9413559357731,20.4381492047361,19.0473640981153,18.6481632224709,20.5213217853443,20.4101308102351,19.9342720870321,19.0421871700425,19.7847323621332,20.169096513762,22.3269638354178,21.4842566481599,20.2940534797144,21.7673991723423,22.8167780485913,19.0849097085504,20.8302129414995,21.8070255032697,20.9538743139371,21.3883316845915,19.7242047328639,20.3515454893153,22.0252893211716,21.7056107798765,19.4544404269349,21.9397420848218,22.0806748715195,21.6344900291152,21.1840120121214,21.6140169266835,18.1443179715956,18.5091939056882,19.7635610747373,18.8127014907084,18.4308913918253,19.0973162323409,19.6742619372244,19.5204338423736,19.2825916941327,19.0287871651293,19.0544523429479,17.6798615000854,18.4845093414975,18.4769702299772,17.128511639189,20.3685811173293,18.151086712325,17.4618283927849,18.281453585398,18.631057164486,18.0806306784845,18.1654179809302,18.873326890471,18.9684233423283,19.3204975330712,18.2373514493647,18.5081351973141,19.0867302876023,18.1129496885312,20.7744990498472,19.3544895051376,21.9558729355265,24.0714923483952,21.855607633798,20.7543353311674,20.7127094315464,20.7981033174359,21.7264058370343,19.2808167778883,31.6886564241856,30.9452587204869,30.0167397819657,28.5364066459452,30.6579741025609,22.4781069556363,30.8679788502885,19.667151736167,19.4023518001776,32.123136276129,30.8927087339346,29.1453761291639,19.1590514197269
"rppos_N.Methyldodecylamine",17.1239433838385,21.206186411044,14.6535833994757,18.2395998227218,17.0823457950233,18.8526503633139,16.6795977252756,19.6695926441684,17.9792814047213,19.9980836315528,19.8493349529925,16.8529246010686,16.307042395538,17.7647506304785,18.0364488909381,16.6138112862787,17.3835450890328,16.9772936458982,18.3053110555833,16.8032046996705,18.0639112171928,18.6417101817075,18.1381411589786,17.6189314964224,19.9298116460416,17.9813515504802,17.0945201788961,17.8736052118955,18.6358412307528,18.3686562953997,17.7182832566045,14.6135861676323,16.5309547036664,15.3230947993523,17.3552899174395,17.8203588468776,15.2401198239321,16.9244502714477,15.651712820571,17.9246265413371,17.5350349160833,19.1559547153247,18.7517559543179,16.89653942279,16.4362419098255,17.7027835883484,20.8316019586013,20.8127889622695,18.8058445648039,19.9979627837374,18.3582030329692,19.5247923315687,16.7113232323298,19.6149361921497,18.6115796932669,17.4986250433947,17.7027642819756,18.8929901935222,21.2918728728846,20.3147757468872,17.8284010050179,20.4753385355123,18.7711368225414,15.4243201041483,17.032803523495,18.9983181186837,18.4954723854345,20.4223607744255,18.0395901299244,17.0894059723583,17.175955276126,17.3051688674834,16.964563855926,18.7775550025406,18.301535621527,15.3029425089369,15.3441853639301,18.2254757845065,17.1439943133328,15.7028837936941,17.3400398349496,17.4801044490426,16.8537863746843,16.993593174277,17.0032564874804,17.1806979225327,16.6008638511903,18.0347159182357,16.506511092008,17.4986116378427,21.4943561481796,19.1973577641173,19.5777606087985,20.9786182215012,17.757271482236,20.2161922626294,18.4067542994503,22.6208925977088,20.7130642264792,20.8451779773259,21.1052495005126,21.0244641739186,21.6195440555272,21.1890249194946,18.484829423842,18.5452098407478,18.5706554519929,20.3526223983201,20.6830728921102,19.7251631015285,16.5808573395342,16.6970274373495,17.1767639127211,16.5721185626973,17.2402179664556,17.0070864521456,16.1295052846846,20.6784116094916,21.107169302049,20.1527629909262,20.681129830469,17.5657041659465,17.8508072825241,17.5099314958747,16.6636101916677,16.3906207528117,16.6153888122479,18.8356277738285,16.7921995959053,16.7786982189031,16.7045409560993,16.7434029716409,16.8021486179288,17.6519693331909,16.6619436465191,16.2992334811309,16.0301802873829,17.431936743375,17.0272785167864,17.6947066035861,17.3718869016659,17.1606494635216,17.8946884172164,17.2134610036989,17.915833828061,17.1667583390572,17.3319336588112,17.9642968899949,16.953102633785,16.9391765623494,16.6539470892808,16.6850964576081,16.7635367599894,17.0493465600992,17.2948824091843,17.436557645848,17.7960709491143,17.0467151021977,17.3945788786334,18.1041083984998,16.8765846141761,16.6628603963794,16.6169568840177,17.6986075551834,16.9245959067649,16.9629228720049,18.4951779432794,16.900556559626,17.4280775285876,16.3792198005689,17.3015675456216,18.0694458506875,16.9759091518682,16.8855247733084,17.5151228016237,17.9533243846795,19.3650374339557,17.668720196757,16.3630073398093,16.936851059998,17.8242164860584,17.0715825350015,18.5630907172173,18.557109766679,17.0811518171284,19.5112184399077,18.3340913059329,17.7245356694568,16.8129377305362
"rppos_Penicillin.G",14.2035552843952,13.6185941297767,29.2013734932857,13.8509540336075,13.8874243571034,14.7851874532067,14.630606036769,14.4063418503387,14.0227088153938,13.6662318089729,14.1536363080069,14.1323311805974,14.1253659746975,13.3692194531424,14.8029495712073,13.7162616130924,14.8545953688841,14.3609461782907,13.5354747822274,14.1737661556852,13.6786624752573,29.3707858156349,13.9084006597643,26.6472097852503,14.8992677486577,13.857028554039,13.8403841869442,13.8018643739177,15.1961429473779,14.326299687393,28.1532330748745,13.5997171081982,13.4085465037799,14.9647019351912,14.6392247931496,14.4880262218764,14.8284418854689,13.7792454679658,13.4902114304694,14.9835320013688,14.8458882760195,14.2316702999755,15.0955190473295,14.0944471203489,13.6182751645837,14.9353412488889,13.9916613263683,13.9872481680584,15.204195690578,14.3507009647048,14.6783849792141,14.5376308415434,13.8213234072922,13.879217686949,14.5322376567465,14.8958002454926,14.112059969065,15.0171131680237,14.5055587420943,14.7591903113113,14.3022156643864,13.5683317761397,15.0634596687187,14.545986257334,13.9662534847478,13.7611862165182,15.1364687611259,13.8390252904907,14.7134951905298,14.0126013796417,14.1716055938009,14.4880959028432,14.2412443005997,14.3393236490308,15.2703899704836,14.9026985326672,14.5909396675835,14.9826196258699,14.1308121144178,15.3826261485412,14.6097118602932,11.3536210306641,18.6672915892907,11.8510444819344,11.7642283444049,11.6679977387411,12.7503878079162,12.7388294722204,11.561504207692,12.4771028326295,11.3684600087154,11.5571336027701,12.1853638556679,11.734183519741,11.8588599650917,11.9897280492802,12.9937069260252,12.3990717015993,12.4658037352417,12.1242832420161,12.918783141193,11.5081685799143,11.9816126913239,11.9661282264473,12.3355602641679,12.2346443187733,13.8813706923476,12.1673842121558,12.1324689309694,11.9332754456563,12.19755898088,12.2395340895281,12.3263831102935,11.846068514449,12.6933741146849,11.6941416883602,11.5139038112142,12.4011637304861,11.7505375644379,12.39206509143,12.0051318246194,12.5126571088758,13.3512445334564,18.3586762044899,21.5787242544526,19.8059069204312,19.3838859194465,16.5953254837633,21.0573774831886,17.5892864843147,20.2327108871924,19.4824812183056,18.6560565930731,19.1931487609068,18.0821870473197,20.332780779224,20.8957473926572,19.2631325679816,18.3762923000333,16.0471061694274,16.9671902427645,18.4555022606495,15.4159134140684,16.4250600631552,14.0155422075938,14.7298697494754,14.8920249029952,13.2007358934976,13.6064918587706,16.0709575530243,16.9182091742904,18.5468320648435,17.6606119536295,17.9066171602565,19.0107998338696,17.9901800124047,16.9601364013098,15.357269446726,15.0926361841308,12.7901927736093,20.5251755591809,20.1770069008829,18.4632488457338,16.5694688154734,18.256308153269,17.8865527432989,17.2788349913253,15.887343667271,19.5602193969893,19.9167834114403,19.8011306921589,18.9469174960942,19.0957265509576,19.0805485983758,17.7126829078061,16.806879796096,12.7382055364757,12.4506291939147,13.2892322754005,12.9320292244414,12.5223785563568,12.441363405616,12.539755185654,12.9768126431774,12.1934047819306,13.3374973846269,12.6835743610428,12.766572931034,11.3732942360397
"rppos_Tetradecenoyl.L.carnitine",16.6337311166875,16.6812540650344,21.2226858206473,18.8544374683314,20.3410438584566,15.404790858262,17.3556457834981,21.4570231850851,19.3123639806562,17.6345645107889,17.9465809076722,19.1596650784949,16.7020419954165,22.0641983939589,15.4072395514559,20.9676078664854,18.9042060236896,18.00554059409,20.5372819290346,20.6055610558593,17.5161804965428,15.8382374391199,19.7383513305793,19.3265443979507,16.0596833137243,19.0227679947043,16.9992075380887,17.9125788509406,15.709264218733,17.0947409182368,19.8864048910665,19.9462180495116,18.587441675558,15.4872658405782,15.2722694900454,15.1496258668893,20.7852003970677,18.1975041454467,17.383723851716,15.7990596395152,15.417243566727,20.7013135323031,19.2878699624024,18.1076994056024,21.1319853943424,18.8971411665847,18.7854119759558,20.2786950248821,18.6092799050343,18.7817084203777,19.55674568237,15.2391229348628,20.0921757806622,18.9428416602139,15.2687268317728,17.6944807878278,17.1350942793678,16.2204023619908,19.2384333484765,16.276891121681,18.1647877371232,21.3702349768105,19.9603045345289,15.2658158740126,14.9320908946199,17.1742377217944,17.1599324233244,21.6786234280417,20.7108423136534,18.9221883119991,18.5458896291363,15.1431786920203,14.9972691788888,18.7250678435175,15.7737243109205,15.4954412609371,18.0433575530582,18.4240990017176,17.6446228037662,15.8387203623521,15.513370007637,16.8472648267154,19.6675701982806,20.9853542471951,14.736118206312,17.1125740891975,20.9887033464874,17.1521451939363,20.0171317227924,16.1194086015207,18.5563826407149,16.5257631953982,17.9626644058984,16.5238847328528,16.8827953280733,17.8557715950498,16.2283006030868,19.6464791821961,19.0859644841956,19.2772440024726,18.3770066742464,18.7640233840458,19.5827134964986,18.8183094870213,17.6938493595321,18.4842573886782,15.6592431386575,20.2851908504231,20.2867327795322,20.3959349462008,19.3074874971813,19.682982754312,18.5300791134436,18.5136661820438,17.8626845581732,22.8797184597091,18.2960731375988,18.7491556482397,19.7696307992311,17.004428802781,14.6502628614956,18.8533034813918,15.9693591217091,16.6766604254749,19.020561368982,17.9136745141347,19.6410938798423,14.4600300996066,15.5470956550947,16.7333384875729,19.5543743826295,18.5537057970793,16.6637517198097,19.9662040532374,16.3306084778804,19.2526698135281,19.4981569087523,17.0287312803808,17.3605483837645,13.7116060491719,16.3052712272411,19.1005511488647,17.6322259563966,19.102819220591,16.743837453935,17.5492968779961,17.4758662289855,16.5619691064265,16.3124049040727,19.0770185748101,20.8415778629188,17.3796171248469,17.7043671050632,18.0173502566762,16.4238155720739,17.2487594576289,14.7803810327836,17.3324109155699,16.6907150911514,16.214413936178,18.1850557717721,18.7471900144294,19.3388453086913,16.9246587793087,18.7437824143735,15.8830769408225,16.8938335325905,13.8905151789551,20.2797896370404,19.1372199884377,17.9805008919627,16.8395689160211,18.280120256642,19.3754264249755,19.5735361518133,18.5200231752878,18.4943240654234,19.1683056480288,19.0626046658429,20.0715943573507,19.9412759548289,20.8884400238209,16.8845635439448,17.300712223073,20.7996066901365,19.2863441371066,16.8474602138478,14.5981469740493,22.6603226695733
"rppos_Asymmetric.dimethylarginine",19.743514474793,20.5793419468089,19.2806367944045,19.3606162679875,16.3699848867517,19.3767161937243,19.3991995574778,19.9322843026374,19.5080300138829,18.2816664281593,18.7738717359945,21.0397068751912,20.3746768917558,20.5733847829894,19.8095673429488,19.8086151588687,19.6609264678045,20.5841061836121,21.6342013905464,20.2632640241302,20.4241982373267,20.7475289707739,19.8134697641111,19.046747486414,19.358904652736,21.858136364618,20.529349426184,15.1802401962999,20.8397741256631,21.0535394522804,20.0736097068923,19.4522202358342,19.05056729284,22.3851002651924,20.1530063503171,20.1247075939875,19.4888126348092,19.0782812994711,21.0706456394837,19.7496345810085,18.1544046836356,18.8794246050474,19.9855641749456,18.1967025966752,17.8793810905352,16.2432410177903,18.2366060670251,17.8193190528843,18.9528898760807,19.1036329041543,18.551647971715,21.3074756345565,19.8323650751487,19.1187454115233,20.8006823112574,19.100118455567,19.9875250341547,20.0588697277222,17.2305361413449,19.8009582983476,21.5820660927918,19.6208852503991,20.3457616422698,22.0997802747647,19.9843406738946,19.7953495668406,22.3354662462997,17.927809224363,18.6075643780979,19.6150438237733,19.4350623234,22.1016542293935,21.0433650726451,21.7457256186603,20.3815821554802,19.9258844445647,20.4310114277299,20.7200798672476,19.1035631467355,19.9619360411087,20.5065300264486,19.5876840416885,18.0790963951813,19.1636308265508,19.9995814301662,20.9367678572058,19.1981223867842,21.5827698230127,19.9506333310063,21.8666228981231,19.3086416756931,16.8808777434994,18.7252191728704,18.1186090678744,21.233718634058,20.7988054573612,21.1304511265427,19.6525798528918,20.2700081542312,20.5802384851445,19.0225190382682,20.7011974485924,19.5214864610815,20.1539445885977,21.0272265450231,21.6115325548599,18.4563608104879,20.3694264336508,19.5862239459496,20.0810653058014,19.3026338588313,20.7074734346398,20.860353050401,20.7614847303051,21.3145756713693,19.2762737217631,19.8718179610384,18.9839651579571,19.8952246314556,19.4127434705246,21.3225392561086,21.3816041795231,20.0206792429403,20.0880823350114,19.2446095978959,21.0497417692791,19.9973605069707,18.1523133838906,19.4370115952946,19.3726735366581,16.7801591193468,18.1523086210451,18.529320977253,19.0800631990501,18.6822308234622,16.7570925986864,17.4412178675757,21.7245496066804,18.4599776558086,17.6364782555167,18.4607298431549,19.736219117742,20.178416474801,19.9859651451476,20.4280644900377,19.4394339493454,21.3113110266307,19.2892917589743,19.2018770768734,19.1056869375638,18.6084004586005,20.1975936610618,18.7978851959052,19.1863044814749,19.8074822410428,19.6747875576356,18.7594282575847,19.4766845418119,19.8513396316533,18.738486139479,20.2134822427418,17.3908303351623,18.9801743174664,18.9237651208607,17.5921871491521,18.9169227625962,17.8437157573372,18.9095356766981,20.1916452430608,18.7805444361268,19.124946146875,20.0618861940348,19.8788325599314,21.1885982288423,17.3173348309804,20.2402459148787,19.8279980779221,20.4505119004654,19.4444298131593,22.9161185390678,22.4216370261032,21.8166064681679,22.6507445632916,22.0637881155175,18.4826113208683,23.1833605089669,22.9966362025863,22.3597613045941,17.856455204184
"rppos_Pyridoxine",16.0098179042512,18.9594634681525,20.7992472354676,18.4983463459492,18.2943763475607,17.8075069123917,18.6480670916997,19.6040109815606,17.6601389675037,15.1754883229841,15.6031753132136,17.8200890997995,18.6905816136029,16.1197631196993,18.9684230505502,18.4690493301499,19.4209203734262,15.9180387688934,16.8133948061546,18.2924602732139,17.7347108959384,21.1360973890807,17.2630271600288,18.2951361035344,17.4528584504019,18.2671787627887,17.3304876757758,14.9890272495534,17.5392399918417,18.3571205718806,19.6963634812013,15.2421524472615,19.2630173164018,15.3655615595354,17.540440611718,18.3136156829896,16.3420777303504,17.6587187059557,15.7300358326324,16.5783375031186,20.9836449783919,18.8304434350054,15.9774628774857,17.5880753998097,18.4382897593638,17.128819735323,15.0886893739562,17.0750752352843,17.4023527265296,15.8221374829714,18.7501373360267,19.8043210680501,17.0708638875646,16.1120512549326,15.8394052961715,16.9323768696103,20.2960476929609,17.8061085132486,16.023227195,16.0647240908343,18.7665917428546,16.896504303234,15.5518880717853,17.2872004517572,16.4373978420844,18.03451523194,19.3052971671027,17.006581787033,18.3519752767774,15.7691218136721,16.8419889388378,19.6066343299828,19.0365145716232,17.1749851794854,18.9959252481989,17.6307474338822,16.9140983632229,18.1984771791469,17.3745260113606,16.6140880439074,17.0404872121605,20.570026687214,19.6692020091436,17.5641471561482,14.8989197169747,15.4916557912687,17.4573041672828,16.2026439348364,16.8540295489957,16.1380142536878,15.5450728578341,16.1243110455742,15.7872107876328,16.5892961240436,15.6665575482125,15.6485295753353,16.9960904957301,16.0620032512183,16.1963071395579,16.0699540849877,17.888659005857,17.6798062469166,16.1634630725881,15.6716533666518,16.031552196234,15.8921876802443,17.9660552702337,15.8183285685538,16.5261824387943,15.8714524173885,16.4486110079834,16.0047039003538,15.9416481810607,16.3830044707052,16.1387128131745,16.4268247261804,16.5664332035324,16.1057034219077,15.8599070734565,16.0164052212725,15.8701677440654,16.2581303250525,18.9828993650145,19.3632450824961,20.1182136583798,16.271491385013,20.533782665249,17.2441500036808,21.0834023890531,18.5236317785318,20.3074751795894,19.430904324481,16.6978504936053,19.5865036106844,16.521498245191,17.9352661626019,17.6494259129892,20.5749480519772,16.2738706184904,17.4334986210558,17.165135243776,19.0273498143797,18.6572210022314,18.8968508766938,19.2548555082684,17.9155420520604,18.3924730236214,18.3333406139269,16.732534364955,20.706049191192,20.2682270949179,18.4616673144846,17.6956255435968,17.7060907135464,20.5872152018227,17.1675028079212,17.495895763167,19.4893985787481,18.6639212000717,16.7758705344888,20.0680936766225,20.1618879657734,16.4318155421422,18.1675728486947,17.9553918953717,19.2461330226964,16.4435053562428,16.8074411889434,19.8453538136344,17.8523467582046,19.8784209839095,18.281805435405,19.014075295231,21.4083948247692,19.2718320825809,18.800664005764,17.2529246316567,16.5440171718678,17.7934354773825,16.8890179460554,16.9537750103107,17.2168139161067,16.5616420549293,16.6092155876586,16.9806805812785,17.449995938027,17.8265123350153,16.2433249402657,17.3469542956158
"rppos_Solanidine",17.7962489379616,18.650351134695,13.7507485620624,13.3295243911729,17.7813506617372,20.1919807886042,14.2076653983089,13.9136885639935,13.49594956353,17.7193100834096,15.7736453938541,13.7040160757093,14.0436866669153,13.8334861568299,14.2370899660089,13.1498932485237,20.4017714187675,20.4364649012756,17.6272764442571,16.7381471401173,13.1926681619981,14.954399402387,14.5477369201805,21.1829295086822,14.3785928108162,13.3046974279779,16.4144227763194,16.8864564483414,17.504267121605,13.9091282330625,13.5379611809762,19.7084314735584,12.9205085892606,14.4413997369963,16.64413343866,14.6399947183663,14.3115416982249,20.1725147624924,15.1616248239557,16.3529725151438,18.0839388803154,14.7020118290717,16.4817389107013,13.6307872897701,16.3263182370219,14.5492752436824,13.4287516763264,17.8901361285395,14.7022993662578,13.9588570443374,17.6307066613791,17.5232276193625,13.3333133008082,13.3878781123161,14.1041326775848,16.4897449069824,13.5757872023281,14.5183229984266,21.0409474728449,15.5565636404878,13.8369924849107,13.1664283490782,17.6839790636762,14.0596586756725,20.9175960326431,16.7165946319517,17.9376946631877,20.3214804196023,14.2204265780154,13.8646180206576,14.6241892455987,14.684034589235,13.6810361012712,22.0626620347383,14.9349383571814,14.5052607617807,15.8741768661393,16.7868764505847,17.0184881209631,20.8790366256162,18.0763699566004,16.6824771392426,14.8668364877102,14.7871523188416,20.1116447396044,11.4981698895768,15.5149550324902,15.328968473155,16.3719075103536,15.0594911233534,13.442244853796,14.2333848136007,14.8393418767553,20.313156165319,15.8264288126886,16.3213035180607,12.8147775504795,19.7573949396617,18.2887672269562,16.4803577212238,19.6408591821162,16.671693562562,12.6587205128738,17.6847462094942,12.2386954532433,12.1777658662709,13.6957870065035,21.4124638410224,20.8168736464599,13.6038525571729,17.8739689886429,11.8787980031395,16.067154244812,19.3348030700217,13.9662227076971,18.0783577232349,12.3455912960968,18.3911808890316,20.8640204102019,12.8767036211133,15.7703236902414,12.7955353237414,15.1853473576586,12.8070721337478,17.939092479877,16.1307821075853,14.2750523857699,13.3400108012281,18.1190024043746,15.575281949606,12.0478844636684,14.7409110610221,14.9371163844172,16.4463629558293,13.1137837011101,16.0526703172364,15.3397042432996,15.3958259270475,15.680774879165,14.4252812257777,15.6216749290072,18.2929227296966,14.1283352426105,12.502764673432,13.3119100464757,19.7896282970359,14.9786736728845,13.114430702845,12.2797575532527,15.9007335313123,17.6459391340829,14.0741860257227,12.2912729198463,17.7276545232457,19.516098053392,18.4932377042133,15.5780993765456,14.432346805772,19.0250391120857,14.2028901231616,15.7543383860283,16.730417019319,13.0368950674983,12.7571812604551,14.8886481086867,16.3847273710325,16.8196250614031,15.2495781937405,13.2936101960733,12.0309937752351,18.8660544633277,17.3358078404488,17.2353258621794,16.8423717831707,19.1902012540106,18.4494012914321,18.2197374949969,17.9964341515002,18.7075968443018,16.6102824905746,17.9692030852499,15.8877635489236,17.8855038374682,21.222572239695,20.3742951584795,18.7717698162966,16.8175460374814,16.3109273594276,14.9662272262442
"rpneg_2.Hydroxyglutaric.acid",19.0068603285048,18.8591885972038,24.3206644161,19.7337418951927,19.4352873892346,18.8658746297571,19.1489709294595,19.0616121438282,18.1549538195297,19.4120806712196,18.2344117494505,18.3402214668611,24.9715833320848,18.0055174641182,18.7818822071072,19.1624353017515,19.0172755926733,18.5799487552147,22.1515741998811,24.3308873153812,19.1373695228591,18.5757068250508,18.7101118479837,18.8476815720756,18.2286702161055,17.7856090938262,18.9384975824999,24.4167366149587,25.5413290137445,25.0690936163543,21.5208772909729,19.1056614900308,18.0631797935063,25.4685370712362,19.155863222299,19.0854398967927,18.9620115091294,18.2152554733775,19.1579298884789,18.3440290291873,19.110424973366,18.9614162747708,25.7272899221977,24.5513576769622,18.1963232209038,18.9120617184837,18.7742131055684,18.2929407610819,23.916627349351,25.0336653707226,24.7107780168674,18.2215058806891,19.1222176675841,19.0809458152407,19.0471212661084,25.2069539978807,19.6872208532793,19.3605031661756,18.2550620198551,18.9526070556716,19.1084550857245,19.6143121866699,18.7444450858436,18.9013994437115,19.2224168857247,18.44848030597,19.2039879710594,19.6256891294526,19.2028037959916,24.7581783707354,24.3771393745991,18.4174817890808,18.4476112897809,18.3990617337837,18.8143389292764,24.3342123510479,18.5578396132081,24.5515911730052,18.771564805163,19.0868307826793,18.8600901327388,18.8411563185873,18.8786895748612,19.76265951896,19.4955709780256,15.656827275682,20.2361643299097,18.9449923017301,26.823476290169,19.9087407085223,18.8885544422849,18.2387233181755,21.3908313997647,19.0189774052763,19.6629697305321,19.7647188352796,21.2684517390584,19.462779554916,19.4906697941249,19.3230781886092,19.1580169965041,25.515720638073,27.3853142416608,18.9113654647145,19.6048472105627,19.0500290534651,20.2591125409639,19.1972312600009,19.7468195937194,18.4402550210208,19.6519031089752,24.8765945992548,18.7859296747984,19.414443416815,19.4150043831443,19.7359297998842,27.4760160680386,18.8806702781169,20.0382398737141,19.6050475713893,19.5837617970307,20.1230394668679,20.3217186692417,22.793297299381,18.9736082854298,19.4862138370665,19.1041921527628,20.5829819683864,22.0909061222061,18.8891882539746,19.2517751038885,18.0804235926855,18.9997606587848,18.5416923536125,18.6737522189473,18.2612601816492,19.2415723201749,19.6693626729231,18.614761146004,19.8419433815002,21.1371909492998,18.9444461421837,20.0033656773169,19.8351564664733,20.0804397933116,18.8664318395121,20.0118987209771,20.3548208222585,18.7783922222982,26.2930106432581,20.500805229308,21.1683827110304,23.58965445185,18.9798311785168,19.4591896854808,21.8661719241152,20.0224074651504,19.0311859819741,19.2199797676303,21.2988155399958,19.2814491202589,18.5158246352605,17.9244544134253,25.1205465757617,18.4040079606759,19.8875751587038,18.6510576272961,19.3029092862989,19.1159340658567,18.8207400689065,18.2586085420556,19.7019752826281,19.0361785982567,18.4023939839746,18.9786982432001,20.0047156265813,19.5264671323981,26.6150777532606,20.3199336405758,20.3453665220676,20.4794434861707,20.3721451862628,20.7501016565444,19.7714641943415,19.0226117398027,20.5388131028149,29.1478492457084,19.1212790141237,19.0644357765702
"rpneg_Arachidonic.acid",16.9207749771548,18.6642117861951,17.4452419708199,16.823288676198,16.9790169574931,16.4676877727003,17.6773274365757,15.6875949399583,14.8779733005939,16.8108091421037,15.2107289032228,17.2899467031981,17.0672454512445,17.6655389572226,15.3006496954895,16.9405987332661,17.9826418467789,16.8818173899246,20.0952851604208,17.8756418899154,17.5275204555511,16.9096795751741,16.4264045234472,17.0905351426818,17.1751652454634,17.7615329913931,16.1458695554739,16.6830441135001,17.9431733247644,17.5436721182169,17.0964127989543,17.1480820037708,17.2739845359196,18.2938555710473,15.3652839984864,15.5519514404357,17.4144991065445,17.337089385294,19.128071132579,17.9905373982195,16.5744855050949,16.5740036083219,15.8716265694128,16.0737616585002,16.5554581535024,15.9711123944521,17.597516780758,16.1682754342364,17.1574146703096,15.9909528502709,14.508915592577,16.9065099195064,17.5433387301568,18.2922668492965,18.6530061388608,15.6830207734627,16.8197694391863,16.5905844150701,16.3173287076321,16.7406520805949,15.9697704495775,17.8869464828852,17.4380029471753,17.0006865107726,16.9834176750912,18.0765911480888,17.0248484298328,17.2763572404029,17.7658691161187,17.6790540317068,18.2190024365662,17.4014673947206,18.3899445374498,17.4836790542332,17.209851414984,18.0289122172897,17.8124986960823,16.2937282562415,16.5219737174563,17.6929268453605,17.0717348385659,17.6148432700586,17.4940860719536,15.7797484420963,16.8877387930917,17.547451139495,16.4048723529803,17.9267803917973,17.2423662756606,18.8264338634095,17.5770933656422,17.539995297624,18.1465872517614,17.6540435668469,17.2637002310504,16.3819792250871,17.414993916592,18.2884985038392,17.2882416852201,17.7849548886608,17.1575436145518,16.7112667670608,16.3181390859501,17.1395717955844,18.1685543059122,17.6562812620815,15.8262630103102,16.5434779002831,15.8564969835367,18.1928649126109,15.5873682500628,17.7340743691001,17.3381054747825,16.7981209010994,16.6449355080084,15.481155527841,16.0696996903326,15.2864533474262,16.6629381426503,17.1102356585331,17.1053505918578,16.4774227349192,14.8491515072865,17.234774290578,16.310184407898,16.4899618186498,16.8254929185647,13.9056828540677,15.2370215976969,16.3976045269926,15.8445532478794,16.6036623140349,17.0893021636488,15.9875304234655,17.5423705482467,17.4735392904919,17.8118439376578,17.1895344142411,17.0706535142691,15.7385633856461,17.2220885960391,17.3434923886604,18.5174776249557,18.1558101340001,17.507195402429,17.9763560291711,18.0567400997093,18.0018834679413,17.5897940840519,17.3234317185019,16.7161398320235,17.5024924125165,17.2987969943408,17.8862396938824,17.7293985728963,18.5159314717108,17.8073315196052,17.8474649975837,17.1198663156368,17.38789258898,17.3979273260209,16.4868643526742,17.8486252810536,17.5759658450924,17.9526537385621,16.7035423750131,18.0195340747861,18.1012784051139,17.2196674439807,18.9489908300993,17.4315577160811,16.6343083592818,18.0592155355715,16.4024571905102,17.0177681550449,17.4112529145596,16.6964684936942,16.0537475765062,14.833979698006,16.391489884949,16.5832205486278,16.2969890643885,17.0587310850211,16.9999236176841,15.2961713770458,16.9399002651709,16.9097709620758,17.9174330919386,16.4046316350027
"rpneg_Arginine",20.7303359945286,20.2065102305247,21.8462723678127,19.624061127891,20.1774505387655,19.6694439746244,20.3689890077625,19.9379849114421,19.5861790438895,20.575371076675,19.7847558929424,20.2404773535074,21.2945040560748,19.5891627807182,20.8191181096986,20.9479011534856,20.4173939531574,20.8644631399718,21.0006448565578,20.1808488475266,18.7253745034208,21.5225196601118,20.5631167080767,21.0764696049643,20.0208187897908,21.2994888910963,20.7109897332086,20.5456719190435,21.4355782821837,20.5664698400646,21.7200382556069,20.4606883681541,19.4100189230698,21.7318180790784,20.8724922293141,20.2787716389047,20.1161397164962,20.9699025959976,20.7783227579845,20.6728398120187,21.5796640309124,20.5997560508592,20.571435712834,19.8937605852605,19.3350732118108,19.4293576119308,19.2418403706379,20.0109012763613,20.7643491715825,20.1158802852905,20.72371222333,20.5524741878065,20.3756779916705,20.5775268844369,20.3475362283843,20.7257672851642,20.0840368030051,20.7867001500761,19.940426195551,20.5208818472975,20.2752000338685,19.4566849908619,21.1226871519866,21.290830108647,20.5757318860498,20.3529617893673,21.1919506486108,19.571876282558,20.6737992911467,21.3112192767743,20.3669439610533,20.9287134225925,20.5759523178738,21.0827361237284,22.778835112363,20.7384098770535,20.0267355190407,20.7511128728616,20.9566066254475,20.1492731234663,20.6281256204372,20.5131992330396,21.1640540552699,21.0593654871847,19.9868060898191,20.3361479773666,20.6130072370598,20.4758938425177,20.6590264005048,20.7894619218974,19.9501294729492,19.4716716589018,19.9109011884275,19.8345638478578,20.6230961564131,20.5733059841854,19.6420544483059,20.2802652936007,20.7219541691784,20.5840566782074,20.3538690966626,20.4166858770805,21.1132146239416,20.3879460197092,20.565414292965,20.6354848492121,18.0780703011219,20.9365523780323,20.0890889049662,19.7595537281333,20.0003776885445,21.0806751761897,20.5146045400418,20.7754790231524,20.5723573984258,20.3019919665521,20.6648544789403,19.456468683541,20.8534955906688,20.0019609927081,21.1373434462605,20.6377093172558,18.7785499700498,21.1228114080573,21.3065699375709,21.7460230766262,20.8515156665373,18.6478348076722,20.9418401851392,20.0838769182634,21.1264314274706,20.9811149530506,20.3809284368072,20.5300768861841,20.4149781534512,20.7583896656809,21.2352736995949,21.6636290934685,20.1668246587128,19.3550579218482,19.7913380037729,20.6631543812572,20.7564450880352,21.4683611017354,20.8868875416102,21.2224249944346,21.5152044385483,20.591077235695,20.4811170671594,21.7476537306615,21.8979808379844,21.24745358359,20.016463467394,20.6234395588844,20.9979311875435,20.6161727699318,21.0735489357445,20.6566990912335,21.2448105470561,20.1593686956097,21.774586425808,21.2533439430919,20.676064011653,20.9075580064937,20.300670822323,20.374520613419,20.2337328684344,20.0709460082309,21.7259395953608,21.2535996244364,19.9138535258166,21.2801780987068,21.1489393524433,21.9098827113173,19.3429402208472,20.8346085437967,19.9940336793502,19.74475941722,19.7196104927499,19.8954938123416,19.3671776746002,19.611023619323,19.5886003871786,19.9263424428523,19.0701400449341,19.7400772079359,20.8991510121892,21.4930963433606,20.0413760933135
"rpneg_Citraconic.acid",19.6366697711144,19.145982320486,22.606337708819,20.6587595108405,20.2735980316778,19.8040993397633,20.0317632915148,19.5808366745017,18.8635261591173,18.7191257846324,19.1157284175128,19.2293784328133,23.2426157632694,18.7964988835099,17.4927122114101,19.8810116839611,19.5592401343013,19.5901495887859,20.9291297908773,22.5796851647241,19.6478746592088,19.6235517889943,19.1995389003531,19.354560976677,19.6748637990738,19.086980141371,19.3197030173678,22.6820674565107,23.8195998667944,23.3321416722072,20.199539894647,19.1691947535535,19.2781158896304,23.7353623577288,19.9080143450804,19.3706257349232,20.1693322016705,19.5583417823435,20.4942440264182,19.865138801826,20.1266245146979,19.4666591541988,23.8496862476918,22.8157590894771,18.9818481669204,20.0957190162228,19.5430225681135,19.4579630147913,22.3679288581837,23.3442481413836,23.0349456316607,20.026906051242,19.7406757719352,19.2824666603115,19.3175535635171,23.4778109404932,19.8813031163075,19.9300133726512,19.4904400295595,18.9514754169943,19.5089237139281,19.6654425489617,18.9514754169943,19.9701768854204,18.9514754169943,19.5908438791924,19.589632607313,19.4279044898701,20.1348676766149,23.0176619600452,22.5759666292343,19.2062577041794,19.5237994777845,19.1024778682579,19.2957182174546,22.630303951762,19.8301532520022,22.9312027297629,19.5584040608994,19.7097574874371,19.6001310653501,18.4889548996607,18.2720481664115,18.7963702074428,19.2803416601863,19.3751099958503,18.70283528614,22.1998708821716,23.7824556547283,21.0447813436347,18.9881315578639,18.7424178781206,20.5019898407777,17.9232733432427,18.7281182466502,19.1824132044151,21.089478114159,19.4382331951202,20.0322682062495,19.277967488775,19.2168462988944,22.5046910595988,23.822097793328,19.1809509030048,20.2688525006876,19.8252694350303,21.3412322878192,19.4437395289414,19.329518678554,19.5058102928173,19.4138581578605,22.2545178266659,19.8874180601388,19.6806582400216,20.3926355777263,19.4702454954547,24.7157487393743,19.3170394538192,19.4280119750687,20.13738370862,19.6646542476956,20.2458995686327,21.4796278407935,21.257008361954,18.9562572764521,19.3796136407427,20.002940905082,20.5261324801765,20.4093493968957,19.51296386119,19.2682431963858,19.474152119803,19.5270139298541,19.8817441371546,19.7895847428565,19.0690872229927,19.2363591370808,20.5042036110676,20.0626618232386,22.5239802705733,20.6033530006811,19.371497624548,23.4848120258852,20.7230128884416,20.737393948741,20.4893185987357,20.6401187469907,21.6501918294629,19.8522826164065,23.3297906568489,19.4803542294332,20.5527844700109,21.3875071124115,19.842179582151,19.924156366325,20.3224114372667,22.7911530670535,20.0172312578889,20.3120673003433,20.7573164263346,19.2874947545375,19.6219139692877,19.0863243476852,22.5179328417509,19.4578552943941,20.2843569340854,19.8601839757228,19.9445936783947,19.7624341702169,18.9963195448368,19.4076991516972,20.0783613439158,19.6952063027124,19.8990405799917,19.7442232395074,20.6343856361596,20.2959204837425,23.6261348242813,20.0352415287277,20.8610550916037,20.6196516346413,20.3679887031111,20.6601285157087,20.6097541323686,19.4688860775027,20.7723801079493,25.1632226849512,20.737356264789,18.7847385091035
"rpneg_Citric.acid",21.7464262017594,23.5222920072594,21.6091009068584,22.4679385865607,23.8599343438818,23.288398362365,24.7984229588035,23.3142058922166,24.1462991738656,25.3047177203164,22.4205167919766,22.1332402216727,22.9161995335818,20.4774999624675,23.7145479179845,24.178680882592,21.6874223000797,22.4247800436922,25.19548434074,23.5961196710945,22.5536957885263,23.7283190375157,23.8381838726621,21.2661569438389,21.9119837977578,21.7734238086538,21.9138347725839,21.9238643303004,23.4113975249099,23.0297192419679,20.1217572985947,22.7453890932714,22.0054214572903,21.8634768714457,22.7638944934914,14.720638839202,21.0581776829364,23.692255678469,24.6271067535153,21.6033935348848,24.5680541068532,23.6319923157903,22.384007915968,22.4055837266152,22.9526833940077,23.9238152853277,24.3356073529618,23.5718894820697,22.5440065194307,24.2579673084989,24.4990212320885,23.9987063734227,23.5465006945311,23.8972315225191,23.9248006074539,22.0102728348963,22.2332404646205,24.3144022534508,24.4128878465084,22.5636738772065,23.3742156128155,23.0295191411141,19.2964059572356,26.1620042140758,22.5876705591706,22.5305372244879,20.104581886835,21.6145596755594,22.6035922151018,24.0917195636177,21.7697719307151,23.0756280663005,24.0247596361442,22.0872246986299,22.8234856476216,20.1446175513422,23.8176519397277,22.2307724188554,23.5386896806034,20.0857625706185,22.9113737971132,22.5309715033949,23.121408902641,24.0259572212758,24.1420146139974,24.1935898316092,23.872252546129,23.8511648349981,24.7563741490119,24.1347259512078,23.2765936315013,20.8908423853602,22.9977481782296,21.1780367511339,22.9317708631015,22.4341269042506,22.5532385313465,23.6633910588213,24.3593779832083,21.3166987331911,23.7629373810321,22.9183149359519,23.3330643205736,23.8599202106938,23.4214121605149,22.471017034881,24.7494944530948,23.9180174444643,23.8619706767933,20.9491341074806,24.1781918252387,22.3977726851453,23.2551486206224,23.5771198185793,22.2002164831591,24.3259648797276,22.9094803620367,22.1800628665252,23.9016335978107,22.6179429613133,23.4913806595421,24.5607828478742,25.1170539236319,22.9412195888231,23.4392744545252,22.9733718847976,23.7486699032295,18.3496575367652,22.0534404809188,21.6721602995179,23.522701880919,23.1207123128759,20.9740374311111,22.5678022318168,15.4629425747297,23.0733341666756,23.4292656227464,21.8714952369756,19.7243715161588,19.1207993170588,20.4323886953735,22.3002535706801,22.1609063188896,22.1351732926392,21.5543193725608,21.6542535790621,22.2675574915628,21.4807117907029,21.2908553733438,23.6675470047928,24.0941975193539,22.6726234519498,21.3280199536733,23.3570913437047,22.4429252517745,20.2695368629394,21.1239012108378,21.0275250778474,21.4404804230954,21.2803765240357,23.9706302870789,22.8763403777585,21.3041147391927,21.8369941237593,22.6123424322207,21.0734167306939,20.7532773057247,18.793057657077,24.5050290137432,22.4416199939295,22.3832652179618,23.016919242819,22.8558890815585,23.8653398565999,21.8168091552209,22.3698455801553,23.5930696094771,24.1123137586026,24.7588372802974,24.6601262203657,25.6745198164777,25.335563631972,25.3440672852459,24.7477946138153,23.3893506864024,24.9187396948469,24.788957067845,23.9031360391767,23.0500182576392
"rpneg_Glutamine",20.9072560347028,20.4040545326136,23.1431457191478,20.4369403301791,21.1160069039314,21.7360490766759,20.9840759899149,22.1420879168161,21.2353322989988,20.8498229074912,20.3190622299345,19.8777589952261,22.1274897596562,19.8265155812058,22.0135107076043,21.3721489475417,21.6380848872045,21.2767629437372,21.4732229048908,20.8564633828761,19.5746634770768,22.5316708941624,21.4614754775382,20.2893693415022,21.9692737093664,19.7925149788117,20.8650587421467,20.1016999260404,22.483310951262,21.9854550645936,20.7021724744517,20.584368791934,19.0301204606978,22.4858945180635,22.2291109235059,21.5892308988875,21.8242890894569,21.668573139113,22.3179001465598,21.7274242571917,22.412590085644,22.0773060548979,23.2139404550927,20.6078798979534,21.5921810956402,22.6753195785096,20.2609055565478,21.2098545139719,22.7198971580377,22.832210121325,22.487128245974,21.4261855381367,20.6641277610961,20.7431634228655,20.1869093285435,21.0304024744941,20.4842394335123,21.8877470664805,20.8417612075837,21.4448082576284,20.6334197402793,20.102922261916,20.1109358158753,22.0017011569747,20.2024808734513,21.1396962414994,21.639550590812,19.1112144047863,21.2159762023488,21.8833543819358,20.370200853316,19.994964899641,22.1942208306546,20.8335080768073,23.0311831770702,20.6100943355472,20.8142648429895,21.4208238437127,21.6375892189093,20.6317130816977,20.8014364448727,22.5428393478383,22.7764725670328,22.6314394550753,20.3178330218215,21.7184157226886,22.4580615524376,22.5220242276452,22.6490894687315,21.4351695539318,19.8385121444089,19.9794761496452,19.3149978460686,19.9889966206056,20.7865157532943,20.0182654823045,20.7367483678789,20.5787658596658,22.2530175137327,19.7925813214648,20.9368991701629,21.0837475272224,22.5805726281344,21.4005551982457,20.5496424444071,20.037408822929,21.2136875160183,21.947998882419,21.8517294506017,19.9814074313697,21.3436265266221,20.271791383673,19.5146629031931,19.9382509180298,19.8835661954436,19.691696926731,20.216332456571,19.5090674535846,21.638065738985,20.2126270101623,21.3345266009806,22.1275506818086,20.800468638067,21.3413410417522,23.1603019136599,22.6482897762225,22.2192159427554,19.688786429638,22.3233993746016,20.09683350288,22.731588115343,22.4983720113765,19.989736669794,21.9310253588536,19.8239828403746,21.7609480023331,22.6157996388805,23.1464764913885,19.990266947735,19.9132555307711,20.2778667499166,21.1122814405811,21.3447406253457,20.8775309817665,20.8649302594431,19.4707181300264,20.1605040369349,20.3988626413417,19.686373230308,21.112394365967,22.0383562135368,20.6657800496658,20.6084806911524,20.1385592671333,21.0685868023146,20.0968526060301,21.1897746034732,20.4001163912367,20.6028157670373,19.7180515382673,23.2181785588704,22.8721972680214,20.7371417528498,20.9257637760503,20.6878845515485,21.1807927136284,20.1634313027452,19.987767623381,22.3094913475036,21.488395660503,20.310334129111,21.6507150102211,22.1773190793533,22.9624655236006,20.7616863979862,22.3712063349642,20.7267509135433,22.7202685616737,22.0787217495024,23.2341685816432,22.3983295172994,22.1765301079098,22.235691218773,21.8427748787207,21.1997613688385,23.1295431360571,23.4818323329645,22.035993199372,21.0223862348668
"rpneg_Hypoxanthine",21.8289799334023,21.2567618135594,20.3548951947285,20.8590275405908,20.3177446119652,19.9840373857022,17.0287645637752,19.4655339310426,20.3327069987153,18.8281580517132,18.744476998925,21.9760344868761,20.8925221696773,21.88226951545,18.8378240969341,20.7829757151033,19.254815768212,21.0058679727871,18.1469704497768,21.0618755416736,21.2152261155926,20.077947258512,19.9567773678692,22.5684456953342,22.8590492785383,22.4267990551751,20.8791941118153,21.0664715125902,19.8586145091697,22.220790840963,22.4995604413956,20.9190900498814,22.0165391640301,22.5620915508668,19.4370868959509,21.0418069540986,20.8040654264984,19.9100097404867,22.34629360829,22.5631126127893,18.2527550939655,17.3803814967592,20.4406813531723,18.6398762496997,19.7862774111591,17.9421794599292,19.6042462640667,16.3829367429515,19.638032391426,20.7282494253483,17.8777141483488,20.4042735769527,21.1518571391362,22.1136521778752,21.4694173792286,21.0607931818754,20.6503781673447,20.2389382681698,20.6233356538691,22.6338942551,20.9725313636708,21.9127533209865,22.3043830420161,18.7249677785255,21.7116117221804,20.7694249724048,24.1078153066038,22.0963495415927,20.9569898739933,19.5808183437093,22.4552952460605,20.0104017220367,21.7322330233428,22.499689368397,22.998485786503,21.0507528244789,22.3326068744914,19.6313191675938,20.2255793919918,22.4485059616142,21.0192753949927,21.9404557126715,22.2770459992689,22.614536464646,20.7611300147433,21.8873238889937,22.6613216914455,20.5259739013016,22.5094781286612,20.4741474488558,18.9731861515533,19.0784866707167,18.4939897919957,19.8014312534928,20.7283610771695,20.7152891550208,19.662741027669,21.5024118780007,21.1078928075056,20.187915681962,20.9731980044317,21.8352708217246,22.3411057007875,21.4025788669889,19.9335291453773,20.3640356279829,21.6356087150433,21.8631200408994,23.1868726664463,17.1388717328335,23.0822675109966,21.4115091240601,20.7928551185859,21.1198831453393,20.3080004494587,22.063871581874,22.4302932073169,19.6134580804474,23.0270260685351,20.1586623188411,19.9978290025984,22.8219567311822,19.338142614485,19.898093395551,21.7264663733468,18.6366429122375,22.7832130098319,17.5699621938509,19.9620364915392,19.4714603271134,22.2133138056009,21.7152838042376,21.380551021429,21.445049242853,18.7709527910107,20.0722247828862,20.4920370178142,18.493436089747,19.3953228842218,19.0197825683327,19.4241413231151,19.8781592377099,20.2907160252926,19.1886150930801,20.3471245743003,19.8017715439793,21.0001217261456,18.8244800218674,19.694744776569,20.2810388613667,22.3978448704517,21.3324033156194,20.7138206271845,19.998058961008,18.1139440404453,18.0938209314035,20.5774302231257,19.9058762723906,19.5540879106294,18.5867192345999,22.3275082490682,20.7236434954067,19.5742410302103,19.0708489817634,18.9951592199529,19.6051786512255,18.8735775416384,21.2653125962711,20.5110205099242,17.0261015540831,18.8793092590174,20.2453406075377,21.0219222905973,20.5241360892163,19.8221359655685,21.2554336509583,18.860630659041,23.3892826868662,24.0367374114013,21.787596629492,24.0172319397824,23.3613026363181,24.1413852784677,22.3252275557176,22.2691225367793,22.2277899558318,23.0936067951882,20.9377937822521,20.9485778371297
"rpneg_Inosine",20.8687347203353,19.604293535374,18.6252709696119,19.2838320719603,16.8954741536977,15.026946847328,13.7473513584309,14.8958917124183,18.0084148063303,14.829481715315,14.8555692818574,19.5101750917035,16.968424612504,20.1372651978701,15.0345434763559,16.6497387746705,17.0558239120715,17.543145620175,14.0748247542438,17.386343584446,18.762260291637,18.2594832202001,17.0420838048533,19.7883101977385,22.5490814916762,18.6493832068103,17.2186398146256,16.7891781653264,16.4641862560939,19.8329519456783,21.366215316366,18.1187047512858,19.7472764265862,19.4351302288296,17.2350176602068,19.9925506340593,18.1603507365499,15.9693974838048,18.0431140737837,21.5015295732556,14.6885082335635,13.7584272751247,16.3115818855792,15.3636496376411,17.9711950962201,18.8488367269118,17.7243648163484,14.9971841993026,16.9324422113835,18.5909267531382,13.8570052180396,15.38975891997,18.5072920511577,18.2342422120358,19.4000565357024,16.5233046679253,17.3047746473644,16.4675554017922,18.4814178865486,21.0811101226119,19.1476903891422,19.5313868976455,17.7708410674316,14.1743733572462,19.6893270134227,17.754253146145,21.7926462812992,19.6569362957198,16.3363659789395,14.4247770232096,18.8984411004761,14.741010764715,16.5898690770476,18.7436169292621,19.9641290619724,17.6776205547316,19.7695589971107,16.4364736958577,15.242674827996,19.5832546829306,16.0681391911548,19.5857131732412,19.6937056437167,20.1024442585016,16.968811713282,21.3822116079951,18.6680071038203,19.7947354663151,21.703086258338,16.8087204150803,16.7877600680898,15.7931364541252,15.4716635277668,14.0534966485401,16.8756030754802,19.2632037715772,16.1693188623954,19.3874430527691,18.9068074895008,14.3019420183833,20.6484544580934,17.2028270278563,16.0114355356617,18.1775307155204,16.3176069019713,18.3190323576421,15.8192713033431,17.5600322302664,19.126487720155,16.6880031711141,19.2945037795368,20.0464297027231,18.1819630256034,19.4820213592931,18.4687821524641,18.2982968516019,16.3869789545797,19.0872788296329,20.0233122879806,17.0548975412654,15.4701679705951,20.4622775560507,14.8148251681652,15.5587535121682,19.7609407688967,18.0883784682959,18.7572760607012,14.0148467823635,15.6903299460802,18.7675731183776,17.7362371507092,19.2331596892743,18.2870401597919,18.9857332743205,13.7074167730933,17.0231673568895,16.7896914449969,18.658344046379,13.5488457880782,16.4699942693173,14.4368114725112,17.127353045301,19.016609800325,15.4961035102561,17.495694755605,17.4006176019651,19.5472381377986,15.7112291602135,14.3856532915499,19.8518337598789,17.5876737276859,13.5329132584392,16.0384956930727,18.1533805674885,17.9498293880243,16.8855541061163,16.5811402922054,18.4252437128866,18.9214421869301,16.0248011513929,21.1108511141301,16.839597382136,16.9400053460907,17.0124015781935,13.1559850431052,15.7629923297803,16.917320688302,13.6363778451429,17.7375077089982,20.0098567340681,16.8371763942419,16.2755217489163,13.5659219464198,15.4520878738537,17.0066578271915,18.8756772445348,18.5967615965969,20.0297662750185,21.6396944297585,19.4646570714282,20.3673765256134,20.9183376039456,21.4479595829672,22.0700351431482,18.9296838884284,18.105373361755,19.1339595350499,16.5868813339536,14.3879668173477
"rpneg_Malic.acid",23.0188046613347,25.1393900578793,20.8731404428858,23.2895784882794,23.3750049159041,23.4593918689994,25.0397297847531,25.3018821309923,23.4906128436737,25.3451152366394,23.4862107104518,24.0189442882771,21.1989732883318,22.7713293355467,22.0109071116919,23.2006719229843,22.5439493416583,23.5025722283334,23.9672471056404,22.9241150637199,24.331960849698,23.93894973662,24.3640511301522,23.7192029415492,24.0833582553692,24.149335725296,22.6597221389867,20.350285595281,21.8665247703893,23.8393657322657,22.7957374121169,22.939058454606,23.1470058700731,23.177417195635,21.7874209265326,22.2660147492359,22.0131447868538,23.3333575774364,24.5961034031614,24.5173194891415,24.0773928054188,24.2566973507642,23.0249216402117,21.0755662618861,25.0694725742723,23.4512362713236,23.3117375497377,21.6349510375387,23.5165787980591,24.2655036833384,22.0734931815535,23.1256372563951,23.2048299545097,24.3842232559103,22.9788376583593,22.5828646530971,21.7809722263486,24.4860316570426,22.5005998659035,23.283046742883,22.2859243240121,23.5603107139244,21.9689511944175,24.9477040343614,21.759565587744,22.3901697558481,24.5075451727269,22.0366023306974,22.9699853862193,21.6855488905185,21.9808349182473,23.1782072131354,24.8275351665528,23.0259328057506,24.6392207114789,24.087324065269,23.9546824215088,22.9792471670351,23.6700823170051,22.8789215315001,24.230893251788,24.2031084908908,24.5607156720196,24.9211201152915,23.3409972043182,24.4295183083673,25.0625133393133,23.0058121888495,24.4351571732735,23.2399273928476,23.2382648003598,21.9062583189877,21.233296828261,23.1249149291175,24.5020411955502,23.6214109322337,21.8736801632083,24.0309419844758,23.8443729409578,22.8826902261796,23.7897159542498,23.7770017596348,24.7232004899042,23.6411164871299,22.4719529075299,23.3645196189705,22.2078130089333,23.8419434293512,24.6779864918591,22.0753275091021,23.8835775713236,23.4828472032131,22.9503965709711,23.650486810279,23.5093648290917,23.551253658187,25.0976361216791,22.0392018152074,24.2557908167665,22.3900622801178,23.6501592435491,23.8122655024028,22.2804786879726,22.3681992386291,24.2095332166688,24.2937689024505,23.4144354530962,20.3362579628891,22.904129666901,22.2846255470586,24.6617176879872,23.1769578163445,23.7637949998111,22.7364870382729,21.6275604487616,23.2998885504338,24.4528169278004,23.9198749786955,21.7791386559749,21.3395712336703,21.2051782038932,22.7022613125302,23.0626792808728,23.0231375457571,22.2310011380483,22.5349879264043,23.8792699473394,21.9132906447561,22.2542678249511,24.8924871136662,25.0207920349072,23.6741598867508,22.3093199088351,22.4158268906592,22.502309058117,21.7351685245056,22.5395188537815,22.7508374022439,22.7760366316861,21.719286435026,24.3440713182619,23.3758163904402,23.0614458082236,22.2722643491884,22.5205506461603,21.815059661618,21.5730078797996,22.3937023429615,24.974370874985,23.537441731935,22.6879979379285,22.8427221686664,23.3025662069671,23.0997736641137,21.8245038608828,23.0790630228608,23.0639379636507,24.1746001986406,24.5196410926877,24.6816287982875,24.9002284926355,25.1097449371391,24.9661054913704,23.606626758705,24.0549744358555,24.5461560035137,25.0795953417428,18.430664554883,23.4595894721433
"rpneg_Taurine",24.376622534984,20.9043454023156,24.4593785132353,22.9726893246694,22.5902415201838,22.3363732940286,23.4203809224399,24.147527319163,22.1134246043257,20.5444125451795,23.4123097083602,23.3772552888511,22.083725772969,23.0065390254568,18.3715741017592,22.1321545882778,23.0975777421774,23.6574473616031,19.6333501865132,23.3155517757843,22.9972651462347,22.5072493574068,19.1460628009277,24.0056609361355,23.910419514876,21.4551357634957,23.3433832146846,22.4796786608712,24.2335347605606,22.1864298074965,24.9881719356396,23.4434567982126,19.7099559284107,23.6622227115619,22.6376689456262,21.3528001945888,23.8437820845845,22.3651054264838,22.8356796101816,24.1282382330077,17.8462338520834,22.7440362787113,25.3566692736362,23.1248834951157,24.1030746136524,24.9934107215448,23.728191478999,23.3285318822371,25.2731390679397,24.8521979185642,23.6879167000244,21.45664548981,21.7834375054403,23.2906280324455,23.2838856803453,24.4312624405108,21.9041797171907,22.850587229055,24.7302451636337,24.1934312443914,22.5491616217637,23.6323013958584,23.3771883010108,20.169847494695,21.9766077654108,22.6618531345445,23.8408422080829,23.7457982614414,24.1825456192253,22.3237551336972,23.5036583144531,20.1126771811519,22.9246406130973,23.7399953242749,21.7575214969265,23.5231132017583,24.4406030298923,22.2226454430201,22.0222933951731,24.1669480592009,22.679693883671,22.4362006466282,23.3479107777997,23.169530353005,22.2926989126088,24.7689016256728,25.0549522721455,23.4552251664286,25.6780354714708,22.2862599202034,19.6146943410093,20.2921141973703,19.4488682673565,21.3343988625347,22.8605277078647,23.8380279821607,22.6803759075311,23.0500966774234,24.1239362880507,21.6793036720425,22.7368099184155,22.7479703534203,24.6859603286493,23.6420472441361,22.4234042094916,22.3111672760513,25.4498524961877,23.7188335397649,24.3970255848183,22.842296291418,25.5030482055702,23.3102059850283,23.0015318639887,22.9659631427394,22.480959717759,24.3830210770698,24.0203765412067,21.6067200282898,23.9894440476407,21.3731716888416,23.3640153300236,26.2093138959016,23.2983554342424,21.0694189791123,23.7513015476355,24.3702688873761,25.1982994421449,19.8030636965734,20.6030028658292,21.2494693574554,24.1036582823212,23.2107079008413,21.9369806411124,23.4786867562362,21.2447173398959,21.7841254960445,21.620413701566,23.7753568671674,21.0716101164211,21.9941442973544,21.2065277795783,21.8570688192156,22.1768635638851,19.5000374625554,23.9460230984857,22.6274644372914,23.7808378912463,20.677169580599,20.5418687581026,23.350033033696,23.8771622495792,24.3429103415162,23.0873888704894,22.2957290442925,21.641737371401,19.3271582540959,22.5589488659181,22.2979586222321,21.65428045023,20.5138843091488,24.2422503008125,24.0669779429233,20.148591606365,22.2241177755525,21.3843056718525,22.4001401611731,20.6493386691894,23.6781619341597,22.8293717196335,21.2600519392178,20.8959238665587,22.3134873886069,22.3715188604474,22.8276153366391,21.9228894629025,22.5557997133223,23.5960149722411,24.1351942429552,25.6416711870614,24.5215763692704,25.978942474065,25.0418400513348,25.6728170569843,24.9825574712537,23.2121869861395,23.9527176283408,25.6732032345216,21.7378842432856,22.4376877637503
"rpneg_Chloric.acid",21.7064773540407,19.4903437619299,21.8814791896197,22.0740331124218,21.0193806129287,20.4110038527207,22.0251568168959,21.2575584388505,20.7835473550339,20.3971107184584,21.8031275475522,20.8374021025854,22.7783833096157,19.5735284712264,23.0768991896142,20.8852393630533,20.2931724402229,21.6180329221468,21.8444975738265,21.335494521387,19.657868057236,23.1469086272619,19.9007018621822,19.7331433826502,21.2807422268772,18.7481029958639,19.6309538441795,19.7083859101663,21.2300983504918,21.3477722694234,21.8821987907373,22.874131459289,21.1893090415485,25.1891292247959,21.1278288185582,21.2280653161159,21.4692844961305,21.6719530852178,20.2365342842815,21.5843114811707,22.4937752114691,20.7474528768153,23.4190876413568,22.189680731439,20.8195683687847,22.8280970651008,19.8911114210681,23.7395505489756,20.3792286584181,21.4618995388381,22.2516151170542,23.2792231720537,21.9370369354535,21.5521469911724,22.6989792081991,21.8368177929258,22.4764108752674,21.927273655894,21.7760934271532,21.6288504648585,21.286188328878,21.6755441996435,18.8349778276056,19.4877133691231,19.3332107410167,20.160095676616,22.5467883187829,21.6385629225633,17.7237274030036,20.2723991004817,18.119297509607,20.9284617850297,20.4517460136476,21.3685780378033,20.9562076825184,18.88807693747,20.3222637584095,18.8903170417844,18.8022068857594,17.9486733695419,21.1625385858425,20.6950459868541,21.4931229373752,20.2723997562666,21.9527730304584,23.2719186399871,18.8820960283965,22.8524105549763,19.7337389749896,23.3584889498391,21.6364642748972,21.6368434669796,20.9218442775005,17.4839032766164,20.7666289428011,20.5398797745151,22.6860696232807,21.1554075314052,22.2480085123564,19.2808800329152,20.3519317172398,20.9805536314844,20.7475285333842,21.8932303191073,21.5860785636388,20.3737103822959,26.7696632159858,23.574990535109,20.2204173934831,19.6859920702997,19.4320408937803,21.73203218977,21.5234608533805,19.301107336017,22.820500361267,19.0092297134125,23.6640201610199,20.7553391790078,21.7329402151866,23.0540413966598,23.0415687956856,24.0542301057443,23.9968038358166,23.1047783845409,21.1172157396008,21.2790934703604,21.8943354022516,21.9429023447582,19.8577527272209,20.4393511619325,19.3770629826252,19.9949505982041,21.5932525475367,21.9129845109252,20.5741727978787,20.8178870687722,21.9344370614355,22.6944646449767,20.999786412648,21.5179464318685,21.7504159367403,20.5745076638685,22.1849353039145,20.7870923709383,22.2585153415608,19.4477633960013,22.4870077587571,22.7383347599595,21.3125294435619,21.3089737765543,18.579929209863,21.3004652565834,22.001780830633,24.0482641724078,21.8384340153685,20.2067445759035,20.9875639007043,20.3285313081563,19.3928533317371,20.8225863251105,20.8335022360084,20.3408920318629,20.6255455933429,23.3168788386543,20.7263777561521,20.9109848916858,20.6526992910764,20.8052072732704,22.1111382174165,20.0973242206015,19.8932160719785,21.866396748408,19.4408266239295,21.3937347930418,19.1066958480826,21.5413070472121,19.3511534024048,20.1304776992059,18.7198889960592,20.0577497916362,18.883173993634,18.5757762942429,21.5721395835253,19.1396333958547,18.7008406717001,21.4252767284771,20.9208857965247,21.3015893274885,18.1298904938164
"rpneg_Dodecyl.sulfate",24.1965536750558,22.6855155853761,27.0610000974693,23.4967239134714,22.7564048666197,23.5994989862401,23.480573399341,23.8054143652652,22.9257679509209,23.1131413626051,23.2020198846076,22.7922528555772,23.0412857010392,22.5740524446119,23.3809986034627,22.8285533911464,23.4335500411527,23.2324157885136,22.5043864935308,23.0738002280769,22.6771431131987,24.7368052311356,24.5978690055879,24.0966114789331,24.3340864833975,22.407768443135,23.0619606203697,23.1198001971246,23.6497765050273,23.3980762321555,23.3235308138362,23.3382741641364,22.8136851093169,24.5640794086199,23.6616899608622,23.0674690038632,23.4325583838733,22.8889777142773,22.5001550045082,23.8813450797603,23.4481522684745,23.4936300805366,24.2869567558884,23.2607390931207,23.6952877962045,24.3167857781558,23.4606399143306,18.5509975807648,24.0706616206932,23.9228647318913,23.8846526912418,24.6572497952803,22.7447176026464,23.3354433811638,23.4326832598663,23.5097259244658,23.0082397832578,23.886546145498,23.2601473451415,23.4363885506639,23.1464023442257,22.7603600444473,24.1688932060007,23.065845215577,22.9082856148665,23.3226049192936,24.0123592352387,23.2742286016891,23.2908314317226,23.236431834719,17.1632681501882,23.496172668601,23.4685125900375,23.6150382400702,24.5053299093429,23.4713423158623,23.5759449715479,23.1961049399686,23.389755340358,23.874118832533,23.825298648243,22.1235648478831,22.1146421880359,21.2151807278907,23.7149662600883,22.9446187241457,21.9444624596762,24.1515345052864,22.5244711359706,27.7971036511104,23.2879711601092,24.1901116850704,24.2370462825264,22.9182701735534,22.350329572863,24.1107194009561,24.6064728662359,23.3988546556656,23.7504926933747,23.3938165455069,22.777449279006,22.6475998187488,22.6484968174163,22.3749064236404,24.6433577629074,22.6941516339731,24.9964769388333,23.1181450060071,22.5631323140937,22.7731373333612,22.8230253751135,23.1724867221808,23.6935807575032,23.5827531533099,23.7126540820247,21.7713377023155,21.7113151472689,22.7125746618538,22.4994442711776,23.6330624817578,23.093063616781,24.4837491061597,24.7475185285202,24.6653780889132,22.3975015813195,22.670062709622,23.2479412197435,23.9231804539986,22.1659627531121,23.5790412541619,22.2585471553134,22.727165180123,23.2496771404693,23.6935030124068,24.6262199316583,22.2481010165199,21.9274692515523,25.3047277276317,23.8749503455788,23.936592573364,23.9389796652188,22.8415036284265,24.6583799397695,24.3381893889418,24.7335423977433,24.335611126711,23.8996309663389,24.9796706205965,23.5651886729471,22.5589555339418,21.7274476226353,23.1454861827992,23.0284976258385,23.00815409502,23.3093056652901,23.1990317882852,24.4684999981635,23.2774726415485,23.5793346762681,24.2921532896873,22.3873712244352,25.3884002803381,22.3160799154906,24.2586900459549,23.5062779444053,23.3883491734398,23.3385543654143,23.3532800840579,22.6660704933111,22.4423327411522,23.3183618273664,23.8886537884763,24.3237460696263,23.3087650310993,23.1721090408116,24.0493788947859,23.5204370259366,22.18221435902,22.3210604110263,23.5426379067714,22.4323758838659,22.2407427034814,22.9095683997727,23.8051364748386,22.1924164999801,23.7270527863086,23.2522659069503,25.0178105381348,22.3015147670947
"rpneg_Trifluoroacetic.acid",26.1173492801095,24.3770448954354,25.2989037415827,25.7329850358127,23.6307119663043,23.7414263779012,25.3027503536637,25.960065745651,23.2714492091648,24.0381209181749,24.4722370893724,24.6507165585082,23.4556686607216,24.3696465700808,23.5224550367445,24.4468256215167,23.3119126746819,23.7076376467204,22.567143282587,23.6466635820946,24.5378029019766,24.9983216209323,23.8369345586694,23.2260183528622,25.2056918825864,25.0071630765761,23.8128681673163,23.9598413736596,24.6248297927342,23.9386492724003,25.4612175739098,23.6811883149384,22.7601990092707,25.1581232718931,23.0209654183331,23.8011571243532,24.7895100784669,23.9363072724721,25.5096276662071,25.2846643564209,22.2443506035685,23.7522988213426,25.7809816287112,23.8084795855693,25.5454734311082,26.1716845389481,24.3969188542929,22.9325606073187,26.0202348378611,25.0192418662331,24.6770809634228,23.6784505080706,24.404256386576,25.3030135147514,23.9041143530175,25.5182068423537,24.3777029635418,24.5333642823085,23.6195846290004,24.9528922194229,24.7209044779221,25.1027124059903,22.1904043380913,23.6917391284314,23.9248228554721,23.6352748858501,25.960065745651,25.14738072788,23.59841894746,23.7570018248485,23.0030483361352,24.0419005863779,24.6629281161407,24.902797259851,25.6895199160088,26.1756428536588,24.9492984080917,24.4412202337493,22.8390304870637,22.9787310416489,24.7202325217839,24.6621370674931,24.2776754122986,23.7822697473326,25.4253798564591,24.8146091666396,24.1677295043007,26.2695126750993,24.6455841699977,26.3739335355358,25.1704088578951,26.0864602981871,26.3874750401672,24.5527871189972,24.9909103855567,25.9920034940867,26.9284662233904,25.7949131842847,25.7711350384128,26.1073539931545,23.2246459487099,24.7620266423216,24.2296955084906,25.0856984282022,26.2936111535151,24.6412227735047,25.5814021810517,23.8807242698222,23.2541249459094,23.5997393808215,23.4075488779754,24.1248970450922,24.4668091424443,23.7022260650102,24.8751017236894,23.1685278287242,22.6727163137132,23.8867698673807,23.3443899537443,25.0917940638118,24.2670130881518,24.6726753777811,25.5554811844315,25.3729751012904,22.8375403043088,23.7205270164211,24.2951641033519,25.0125607679008,23.1810349312466,23.821198082172,23.104283511255,23.6203769228101,23.7587604385139,24.4503920230232,24.3076454765107,22.9419369895714,22.8695280427328,24.9098538908201,24.1655436712715,25.3843145045513,24.7927482162615,23.7963343923547,25.7406877659429,25.225126717661,25.2068719224063,25.0751173163631,25.2524960537958,25.9740554207801,24.5969281939226,23.7660018583453,23.1575215265718,24.3357372783271,24.0451834794599,23.788536172312,24.3703674530152,24.1113906380383,25.0286759132749,24.3296227699977,24.3750505950304,24.7402880225651,23.4689815745816,23.8563818052798,23.2836999731456,25.1314073472761,23.8121781283336,24.7964557401388,24.1786580826045,24.6073644315018,23.789357421357,22.920028684217,23.8098302777609,24.7365495974074,24.2231928309175,24.322500349532,23.7799357468016,24.9109057071485,24.4436813757533,23.6218368568617,23.3613464452713,24.9510147785892,23.9935392913503,23.843070098617,24.3479383277618,24.4499772202791,23.3249878052613,24.4821487600311,24.2104193859931,25.2606181522914,22.7550982895358
"rpneg_Uric.acid",17.583054599318,15.2516693136513,19.6796497816619,17.1747954962445,18.2240014398619,17.242087922861,16.1305887042281,16.1523547994873,17.9006871928746,18.6366950802397,18.1965415325109,15.421658835173,15.9612425997674,15.1927499553154,21.0380193012751,15.3175026235771,19.3987270313544,19.1525783419244,17.4590100085335,16.1422546817043,15.2380554393965,19.4188147791235,16.338677683388,20.3861588377993,17.5746152859144,20.7678762586375,19.2282113517655,20.4096150094227,21.0560447489828,15.7605080155375,19.7590449386213,16.0539633219971,15.4588065374075,15.8706481467419,16.5556792445821,16.0847814447049,16.3576093091404,15.9335343101943,21.0236084700466,18.3593791093072,17.7098974601034,16.3942584541217,16.3388869233714,17.0441580467709,15.8202744928335,18.0996592260399,15.5695341480588,20.3685151239187,15.9988897038172,17.0008284215616,18.4775525205586,20.012516368816,16.6250766567313,17.8851886801061,16.6008238396967,16.0062961306311,19.9003290927723,17.5114431266218,16.7869396411852,16.3199029366804,18.8856888096163,15.5169067867773,21.3059438919871,15.9361797459201,16.6766732748107,17.8930415327105,21.4540681534266,16.3047581285888,17.1180733594921,19.6706652709528,16.1226862852887,18.1811289946648,15.7823153562761,15.8347097106374,20.980396708005,18.2356710566717,15.6740770513238,19.4643323179549,18.973593969895,17.8753508923518,16.29626848738,19.1052898779018,19.4354588468652,20.1251338607982,17.9068539814028,19.3642117771105,21.7967252218253,18.3184409963251,20.0001635404184,18.5048365488961,18.3312353380723,15.9244006170503,17.0013282750861,18.9935341732007,20.2165430461409,17.6197681762829,17.2970884064096,18.573627075869,18.9793222791564,18.6256730945109,20.352788349997,20.3251996979007,21.563487550659,20.0743480555623,18.0510341702577,17.8616866635365,17.0310436565786,20.096606572944,20.7003551224515,17.0931046720422,19.2158940996085,18.6633138618348,17.8878242682413,20.0647174763584,18.4029281252587,19.9033239892492,21.0550998973151,17.4570125121144,18.7329774475137,15.6326833327539,18.269919362532,19.222658587806,17.8834257709868,15.6085046630971,18.6345037869823,17.2585907603376,15.9015721718007,15.8043923189678,18.2164464586751,15.1925258377603,18.2522387451841,16.915687848594,15.4966976562421,16.456923756328,15.5582249925981,17.9181701815785,18.3685402248476,17.7032822407536,15.8275882241903,16.2312926532304,15.7179357066263,14.4912125252499,17.944668906622,15.6455022302068,16.3769734642573,15.9203213684761,16.0688678244674,17.5358637418409,16.2743593045348,18.0788301556723,19.5593802172312,15.8653039165811,15.4147465043654,14.811634885859,15.3836258140665,15.6066683812807,15.5845859133529,15.5314157517777,15.8503552822094,15.9543519210147,18.4816183350226,17.2406506659279,15.0257311161724,16.0677356195188,15.1591222653717,15.6394591849938,15.2037231561459,15.3780097982316,17.7728021058686,17.2926155382246,16.1788729705463,16.007504581648,16.1030318112341,18.8889432425158,15.3332469508263,16.2421029867299,17.3633575160332,19.1086047503061,19.5625724945206,16.2455781556815,18.8258933133629,18.2143181397424,18.7891579162669,16.663828218576,18.0768669324024,19.1159500782873,20.591609942309,18.2999644563427,18.0340406120783
