"Name","BEAT_AML_PNL_001_M","BEAT_AML_PNL_002_M","BEAT_AML_PNL_003_M","BEAT_AML_PNL_004_M","BEAT_AML_PNL_005_M","BEAT_AML_PNL_006_M","BEAT_AML_PNL_007_M","BEAT_AML_PNL_008_M","BEAT_AML_PNL_009_M","BEAT_AML_PNL_010_M","BEAT_AML_PNL_011_M","BEAT_AML_PNL_012_M","BEAT_AML_PNL_013_M","BEAT_AML_PNL_014_M","BEAT_AML_PNL_015_M","BEAT_AML_PNL_016_M","BEAT_AML_PNL_017_M","BEAT_AML_PNL_018_M","BEAT_AML_PNL_019_M","BEAT_AML_PNL_020_M","BEAT_AML_PNL_021_M","BEAT_AML_PNL_022_M","BEAT_AML_PNL_023_M","BEAT_AML_PNL_024_M","BEAT_AML_PNL_025_M","BEAT_AML_PNL_026_M","BEAT_AML_PNL_027_M","BEAT_AML_PNL_028_M","BEAT_AML_PNL_029_M","BEAT_AML_PNL_030_M","BEAT_AML_PNL_031_M","BEAT_AML_PNL_032_M","BEAT_AML_PNL_033_M","BEAT_AML_PNL_034_M","BEAT_AML_PNL_035_M","BEAT_AML_PNL_036_M","BEAT_AML_PNL_037_M","BEAT_AML_PNL_038_M","BEAT_AML_PNL_039_M","BEAT_AML_PNL_040_M","BEAT_AML_PNL_041_M","BEAT_AML_PNL_042_M","BEAT_AML_PNL_043_M","BEAT_AML_PNL_044_M","BEAT_AML_PNL_045_M","BEAT_AML_PNL_046_M","BEAT_AML_PNL_047_M","BEAT_AML_PNL_048_M","BEAT_AML_PNL_049_M","BEAT_AML_PNL_050_M","BEAT_AML_PNL_051_M","BEAT_AML_PNL_052_M","BEAT_AML_PNL_053_M","BEAT_AML_PNL_054_M","BEAT_AML_PNL_055_M","BEAT_AML_PNL_056_M","BEAT_AML_PNL_057_M","BEAT_AML_PNL_058_M","BEAT_AML_PNL_059_M","BEAT_AML_PNL_060_M","BEAT_AML_PNL_061_M","BEAT_AML_PNL_062_M","BEAT_AML_PNL_063_M","BEAT_AML_PNL_064_M","BEAT_AML_PNL_065_M","BEAT_AML_PNL_066_M","BEAT_AML_PNL_067_M","BEAT_AML_PNL_068_M","BEAT_AML_PNL_069_M","BEAT_AML_PNL_070_M","BEAT_AML_PNL_071_M","BEAT_AML_PNL_072_M","BEAT_AML_PNL_073_M","BEAT_AML_PNL_074_M","BEAT_AML_PNL_075_M","BEAT_AML_PNL_076_M","BEAT_AML_PNL_077_M","BEAT_AML_PNL_078_M","BEAT_AML_PNL_079_M","BEAT_AML_PNL_080_M","BEAT_AML_PNL_081_M","PTRC_exp26_Met_01","PTRC_exp26_Met_02","PTRC_exp26_Met_03","PTRC_exp26_Met_04","PTRC_exp26_Met_05","PTRC_exp26_Met_06","PTRC_exp26_Met_07","PTRC_exp26_Met_08","PTRC_exp26_Met_09","PTRC_exp26_Met_10","PTRC_exp26_Met_11","PTRC_exp26_Met_12","PTRC_exp26_Met_13","PTRC_exp26_Met_14","PTRC_exp26_Met_15","PTRC_exp26_Met_16","PTRC_exp26_Met_17","PTRC_exp26_Met_18","PTRC_exp26_Met_19","PTRC_exp26_Met_20","PTRC_exp26_Met_21","PTRC_exp26_Met_22","PTRC_exp26_Met_23","PTRC_exp26_Met_24","PTRC_exp26_Met_25","PTRC_exp26_Met_26","PTRC_exp26_Met_27","PTRC_exp26_Met_28","PTRC_exp26_Met_29","PTRC_exp26_Met_30","PTRC_exp26_Met_31","PTRC_exp26_Met_32","PTRC_exp26_Met_33","PTRC_exp26_Met_34","PTRC_exp26_Met_35","PTRC_exp26_Met_36","PTRC_exp26_Met_37","PTRC_exp26_Met_38","PTRC_exp26_Met_39","PTRC_exp26_Met_40","PTRC_exp26_Met_41","PTRC_exp26_Met_42","PTRC_exp26_Met_43","PTRC_exp26_Met_44","PTRC_exp26_Met_45","PTRC_exp26_Met_46","PTRC_exp26_Met_47","PTRC_exp26_Met_48","PTRC_exp26_Met_49","PTRC_exp26_Met_50","PTRC_exp26_Met_51","PTRC_exp26_Met_52","PTRC_exp26_Met_53","PTRC_exp26_Met_54","PTRC_exp26_Met_55","PTRC_exp26_Met_56","PTRC_exp26_Met_57","PTRC_exp26_Met_58","PTRC_exp26_Met_59","PTRC_exp26_Met_60","PTRC_exp26_Met_61","PTRC_exp26_Met_62","PTRC_exp26_Met_63","PTRC_exp26_Met_64","PTRC_exp26_Met_65","PTRC_exp26_Met_66","PTRC_exp26_Met_67","PTRC_exp26_Met_68","PTRC_exp26_Met_69","PTRC_exp26_Met_70","PTRC_exp26_Met_71","PTRC_exp26_Met_72","PTRC_exp26_Met_73","PTRC_exp26_Met_74","PTRC_exp26_Met_75","PTRC_exp26_Met_76","PTRC_exp26_Met_77","PTRC_exp26_Met_78","PTRC_exp26_Met_79","PTRC_exp26_Met_80","PTRC_exp26_Met_81","PTRC_exp26_Met_82","PTRC_exp26_Met_83","PTRC_exp26_Met_84","PTRC_exp26_Met_85","PTRC_exp26_Met_86","PTRC_exp26_Met_87","PTRC_exp26_Met_88","PTRC_exp26_Met_89","PTRC_exp26_Met_90","PTRC_exp26_Met_91","PTRC_exp26_Met_92","PTRC_exp26_Met_93","PTRC_exp26_Met_94","PTRC_exp26_Met_95","PTRC_exp26_Met_96","PTRC_exp26_Met_97","PTRC_exp26_Met_98","PTRC_exp26_Met_99","PTRC_exp26_Met_100","PTRC_exp26_Met_101","PTRC_exp26_Met_102","PTRC_exp26_Met_103","PTRC_exp26_Met_104","PTRC_exp26_Met_105","PTRC_exp26_Met_106","PTRC_exp26_Met_107","PTRC_exp26_Met_108"
"rppos_3.Hydroxyhexadecanoylcarnitine",19.568265216712,21.3492329942908,18.4043306987399,22.1577608824148,19.9360631888414,18.6838095052739,20.4193596602896,19.4909041719181,18.0135007263716,20.7699596812331,18.495407319485,19.5265263368885,20.1827471102693,21.3195017435656,15.9900399271825,19.7910489556648,18.7661755072278,16.3095664818885,22.2315539006066,20.1754919806436,22.2717409812028,16.5377958979381,16.9631279395594,18.1679146891616,18.7463160975403,19.3477359949906,15.8352310978895,15.9649337660193,18.6092446013249,20.7618997245016,17.7612057670683,17.7387929663912,21.9141852968858,18.2210387942123,14.6938262341885,16.9715908119759,19.7291052912761,19.9698327336773,20.1048187430954,18.1520006863717,17.0165142289301,20.4867195056249,17.6135306197504,18.1975068455125,22.735627689466,19.4073117550104,19.8955365843515,19.3400002374939,20.0465395973102,20.6945115430293,20.1581941423895,19.0477822226908,21.6569552815577,21.4955557551362,18.778501439348,19.2239535266312,21.807912854589,19.6806894491379,18.5447403471211,19.0505570298667,18.187557957349,20.4632990908534,17.7052926685047,18.3606582038209,17.1115555222349,20.685214637183,19.9734799210247,19.8207705192261,20.4698183021134,18.0148904683979,19.2958936164158,15.6146506232523,18.4753403257926,18.3533700452957,18.0651442066341,17.9697784170431,20.772292078356,19.2581944845278,15.5077602472287,17.8526946117228,19.9107986940337,17.3357631029427,19.6530519803831,20.9750325657929,16.6383464906839,18.1711819457554,20.1846235811992,15.5506426514526,19.3749452943086,14.5970980511851,18.0979618033391,16.358721680581,14.0137344047801,19.3860793220728,16.6081348075939,17.2452903050603,14.4065994388525,19.1863264884351,19.1977974388645,16.9068368790379,15.9140362418652,17.6843296736421,18.3028687518841,17.3294406709465,17.3114735149996,18.3371558028365,14.2243883040185,18.1920767117263,18.367403537916,19.9757439028933,17.5195530470161,16.4419867414277,17.8156139668049,18.4296073050609,16.8134199889034,22.0253837016736,18.1148722405845,17.1776339270264,20.1278098003371,16.3470917083043,17.2736670770702,17.0730056683686,15.6295173512301,13.4591348497712,18.9319415092792,18.0718758447167,17.4379443373999,14.9870198844591,17.5856570897999,15.5336088867396,18.6284408065308,19.4977431786325,16.5097305887911,20.0711571187112,14.8529240564787,20.1222002621996,19.5180947649432,16.2611048270816,16.7464271026552,15.3228519926369,14.4589636638917,17.4511175075597,15.4784482212174,15.3682973657472,17.4165940137078,17.223951625502,15.2598946635953,14.2739934745194,17.4507343219042,16.7271651927104,20.0504156112198,16.5288598858254,16.3737240819427,18.2685906990608,14.9015109793498,16.0874711411606,13.1390291004946,15.6718014118922,19.2023867346317,14.1854368535927,17.9677554118205,17.6077289508559,16.9338162091316,15.4711961280345,18.3720965957606,13.0385279492727,14.7225697519917,16.2653850804289,19.7544974479367,18.4730492061342,17.7410183371714,15.9989798944126,17.4255280509793,19.4098595549512,16.3682745674968,16.1370179327522,17.4313507207082,17.2812289916508,17.0365928976112,18.9638641756824,19.1553696125599,19.5599100701967,18.7796833284761,15.4918703424736,19.7199534975686,18.3719229227443,17.8291939628036,13.9138784249143,21.8200252833756
"rppos_5.Oxoproline",27.9602123480646,27.7921588681689,27.7576640290509,27.5850609972456,27.7888601696736,28.1406142261662,28.3076682619635,28.5584758743881,27.559374069584,27.2631087284011,27.4727408450023,27.9117130669261,27.6914529718263,27.7416966578551,28.1913627846414,27.9514543145701,28.5009722635044,27.8466156371471,27.7588547824358,28.1578352517128,27.643739183571,28.386495846681,28.0031731337773,27.3529826112667,28.1139854904445,27.8466555031308,27.6022025874154,27.1152786691558,28.3252969526278,27.8412650039248,27.9650455023807,27.734388232906,27.3209128686451,27.7499471497512,28.0961921418652,27.9499801532402,28.561242504418,27.6905601180366,28.040121338073,28.5179024869948,28.5693649305715,27.775978621565,28.4049060680086,27.6174499209149,27.8448121713706,28.3470618592086,27.5089826328336,27.5775641241707,28.2423805163739,28.1635775833461,28.1454330593488,27.8806357292446,27.8160127699691,28.0589381102361,27.9119656158655,27.998464216089,27.6054185891489,28.2458871111387,27.9155725876681,28.0703568533289,28.0890526007456,28.1615725625043,27.4410941945931,28.3731662796912,27.6707812187968,27.9329409828788,28.0608196232743,28.1583298630346,27.722820435868,27.8030793547196,27.8386420471459,28.1410461677753,28.7349133074835,28.1720896139612,28.0301915277462,28.0133774575314,28.6561649076394,28.311137249922,27.9806587370945,28.3564025190304,28.1829722071949,22.8196896407712,22.2455479541487,20.0057530198772,20.5181060014599,22.004226201314,21.6104259025661,20.2534884706355,22.9771934628729,20.1003341130227,19.8590311702756,15.3668846624886,18.2891680912975,18.049111353908,20.9510956743828,20.1262218354604,19.5158328557969,21.5938031598456,22.2338056494591,19.4953197758562,19.6401958393317,21.0939167591599,22.505566027224,21.8771785325956,20.7150435608388,19.9999682324244,20.3397274678605,22.3734160563179,21.8089107583581,19.4204665172584,22.0625272985713,19.9810883977567,19.9165494470698,19.6498917807161,20.3683248072881,19.976537764664,19.6375502157374,20.0023971371437,21.4176004529792,20.2759263112784,22.0080865346501,23.2158331143736,17.7568086899709,22.0242124112452,23.2557111632444,22.5667286914456,22.8843353795078,18.7199484036657,22.1946398249446,20.6755113918675,22.8839058613218,22.700832499337,18.5364895772021,22.716758176016,18.4637915491833,19.9995394349414,21.1162092791383,23.1902347368544,18.384871731797,19.7221190153696,19.7684724460157,21.470635251832,21.0735660272877,21.5292018266439,21.5947759403782,19.9559673654869,20.2391832335879,19.1029506348974,18.2478509685753,22.4095195413805,21.5088550799537,21.3212463651513,20.4984645285022,20.1774280903802,21.970221048655,20.393834680281,21.2435157541951,20.9508738686266,20.7533943476078,18.725431062218,22.8916703904342,23.5471445946429,19.8319683669106,21.3456460554021,20.5478539784227,20.2566916875162,18.5121864982559,19.6379167771701,22.9910057590251,20.757286093038,21.221328806486,22.1181392732806,22.2030441472586,23.652505886481,18.5310485902439,22.0088569325041,20.4719549059684,22.9959675135097,22.7399759913767,24.7183644567016,24.133197999435,23.0098488757942,23.2211101644693,23.1415236454861,19.6926636605714,22.1795801218006,23.9740273846072,20.3722989176804,18.1726241734073
"rppos_Acetyl.L.carnitine",27.5437271365953,26.8993136498432,28.8128689013776,29.7644101904875,28.3207647143596,26.1824983177088,28.107062652605,28.1397702840235,27.0138591217907,26.0093138633902,27.3411676763691,27.9027374902543,27.602940586694,28.7882073645206,27.639440260471,28.2022997969555,28.2369398273317,27.6284039880105,27.6174074890784,28.638569211802,27.4263557068701,28.2604825286545,26.8471350840545,26.745112244135,27.7558184863598,27.2465443819949,27.6741473754354,28.2909569450022,28.1380947922957,26.4250937568247,27.1869564969409,28.3831128501048,28.7700951363318,26.305135762533,27.3600178087794,27.0459947482876,28.6445382035949,28.3091291635237,27.9938485532267,26.0329712044482,27.8664882769883,28.0210402782473,27.5159614572148,28.0058994212669,28.7270907009245,28.3569073590823,28.7648001840423,28.1208754712913,28.2348404571907,28.7532564402917,28.8125527949377,28.3243277381469,28.3871304714161,28.2696816163646,26.5059669164141,26.5306024236306,29.1457119915518,27.679303989324,27.9564856868146,27.2842823208682,27.3357896201907,28.3626422922912,26.6843185400712,25.4800046783739,27.3424966627243,27.7169507894241,28.2041543680887,28.2758785945177,28.2407771411862,28.8017767656948,27.2287421832065,27.637569632007,27.7908966432362,27.6363306745143,26.8369306683931,25.563085413761,27.7330583567998,28.4562514484944,27.2955413422472,26.703558315857,27.1723415261395,24.6861832551389,24.7156441075573,24.5270039200296,23.9159486088257,25.0274025222177,25.175435801845,22.6540437985029,28.0970603543819,22.6278135582894,22.7600877662055,19.4545332513171,23.264167820413,22.0126226732497,24.2041551498684,24.251709445221,23.0518766872917,25.8481745846455,24.4731757806891,23.6551962894478,21.7547096722329,25.6719962146982,24.9163269380324,24.4899106244059,24.2927297875842,25.1319913614521,24.9880458495806,24.547858744183,25.296431705056,23.8293905685513,25.875391181937,25.8762882159787,25.6930252953613,23.4504729268269,23.9185002649726,26.3835517731011,24.3675000721354,23.5754153687971,25.4672372270253,24.8699131120779,24.5697284280137,25.6120878600886,22.6284133842589,24.3713878164547,24.3195403825914,25.5162007911438,26.2897279940154,19.2038201394535,21.8501633178475,22.9963916286324,24.0740654388342,25.1733132540903,23.553925644352,26.7168779230798,20.8128265929377,22.0402673821312,23.1945777035778,25.7617128677091,21.0321912665459,21.5712843746661,21.3954747614722,22.1149870924302,24.1304446489589,22.1942336436457,24.498481691021,24.2936964587362,23.9760265046348,22.1857040712585,23.9698602049291,24.3945902626674,26.6089727559462,24.5423932060272,24.9408529704456,23.5372312814983,23.3947413863143,22.8671384262203,21.5236480757892,23.870201850296,23.6070660986125,21.1115518565391,24.5466126183941,23.5184995312575,21.8425206558649,25.8813986341236,23.7664616686179,22.6004833750015,20.1750346974189,23.2761114607835,26.0234985622543,23.91735911784,24.1897169536306,24.0654236285192,23.6974039813393,24.8168602423335,20.6913995322626,24.4670147438294,24.9915819185613,27.005025901795,27.601098341569,28.2885148002226,28.3584264682838,28.0209425485588,28.0264746372942,27.3528648810677,25.934746122198,26.4955656772271,28.4875529580203,21.7718170904207,21.2278241381705
"rppos_Adenosine",21.6977685058015,22.1888822722817,21.1181526961925,23.4528034625846,22.0659318512729,20.8407788422467,20.9107480986977,21.7654371526029,21.7062268321282,20.1429865840127,19.5597655016774,22.9335007870589,22.2772258900505,22.6808295064552,20.8098098285547,21.9092601618786,21.5095210829903,23.0160227688744,19.6908754778404,22.8140862586683,22.5407285709643,21.7121692821969,20.7648081869348,21.0815070331631,22.2415150916539,23.0714362294991,21.9824845129457,22.102425218706,21.619357302651,22.8637691240216,21.9919371515554,21.4476210507027,22.7628564449913,21.9564618315167,21.3429768807713,22.7628676645114,21.7953443001157,20.4579225271831,22.6019078420886,22.3542672861511,19.9745408849522,19.2857389466843,20.5864834556539,21.1764350444987,22.6367752645249,21.0817554054539,20.1823948251866,19.9326854034259,20.7080908309448,21.6633643852609,20.2314923968671,21.5623432148226,22.2188006554553,21.7109249078338,22.4353179489815,21.7682892720721,21.870018398961,20.2264533785181,21.9125852512475,22.5490246997494,22.3774805844938,22.4189086106329,20.6217878939681,21.1368719327104,22.9072991388238,22.459040294327,22.2695672154831,22.9217440701716,21.9609032676062,20.5747671985899,23.0059089859767,21.6062021402348,22.5758173220532,22.6680784301469,20.3987040073731,21.1553557202021,22.8286140326635,22.8337111034612,21.115677803224,22.2982286068346,21.6985136495316,23.4558713726248,21.3523099572707,19.9130961972945,22.0460313986459,23.8358069418824,24.5003735627425,25.1651523443563,23.3347044589503,24.1514872647523,21.7133592410886,17.5494219087989,21.7706865562602,20.9006519405382,25.2264496912069,22.803608924483,24.3430824059551,23.1982896195533,25.3988915694408,23.2084905458212,23.3279826638875,24.4454744879024,24.5385358436322,23.1651455433994,23.5989400818151,23.0284159682744,22.968141172842,24.353529218561,24.0659420580577,21.8914066358875,23.0552257889369,23.5179088693301,22.4846804727085,23.7553769793042,22.9757940898878,22.1052768907425,23.3041920748216,21.432756184011,23.0108240932996,22.4171205697482,25.4759666657801,24.6633693390905,21.4824861345081,21.3629792065327,20.8684287180529,21.4465700637385,20.7450117621629,16.9202788594812,19.6097481271559,19.2553515963476,20.8873302917048,21.7837149672593,16.7660964251808,21.3105517936139,18.4476552531827,18.6992330371159,18.4280992829132,22.7467464540124,17.8604209935884,17.3878067336624,18.4087418070886,20.7403849940804,20.6742151349254,21.627766468472,20.3566106281752,19.1225202289358,20.2041944235591,19.7068145584435,17.9340037150638,22.0282695422587,22.3645107249774,19.2408313529851,18.7561178776299,19.6033746430791,20.1964274387541,19.0827144918857,19.3868368066489,19.6212376075039,19.2139863534288,19.1539526165455,21.708244172336,21.9134955989806,16.961713544676,18.7757155946889,18.6978899700997,20.4469616316956,16.5236354079113,18.885021800553,21.310074892927,18.0541712654583,20.3297661702352,20.2704555504017,20.2489950343713,22.974404072657,19.842870467354,20.3638831879427,20.8636603957782,22.5675465286891,23.4370339174443,21.7896825066231,22.3725663324441,22.8587127839121,22.9198732145406,22.0780154988748,19.0178754260456,25.759482482781,24.6408875464776,23.4392564751466,20.0334771258393
"rppos_Arginine",26.3009509144802,25.6075496107492,27.0760723293441,25.9806630031066,26.4007273967396,26.602904241187,26.4034066690543,26.1589848486341,26.2024833462504,26.1390704493151,25.9516228889485,26.5830283124563,25.4127042551529,26.088616714882,27.0685689224631,26.3321608837945,26.8740298075155,26.810119401129,26.0799391004413,26.5737314162747,25.9502935392078,27.3710649723945,26.8146494545425,26.6534106205005,26.0949631983166,26.9352679932872,26.6796975021618,26.5737646220791,25.8753238096552,26.710868597071,26.8312785735793,25.5581899641968,26.205683294422,27.1303688502565,27.2517013196155,26.9832766173791,26.4448768547657,27.0323473138426,25.8973451721433,26.5514072874197,27.7250450550906,26.5877794272721,25.6789936085868,26.3142933744083,25.3126119184965,25.5668899299413,25.125891676869,26.5664284641884,26.3200496396543,26.1135648759685,26.971290289916,26.7003737361058,25.494793869622,26.2336666480155,26.732029376441,26.8101358113265,26.7232823080632,26.8371410164092,26.3009669039165,26.7726642523948,26.7007819711473,25.8424412454361,26.6302796315385,26.8356177960337,25.3391933981739,25.8478818353158,26.3834949473435,25.9139347626883,26.5941872398488,27.0408237658728,26.6443066200435,27.0743444110487,26.830703084397,26.6213552865011,27.5900005566626,26.4479198466696,26.3694379081868,27.0405959751586,27.0056380899077,26.7576655699657,26.8827252549735,22.9742790797701,23.3182169773383,23.4560957571718,22.1813334614693,22.5834565348864,22.372168404261,23.2658800716241,22.2580751564456,23.9736937917669,22.0600368624445,20.9406686893213,22.8771520066935,21.8027117316906,22.8025541336693,22.5813207005169,22.9873372112907,21.8044642144717,22.6097520882427,22.388176057212,22.4319764912582,22.638127071084,23.593715293644,22.3389700366987,19.7806469472784,17.7459550007906,21.7455273713522,23.0700801815343,22.9493630910402,21.9572912782013,22.5501713933773,23.2035962390887,23.3452341675672,23.0632976126271,23.7577714989206,22.6549881094954,23.1854868463442,21.9981391766408,23.2143584846925,21.7656770283157,23.7319791607249,23.202748644108,22.2162420938195,24.5796786809612,23.4402461464004,24.7149014679519,23.3969222098245,22.6239149091982,24.062986568543,23.0456312162151,22.729449702567,22.8448864321836,23.2113452533264,22.4139779201782,23.0121433850081,22.6266333386989,23.4245018510965,25.1725685737387,22.9009566900941,22.756790975513,22.947196018037,23.3602988682419,24.5325883268446,23.6904250677972,24.2882263809009,22.9657740233082,21.0776265935495,23.6402192105818,23.7064639504649,20.8568743398833,24.7237108770437,24.2665497054521,22.5083354147528,23.4686606533607,24.0801358368602,24.2052372019795,24.0585253492715,23.5527736792057,24.3246354894655,23.4768418525346,24.2533632657535,22.6119319558867,23.6416659459177,19.9679559420532,21.9862711104683,23.6590215838513,22.915076327503,23.0072405236758,23.9040462250095,19.4803797742612,22.6434990572386,23.972876245595,23.5374719638902,24.7480915126211,21.1491557175618,23.016959403613,21.1301611798275,21.8624084475199,21.931466161652,22.8853050310299,21.8913045732403,21.6203691984135,21.992488140898,22.4370023907428,21.1798753423797,22.7808269173977,23.4311749061461,22.2293422113684,22.4035874142433
"rppos_Carnitine",26.1046120739857,26.0583322407468,26.2410682684243,27.6553413511949,24.7893281883899,25.1359831431838,27.3852060799148,25.1327468101687,25.2671028816421,25.3387574490843,24.1136745760144,26.3168821354286,25.4658598580213,26.8388603143935,25.3932923473774,26.4981809888455,24.7095044081751,24.1022783972213,25.2727755096506,26.0789468061691,27.3124946650654,26.445075844306,23.869326094045,24.1109057629793,24.8996173706466,25.1820567128046,25.161315812942,24.0301718536073,27.176799860582,27.174215968615,26.430708019481,25.3981208005653,27.0726209551786,26.6422763697474,23.9231077550581,25.2060161380334,26.6632833726018,26.4310283633397,26.9683161009509,25.1061710276295,25.7748283085648,24.2963926674219,22.7144300229556,23.3611238729283,27.2087182564975,27.7132432373998,24.7229207463525,24.5232318126242,27.1810361507926,27.1228941249914,24.9552463753558,26.3484494418316,26.7816586949718,27.0041255937342,24.8375576578664,24.6835243005711,26.729824004987,27.3581550307658,25.0592350114624,25.8025962960516,25.6194435967884,26.4609339516883,23.4467057491664,25.5734427308067,24.9506749049707,26.0745234464095,27.3147519486146,26.9822155015407,25.8008960410418,25.9917529018182,25.6400591421028,25.1405807272674,27.2784103305196,25.8965206603477,25.822125872346,25.31177160847,27.9145228990248,26.704967251542,25.6024851211153,25.3659730852486,26.1931332830496,23.1112992864886,23.1286971927622,22.7243367333843,22.1629542282883,22.8353497489746,24.2318207364968,21.9999771142947,24.7549845878211,22.1020056189468,22.0088535003277,18.2541670624771,19.2343374655337,21.7590183457899,23.9063996444935,22.3850660292255,22.0365588359154,24.4940509788315,23.4820402103681,23.1686895672387,21.954294346209,23.9394854120037,24.6411698544589,23.8894420897412,22.7139989250547,24.233400868397,21.7256393335208,23.2954511600627,25.0145102021807,22.8780497246766,23.98420409099,23.4897072191997,24.0862916922025,22.6133700614284,22.7819959321973,25.3934000804707,24.307153573913,21.5368440120934,24.4290353015641,23.0006430384155,24.7443207897753,23.019329896271,20.7034420059293,22.4308505950234,23.6790648727487,23.6912728576402,23.8957245773444,16.8661719525536,21.7813465233614,21.6754134308357,23.1509738392207,23.4566742295241,20.4250614206491,23.9684204887535,19.5243764634875,20.6002781531614,21.9553729984222,23.9635596969895,19.0803806691514,19.7129417504592,18.4117563712224,21.0988529006068,21.6445730217565,20.6680723952739,22.9110874896723,21.7677139693435,21.7894499886462,20.0794623785402,21.1502667136557,23.0471587772793,23.1584085060327,21.5382007394599,21.5991652500975,21.7178696365643,21.4499121011576,20.8772433648415,19.4449200576954,21.6804176439968,21.5871555440793,19.3902247926244,22.8247910614104,21.9369090295934,20.3898883315576,22.8331420332081,21.3666487938588,20.6096562253735,18.0719962959315,21.4257549183027,23.8482204028303,22.3246537800683,22.9194490927227,21.4182220332928,22.1757833030588,23.3982728174488,19.0079966386137,20.0924931984889,22.1666586967717,24.1053708477277,23.4624335445827,23.6623262324107,24.5245676871204,24.1013186243681,25.0247228268696,23.7769525430316,22.1803334622094,23.2724993689116,25.4913604451492,22.0026904658354,19.6745706831406
"rppos_Creatine",25.3288515295157,26.3997799851415,24.8053545270124,28.0269149102473,24.8686091396055,27.5349938326792,24.6389658361156,25.510429024038,23.9479909489955,23.0902265739658,22.9200924641708,25.2210184686196,23.0539764135914,26.286126379002,21.8226988741097,24.2320529161969,24.3970284272572,25.4282786971562,23.9565925587711,24.9146987827915,27.4294754536037,26.3240176690587,25.384550780111,24.5852979573521,24.7052290496304,25.3401740837391,24.6122433263344,24.2830528350301,24.6826484275538,24.3600958705649,25.7645598771298,24.4276088070406,26.4847639826076,24.9678637811184,24.4376604045966,24.5594720306342,25.4424528328763,25.2148764026861,24.8076425280005,24.7127087458469,22.304476338483,24.4078120210755,25.4568392454462,25.7812286262714,27.2067587748758,26.50274389719,24.0006881722506,25.3980574136035,25.5209721287696,24.4795345406607,24.5179059827805,26.2639625605995,24.9963069307777,24.7315852318841,24.6318071480061,25.6700084184153,23.8560341530588,26.5783775696262,25.624661969436,25.5900707923005,25.0159956684568,24.7390006633481,23.0146555985126,24.59137655639,23.9912048736334,25.2092044004887,26.1176682740425,25.9116238749439,25.048105614399,24.1786589284376,24.5812414244872,24.0770941098927,26.6564510231037,24.8256428018855,25.8927127818144,23.6166026220063,26.9604832860539,24.5036279569961,25.432148875279,24.6290682749408,24.5547890230242,23.1940926480227,22.7258240496203,22.4345781163835,22.645972955649,24.2117032113199,24.5295640020019,24.1722129775013,24.0186283221977,23.3918388014517,22.0742095054258,18.1649993009831,19.3016505100596,21.5463420399739,24.0910257539554,22.2652757678349,23.4727029483884,23.1756227517363,23.9646707296078,22.8245005623869,23.2630142290719,25.0338748436324,25.2909898369954,24.171531010615,23.0891955558628,22.5748958955623,22.9856211896419,24.4585420826136,24.7473859875924,22.3894585860647,24.6654933927006,23.7017572736072,23.1808999580199,24.1350139668395,24.1639719931598,24.7429786062775,24.4815580688671,22.1308361562308,24.0667065585345,22.5011241737028,25.1523783143201,24.9673529591245,22.998096890002,20.6030625006306,22.3805481890074,22.1294480459489,22.5651200998913,18.2167743911332,21.9209751831077,19.8391840539341,22.7722179689384,21.3011321889955,18.1207927378811,22.2640688134519,17.009540122396,18.6543460443604,19.7704579346685,22.8905172360465,17.421289804522,18.1239889167911,17.3075064692495,21.2967014940176,20.5301027618735,20.0193206125358,21.2700638337549,19.7553670038932,21.3206916368317,19.4162718477017,18.5027215835216,22.5019105192487,22.1175138592648,21.0354977237435,19.5432100401222,19.5074696088956,21.8232731608542,18.8603386913485,18.212398881703,20.3696832502127,19.8357954612723,17.8399311957253,22.0436053980709,22.3720148159417,20.4641531828092,21.7989521502196,19.4797363432755,22.7864079468935,17.2850781561521,19.3687189841294,22.0848758517042,21.1229023832574,20.6462923381317,20.9347251349659,21.0310955608406,23.2031324580035,19.4842989660074,22.8165436134274,22.4930595448542,24.5507710666317,24.3156700772635,24.9476741610398,25.0480576766707,24.9569112769454,25.3351889697742,24.4161930638859,22.5457811425472,25.9383023564599,26.1598980107276,23.3975336005716,21.4564008073377
"rppos_Deoxycarnitine",24.1120729712794,22.7157514088012,23.8306864967208,23.601532485227,23.2631464797884,24.1280759622862,22.4597480664792,23.4499420582026,22.6352214754318,27.3909617886891,22.6762950046509,23.0609477902154,23.061241765653,24.6863537946479,21.5332072475863,22.8909485927808,22.5569127872445,23.3867564087231,22.2412927298547,23.4443324681522,23.8126691369145,22.0761184596145,23.2851972447253,22.4678940084458,21.7870104689932,22.695544735526,22.2291515224296,22.8768696722247,22.9232239581176,24.3927185814939,23.2891176965087,22.280112159348,24.6568741646489,23.4427583244194,21.1033470746754,23.2526442868145,23.6361633018175,23.4474202085392,23.0931736971915,23.7678815083616,20.9964243300113,22.9604213584923,25.4535039619123,22.9825580688006,24.1907945690527,23.2796906753187,23.6633921121095,22.4976683488903,22.8485848725388,22.9577616339429,22.159498796498,23.1120906314924,24.1695198454304,23.6785420411754,23.0441980494889,23.6583194016009,23.0999024169828,22.9192054094615,22.8953982687963,22.9325456957472,23.5643550562973,24.0503455860905,21.6548065994314,26.0720140325161,22.9681782111774,22.5613774607636,23.9419678141673,24.070643761972,23.8123387257174,22.9717832247449,22.130696067983,22.1003196790919,23.946368466562,23.2099496634544,22.3985077890234,22.8744642471342,24.083841313326,22.9072406595378,22.8944230393158,24.1743119868213,22.5722882869814,19.5735263985807,19.097249967411,19.5312024376833,18.0851522910574,20.0676409758627,20.2839485542928,20.3284266088787,20.8351048007204,16.8841808853872,17.0810561382591,14.5778993407258,16.7378786075152,17.4357573947369,19.9678070578483,19.2791849400426,19.2315152753934,19.7972434697337,18.8356033328561,17.6190419926114,18.3175891872007,20.0234164111274,20.1852502721335,19.8447400660114,18.1362612286402,18.8566733786569,19.3964718292771,15.5599200313,21.1676461177539,16.1273049197956,20.4461166469239,18.8845862393491,18.930972306829,18.931833743326,19.2742980795014,19.5887929547392,17.6804732638401,17.2559593817047,19.6268011319661,18.5804636708167,19.8813404886876,20.0445037475942,18.3083734136531,18.0764349112461,19.9809240409927,19.5496582895171,21.9189491296894,16.3257438529801,18.9256324988505,18.3520626093111,19.8724755236018,18.4225098123667,15.7140008810595,19.6823003648025,15.2516281808295,16.7093963151102,17.5780523236985,19.3235169255756,15.8673686254052,15.934555837705,16.1319097440598,18.0513397744499,18.0948994079261,16.694662178599,17.1558572126057,17.987267382909,19.4753027720629,17.2294032204572,17.2825178804177,19.465483018691,19.6594061012064,19.8850989385211,18.5360960967099,17.6197575833489,17.0376908934533,17.421289804522,15.2308777338229,17.0915001375131,18.0691868030514,16.3475144307394,19.7148545523951,19.4542878133227,15.9120002508244,15.0241432508128,16.8406949291539,18.2593799221246,16.3081697299136,18.1655861439171,20.2479253822912,17.0779296988767,17.4676955405942,16.5923341093045,17.3294012120929,19.741888565953,18.6543212489045,17.5903432156658,18.5395431646724,16.3822637650122,21.1068547981343,22.5666938379996,22.4409880029942,21.889997013768,21.3064131666583,22.1133343581971,19.2556933724917,25.1241624080681,22.7881186876041,17.7909748398729,16.4719677206347
"rppos_Dodecanoylcarnitine",15.4889514519726,15.7632657804427,19.1602253265874,18.4081217707715,19.6752038794234,14.583080802936,16.3620159272164,18.9213841665783,18.1198383809424,16.2577152514842,16.7066001661917,17.712187993085,16.2326459366598,20.4516309232461,14.5163135594212,19.3921972650779,17.8320585937169,16.3990899282573,19.1298518989632,19.3817580656141,16.12581533025,14.9918060950601,16.0551860262507,17.172729930911,14.6741103732884,16.3170640915429,15.1414637032825,15.9678848923251,14.8991377437323,16.5355196810859,17.4265464598463,17.7631620394591,17.8209598279762,14.6397391458292,14.4436603658344,14.3423022591643,18.3681162516157,17.2047236439639,17.046363812351,14.7181799965027,14.511528846176,19.6414503079109,18.2061344504834,17.5713338280061,21.9298800670089,18.4226187971434,18.2563456273069,19.4143286439263,17.2109308599386,18.7077005503009,20.345587143472,14.3441548254834,18.6634157685844,17.8702455931295,14.8527289400071,16.598985510677,16.8602136317154,16.1086708327371,17.9985745350391,14.8970595275832,15.6355953672547,18.7850695815158,17.2601371736774,14.7435730668412,13.9198446108129,15.9545081632344,14.7729055662702,19.1614249328365,19.4507461152648,18.5976462281434,17.9418726795529,14.3472713633473,14.5874047117531,17.3945684599397,14.9908869113583,14.6209337582436,16.565616863348,17.1646111612663,15.9432310515735,15.0493259222531,14.9387979152373,19.4719193498926,20.4313956481916,21.6885336292737,17.7435123533477,18.0774473555524,21.3338082366393,17.5202457058162,20.5562128801205,17.7269225725461,19.1793887142301,18.1357604213055,17.5716213105594,19.5966025776724,17.7946110219529,18.7022614413849,15.7375889741152,20.761823567627,19.8861424044771,19.8756560283066,18.7406783740719,19.374370504328,20.3938152179572,19.548565652869,18.7708376968124,19.373132555227,16.1923627209034,20.3664289117309,21.2446135669564,21.1901431478341,19.9254248451409,20.3327127672634,20.0208637408674,19.3705303814649,18.0393537249149,23.006672617093,19.0028359652213,18.905262601997,20.9597154703214,18.4683036979361,19.0260836961963,19.0774480471687,15.1753818339475,17.4362175792514,20.0535664700425,19.4281217428186,20.101621211315,14.2247591010911,16.6302342600887,16.818294944531,19.0127509886683,19.8935880819835,16.5417919009151,20.0175768742765,17.2437904680745,20.8864100644984,20.0198952011038,17.6376005120361,18.4814521499829,14.3356115605669,16.2672064480471,20.1752733554444,18.9188482788151,19.0688490199119,19.2636548061336,18.7186468149205,17.9663678979193,17.4734830095367,17.8528228473585,18.7377963172746,21.8023167847445,17.9280207240993,18.7527415732174,18.7071399574074,16.7658815171561,18.185040808628,15.8984262062006,18.1222346520299,17.64228176467,17.2351190904259,19.2944436358435,18.8977032214868,19.4433969614168,17.8925665766406,19.9840756977064,15.2989876434473,18.5240276315431,19.2878745403216,20.4411725565389,20.0791922318263,22.0284866462581,17.8996699116236,18.9226942826798,18.6432960428859,19.7068628935501,19.1015521207383,18.2741044785486,19.1992285086008,19.3145833038355,19.1078113534468,20.101367778244,21.2393902189013,19.2810179836263,17.6169903177252,21.2947709467616,19.7580376383757,20.3784827300486,15.2482964356102,22.8287441961852
"rppos_Glutamine",28.7930329292121,28.2192930204812,28.861797116019,27.5091542462354,27.9992293343476,29.1923574329735,29.0185355694175,29.3824598109766,28.4672997799187,28.0683499074672,28.3193234026316,28.741479199077,28.6328649340266,27.9162422891628,29.1169431385543,28.4707305391013,29.3478978884862,28.7799334802769,27.6345804338163,28.4232975414239,28.1733928367844,29.3880432555377,28.1726446738685,28.2321921487349,29.0043467578624,28.0859737972826,28.3343149289448,28.0897706660658,29.5168578012991,28.8449891884641,28.67196152642,27.7518057550436,27.4794667507993,29.0360391130883,29.0557352791136,28.8435178675242,29.268308648637,28.0786345181148,27.551451015293,29.1405816680328,28.6665446887416,28.6413382994152,29.461219414495,28.4364696924264,28.7877125067409,29.3850471354916,28.2129329517893,28.3156059540581,29.4243350892446,29.3755805268066,29.1499378014571,28.8430275484614,28.1094012511732,28.5567861816631,28.8528968197203,29.1772679483663,28.2634077793458,29.1820516506889,28.8963449018779,29.1957048205677,29.0092695351921,28.2355905776609,27.9953006117311,29.018611761387,28.3997952231697,28.2948598518756,28.9045526726798,27.9599009319176,29.0122865962047,28.2255334306861,28.7036223438726,28.5392358630898,28.9456680338867,28.6493235839568,28.8324450731941,28.9044322105022,29.2812027796366,29.3226810750448,28.2649068199655,29.2996059220572,29.0113961711936,22.7596697347886,22.0728937906301,19.5391253510838,20.2653757843284,22.383191288063,20.8367117017493,21.9134624013452,23.2974249192577,19.6016851422715,19.4810985283079,14.593861575833,17.2581776250089,17.4542585044976,20.2889542449157,18.5363706307228,18.1416827136013,19.0483379821791,22.5757248125236,18.4401966549918,19.5326734416446,17.9000738681591,22.3617774162669,21.8098684395871,21.0078116920661,19.3129435644237,20.3668708379498,21.9707265124805,21.3447004104183,17.830174808142,21.6346795746649,19.267462689268,18.3910132768422,18.6248846237072,19.3441557189289,18.1996191928647,16.3562943566104,19.9058470420737,21.2753564710934,20.1217866365268,21.8454571266579,21.4411262257338,18.4691498432332,21.9869202749934,18.9787101567097,22.4382603345714,22.8078239787039,18.4830674957856,20.8141594567206,20.4931664193046,22.7822876146962,22.5565282862341,18.3523811644546,22.618829653964,18.824294153093,20.2429628410825,20.8567921599497,22.8571558327234,18.1281963617908,19.7235279546094,18.0153830534656,21.1492366055228,20.7642621475523,21.3769624632656,20.8009458678059,18.6291773098279,18.7891976162638,17.2721669473462,15.0997356596498,21.4490424149335,19.3043010139912,20.9636661825355,20.1248953586296,19.5866277496523,21.582540022031,19.8893799247646,20.9762143247474,20.8074821480996,20.6441078961378,18.4803290979637,22.7640938782698,23.4005258737405,15.6856604685453,21.3316178162905,20.3390336733928,20.6807926612991,18.00515914845,19.2186712441165,22.7369348168287,20.8840955315475,20.9042128950654,22.0568138980454,22.0529947921784,23.6006644554116,18.5053327664951,21.9489184424957,20.3923809414988,22.7767619093502,22.087056732467,24.626433618224,23.5620935767082,22.3024705642107,22.9076660933848,22.942228914314,17.1979391887541,21.6454058444552,23.8857107983941,19.6045263887695,17.4925840646467
"rppos_Glycerophosphocholine",21.5499492856393,21.1294005491064,22.7595796470766,20.5313357745904,19.9794813948286,22.8623267138152,23.6266260592006,25.0845898395955,22.7567338553448,24.5985805114188,20.7111610895947,21.1762572352174,21.2548329191504,19.7061886669994,20.5452729231568,19.8963103588862,23.4054503780235,19.4412966189856,20.7215886516492,20.0713197341022,20.7494502911312,22.6614937313086,21.5985319024249,19.8530342244446,25.1319564746097,20.336179610937,20.6768938607783,19.858623875828,21.6267447842328,22.741529546671,21.05094021986,19.7349783405038,21.8161356513047,21.2001057678497,22.9061386683779,19.9409559910764,21.290982542244,19.2142792431721,21.0416250774387,21.4703321302915,21.1842210208336,22.5366541820167,25.8338026757152,22.8219052727077,23.513039786923,27.4326034877838,21.1194889442394,21.556267553438,24.4952357230997,25.2152311089395,22.9713588373867,23.5360678559993,19.4172576998241,21.2575791186063,21.5074262692878,21.6006202907169,21.5919284005268,21.3838145458071,23.0098261860671,20.6282121766221,20.3965593257921,19.5211793397578,21.3203517595128,22.4271609437324,19.8486966838906,19.9194968143477,20.8898031301377,20.0495802074633,20.6160536207869,19.4241899863562,20.4162013133153,21.2893384935396,21.1375512563019,20.8553302865984,20.775027521565,21.4619061263309,20.9724298331382,21.2676784525467,21.4757091203443,20.7479928544909,21.6796611677365,23.4558713726248,21.3523099572707,19.9130961972945,22.0460313986459,23.8358069418824,24.5003735627425,25.1651523443563,23.3347044589503,24.1514872647523,21.7133592410886,17.5494219087989,21.7706865562602,20.9006519405382,25.2264496912069,22.803608924483,24.3430824059551,23.1982896195533,25.3988915694408,23.2084905458212,23.3279826638875,24.4454744879024,24.5385358436322,23.1651455433994,23.5989400818151,23.0284159682744,22.968141172842,24.353529218561,24.0659420580577,21.8914066358875,23.0552257889369,23.5179088693301,22.4846804727085,23.7553769793042,22.9757940898878,22.1052768907425,23.3041920748216,21.432756184011,23.0108240932996,22.4171205697482,25.4759666657801,24.6633693390905,21.4824861345081,21.3629792065327,20.8684287180529,21.4465700637385,20.7450117621629,16.9202788594812,19.6097481271559,19.2553515963476,20.8873302917048,21.7837149672593,16.7660964251808,21.3105517936139,18.4476552531827,18.6992330371159,18.4280992829132,22.7467464540124,17.8604209935884,17.3878067336624,18.4087418070886,20.7403849940804,20.6742151349254,21.627766468472,20.3566106281752,19.1225202289358,20.2041944235591,19.7068145584435,17.9340037150638,22.0282695422587,22.3645107249774,19.2408313529851,18.7561178776299,19.6033746430791,20.1964274387541,19.0827144918857,19.3868368066489,19.6212376075039,19.2139863534288,19.1539526165455,21.708244172336,21.9134955989806,16.961713544676,18.7757155946889,18.6978899700997,20.4469616316956,16.5236354079113,18.885021800553,21.310074892927,18.0541712654583,20.3297661702352,20.2704555504017,20.2489950343713,22.974404072657,19.842870467354,20.3638831879427,20.8636603957782,22.5675465286891,23.4370339174443,21.7896825066231,22.3725663324441,22.8587127839121,22.9198732145406,22.0780154988748,19.0178754260456,25.759482482781,24.6408875464776,23.4392564751466,20.0334771258393
"rppos_Hexanoylcarnitine",19.4390011358155,17.3200139972273,20.3436544539259,21.2358046684,21.6418053661133,15.4806547102018,18.8586999287894,19.895700906999,20.3850590771986,19.0150206608474,17.7871015571417,19.2145417836342,18.7530881490875,22.2182180114913,15.5771042674446,20.7733828498269,20.1309276599511,18.4034773946814,21.8127006534249,21.2215796725211,16.5511674031362,16.2633418081165,17.6377144484561,18.3320764012306,17.25279985611,17.8136498744759,18.6119176471384,18.6940666229899,17.0365970184811,17.325385306238,19.4244122512032,19.32512824012,21.1248172092962,16.4137486861101,17.8768607711616,15.135533691746,19.9068471895949,19.0947237548816,19.81355546978,16.0286388235778,16.7403902434093,21.5325909695845,18.126614025364,19.7281516148089,22.9286638557868,20.0292412328674,20.3056733103208,21.2260791832508,20.2711244210806,21.6628899715211,22.0840852159444,15.7703027866706,20.6904235258154,19.7045538435753,16.5505364263973,17.7360443787728,19.9115496210968,17.3219255535661,20.3929127299873,17.6874685000874,18.1511269324695,21.0438243106799,19.1765378130517,17.408518646173,17.2114058978098,19.254325608594,17.6658449132717,20.9945043016435,20.7021228395179,20.9291518347487,20.942665453771,14.9904021231988,15.9424955621811,19.392833959076,15.5330257060039,15.6863930326008,18.2415000957418,19.7959875962512,19.206385252073,17.2078567921742,17.5241581807908,17.4924635535167,19.450382435851,22.7280264062934,17.3964691435449,18.8149303395416,21.5442506430344,15.8862358471509,21.1660861512159,15.1865033755448,17.3740475778698,17.1002425503663,16.0262462888158,18.8913120620543,16.7364571929271,19.6929860168993,17.2605675312196,19.2150002194286,18.6420605722315,17.6765789996606,16.0221660903642,19.5355485336277,18.9145520958241,18.5131749859361,16.7552719760011,18.8451140438629,16.8779943426567,19.2376419302938,20.39144908815,21.4027552968329,19.7830712022333,19.0844909884003,18.4753414847762,18.6901857850439,17.863512229725,24.4506826161213,20.0429670289329,17.3576715350472,20.252011141037,17.4524416963009,17.6689502833476,19.2490480790323,17.5720331429715,17.0882634493329,19.7810899136812,18.7909328050299,19.8541485829427,17.0176003536257,18.1799160093464,17.4670527724055,19.1986134545719,20.1528617908885,19.5046929581874,20.6732619999472,16.5787263002208,20.7541234994231,20.4188236900892,18.9828564804178,18.5802289907577,15.6097812752587,17.0950199411364,17.6092292989902,17.7371789946356,17.3514222983402,17.8081275365655,18.1473256481755,18.6350076803978,17.6182594411673,17.8499002891831,20.1357352081761,22.1878181173535,17.0450777113403,19.4785060537883,18.3365586040755,16.8506872799574,16.7684738362247,16.2632634227897,17.421289804522,17.1393029997783,15.7922958915974,18.7266693023479,17.7397606031278,17.2875019772591,18.742625481901,18.8207597608584,17.1570079051362,18.1738342347087,18.2806492951326,21.2253399103391,18.1603885799875,19.8201705167363,17.4265001581946,18.6783835667697,17.4110341665638,16.3631597857145,17.3234537973457,19.0389654071804,20.0143261849608,21.042560718482,21.0837200615724,21.3176388836367,22.6022028747267,20.8824951931106,19.725150332352,21.3847732385758,18.5756836423354,20.8694928878779,16.5923462212056,20.3473115274919
"rppos_Hydroxybutyrylcarnitine",23.4284022891613,23.6841484770529,22.9743792503581,24.464075356915,23.8695468139152,21.8290642768128,25.1575704564078,23.8740862883998,23.0130230085276,23.4955220416521,21.1842778285667,23.3847174122726,23.263196712509,25.0958601665382,23.2643937966311,23.4958468351777,23.6198106961719,22.3452169773426,23.033288744022,24.410392235899,24.813081400557,24.581073814458,21.8142181634308,21.4464140119264,23.6514931552767,23.7879372462352,22.4480558909505,21.6236669923787,23.2791873268241,24.6196303432381,20.9399751547614,23.6242753601178,25.0589380370085,22.0872855173944,20.7231810146475,20.3936269386201,23.1148031672496,23.0522175075718,24.009886924541,21.2702770444959,24.6256791216866,24.8792912324851,21.9614679820005,22.7042920807392,26.4120255707127,23.5792919700146,24.7646790123901,23.3930378193663,23.6121406105946,24.6800499783946,24.8849432702948,23.9751022874131,25.5201488030395,24.2889157850335,21.0865414000198,20.7505250042707,24.4640177446177,24.610239112626,22.4481047734531,22.3290756787435,22.0613900369535,24.6017607631007,21.6546706244772,23.2845864873791,22.3621744490035,23.6708338500209,24.7302199594578,24.1556904543494,24.4270870458045,23.4649639837026,23.0211013944673,23.0593978800325,23.1238520361179,21.8381179650934,21.8541523744766,21.4971011271424,25.347522915726,24.2709860418614,22.4095633771339,21.5898671803585,23.6338229482479,18.802235265339,18.7082394098908,19.0457004412637,17.8659112254542,19.9875217875563,18.4701565591548,17.5175760317985,23.4642495761043,17.1435415424891,17.087339319215,14.8881036678982,15.3806107250898,17.2045767091122,18.6491942380125,18.6340698581628,17.946650876006,19.9216329196605,18.9413077324921,18.0950053037231,17.00061056096,18.3290365663834,18.6480666434459,19.0183179584227,18.0175536369269,20.5770806006477,18.7280355431129,18.4997693962041,20.1108526844057,17.0236284061228,18.6940369485126,17.7165434199638,20.208435558652,18.2579983002883,17.5167969634529,21.7263035689892,16.5748395915945,16.7586456777741,20.9111267217103,18.2363990030881,18.9764718879376,20.7124156633847,18.3107774630806,17.168199282307,18.912071994094,17.9892760169745,21.9422448927589,16.2289205426716,14.4067894968559,17.1497242589222,18.154300447211,20.2095014306923,16.911289363701,22.4998628615304,15.3636678513327,17.0564147119018,18.6463253325121,20.7922172265724,14.9481062267707,15.1740818505262,16.1343137934872,15.0266735464819,19.1502323353832,15.5342306557856,19.9087005289109,18.8071984791287,18.2220776231711,16.5393747326536,18.651640185825,18.3909491613093,21.9760008032318,16.9698283666806,16.4364000708559,18.4126456798157,16.3677626256459,15.1094859931681,15.1303647852381,17.6394554043666,16.9114300421423,14.61449160947,19.797366165594,17.4838270221269,15.172972127242,18.1737301624048,17.7457252127426,18.6259550407788,14.7984265760961,17.6148375966529,21.6743717389503,16.2569102712605,18.1303510346554,16.958533996813,18.2476111305804,21.5885275488036,18.656725298332,18.6716393568184,18.6439180183734,19.793255849188,21.001048140655,24.0349138358952,23.5431453375888,23.9196205577006,22.8992376646918,20.6077526067299,19.2833919485592,21.72422447391,22.6324486045893,15.9044078476914,16.4743717700621
"rppos_Hypoxanthine",27.2843729861634,26.8240691258583,26.1515813125892,26.6414772510753,25.4421819983937,25.9628051015467,23.3047171764928,25.291673678669,25.8962299925165,24.362975179927,24.4887626821001,27.4771310690699,26.0596090672939,27.5969317791023,24.6647388490775,26.2129567726911,25.4999042834101,26.4096869578795,23.3729120116267,26.5570568422541,27.2920114168158,26.068694392174,25.1222347488379,26.9647669771657,27.7581653091133,27.6014668529292,26.1563723943095,26.2850996581286,25.8995937954889,27.5350647988812,27.5756318255402,25.9085123917442,27.3917444786984,27.1339294505588,25.2324201416495,26.9583995143233,26.4775065799548,24.9954842691274,26.9790509181803,27.901897237446,24.1597465240476,22.9775770884371,25.713095176901,25.1098208945752,25.1175292250947,25.1178577456279,25.8772957214953,23.37610104859,25.0757702530286,26.2892856282933,24.2420326300492,26.1832095308839,26.3076985654675,26.6513268609556,27.3242613819814,26.6543995949359,26.2344977989264,25.7614538296608,26.8342005493685,27.6948851658365,26.7663303471914,27.3861897863239,26.3072999765791,24.8145450712817,27.1187387589897,26.3501044049979,28.5048196129289,27.3617031471262,26.2979937842968,24.6316034065712,27.0434055506593,25.9205774014511,27.001471323105,27.488462808002,26.7439487224219,26.6291997773749,27.9867151637225,26.3206818070221,25.2886147735983,27.6664508319342,26.555283981512,24.9419566234077,24.6981929257669,25.4185642266923,22.0129328199864,24.146375990388,23.2538356954679,23.4388946929256,25.5716474180469,22.7861286521794,23.0798272024867,21.0698891656187,19.7355215406588,24.1017075640614,24.6852405618621,23.9878261684572,19.1673149330753,23.1588600175503,24.8392699891424,23.9526349225215,25.5394185709353,23.6263407111738,24.4892552347576,24.3810768805808,23.2174322588803,23.4806978635438,21.6639933853635,24.8144179021934,25.5498568430184,23.5886599514764,25.2462205270314,24.7918929277225,23.2533203758929,25.414137950231,24.1886507816505,25.6478385896697,23.1503259723458,24.4835161864148,24.7482481811077,23.3534606864,24.5238542371259,25.7126405954104,19.8077013913993,22.3585214233579,24.986131556659,24.3777113064634,23.8310689318033,18.5106104102744,23.9886217118344,23.4218786569783,24.8786577661908,24.7207323790201,23.0745439249027,24.6415059623712,19.0296278474545,23.4308362049908,23.4695174239658,24.3217204072473,22.1328406432045,20.5089533995688,20.1694186018509,22.6630706434541,22.5883109733203,21.3510500530591,22.6143763703828,22.4054996910919,23.4680890419637,19.7246546764195,20.8693863241546,25.0033545680256,23.1819719202247,22.0525741791557,22.8068834888023,22.5148880331605,22.7482130970294,22.7506005753083,22.2767296825683,23.2659914183535,23.2325966090545,19.702392037957,25.7348929627578,24.7816183504092,22.6300133154735,22.4460270162078,21.9810746603527,20.9827721913621,20.2309084576452,21.8172668030153,23.4958161506808,23.6322327936391,23.2275633147723,23.5094814070103,21.720640945409,23.5740872775888,20.2467353324671,22.2144111023676,24.1354387290316,25.7516104409072,26.3254331365885,24.1185960206649,26.0219136717115,26.0499081499566,26.2493630518814,25.656674289375,25.1398275370369,23.7575757967754,26.3172740673587,21.8434892772202,21.5298252303983
"rppos_Linoleyl.carnitine",14.9724302566693,18.7545433533216,20.8394068069578,18.0060473565276,18.7484187367921,14.5985752525333,16.4594349716385,21.9130236723991,20.6668808071874,17.629072519637,18.2200714238737,17.1507638336633,16.8861789072901,22.8450295976024,14.5971391393895,20.3184044368639,17.2349583010982,15.4677774621347,22.3343168149354,18.2771737071405,19.9412201788731,15.1159454601612,19.6856116526641,20.57745667839,17.7712442972177,18.0389686947335,15.6127380325312,16.6856200207088,16.617455915848,17.7272205157388,20.8241397505061,18.8847763029596,17.9450007617141,14.6904140753924,14.5252632873505,14.9554000154556,20.8900543180266,16.9999476148614,17.2733557500434,18.9373827490528,15.3402321840288,22.4570101104513,20.5369053941891,17.9364315203127,24.4334569750979,22.5019040828414,21.144771071742,21.5912282548604,20.0777944833347,22.5739317711693,19.959509650687,15.1454705306672,18.0647742250846,18.8175187525893,16.5479665938167,19.5794275017472,18.1726433695506,16.8278145843996,18.6466060816282,17.5073519586644,17.2721998783691,22.033012957513,18.8775754576756,16.3465750330624,14.0003921317999,18.0426578544046,15.3503621294633,21.8659521125842,20.6762635923286,17.3994247805958,16.8958041206001,14.2873724400382,16.5723129507277,17.9848330445773,16.1110462749002,15.5657199651166,17.6983646813465,17.5325294267115,16.6817790390849,15.0924835291224,17.1341780245378,17.1673677802035,19.0202348558707,21.770655280771,18.1180697686869,19.7164276504537,21.941691926121,19.0738794062007,20.5795141382292,16.342873345823,18.464034379589,18.665598674525,16.7328245346422,21.0582728724646,16.8387768702341,19.8255318705253,16.6644030940493,20.9296969868884,20.8890358552388,20.0491228115196,20.0694839183081,20.5521256211365,21.0197838309238,20.7118397075341,18.3309943812286,20.3335523570958,17.5166467379977,21.4921194047846,22.4635454158559,21.8803688527955,20.1358439970831,20.6027982457395,21.6660185613948,19.8990631405061,18.5275215586459,23.7134995738675,21.1930149742215,18.8003717582993,20.6512709215171,18.793123016445,18.1353172906003,19.2950821759049,17.3088721260284,16.9126322620716,20.9866699050744,19.8782672043497,19.7547869494688,16.5772805333469,17.0372037445424,18.1570841059986,20.1686766954262,19.5148846333121,20.0186980250561,20.5064265600795,17.1862627338449,21.261575841998,20.5133574682939,18.762203367693,19.6310214503283,14.8062607069429,14.9634730479387,19.664978137879,17.4154535259126,19.8100383112594,19.022459795712,19.3878794467587,18.8907944406299,16.925891878206,19.2732982316829,21.4840456005995,21.5996566131941,20.489239520471,20.2410642831623,20.8898999981321,18.2280990836635,18.8325015439304,17.767173963885,18.6165479816341,19.2321315713758,17.9368319570764,20.4601388338293,20.2636520366576,19.6593391358756,18.9829066427526,20.5498911414023,17.8923201085425,18.7066642256234,18.9818288385075,21.7843438701505,21.1244646184117,19.8817905032029,17.9787781724365,20.8460789596479,19.8381336026807,18.6887679725819,18.6620147890301,19.8855646044492,21.1618789070461,20.2614655410224,21.6459424594148,22.5041669484881,22.7488156794797,21.7012139772299,19.891575442205,20.993175853662,20.8608970222648,22.1630818932399,14.8667878683607,22.6133751688541
"rppos_Octadecanoylcarnitine",20.6915409290534,22.7982616554867,21.3289414343831,23.7033957344762,23.2175723532285,19.6603238683294,21.9702179885263,22.1802475775874,20.9575004418825,22.307694831507,20.8535940401371,20.6425496019087,22.0806450918372,23.1230887809114,18.5637366153819,22.6838325559688,20.1937300196891,19.4386647800128,23.7566954667995,22.0032599936606,21.6346344482041,20.140115372638,20.2397264732072,21.3840526332372,20.8576484147312,21.4021279390387,17.5884092303871,20.0036398189298,20.5332125348545,21.8987870794237,20.3516565708069,20.6038386462216,21.8586550074775,18.4130034018223,18.113367446127,18.8700293059133,22.0162520176472,21.0981917938999,22.2523660165569,19.4743066323969,18.954061222789,23.9062550506903,21.1230036706577,22.0908190479484,23.7670518116625,22.7510241417499,22.5835296310036,21.5958167466401,21.9202334116306,23.0512160901976,23.6867765844797,20.3122023308016,21.5966566948438,22.8802867994442,21.6061533554231,21.1870647692896,22.6475429957937,21.5511088795656,21.6342761999168,20.1935659718953,19.9872043305989,22.4696660172603,21.7820234154299,20.6310056266683,19.2096469386964,22.0386504774285,19.8350059723167,21.6421345207916,22.4305416720703,21.5245233001662,22.4519406724076,19.6530469103355,19.2563653181302,21.7754493207151,20.4872683770505,18.9536952235741,21.4181101363848,20.1972665737434,19.7068387258446,19.9661889539189,20.7053241062141,22.4851741380306,24.536259773481,25.7013384650158,21.2123594261303,21.1461163229197,25.2891966471728,22.5722345261504,23.8048060274219,20.5428870375769,22.9312824216154,22.0905640106996,20.9265938345686,24.3806249703854,23.7912421294966,22.5199631630773,23.1919917907638,24.0579045090225,23.6935151042618,23.0762632382994,23.6952342690912,25.0657268859259,23.707929238173,23.054323790239,22.5955277392746,23.6881994996154,20.9075234294744,24.0911439921393,25.1661820251481,25.6421792906169,24.0062954117623,23.6358270512436,25.7135716892212,24.1017354742981,22.4812039134477,26.5853015027823,25.3356911637681,22.6350219438029,25.5099979657238,22.1013802021058,24.5877275602588,22.9575287709723,21.1658174567421,20.2580635368401,23.6291597691521,22.9688593773101,22.0889627455993,16.9466989071952,21.9474976507164,21.1815902906459,23.7826989132135,23.6142823912109,20.5779716173995,22.8374683002376,21.5914958036638,25.1836626283031,23.3919843158975,22.631210832152,23.1421514226238,18.9880796600742,18.6771975809529,23.4771240912857,21.0927280242257,22.1074800703581,22.340338084308,22.3550087823345,21.3234810915891,20.0254796900209,22.3504824318719,23.0465829749083,25.2296931829922,23.6469085219647,21.9309361007241,22.6233664932252,21.1993119975975,21.2908018175106,20.2529070045619,21.915739145212,21.8003424720712,20.834592011769,22.9574419705146,23.0576717359053,21.6939069361802,21.212467436344,23.4462914705594,20.0020361809621,21.9604126081126,21.0421913801714,24.3326666652853,23.5679189014615,23.4222273868057,21.1706234569461,24.0238921542439,22.9801854671195,21.8436586834961,21.7658873976477,22.014965056365,22.4294260222398,21.6999010294534,21.543629309713,23.2600883365272,23.5677843773047,23.4248272543317,22.2881420994478,23.5800604192721,23.3957918856231,23.1988261451656,20.3873709679413,25.6715251071257
"rppos_Oleoylcarnitine",18.9455537288286,21.3546917006723,23.7553935117611,21.5503908646588,22.5773935024933,16.5221278160046,19.5865686555731,24.5120271632517,22.329672866139,21.1178725624779,21.328807813778,19.6058767614354,20.426447788337,24.5246412370432,17.4068923459474,23.1748871894758,19.7038641819855,19.5685041473325,24.408208416041,21.7085807102083,20.8395463106054,18.5528147863209,22.1412751048711,23.0976137189438,20.2648149947123,20.7408584582597,18.8248788975879,20.79470768009,19.6074311349966,21.1422641392772,22.5448163611188,22.2093160326935,20.361421497681,16.2479103876484,17.4250810374793,17.9376186739791,23.6811791310838,19.7103436321137,20.4277751103511,21.0053716457451,18.4068645894497,25.0748442595761,23.3198456214941,21.9108878119243,25.9503627847945,24.4279161832723,23.712376790959,23.5565160629786,22.5133056324622,24.3903100594559,23.5541797703863,18.0805753968309,21.1076282744942,21.7894092232471,18.9446623212672,22.2403574595283,20.6410428774708,18.5698357017023,21.4545904847534,19.8655105107357,21.1126899640131,24.3321902261087,22.5828907777531,19.5205398926255,17.4838506547075,20.7728169809483,18.7225697109425,23.9185054065385,22.5990034626611,20.4468769870831,20.4016533235405,17.2485187381725,18.5288974612767,20.6689371140424,18.9497901478331,18.2893436760485,19.5743514716949,19.6320014003125,19.9032156142169,18.4162966400194,19.4531811885812,20.5098901382856,23.6738744949962,25.6917881265746,20.2797304668603,22.1612291748958,24.81585381245,21.3396639339555,23.3795320656654,18.9647617544579,21.3975262477879,20.8613951203005,19.8595945266328,23.2410527433497,21.7630640996793,21.7129858911304,20.9476202052797,23.2524356556395,22.9199304570324,21.7170834136606,22.7878044466497,23.2865375338587,21.3587831023779,23.0932683201437,21.4486162169572,22.6736490711007,19.2184147601136,22.8491333205777,24.1489324828348,25.2712832990848,22.8891968204398,22.9568788258778,25.0874622750382,23.0191509994743,21.3005207570606,26.9397789110172,23.9028922465228,21.5890909175289,23.6603596150757,20.8912703092666,21.3657076297812,22.3721753662088,20.4362771122755,20.1388251114914,23.8226072102239,22.6962349915908,22.1618239584373,18.6568536025101,19.695953112236,20.6371243144153,23.6353557215005,22.3031086261929,21.0167346287989,22.4882689111954,19.613408110406,24.2705926696144,24.5190583669817,21.4942922850034,21.7256503724478,17.9703140555186,18.0011147373807,21.0820261125154,20.1306272372085,22.1062945413304,21.1205240596064,21.85836902412,21.3273560646151,19.2648960687616,21.1480873336392,23.6167061113575,24.5577563797683,22.417787562888,21.7828807291962,22.2466446487403,20.5566978949096,20.5660774917183,19.3469275905203,20.3970572002486,21.1620253128419,19.9695216967653,22.4627483833224,22.3916641923786,21.3337449889324,21.5492554855397,21.9905197311742,19.3989149814449,20.0403869700335,20.3337910759759,24.8346896914761,23.3002056510676,22.0377344300585,20.4277352451225,22.2992224586316,22.4064086997544,21.078886166554,20.7292287394703,22.7079110798068,24.2149703641405,22.851432669351,24.1058649458864,24.855893348318,25.570407468199,24.3538687053777,22.0302291094658,23.1052401128214,23.7771041438252,24.5060482141575,18.9409999498476,25.1400685640892
"rppos_Palmitoylcarnitine",20.7330541802677,22.7721063576986,23.516969353956,23.8376332020277,23.8180776190325,18.8112823121279,21.1527745199508,24.0398673173418,22.6689032947278,22.4976132763323,23.0935103464284,21.7068898905708,22.1155603232697,24.4461116808716,18.6387153589567,23.7040871860298,22.0487693346088,21.0615602858194,25.0297737998356,23.0022486260505,21.8473227484804,19.7349243602513,22.3233823591182,22.3581188267149,21.0359184725328,21.7306219434936,19.4073002804583,21.8047199817675,20.3163606403094,22.3129000980331,22.0152531633275,22.2467869408019,22.2947905048213,18.2881429340231,18.5789090218305,18.4245187915221,23.5759458524529,21.4221102622802,21.9742223970784,20.3716439293142,18.9248804131797,25.1171827757997,23.7219830332832,23.2476497155192,25.6544820543581,23.9740970896634,23.9645589228353,23.4740165059297,23.0471818955106,24.4874488762241,24.902305304787,19.7885700160238,22.9389733278505,23.1774625227165,21.3267704664174,22.9252497280652,22.1257061863423,20.3111884200486,22.9244230223558,20.7122189246784,21.3564612986239,23.6285024071877,23.0966348983532,20.7427599472313,19.0476792036635,22.1883091470776,19.8947127223857,23.2848624665959,23.5123646881531,22.681118234188,23.0646296941388,18.7526399769394,19.571061551131,22.3614178625932,20.0045244861321,19.8743250770545,21.1930151229376,20.7125803835205,21.162213965815,19.6012987493842,20.5742954234713,22.2620569133428,25.7517830343365,27.0303793704699,22.3155815277128,23.5641652401141,26.7388833789825,23.0945502942909,25.2615547278173,20.7619424248642,23.0134828598018,22.5601582222617,21.1123335946677,24.7189049932884,23.7735038707562,23.5629496134277,21.8005119620106,25.0431491942303,25.0756635697592,23.4181877197457,23.6539269565376,25.3402005710053,26.1596582979675,24.6845302778755,23.2448591506032,24.6512569945783,21.104201685075,24.8025857230188,26.2108263913716,27.1080293492998,25.6760708322761,25.3236230312343,26.944626125221,25.1789967090988,23.0416290766048,28.3839451932486,24.794511102057,23.341049198771,26.7105484044354,22.6558365997589,23.9789047635753,23.8776810371389,21.067613604131,21.2946539787455,25.6780236988249,23.8825960115232,23.1963592467075,19.1774839699947,21.7828950149835,21.558421835889,24.7848182770799,25.1232555966772,22.0169054007143,24.8038941564999,20.9101603595149,26.0816909425543,25.5887941821654,23.0183861889734,23.2112324039011,19.4738272074738,20.1038669830202,23.303992538524,21.9914848625044,23.5294544836002,23.0381121245586,23.1533964256898,22.2108531031079,20.7779766811615,22.8455263155171,24.4939033558465,26.3682479761007,23.8831289632957,23.2732146294514,24.0062532611708,22.4606825271448,21.9757152214039,21.7382132998843,22.4609523814032,22.6768697540172,21.7477634510196,24.6122885121132,24.0571021320982,22.6399923875907,22.6526243062415,23.9131902669295,20.2221448635589,22.0039452086615,22.1940071744627,26.2504107676808,25.3143707566398,24.2612955292125,22.1738921611913,23.7529770309325,23.4605742579212,23.0920093400496,22.3957358789314,23.6130804863525,24.8941867785736,24.277314833552,24.3655660804312,26.0646458805761,26.5222811995794,25.7421069392002,23.2366709961704,25.2817513233771,25.085499103872,26.0336633330444,21.8121564835114,27.1014681515559
"rppos_Phosphorylcholine",27.0094178437275,27.0384219880604,26.6950819784514,27.5209704028341,25.1455674111181,28.7970114069788,27.7986092630097,28.4729627689465,26.354154606195,27.0249018632424,26.7655950516183,27.6876201060113,26.1780778572573,27.0959825506979,27.1372565916732,26.560627988843,27.0734296760191,27.2732262965346,23.1868594940226,25.9624970080113,27.3580405264755,28.3465374982743,26.2310706609027,26.5203291123034,28.8376592800158,27.2438852092887,27.1445411963982,25.5577628859657,27.291914301513,27.15324414364,27.7061400886491,25.8030827194714,25.7489853534019,26.9882886368435,26.9879392845672,26.6274603772899,27.7410203650443,26.077512388199,25.020937018889,28.533121031709,26.4437461146183,25.6786111796144,28.2113725628438,25.8493540287152,27.3018096529851,28.8106158373732,27.3873433057422,25.2687750218094,29.0468089925842,28.0365794078653,27.8906338837798,28.8736666676604,24.7300106877621,27.60179732774,27.4786223950905,27.9425422605341,26.2145413096177,29.1680712382145,27.1399915383631,27.583913493636,27.5240411556848,26.7885189404335,26.6502542344671,26.953345946665,26.5678163129443,26.363867046613,28.1719328600238,26.1668231277975,26.9756413966603,25.595261334577,26.1216003668657,28.0997119912236,27.9357513639342,27.4097873833332,28.932639831598,28.1130664632995,27.7811749175133,26.5799983952279,25.7798303414456,27.3469404016433,27.2389448465839,21.5555381268786,20.8717191655656,19.0577105056179,21.547929555143,22.71259074255,20.3296648386188,23.2692260846238,23.6276486385114,21.3660505370972,17.3960205894345,15.3505936315888,17.6815316887711,16.6594502235951,22.0062553217075,21.7985880917065,19.5409429089099,22.1512741913634,22.4804607654314,20.3331603860957,20.2728087596544,20.2311327974361,21.2349717620161,21.2607941280716,20.356842654938,19.4943220334,21.3160017288102,21.6065230607746,22.6019997812335,19.2532057881073,23.3259756401169,21.0700599893949,20.7518410372982,19.7696480250333,22.2557178040189,20.6970195056342,18.8694321708847,19.7372806021768,22.0383177281626,20.652972814036,22.3893777442284,23.4383704012824,18.9395046078298,19.5252498512342,19.2291117678708,21.8480478702061,22.716714648534,16.3475970990791,16.4975211572107,19.5342957902617,21.739375214297,21.6046442705001,19.1544085328882,22.0688692991559,17.0182666917049,17.9628402107455,19.1254097667732,23.1436554589445,18.6693516020237,19.6122383147167,16.4630706645128,19.957663383988,21.3115402221319,19.8987706055852,21.5901001639388,20.2737541146322,22.3614679116825,18.8984436158821,19.4099125413109,22.0467511359025,22.7011537092306,20.9536073302383,19.8997585736608,19.2832196854858,20.4353637757003,16.3590877061264,19.6204372140415,20.2834872614477,19.901104661852,17.8646079435295,21.3008689261917,22.2971547769949,17.881006885462,20.464403033825,17.7581865450502,20.5607645751919,15.8590945188893,20.0982639810513,22.3600596433751,19.8295798253532,19.37770100148,20.4451488973321,20.5350520886839,22.1368789208688,18.5254653121702,21.4109524167665,19.8404277918006,23.1694888820219,25.6625878898661,26.0856793472757,24.7032573660933,23.5655956222273,25.3556837779264,24.4878475128611,20.4300545781596,23.6912838947552,24.6904268458091,21.0341441128907,18.4766970610831
"rppos_Propionylcarnitine",19.7762519860315,19.5175248274464,22.8867212621976,20.8538371641874,20.2836863379898,23.5515130811392,21.9801484076103,21.8175383603417,21.360317346253,19.8047720499869,19.137994997539,20.7994557325475,18.8146432285184,21.8068831458778,19.6084812005954,21.1263978880174,19.9438571686892,20.6198133040279,18.878508513682,21.0246774208833,18.8696568141541,20.3578497495683,19.9622993765904,20.8953372974855,21.1311375323975,19.477801671762,21.3277733413951,19.0715391977319,20.3860990996366,18.7257398661145,21.0726165970124,21.557635820323,20.7557880939074,18.8114819632203,21.4934740629791,18.5296607149038,20.290023542937,20.7868378508414,21.0305126531923,17.9588594066778,19.7623130345898,18.7283954593113,19.51863554683,19.0843586766836,21.6194541957609,26.7722795497302,22.6510170415041,20.8370555474432,21.3363800086989,22.2156012842964,22.8705948304531,19.9898774952263,20.3058261477269,21.6354807340879,19.3778044232284,18.7589267835501,18.7016865987251,25.1171689380724,21.8387045550303,19.7488928510432,19.4330485981261,20.5569292442533,19.0890133893564,18.7101459066972,18.3582983820413,19.4334631651483,20.166405076036,23.712751752462,20.4444800230487,18.4581762088279,22.356140387867,18.4024374430575,19.1710218272832,22.8008887455881,19.0087754556066,19.0397667001114,22.0860081758997,21.0181876759059,20.2962359318675,17.7296583404299,18.6879875262113,20.2695792979713,20.3935432152112,21.2080164544005,19.7414861208889,21.3815864544474,22.440597334558,21.3549155054596,22.1290218122024,19.1261335480575,19.3784249337244,15.807703775069,17.5781272499452,18.1031812964657,19.8703266493361,19.2623720933669,18.5581503906227,20.5554530012722,18.252874894354,18.5363811097083,19.3012421450977,22.2344431609318,21.6210538096229,21.1749822531349,20.575587879816,18.7174556351605,20.5220190261874,20.8405936935113,19.9859882549457,19.4577329904677,20.1232136434485,21.7046171872937,19.0391690364961,20.3628353905858,21.3585030833047,20.7431669193698,19.067644270085,19.3087537042936,19.9079874296974,18.8956530938399,21.2094389266684,19.7438582205752,19.332100716123,18.5982623798157,19.1934683491735,18.9729875335841,20.5808466466145,18.4220621204156,21.0857944830909,17.9485217810241,19.3995771712465,19.4230019099248,19.8286827244716,19.0935883539642,17.5575868695016,19.5959583503017,19.591831328886,21.095772951859,18.94094010411,17.2373686328086,18.1725604562399,20.0692120882109,22.0704512363765,17.6702752388936,22.0263745802741,18.1111360308239,18.6515584907631,18.4621985787217,17.8636318381362,19.3367947081959,20.194588545339,18.5185060989704,19.4256865493939,18.4947252004649,19.5593153752968,19.0656681593973,17.3133691934354,20.4036313863837,18.7029717213152,18.8365679030134,19.821072256159,18.6908122568037,19.9200180502257,18.4691386334084,18.2726120809189,20.4045698937797,18.1036936938389,20.4785206914495,19.2875305950476,18.7903760943887,19.7926146640649,18.5442660937182,17.9771597247189,19.6353128406464,19.9111815553465,19.2119824918294,19.0507730083146,21.0597449183535,21.1871736026894,22.2887949313008,22.4436526382906,21.5419608718262,22.2965901969388,21.616842045902,21.533967815414,22.3049205136837,22.9200743275392,18.2417672644856,19.9663595994855
"rppos_Spermidine",22.6160207464525,23.3151472212197,22.0611264042969,24.736438010616,23.24737083422,21.3507015351116,20.2231013636102,22.4885636973064,21.7060032493821,21.6042945969136,19.814074146795,21.6164891417679,20.7055920316738,23.611308997363,22.8271563301024,23.5365258415499,22.6689193995867,19.9428699490497,20.3170294375403,20.5037282708845,22.9257360141166,22.3546162021937,23.7412468155432,17.2388140366384,19.4331567178558,23.9041579892417,21.4554535237936,22.1217363544826,19.4518243957654,19.0918819605913,21.2375276639796,22.2211354028468,22.9722247926632,20.3446737366994,20.4544503111774,23.3006675164846,20.2251828066204,24.7140756713153,22.6585217253652,22.0211445384577,24.4845974433561,21.6329756535687,18.3024358250326,20.7622726964999,23.4114941264742,20.7164260194093,19.2087504910288,19.9166547839223,19.5939476271087,21.1925303420585,20.081857848027,20.877808069473,22.9145210870267,20.5293883964087,23.7303045930678,18.2646190745836,23.14051110557,18.602244028263,19.9435117119554,23.0880183083744,22.7667127904589,22.6479391307408,18.6092562462995,20.7364307855741,23.777973300783,23.121046476897,22.4542660623188,20.702390916892,18.4500235604732,21.9035054111073,19.6079079911617,22.3376981231913,22.9945589632582,20.605630621096,20.1313023069705,20.4472027085536,20.2543634099894,23.1133368104427,21.9974811925985,19.252152166512,21.0762221237337,22.0507612352162,22.3402330242274,23.4653669595011,19.2328266500192,21.1736936220298,22.8175959473007,16.7891992688326,20.6135510580875,16.1668754939179,21.7074409606703,20.9792567867332,15.814287406183,23.0007774261905,23.8057221070051,21.9810790224427,16.4589207122559,21.3267785695703,18.7294359097502,21.7229064045065,20.9988812645351,20.9161422220689,24.1465363025578,19.7998552415502,16.8067918781525,21.011934037506,17.203491725186,21.6059989299328,24.1331033756368,20.9299126805648,24.0064874871375,22.4343555248332,18.4288591306908,23.164345406348,20.7098960250744,24.3902095829879,25.4301817652248,22.4363289456506,24.6623847042958,17.5062474880274,22.0230207574175,20.4173185084592,16.8084040501354,16.2843667255173,23.621425192385,21.5503054537263,19.9722467380715,19.7369792518561,23.8618075903626,22.4004757235618,23.4907840302368,23.701683248039,23.9084854685762,22.0171549577316,21.1022351262283,23.5188000009018,24.4632644091305,17.8503091177582,22.195543774364,18.4142915892656,17.4643056180834,21.0594668933654,16.3376305144616,15.3027300169563,16.6371995523355,20.6232218790915,20.5368709351512,16.6367637668533,20.7836262514941,23.4823669121301,24.1554776067595,20.0491701341266,22.282761014022,22.0612216553029,22.1947486082246,21.8518359614813,16.1315118298762,21.8240251234562,22.1790634735536,19.5138615263969,23.8721620908202,21.0095782851857,20.1420255901251,16.9923304383677,19.2527409933694,21.3066785761102,21.6513247092582,21.5414498345964,20.0131196786818,23.0151217328212,20.8942582411849,19.7107107375458,17.2554873993165,20.3046964052385,20.862638498201,16.5548862175713,21.3146315354643,23.066864047141,23.8152576592896,25.1402786158214,24.3657864369012,24.0701588070659,24.4677139867202,24.4542648660993,24.6653024655992,22.0006177166839,24.9783024782005,16.8929344333971,23.9815464512048
"rppos_Spermine",18.4429650909602,19.1737915935045,20.3660789079072,20.978766059534,18.5340635523217,18.2101705841124,16.0285706592366,20.8030880553201,19.5357512148959,17.5049395701297,16.3636621393913,17.1326488788184,18.8645329765631,14.2580622734032,18.9083857421556,22.145729213481,15.3852478847835,16.057356726896,16.2425541440872,15.2854286290658,14.7255837099955,22.6708692509856,20.899317716113,15.9168322136699,18.0638046452123,22.4358459013759,20.4102257209267,21.2151743021979,16.3261132084324,16.516748391663,16.9181514971333,19.5770239661289,17.7226284772166,16.9774826229813,19.5262841070188,19.5540928484424,17.7479816274175,21.0533315733738,17.9351518541871,16.4649312742104,20.3558551215673,18.5730628996691,15.4906808477206,15.0248341168289,18.6194738748406,18.2701414386521,14.7170037023984,15.9350479880588,17.5662042183565,18.9315800534449,15.7014688905075,17.789899309039,19.5243303385267,15.1396174289181,16.4940961770796,15.4458399086014,18.506166955865,15.5734060810161,16.4738327333685,15.5138201798722,18.8662648568793,18.6131936731162,16.0095561537045,15.3580269319213,15.0512789728453,17.5856920923412,17.3202596270121,16.1903147446484,15.1906554197424,20.7011020505303,16.6367535256858,19.823472609127,17.8504550856047,14.9511075042513,15.9397933344392,18.4178845622415,16.7722898534215,21.597374153654,20.9692683492217,16.6904976160804,19.0746970588334,22.7437172032329,23.9128120764617,25.393039738232,18.194506922177,20.3304321911304,22.7402258705846,16.3531788738276,20.8558235397443,15.6175417617992,20.2529112338584,19.843587724837,15.6885216561537,23.8132502956329,24.8259810200518,23.3997802789904,16.2695567324946,19.9463470659003,17.0143558927362,18.6144184021755,23.1734473712928,20.7385033321261,25.2666407990732,20.1534146665398,16.0433913651799,18.3969817875927,17.0146910160627,19.2682552733253,23.8940925064339,18.2175237383772,24.5066313097726,22.2450654542788,17.8571858531954,22.4511899303564,16.2426917680815,24.9276119399445,26.3643679138141,22.6419000954021,26.2562237268961,19.072000760852,22.3605699894874,19.4086939250018,16.4244759855998,16.5276473241567,25.7939863985878,23.5147884989126,22.4977779290409,16.8699905138748,25.3036427082386,23.528376245008,25.0649132660973,25.3377449020257,24.8368966453797,21.4329262564249,22.4807679795556,25.0375485002846,24.2537476635705,16.5983967874739,23.8674874067003,16.7300953858995,18.4237766124681,22.3242247728207,16.0720213237786,16.4211719143166,16.6059770818799,21.7172346507701,19.5783671091982,16.8180336590963,21.3393842717656,24.4795683662311,26.6888686575034,20.3033056064416,23.5336748275911,21.9661513299426,21.0640799538234,21.7763403498093,16.1002893594207,21.5443529383367,22.2905545938287,19.7451153423975,24.5884749722482,23.8762437065667,21.7651223661263,17.9472417124113,23.3861526045197,18.1630438779287,22.5538317246702,19.3755592258219,25.4794383157951,24.0408945317209,24.6716797899221,18.705822294511,21.3986269905207,20.5559480727699,22.1659307476844,15.9207358750557,20.5254683352559,23.3348119522816,25.0282147884497,24.0374764846644,26.3390526434689,25.3028708564074,24.7279879781874,23.7340671991945,25.5699132393071,22.4529383553241,26.1421047147181,16.4191856476202,25.0408276434478
"rppos_Tetradecanoylcarnitine",17.8518574538558,18.8395419490317,21.5838072024813,20.5997158863388,21.346418837342,14.9912666022367,18.5628796881685,21.2511076703984,20.082922657438,18.7142026331815,20.2613411283865,20.0947657718313,19.019417052004,22.3512556307182,15.5228303253442,21.5133391695022,20.0060983587838,18.7596528674945,21.8768882236296,21.1779742556709,18.4984674467535,15.7663075844167,19.4458695284014,19.3138442036583,17.2081928982851,19.3732322168031,16.9559401418103,18.6562739647125,16.2826632373617,19.4234662299989,19.9129334883362,19.725507519787,20.1276551195547,14.6957712196817,14.4785278420188,14.373712108545,20.9679577392547,19.0111141187917,19.130583601474,15.6320211864082,15.2950255873781,22.142775029387,20.3965027438718,19.7329446672399,23.195062695736,20.3220939178007,20.5825079171,21.1008987015172,20.0383746252688,21.3570423990805,22.22639275455,16.8072595230928,21.0781617665704,20.0490243494522,17.5334518935597,18.7417547884098,19.1442927943181,18.4578192835105,19.8806547495048,17.083499771119,17.8611235928834,21.0851938341104,19.7939370892838,17.4213745709373,15.7448602597897,18.6085404370287,17.2798302747865,21.1596460307792,21.659458446594,20.444544168701,20.7662556087403,16.4775710736963,16.7241500487005,20.1834675482335,16.533115366916,15.9316105945147,19.1497414937103,18.8793060557815,18.4662935994414,15.8400110644949,17.0832978486893,19.3949571906833,21.6596402251435,23.3849800457879,19.4881791099574,19.9590727019252,23.1925384968152,19.4089207326338,21.7699562109703,18.6089041819395,20.4915210416888,19.9233858382044,18.6830144378825,21.4424485916992,20.1483397031219,20.3868620847564,17.3753555251948,22.2068391003885,22.0617181505199,21.032624912182,20.3903357050427,21.4044302782524,22.1529096602693,21.3152768816845,20.4831929585458,21.4113148335373,17.2472707500512,21.7010845742673,22.2819371210979,22.937056692121,21.6759409450559,21.6757095093872,22.2028619500512,21.0478974460067,19.7322870165896,24.73630054802,20.4462919562644,20.5671387047744,22.7942239833824,19.2528675687772,20.6507949330609,20.4816927631221,17.8578695603101,18.1552149260086,21.6693289751843,20.9103758358186,21.237797177539,15.9128146191852,19.4475346948648,17.9196100897362,21.150812676193,21.8468629850019,18.9509486072254,21.7635607343493,18.5317253921367,22.2761309357796,22.0234082499524,19.5950043362561,19.8147922492197,14.3205085373608,17.5043248754556,20.8712117468008,19.4410493673816,21.4015220403792,18.8343645058704,20.3797692528415,19.0043463629984,17.9663795722894,19.5910114318025,20.8598591959673,22.5874419368276,20.2916343661285,20.2778200445765,20.5957337189764,19.2216169647527,18.9689573374372,17.5895681966235,19.8346494359547,19.6363004538757,18.4803141369912,20.9993179504511,20.6760717943543,20.0858619021237,19.5218360084331,21.2572634326889,16.9442022155121,19.6108269502218,19.8809129948147,21.9327069051583,21.8411596079359,23.0995870553822,18.7151766986932,20.684424842541,21.0365467742881,21.2041391489356,21.1925558913742,20.6369037885117,21.4500101577004,20.9650609896601,20.8569565083692,22.1056153449133,22.6015401722387,21.8068547856351,19.626007331929,22.3603317586833,21.9700559956546,22.3762536090365,18.0959720651174,24.0668416602122
"rppos_1.Palmitoyl.sn.glycero.3.phosphocholine",22.7954622013129,23.2738351369675,22.8427098010867,23.9252083415167,23.3145429425598,22.065113999227,22.8131233306055,21.6599680278236,22.1218866311702,22.7906841296339,21.0359365508096,22.6363610483928,21.914608036229,23.082490118229,22.0158216008526,22.5965114104739,22.4350634978327,21.3490881058687,23.0707053717475,22.6166351924665,23.3711456493933,21.8783891215716,21.8160142445553,21.9710207377023,21.9482588606757,22.3077513968561,21.4426228162823,21.9453594243661,21.7976817669971,22.6394852665732,23.283506413803,21.9914330464565,23.4056297781075,21.3190338740362,20.9142136867637,22.0243443415791,22.2173367370833,21.8040969406395,25.104293781252,21.0721182291404,22.1697158915514,21.2212834536206,21.5721343119116,22.9029167583108,21.6512031380965,22.4900390984784,22.8558542945248,21.6589192673248,22.0616447699259,21.7158579205406,22.2652028647585,22.4968773472967,22.6785197009431,23.319497902417,22.3493600968559,22.0900134071328,23.1311671455953,21.4224106402729,22.3702702034864,21.6179439111954,22.0399630956036,23.3543507501483,22.3920996981224,22.8535106156016,22.0284630399981,22.2836911809423,22.5625579179076,22.7185200848756,22.6893373305143,21.9413836068579,23.6181857571868,21.716369978898,23.0215626737077,22.213268544362,21.9737633844639,22.2298508944705,23.1703648426889,21.1669482837661,21.6955167170098,23.0930806803782,22.1158339124391,25.5827754039514,25.0012501491875,26.5455173563372,24.3135785287818,25.391013098406,27.5679585689412,24.5396459594181,26.4817998263167,24.6322397326659,26.2886704383176,24.4262019381109,24.0303745520683,26.3061002870641,28.1374099911979,24.9945312750919,28.5604503998622,25.5830928575836,25.7321311710963,25.2198852037712,26.2151995891236,26.9521346210374,27.0746024775183,25.6505412408905,25.5925346950378,26.3256959391105,24.6395772946973,25.6456983195906,26.4676229068577,26.262167519403,27.3727370281003,26.7647325284455,25.5345073710494,25.9972127187888,25.0579518409258,26.5406637427215,28.7354393425044,26.2027434411134,26.8641126595037,24.9737485291504,27.0095940316055,26.0791919604156,24.6569780354417,24.9157768811934,26.4223056158736,25.5142274588769,24.5377925477241,22.7892179113184,24.3560069897462,23.4404236614519,25.4068859129083,24.3188883011991,23.5068627316927,24.3377842792226,25.0203866558379,25.1834803963232,25.6806780665371,23.902480100865,24.199784736273,22.6973172442386,23.1989651239026,24.9581716234618,23.7643559241577,24.3833756916777,23.8673218664157,23.8903168452121,23.9468794513873,23.8712497693746,23.7776241467669,25.7884501917298,25.2365853513773,24.7263515097362,24.0777963071113,25.1576623203445,24.1324535912429,25.3675520246139,24.1501080870114,24.7887276010602,24.2567783010687,24.2619440252837,25.023873767159,24.5622724173877,24.8545482614945,23.1868089986903,25.2136811575177,23.2931173349976,25.3010219298764,25.3335628134897,25.5158809089779,26.5751434842083,25.1550027060847,24.0752431676532,24.3760735800096,24.964905451248,23.5416360434828,23.3252009311687,25.0740412560078,26.2779734808829,24.5343197984716,24.0494850526288,26.0131297540982,26.1847895364226,25.3138339292925,24.3676088127571,24.9420726787262,26.6147974802637,25.4507348208693,24.8039213719006,25.5246027477449
"rppos_Azithromycin",14.8004828794076,14.3732164010296,14.638365024586,14.3017749863713,14.4493226859578,15.2439533550942,19.3617362386378,14.8119931607763,14.6984959522493,22.9021561258571,14.7394711742242,14.7011429760697,14.8138875810573,14.0732642804838,15.2791164918647,14.5220048247071,15.2012691565527,14.9175759555687,14.4901505221342,14.5295652593898,14.2077182004339,15.4597214159493,20.7363749185433,14.8271698941857,15.0283311207,14.6891411470879,14.7229514165454,14.6505253139594,15.5799627990544,14.7388554691902,14.6094445211165,14.4405446964274,14.1226092032294,15.1587294266922,15.136893483252,15.0834306165499,15.0259194225295,14.8328768692207,23.1581668286068,15.2259130072065,15.5608067615868,14.8137945985124,15.1991808274422,19.6622094193598,22.458490834345,15.1220839700615,14.5253360126076,14.6738149955762,15.3008802994557,14.808610979988,15.0321510013845,14.9674197534566,22.6497621927874,14.4083704707263,14.9761700167905,15.2473425733825,14.6539437664979,15.3180957898327,14.9317465959277,15.2643873379087,14.8475521286659,14.1520073794955,15.3964741849704,15.2432808654915,14.7949622548779,14.3340304351384,15.3025149657107,14.3057993323268,14.9942396684342,14.7577086900782,23.4831014490582,14.939467536194,14.6158194607299,14.722389098928,15.5106576901961,15.2838916823327,14.7322182725264,15.3278943621106,15.0031199489502,15.495545707441,14.9501208119199,10.6316789803157,10.5055523630167,10.4666344578392,11.1485768040877,10.6281550802278,10.0263921071095,12.5521453515639,10.7289969800676,11.6571863389852,10.6365636122536,10.5615738298468,11.3518502022408,19.8591893069316,10.9009424531632,11.0648297138304,12.093633356677,11.2759414911722,11.5801881264279,25.0307361467879,10.3798069728885,10.6549481375288,11.1368307040042,11.0945319951525,11.904362611909,11.4013664305859,13.0840600884589,11.7819756276029,11.4042000594039,11.0081422096848,11.2846651131703,11.3063923792509,11.434250673163,27.1154000285274,11.9655483554867,11.3240799355637,10.7939688500764,23.9075643812674,10.82304810219,11.4448568211276,11.3371755656448,11.7274533078976,13.1121310082988,11.9149319715327,10.7528919181913,20.7841296955769,11.0974631325147,12.6292837339646,11.3631517752352,20.5349658487931,11.2242038611952,11.212034747734,11.6316106172074,11.9392320520705,11.2121222477186,10.6614657386061,10.6855137209671,11.8522961644664,11.2959043672805,12.116512518765,12.3621304330289,11.0762547199311,12.2538091748815,27.3856725918201,12.3902170646302,11.6103481760866,11.8316581953431,12.5431931559283,11.5005203965312,11.4228824829561,10.6496760913012,25.1580033900809,11.2640608845055,11.1788443514336,11.6594472764738,11.6721004694202,11.9021480092345,11.7799939266007,11.6778904997664,24.5670713974986,10.8585174878122,11.6046166495472,11.073065226401,23.9607606073021,24.9188532060605,11.5457385648051,16.2748015710431,11.3800153950504,12.6680846794905,10.6647738345923,16.7678204066141,11.9576276880258,11.5017457712036,11.4065815369433,10.8865991699281,11.7452476633341,11.9996758207888,11.4440561888218,11.2447458286301,12.0410564460155,12.0124339003241,24.1993877027273,11.4604939928544,12.048967424401,11.5676632475906,27.0075905975317,11.7815835502325,12.9728855510167,11.0348323914919
"rppos_Caprolactam",28.2511989166023,27.8697629455244,28.8806890978366,28.1537819898117,28.4202260343766,29.1291992505255,29.0078422926278,28.8901367137951,27.8866138620919,28.3172086791172,28.9533330185193,28.1551163013933,28.346359965234,27.9461193934392,28.97115973263,27.6102666283651,28.8650770955545,28.8670121754819,27.417227112375,28.1885812464734,28.1715510632996,29.7055590957388,27.8290740965591,28.8334299054812,29.4764292452711,27.7754852440539,27.7413897488405,28.3304972359951,29.4510550308067,28.6706654607929,28.5723484963182,28.2082619710854,27.8124975812203,29.3032526445842,28.7327593143462,28.2507632606027,28.7531633220641,28.228686433363,27.9845553761299,29.0555996758388,28.7856226162266,28.8014945249072,29.0831099291055,28.4144601247096,28.3036471683104,28.9413430700386,27.7039800071944,28.2362510534884,29.1597626098371,26.7759639125191,29.430918344383,29.207094085754,28.5000484973713,28.7600780008207,29.1984063479622,29.2056517717293,28.4253014927249,30.0002784585182,29.5090710383557,29.2959932085644,28.923021708582,28.3329712917792,29.2845356402801,28.60246794968,29.0328848216745,28.4515179287366,29.6715642558537,28.8255130050926,29.1628333601214,28.6853375719516,28.2052389978672,28.6683685275996,28.2248135807472,28.7046314494077,29.3895433802064,29.7743589964121,29.1789675241006,29.2460815232447,28.6774582903845,29.7045255108195,28.7524658739128,25.2154415260425,24.9512716024262,25.0010792883959,25.9512977479564,25.8465214892666,24.9773652543101,27.2333686629582,25.7986806410388,26.7181896262342,25.198166750127,25.9186948693371,26.9582695809991,25.8428463643717,26.1909763406724,26.4710354285905,27.8122548168027,26.8698257331216,26.795499162198,26.5594100011234,25.3522968201388,25.9959523154676,26.0833762247668,26.6650564357281,26.722667580225,26.8273929718625,28.3273376107164,26.6301051335281,26.02701641683,26.1537122422588,26.6435966144812,26.1314803113547,26.4058732497672,25.7378258211228,27.3014332723382,26.5121726339065,25.6035270292475,26.8422111324431,25.8485166513395,26.6701945913484,26.8571687051466,27.5952749449707,27.7052336107815,27.0291202387908,26.005821761332,26.1776607061057,25.8342782116289,28.0276397967509,26.2309259051129,25.9331862425465,26.5451909610154,26.0982400244329,25.8119395516759,26.48709953847,26.0377150822962,25.2672697747316,25.0889381930844,26.685952873563,26.1147249001609,26.90471157195,26.3654401980816,25.7294138504837,27.1497261656742,26.4906343239378,27.4334634675111,26.5646540647074,26.6204540991851,27.1649006380217,26.5839121619798,26.9993623216987,25.4220551956133,26.7050486783355,26.7302432518873,26.3723398869863,26.4594679531187,27.2775831322263,26.8409159328815,27.0419039769989,26.7076025593552,27.3885661715817,25.1221878653189,26.2923232850461,25.9725291344406,27.0819559427449,26.3640253574578,26.5733991692388,26.81223019046,26.2903092857442,26.2071118756989,25.6071763324537,25.8016369081733,26.9731623610153,26.117070918527,26.1931147911291,25.8643023315776,26.4454984424497,26.3679209640011,26.7050734839933,25.5700159853058,26.4978691047538,26.9381023049309,25.6670320116844,25.7473353259617,26.1134975066954,25.3253689765272,26.8801567749562,25.3644455353325,26.5044311547941,24.8989587425896
"rppos_Choline",27.3758036722392,28.7364401316621,27.55262472541,27.7385483358413,27.3320887629206,28.1238822262331,28.9170736528304,27.2273166275604,27.7734641906276,28.9000290700696,27.3357118892887,27.8418102851369,28.727316307553,27.7017568246172,27.3520936926153,27.814174636074,27.7713796294769,28.5409665334587,28.0799681323433,27.6014234579029,27.9241686959809,28.1511326446959,28.1173039740926,26.9922876283277,29.3218892918948,27.820914090333,27.5443909084903,27.5164299913843,29.0271278390705,28.8187464250069,28.2973113708467,26.9585805473317,28.0031001147526,28.705951067051,27.9607385673336,26.8136066652325,27.9238547793944,28.0838259576654,29.113635459091,27.9514279881684,27.8166669497488,27.5617461516963,29.272129918633,27.3235383152255,27.838654275299,28.2972672125204,27.2894277351745,27.0172939213524,28.9677878721298,28.3182382234693,28.1284520689644,29.7982180342852,27.5977035985484,28.2065137315036,27.7807319893812,28.2995063836307,27.795626165585,27.9925839211053,28.300085122629,27.1402664199979,27.7221302276653,27.5171115134347,27.2010973285676,29.0698696979015,27.2058029521862,27.7481097288799,27.4771103496428,28.0122075577134,27.1343554789814,28.3920715813782,27.4099551614005,28.2540740333414,28.5509579861303,27.8749804302539,27.633742909078,28.6727375024711,28.1799309740806,27.3330804257768,28.3288454146983,27.4268428400984,27.3832252850619,26.3059498702478,25.4725196891614,27.2505934403353,26.7440230680059,26.9389492936183,27.5040603001565,26.9608446160078,27.2777245492548,25.9088155517674,25.7991633845402,23.7673825841214,24.3162329897731,26.3815594064909,27.7711579208467,26.2923294067367,26.3294839238483,27.133109165724,27.2936364776918,26.6967009729963,26.5658094530527,27.5198966574549,27.9119404155659,27.5430591508252,26.0956787704837,26.9772834133847,25.1213243648623,27.1099733303093,28.1894583015874,26.5326729209036,27.4182875307888,26.5632341731534,26.5409675653303,26.3473051626507,26.6217147320925,27.6285393322585,28.5524591903373,25.8755569724176,27.190511016501,26.5960793024841,26.9957477870042,27.2706199153742,24.6605138847915,26.1819268970816,26.9595151618398,26.634276757966,25.8381374956274,22.8390892737775,25.9330290279653,25.0145388101681,26.5016379870005,26.2298819558471,24.9094803897972,26.4885959474251,24.6438606935268,25.4637886764879,24.2630462242499,26.6728580670214,23.9105700630027,23.9719249251782,23.8245382428347,26.4794373193342,25.136026335018,26.1925379737957,26.0704229644484,24.9450183567672,25.6891992726116,25.3895574757635,25.0270056406717,27.0949255640446,26.8110980049954,25.6080426158622,25.4989976354762,24.8465528019059,25.3942870439907,25.5149125714867,25.2875484755795,24.9915480023755,25.7744692554082,23.9819345072899,26.258119739117,27.0006774535534,24.7183216457359,26.0563748508942,25.4336091587846,23.8491844412413,23.7030603650683,24.8430663269102,26.7970142500981,25.2447767015756,25.2892482035309,25.4297791711363,25.658248342436,26.5803885481537,23.8172359490963,25.0282929941507,25.6998197577873,27.5681574602923,27.3205282516815,27.0635834092951,27.7079367161395,27.4364841610401,28.091293891716,27.1868032449446,26.5956005282874,29.1340710024412,29.1270953549397,25.4178668769034,26.630584476761
"rppos_Diatrizoic.acid",22.1363988260047,22.3790633842651,22.2225184047305,23.324795811405,23.7125553674838,22.378161394442,24.7125557253439,22.3639817886758,21.4019538403216,22.8749889563204,23.2110151589789,23.0342727090479,23.3877113131158,22.5674467239112,22.1975275076392,20.9512650268618,19.3615785564026,22.5217347312767,23.310702207102,24.6149363477321,22.8708907205206,23.3361858697165,23.7470417188828,20.2479605849021,18.8406923383315,20.7846932998375,22.126654565732,23.240788329874,21.3163263748472,24.3368494018316,24.3893520765104,22.938099260812,24.7767486821772,24.2488307221478,21.6877314789481,21.1677419098684,21.9328258690102,21.2365115893156,14.5740373956666,23.44653852789,22.6700164483504,21.7066510240081,23.5823826531875,22.1981225655979,22.8133703200078,21.4710463987097,23.3757477605741,23.7447790703465,21.3193801967874,20.4117441491768,20.4839434598025,22.5736328104182,22.7725735790078,21.9129919914587,24.0020057848531,20.8064697098513,21.3699323038729,20.1994848547121,21.5197225491583,22.1762500056789,20.4824772521397,22.7349987468941,26.0424614109977,21.3594166625657,21.1390096455265,22.6364518880465,21.4266244509087,22.7032830961364,23.6503532442893,23.4348776530569,22.5315121196849,22.9805857080545,21.7081246846503,21.0945009497671,23.4334262235585,22.4467193768497,22.4911542136492,23.500098692148,22.2407287168762,22.1433518593308,21.8959733276193,19.5854606994415,18.9074552513304,20.6819872134163,16.5923350612374,19.277938754082,20.4899520887375,18.4632745684915,19.5873350097942,19.8696329138236,18.6396398561295,17.7368863284731,14.7820978966688,20.4431692065175,18.4246277443338,18.0964990404436,22.1718160157873,20.3583951329224,19.9036988362945,18.1962327066135,20.1527829280695,19.8719065583934,18.6587035175768,20.220471237253,19.2712582896393,18.7765182685652,15.9262489118731,20.2806815279898,19.460641773735,19.2524622796996,19.6980306310944,17.8268830577759,20.0325047144485,19.3869160743479,17.1117240073355,21.4528871467371,19.9700799297311,18.0139433466088,17.6469718754922,17.4354594745792,15.5600959326535,18.7875663096851,17.5033058946596,15.7567063393456,19.8279058373843,19.3246922116309,19.6220780982165,17.0332231755264,19.5902912288904,17.7916366429092,18.7144923229644,17.2736661124922,14.7621369747765,17.7895440799158,17.1386428589117,18.5864454005104,19.1122955829106,17.988224974732,17.6190299480573,16.3973877365339,17.2823033156838,17.0127025178679,15.7944518520974,18.1655818716371,17.0665470387206,19.2488981080773,19.3685073203349,15.9176176207152,16.9165632653413,18.940055779258,18.8679008625299,18.5239157045065,17.183007784367,17.9551313489749,16.5865239512277,19.75254959169,18.579130256592,17.2081027392682,19.0617913700191,16.766240303152,20.2729810358233,19.1807421064754,17.7371182623766,15.9511967462767,17.9558974215931,19.4407561462328,17.7834908564902,16.8220336791057,19.7489491531419,17.9948877413827,17.0286184198998,18.4220231824515,18.5061056884508,17.5863010578789,19.5894317111029,16.3775619602205,19.0679456190655,18.9040347566011,19.1842418458653,17.7112737835819,19.9771294718701,18.8039175045817,19.0703114832625,18.0581068797696,17.9285468153246,16.7351728047228,19.3819976060904,17.651195281043,19.0294262401605
"rppos_Methyl.palmitate",17.1822063031293,27.2679883124921,22.2925996835189,21.3011262778101,17.4461718804651,27.2606392452845,23.9467953089924,26.2304544333454,25.1765695654176,26.289837091802,26.3013981615903,25.4292100726152,24.4485548067325,25.8146636058446,17.1599499664696,16.9190138103069,17.1024783438518,15.9244805263094,27.6416897019087,21.1789687225814,25.5646225867886,19.6227211300842,17.344532615273,26.6346699788091,26.9228823426698,25.3410514479367,25.4802658833157,25.7510138766151,23.9406097492515,25.287720242678,25.0880470686799,24.2522350899846,17.1530273933838,24.8752433323857,16.7888306719333,26.1470808192968,26.1949045283355,17.0851372461923,23.6941069999621,16.2008596299073,19.2420443237672,26.5856724443069,25.5034724743242,17.6803630895636,16.3451103914641,17.473567307062,26.835902925415,27.0876698989813,25.6570449901275,26.6331934279128,18.4905968563321,25.5278921759443,19.2086525426394,25.9266987401589,25.6321100450915,25.9711050446485,17.814859534795,26.1369459084726,27.4337911979357,27.5321687561229,16.3525832339453,27.364282593713,18.2526361210676,26.0690088612344,18.0283321867901,26.2400124425163,22.0423335220435,26.8552102262335,26.1039997688928,16.9195417780407,26.5665949591307,26.8130792292275,21.753232176132,25.9590993484742,23.0355944925552,19.7749103761559,25.3548060352086,20.329821464293,17.3345274221657,23.1259719041592,25.3510541114642,20.1711294812529,20.0959269883418,18.4653567131334,21.6572765329703,23.1953749579249,22.7189235090779,22.1204979898257,21.9621764884503,22.3191097049633,21.1017174648814,20.562359159563,19.2441582173376,21.1038674531923,20.5612397966544,18.1091468748689,18.2022834884153,22.6329461332515,19.7189723343051,19.8248417107185,19.6321243428568,19.9621472073735,22.0587817894881,20.4256266696427,19.953057815471,19.6642584091956,18.6297882989098,18.749566510903,19.2180838126749,17.9064579791393,17.5299784074409,19.2965224620739,19.1916601402709,18.7428858533626,17.9015757061222,18.6018574763809,18.9643447854277,20.9993928391868,20.2046499909555,19.0821895795969,20.4716769008081,21.4613283118726,17.9418666072215,19.5878324698062,20.5090478210784,19.7044554117169,20.1141847855846,18.5447748963228,19.1364093182577,20.7148887239781,20.4134053163736,18.2903647570872,20.6342105770452,20.7671218966624,20.3463325431932,19.9214943696205,20.3270247077022,17.054810501194,17.398918802982,18.5818911944977,17.6851516561319,17.3250730308894,17.9535669892794,18.4976746932447,18.3526020273315,18.1282971333178,17.888938388876,17.913142782559,16.6167894843701,17.3756392093712,17.3685292012291,16.096820786528,19.1524753299567,17.0611939857158,16.4111661607237,17.1841407714887,17.5138459744315,16.9947480957838,17.0747095619471,17.7423264418831,17.8320102919185,18.1640454867888,17.1425487953739,17.3979203530798,17.9435835644315,17.0252276057309,19.5352896440094,18.1961027388278,20.6494233086171,22.6446280765126,20.5548648039795,19.5162735830848,19.4770169035106,19.5575504282267,20.4330167819035,18.1266232399267,29.8282462591665,29.1271604996768,28.2514900449864,26.8554129844829,28.8562272515026,21.1419333510861,29.0542791654708,18.490969183282,18.241240857095,30.2379968347564,29.0776014990909,27.4297217703781,18.0117883969061
"rppos_N.Methyldodecylamine",16.247828318264,19.8480713369195,14.0691495311373,17.2317565847928,16.2111422543214,17.7724228102332,15.8559475937579,18.4929067999638,17.0021745729459,18.7826120860382,18.6514265128247,16.0088093588122,15.5273807455787,16.8129739503698,17.0525921599867,15.7979287139062,16.4767782412666,16.1184938588286,17.2897091382739,15.9649600027832,17.0768119449715,17.5863888305996,17.1422773834348,16.68437202347,18.7224011339788,17.0040002917398,16.2218791801371,16.9089758160557,17.581212840449,17.3455750570578,16.7719930883117,14.0338748662656,15.7248552023315,14.6596101497855,16.4518592240518,16.8620163742373,14.5864322243193,16.0718898255362,14.9494274705115,16.9539729374667,16.6103813091391,18.0399153060443,17.6834412407411,16.0472744762405,15.6413253701949,16.758323502239,19.517714949312,19.5011232475803,17.7311434821297,18.7825055070079,17.3363560358391,18.3652033998816,15.8839271957865,18.444703763424,17.5598159195961,16.5782704355132,16.7583064754149,17.8079996220775,19.923640597245,19.0619116205583,16.8691089759042,19.2035163841529,17.7005337643983,14.7488835454345,16.167449554987,17.9008912320833,17.4574176739128,19.1567938315695,17.0553625055186,16.2173688199598,16.2936990444424,16.4076560840159,16.1072671050144,17.7061941348321,17.2863794785713,14.6418372875638,14.6782105019387,17.2193002048955,16.2655117874862,14.9945565668236,16.4384097545685,18.1638676347583,17.4845229687401,17.6361663708145,17.6466478187394,17.8391121549425,17.2101870134388,18.7654347277962,17.1078459725225,18.1839417161381,22.5179819282938,20.0265104795992,20.4391197496368,21.9585795672631,18.4645007368589,21.1316035791855,19.1689713654561,23.7398954565707,21.6705427095645,21.8138417386358,22.0959319565193,22.0083070212651,22.6537687442718,22.1868001373349,19.2536566419565,19.3191491063069,19.3467490447098,21.2795844354949,21.638012188948,20.5990019265905,17.1884866705371,17.3144921931822,17.8348450761355,17.179008033923,17.9036714036942,17.6508020435221,16.6989213466038,21.6329562635112,22.0980142961275,21.0628041318038,21.6359046199416,18.2567145658499,18.5659556518757,18.1962199585982,17.2782457099074,16.9821438939792,17.225941715758,19.6341549824451,17.4177220070984,17.4030775495522,17.322641836462,17.3647940655765,17.4285133530941,18.3502832869676,17.2764380683851,16.8830194105897,16.5911870980141,18.1116218585955,17.672703649066,18.3966388655015,18.0464879572594,17.8173663132549,18.6135519388303,17.8746490895191,18.6364876046783,17.8239923906114,18.0031521131657,18.6890537431495,17.5922477393179,17.57714263101,17.2677644906476,17.301551089006,17.3866324609242,17.6966400611348,17.9629639566461,18.1166339851423,18.5065851216903,17.693785813489,18.0711011277001,18.8407022528114,17.5092513983152,17.2774324339529,17.2276425467517,18.4008700872538,17.5613275188427,17.6028993981584,19.264881308414,17.5352529044862,18.1074359072583,16.9697776915483,17.9702150834556,18.80310503515,17.616985148383,17.5189484670548,18.2018507810424,18.6771522616754,20.2083865805262,18.3684523455988,16.9521926190572,17.5746202423341,18.5371135722938,17.7207586225528,19.3385438492508,19.3320565275332,17.7311380783544,20.366943854749,19.090156432463,18.42899337932,17.4402159151005
"rppos_Penicillin.G",14.2393353710039,13.7821330627681,25.9615446997213,13.9637442407653,13.9922492379823,14.6939357628851,14.5731158078373,14.397832196471,14.0979868004006,13.8193664016241,14.2003189832501,14.183667016958,14.17822305168,13.5872232352135,14.7078185331937,13.8584694117016,14.7481845946357,14.3623511976382,13.7171674539263,14.2160523575953,13.8290821396235,26.0939564063963,14.0086441967229,23.9652248865064,14.7831002723446,13.968492051352,13.955482908788,13.9253760422217,15.0151362375385,14.3352716975968,25.1423241158085,13.7673788901702,13.6179610341009,14.834243260019,14.5798521787574,14.4616762362315,14.7277431808915,13.9076972341003,13.6817898758788,14.8489607325428,14.7413791804227,14.2613099071212,14.9364891701177,14.1540570511437,13.7818837613891,14.811295114757,14.0737202597333,14.0702709603226,15.021430215779,14.354343597026,14.6104595572444,14.5004469245616,13.940585111926,13.9858349513106,14.496231642028,14.7803900916115,14.1678231534294,14.875207581221,14.4753795542203,14.6736165447827,14.3164477623264,13.7428482933115,14.9114317423112,14.5069774699757,14.0538616353709,13.8935822259811,14.9684952332922,13.9544208030562,14.6379014985245,14.090086886159,14.2143636747266,14.4617306984785,14.2687928915039,14.3454511518668,15.0731672881058,14.7857817535948,14.5421127995047,14.8482476250471,14.1824797234801,15.1608904459092,14.5567850384554,10.9666270464833,19.2448515584442,11.5296525442989,11.431386773101,11.3224649188528,12.5476045980772,12.5345219062731,11.2019266266192,12.2382777883672,10.9834230439038,11.1969796101373,11.9080631949126,11.3973795257147,11.5384987623132,11.6866262140049,12.8230135424112,12.1499556228538,12.2254885241792,11.8389270437715,12.7382085314178,11.1415568987662,11.6774405725929,11.6599139591546,12.0780680618924,11.9638429479613,13.8277456929567,11.8877123294415,11.8481922916927,11.6227284319901,11.9218666583921,11.9693775997884,12.0676805909851,11.5240203277972,12.48307172788,11.3520568293499,11.1480485136056,12.1523235562562,11.4158904023797,12.1420249549922,11.7040614962709,12.2785210942104,13.227704533352,18.8955348339969,22.5402547435438,20.5336316953652,20.0559530021689,16.8996268911262,21.9501508297138,18.0246751487336,21.0167241495745,20.1675514141067,19.2321348493261,19.8400607209253,18.5825812630327,21.1299916294924,21.7672043643812,19.9192742516037,18.9154742054471,16.2791063837439,17.3205345514347,19.0051306689573,15.5646695907136,16.7069062364127,13.9796122444255,14.7881479474452,14.9716887230171,13.0573462566725,13.5166148210236,16.3061033761232,17.2650936782897,19.1085053858918,18.1054072850359,18.3838565691875,19.6336629422138,18.4784399996821,17.3125504232509,15.4982914398193,15.198757362705,12.5926591900302,21.3477601454032,20.9536737152973,19.0138989023654,16.8703601496836,18.7796661051465,18.3611459826297,17.6732801633513,16.0982738112562,20.2555419916336,20.659130988547,20.5282255604236,19.5613555651978,19.7297901092064,19.7126104320393,18.1643455494505,17.1390817694838,12.5338156835722,12.2083127081557,13.1575138690932,12.7532015571707,12.2895246421805,12.1978249133881,12.3091929656892,12.8038911789876,11.9171645883037,13.2121443596337,12.4719795464424,12.5659242751597,10.9888948270272
"rppos_Tetradecenoyl.L.carnitine",15.9906640648193,16.0457743789225,21.3122769684299,18.5659214683933,20.2898747995199,14.5655150365754,16.8278373763994,21.5840279058089,19.0969590998588,17.1512873980195,17.5131193599605,18.9198807670944,16.0698812454525,22.2881428153562,14.5683546804895,21.0164740634409,18.6236359161214,17.5814923660752,20.5174436285751,20.5966239878939,17.0140025611807,15.0681643470445,19.59095826184,19.1134035183639,15.3249655795188,18.7611271217515,16.4144913121042,17.4736886408697,14.9185996644297,16.5252772538531,19.7626495921628,19.8320123329875,18.2562979598399,14.6611577174108,14.4118357199115,14.2696111982858,20.8049439862034,17.8041042194982,16.8603983014414,15.0227315421114,14.5799559056462,20.7076640061701,19.068554443023,17.699961534902,21.2070955948656,18.6154431059594,18.4858755811269,20.2175715455809,18.2816228129427,18.4815807274128,19.3803580220849,14.3733970890797,20.0012732203967,18.6684399979071,14.4077274518651,17.2207697210312,16.5720733068003,15.5113445299088,19.0112249334613,15.5768521088389,17.7661644114316,21.4833833628071,19.8483478222809,14.4043517396654,14.0173452706189,16.6174662691953,16.6008770313755,21.8410081526052,20.71871412304,18.6444892005136,18.208111843246,14.2621346875795,14.0929297165281,18.4158970926567,14.993351253949,14.6706383998931,17.6253470627988,18.0668765039974,17.1629515666917,15.0687243722942,14.6914295943893,17.2746405256331,19.8296661181902,21.0234985323629,15.3620697454777,17.5149946243129,21.0265326131721,17.5508436449022,20.1463476556953,16.615246935909,18.8229975934496,16.9833795493055,18.2851248864661,16.9816777761831,17.3068290046542,18.1882864837413,16.713896484157,19.8105589369565,19.3027666202682,19.4760542611942,18.6604938484165,19.0111075118354,19.7527910936135,19.0602874282448,18.0415947602412,18.7576564900779,16.1983649392713,20.3891929653982,20.3905898596408,20.4895203986576,19.5034530328904,19.8436289590598,18.7991681932612,18.7842990729886,18.1945492090047,22.7396776005577,18.5871729734802,18.9976382450422,19.9221268318595,17.4170215546963,15.2842900108874,19.0919898644788,16.479311208901,17.1200832866309,19.2435153651067,18.2407430161571,19.8056801796856,15.1119506677548,16.0967661218054,17.1714301729138,19.727117575442,18.8205725354878,17.1083887823145,20.100210276249,16.806581212929,19.4537915366316,19.6761879541488,17.439038125262,17.739644293566,14.4339238759664,16.7836272007568,19.3159812536604,17.9857676949527,19.3180359890678,17.1809415995916,17.9106389802338,17.8441152663865,17.016179908519,16.7900898792516,19.2946621690058,20.8932458493964,17.756919416315,18.0511231997069,18.3346669501365,16.8910211865125,17.6383703073798,15.4021691813665,17.7141534541443,17.1328159612059,16.7013160062751,18.4865979741324,18.9958575000415,19.5318613080164,17.3447547521204,18.992770421089,16.4011447867222,17.3168289483915,14.5960046952801,20.3842997937003,19.3492009980551,18.3012836609149,17.2676684973627,18.5727206310031,19.5650015804326,19.744476976008,18.7900581232652,18.7667762885846,19.3773627200508,19.2816040418004,20.1956874990106,20.0776269311794,20.9357001246088,17.3084309009774,17.6854363615213,20.8552225127431,19.4842984311767,17.2748175345233,15.2370761781066,22.5409183228044
"rppos_Asymmetric.dimethylarginine",20.9548467803628,21.5444500973063,20.6283269843122,20.6847455210207,18.5751161523199,20.6961026131657,20.7119626635815,21.0880074150181,20.7887330500899,19.923640597245,20.2708484742689,21.8691973661702,21.4000767674483,21.5402478382694,21.0014413126823,21.0007696299358,20.8965881510518,21.5478108504712,22.2885613496401,21.3214847152586,21.4350097537232,21.6630913606252,21.0041941301457,20.4633384951732,20.6835381258783,22.4465279251749,21.5091847381626,17.7358551333989,21.7281622647479,21.8789550417753,21.1877001505489,20.7493641236581,20.4660330351522,22.8182549550831,21.2437075514597,21.223745249243,20.7751768667576,20.4855828475029,21.891021963542,20.9591639810359,19.8338685459506,20.3453068090211,21.125591713801,19.8637060311528,19.6398634095333,18.485709417026,19.8918544460633,19.5974948851584,20.397130144496,20.5034661915081,20.1140890078603,22.0580848507068,21.0175231225938,20.5141267461924,21.7005864022516,20.5009870548277,21.1269749287975,21.1773023819886,19.1821599395793,20.995368383253,22.2517844482877,20.8683425676185,21.3796795831274,22.6169866091878,21.1247286406166,20.9914119127958,22.7832424876156,19.6740252303567,20.1535331512735,20.8642219510684,20.7372607142564,22.6183085205893,21.8717779051273,22.3672319569329,21.4049478282026,21.0834928738311,21.439815864787,21.6437284142899,20.5034169837386,21.1089241280254,21.4930876436962,18.6557148262359,16.9014608891186,18.1626065710244,19.1346877364928,20.2244904955527,18.2027149170506,20.9756907950686,19.0777686732455,21.3057679872875,18.331231744127,15.5081180547748,17.6528016741545,16.9474080117788,20.5697982876648,20.0640615780403,20.4497141599348,18.7311786102389,19.4491521605462,19.809902018652,17.998515402214,19.9505585713882,18.5787372859011,19.3141881977695,20.3296799484939,21.0091374003766,17.3401610119905,19.5647602317755,18.6540169608818,19.2294408719673,18.324245582993,19.9578565717785,20.135631902549,20.0206633488915,20.6638225071892,18.2935928235448,18.9861185968368,17.9536832066942,19.0133369317008,18.4522860188766,20.6730829236554,20.7417662876518,19.1592212272776,19.2376005908587,18.2567723483885,20.3558616694483,19.1321051465659,16.9866009146282,18.4805060918189,18.4056908877233,15.3909978838853,16.986595376176,17.4250023933294,18.0654303546488,17.6028128774319,15.364175090541,16.1597068909034,21.1405587391212,17.3443668432914,16.3867645001193,17.3452415207533,18.8284381297643,19.342645213721,19.1188541045139,19.6329472154883,18.4833229146535,20.6600262306524,18.3087307859193,18.2070810404818,18.0952267965561,17.516959590394,19.3649453131409,17.7373010118619,18.1889725223244,18.9113061122186,18.7570027335979,17.6925815448727,18.5266395881299,18.9623054693513,17.6682291028893,19.3834212744361,16.1011139895745,17.9492750459413,17.8836798811762,16.3352607986942,17.8757232775593,16.6277496389866,17.8671332400162,19.3580282236884,17.7171363922031,18.1176222760884,19.2071385334821,18.9942754896458,20.5173302400328,16.0156500936782,19.414543282711,18.9351628551147,19.6590500794565,18.4891323310206,22.5261689791539,21.9511635143018,21.2476066206791,22.2175801193076,21.5350406183326,17.3706862925686,22.8369300270412,22.6197985594847,21.8792116271704,16.6425636438868
"rppos_Pyridoxine",18.152937461791,19.9419937959783,21.0578827158987,19.6623112068645,19.5385967436533,19.2432945359674,19.7531217272274,20.3329329059717,19.1539110661415,17.6468893316586,17.9062954543073,19.250926043412,19.7789081727708,18.2196228244388,19.9474280752139,19.6445416102967,20.2218824746175,18.0972704198021,18.6403330878795,19.5374345820063,19.1991413753527,21.2621933315092,18.9130497900484,19.5390575604558,19.0281886652493,19.5221005205456,18.9539667952919,17.5337946030637,19.0805818903069,19.5766531641694,20.3889477121173,17.6873232994753,20.1261091153318,17.7621749551156,19.0813101054596,19.5502660287145,18.3544638938999,19.1530496311441,17.9832405010621,18.4977631594651,21.1697259671781,19.8637389336437,18.1333130817347,19.1102021596122,19.6258849263801,18.8316486053761,17.5942429352713,18.7990508114586,18.9975552948158,18.0391031589166,19.8150306627891,20.4544275131276,18.796496491575,18.2149453266817,18.0495766513799,18.7124995938778,20.752675764969,19.2424463612323,18.1610706344151,18.1862398565244,19.8250107977317,18.6907417112073,17.8751880679612,18.9277116806884,18.4122786536664,19.3809824931143,20.1517532251295,18.7575072989281,19.5735323747063,18.0069474246372,18.6576763628898,20.3345240524365,19.9887278057886,18.8596494544646,19.9641090559764,19.1360841414287,18.7014130829994,19.4804307671056,18.9806774835825,18.5194470296329,18.7780720462083,20.0203494889614,18.941765000696,16.4213194948599,13.2301624988618,13.9398632330139,16.2933931699317,14.7911507273079,15.5710743200057,14.7137676656919,14.0038210938593,14.6973604023579,14.2937401219003,15.2541010258344,14.1492783685029,14.1276929342074,15.7411681654188,14.6227574056524,14.7835634916792,14.6322771781245,16.8098672954197,16.559801603828,14.7442383021861,14.1553797452274,14.586297441403,14.4194321136424,16.902536171216,14.330998377172,15.1785331117172,14.394605159607,15.0856545038793,14.5541511690176,14.4786526592836,15.0071018230306,14.7146040719813,15.0595691332386,15.2267265632779,14.6750809347337,14.3807815719769,14.5681615125865,14.3930669815881,14.8575862516156,18.1200341975403,18.5754335677402,19.4793801567927,14.8735838506723,19.9769534310652,16.0381772771313,20.6350296616252,17.5701392992295,19.7059886700491,18.6564440136897,15.384076438357,18.8427477202484,15.1729245857924,16.8656714463615,16.5234263160276,20.0262419870511,14.8764325784939,16.2648900732468,15.943570527947,18.1732560578522,17.7300896957822,18.0170057537145,18.4456554696289,16.8420551754124,17.4130989760785,17.3422979629592,15.4256044809845,20.1832133251964,19.6589957574977,17.4959473822317,16.5787425236649,16.5912727864891,20.040929814617,15.9464052837258,16.3396000487078,18.7264809441169,17.7381120442311,15.4774921805312,19.4193699947806,19.5316727189718,15.0655447873379,17.1438192305417,16.8897685916872,18.4352117752385,15.0795413534473,15.5152926749094,19.1526768557205,16.7663895488554,19.1922691735131,17.2805933432848,18.157362076713,21.0241528822698,18.4659820327917,17.9018383193788,16.0486834031907,15.199887174182,16.6958532999877,15.6129669804273,15.6905025616694,16.0054469570757,15.2209899769143,15.2779511988956,15.7227174112403,16.2846428071765,16.7354572167451,14.8398593189921,16.161267948721
"rppos_Solanidine",17.2365487778124,17.9045992450442,14.0722922911263,13.7428246873099,17.2248958392872,19.1104109319027,14.4296775163465,14.1997385672713,13.8729969484017,17.1763697524822,15.6545352344287,14.035739687161,14.3014187803983,14.1370068991129,14.452692439239,13.6023231533773,19.2745022186802,19.3016383123329,17.1043840862797,16.4089365750428,13.6357802748338,15.0137481372046,14.6956702042795,19.8854982200316,14.5633712806583,13.7234058584791,16.155730093059,16.5249392068506,17.0081702657487,14.1961716273654,13.9058570449703,18.7321946633093,13.4229060656066,14.6124967793872,16.3354021696461,14.7678312002581,14.5109261198024,19.0951852506097,15.1758330027287,16.1076657327905,17.4615703280934,14.8163389314659,16.2083825451871,13.9784625546953,16.0868176387086,14.6968734300037,13.8204369853024,17.3099842305867,14.8165638335353,14.2350678575052,17.1070670885712,17.0230005394962,13.7457882470125,13.7884670364614,14.3486976491619,16.2146445704771,13.9354433068185,14.6726636082937,19.77444457125,15.4847410724203,14.1397494328771,13.615256361714,17.1487349983147,14.3139115569696,19.6779631576958,16.3920789165505,17.3471829421859,19.2117012567907,14.4396588887138,14.1613572125244,14.7554686826255,14.802277729518,14.0177655117999,20.5735958824877,14.9985263518115,14.6624467591535,15.7331676244266,16.4470510287348,16.6282100108852,19.6478032658479,17.4556501664973,16.8886733697324,14.8340289561027,14.7438554780621,20.7692430449801,11.0219243959882,15.5674632655175,15.3569941703109,16.5372215819014,15.0520438868381,13.2219097078059,14.1171922062673,14.802915063188,20.9972806386403,15.9199382235641,16.4799562799903,12.5118450876915,20.3683612009502,18.7064091384288,16.6599477500632,20.2364851366933,16.8764702856216,12.3352453182088,18.0228771806067,11.8599298191721,11.7909797020925,13.5088271477963,22.2412968336058,21.5673054989011,13.4047908107723,18.2370084988173,11.452656890627,16.1923518005093,19.8901410071756,13.8148619362521,18.4683021589277,11.9808970084526,18.8223041303618,21.6206584763538,12.5819228616047,15.8564476444593,12.4900698902482,15.1944673385919,12.503125360344,18.3107045891462,16.2643553837558,14.1643447330158,13.1062179684663,18.5142971453129,15.6357313796616,11.6440012247896,14.6915272037541,14.9135602207489,16.6214780480594,12.8502112266715,16.1759612659311,15.3691431548222,15.4326524752921,15.755110981684,14.334349103995,15.6882313475808,18.7111116551322,13.9983143247839,12.1587600682164,13.0744181413794,20.404837630141,14.9605879464846,12.8509433971586,11.9063971717978,16.0040241217829,17.9789616951081,13.9370371189189,11.9194283757546,18.0714337752574,20.0953009458927,18.9377953014858,15.6389196815523,14.3423447690249,19.5396009456386,14.0826833152579,15.8383580979547,16.9429238662202,12.7632012771042,12.446667049601,14.8587117726907,16.5517289983911,17.0438749025193,15.2671532681711,13.0537093709695,11.624887112863,19.3596881858379,17.6280059432531,17.5142969143506,17.0696159128722,19.7265043794005,18.8881884365159,18.6282926052785,18.3755944918753,19.1803718318811,16.8069753027419,18.3447788356488,15.9893468221546,18.2500617495699,22.0264086521074,21.0664677273112,19.2529922803734,17.0415222041024,16.4682142448291,14.9465030987823
"rpneg_2.Hydroxyglutaric.acid",21.7348855489658,21.5635525363796,27.9001147001314,22.5782345604302,22.2319590128004,21.5713098646748,21.899766377324,21.7984101882537,20.7464789843613,22.2050339075367,20.8386683721828,20.9614318658125,28.6553296477887,20.5730986038581,21.473859427274,21.9153881313797,21.7469696396116,21.2395703974791,25.3834735119929,27.9119756034728,21.8863060899312,21.2346487874474,21.3905893813777,21.5502017531002,20.8320068791794,20.317954553991,21.6555691143409,28.0115804431766,29.3163650618567,28.7684638991098,24.6517207216655,21.8495175134056,20.6400001057214,29.2319097453783,21.9077630147671,21.826055836223,21.6828506519221,20.816442706779,21.9101608206267,20.9658495097191,21.8550442445073,21.682160043808,29.5321222849069,28.1677716918834,20.7944769600325,21.6248974605159,21.4649615139165,20.906575423845,27.4313392125504,28.7273590241196,28.3527357798833,20.8236946100725,21.8687264693251,21.82084167286,21.7815974529192,28.9284134999921,22.5242595024456,22.1451921948203,20.8626274130092,21.6719393330904,21.8527587239063,22.43966875929,21.4304237966889,21.6125267810252,21.9849804994739,21.0870369012529,21.9635987398068,22.452868617271,21.9622248256527,28.407731041023,27.9656385799565,21.0510715256354,21.0860286435426,21.0297000448634,21.5115166548214,27.9158334059967,21.2139187316368,28.168042600744,21.4618888792105,21.8276695822461,21.5645985239753,16.7804160621557,16.8144010497224,17.6148034272899,17.3729645450834,13.8971228530218,18.0435446746635,16.8744357382085,24.0081141602759,17.7470745890235,16.8233333255232,16.234935065801,19.0890533757009,16.9414265371359,17.5245379785497,17.6166680627216,18.9782430794356,17.3432731136089,17.3685267027414,17.2167786479454,17.0673217897264,22.8239893603292,24.51683782807,16.8439878700688,17.4719101675203,16.9695426662007,18.0643234384794,17.1028288677067,17.6004609556847,16.4174146344666,17.5145175584383,22.2452841628839,16.7304103608434,17.2995065125873,17.3000144470331,17.5906006465926,24.5989650066774,16.8161945039068,17.8643313355955,17.4720915869035,17.4528180985697,17.9411142583976,18.1210109924605,20.3589348326487,16.9003464623712,17.3644919969828,17.0185853669664,18.3575753317829,19.7229453717554,16.8239072187724,17.1522163187403,16.0916004677229,16.9240264776841,16.5092624203812,16.6288377870561,16.2553413694628,17.1429780721271,17.530326553516,16.5754235331505,17.686592058231,18.8593912464004,16.8739412107617,17.8327540292647,17.680446755486,17.9025418157193,16.8033021197389,17.8404803874731,18.1509837784745,16.7235854739316,23.5277969641543,18.2831673071909,18.8876342431407,21.0800070393274,16.9059810639269,17.3400226184419,19.5194567942608,17.8499956700657,16.9524809557627,17.1234268073927,19.0057363880312,17.1790850526983,16.485840149738,15.9503760938168,22.4661737342001,16.3845942501611,17.7279099596033,16.6082886663119,17.1985164463063,17.029217238808,16.7619298965404,16.2529404070214,17.5598560760081,16.9570015867746,16.3831328534273,16.9049552325316,17.8339763588337,17.4009398801981,23.819416925108,18.1193947144437,18.1424232562514,18.2638250319131,18.1666703549599,18.5088960827122,17.6227757380636,16.9447172938129,18.3175820432623,26.1127486587531,17.0340568935152,16.9825874258141
"rpneg_Arachidonic.acid",18.7960675617605,20.6392760247707,19.3505482267782,18.6930024124993,18.8576425557639,18.3170515369745,19.5959152469103,17.4923163336176,16.6363624786947,18.6798087121383,16.9881606853744,19.1863658772594,18.9509201013097,19.5834521482783,17.0832273745983,18.8170257719139,19.9187018841129,18.7548805487821,22.1522454314527,19.805578640982,19.4375352621521,18.784337203238,18.2734057713182,18.9755425918613,19.065015821326,19.6849396328055,17.9768166294248,18.5447320745579,19.8769746970865,19.4546112359775,18.9817566087549,19.0363826870279,19.1694902430734,20.2477254354123,17.1515605046933,17.3489103638826,19.3180460406848,19.2362063935073,21.1296806488258,19.9270492742563,18.4299609829374,18.4294515086589,17.686879540677,17.9005822140089,18.4098447531422,17.7920586407804,19.511537266889,18.000504729356,19.0462494340517,17.8130345063154,16.2461847061316,18.7809861576933,19.4542587691197,20.2460457958858,20.627429111884,17.4874804013073,18.6892817801199,18.446981185194,18.1580878740606,18.6056367726435,17.7906399004297,19.8175301618658,19.3428949355454,18.8805521925156,18.8622951132172,20.0180276218571,18.9060968256582,19.1719987303103,19.6895239009301,19.5977406498967,20.1685886807889,19.3042685631205,20.349313284858,19.3911849490692,19.1016869761842,19.9676201690029,19.7388219517512,18.1331368396965,18.3744441033571,19.6124073630232,18.9556664027882,16.1929351555666,16.0744196447728,14.391906278581,15.4793283491777,16.1267940649933,15.0054256444692,16.4990816039651,15.8273726719817,17.3820342759276,16.1558860249595,16.1194766303261,16.7148080591447,16.2314077540537,15.8483105925359,14.9829574952532,15.9967957238838,16.8540849286922,15.8723964691725,16.3598888915506,15.7441246241141,15.306132277771,14.9203024583883,15.7264864266548,16.7363673258731,16.2336039096278,14.437557369346,15.1414581749951,14.4672300914404,16.7602266403969,14.2030973538688,16.3099528971766,15.9213346077088,15.3913740871345,15.2410323651235,14.0988563212475,14.6764749902542,13.9077685125982,15.2587008062077,15.6976948736715,15.692900491379,15.0766292307456,13.4785845652351,15.8199216214098,14.9124954477311,15.0889355440465,15.4182379816456,12.5526300788042,13.8592543936841,14.9982927354351,14.4555080744142,15.2005253498679,15.6771499796374,14.5958310801013,16.1218077877662,16.0542542853713,16.3862787832228,15.7755215596623,15.6588475161692,14.3514857646997,15.8074714189237,15.9266215211173,17.0788133749139,16.723859731564,16.0872856189907,16.5477369394522,16.6266287929318,16.5727904972739,16.1683509724194,15.9069332490473,15.3109148811458,16.0826699334624,15.8827558338453,16.4592934870104,16.3053639005441,17.0772959238264,16.3818501318562,16.4212385883391,15.7071467511897,15.9701974942501,15.9800459505306,15.0858955781644,16.4223773327804,16.1547794352408,16.5244746484866,15.2985512781828,16.5901134454612,16.6703403074233,15.8050952121434,17.5023161451371,16.0130520397636,15.2306024944459,16.6290582758136,15.0030553160889,15.6069438991565,15.9931241682855,15.2916087135079,14.6608190049544,13.4636943992263,14.9922916031094,15.1804630570459,14.8995450571898,15.6471464100289,15.5894306205,13.9173061406846,15.5305215169907,15.5009515219741,16.4899078235637,15.0051893950818
"rpneg_Arginine",22.1758698549289,21.8407419063154,22.8898123397418,21.4681085111088,21.8221503906706,21.4971430897286,21.9446909348869,21.6689474939003,21.4438726945969,22.0767279673089,21.5709161824097,21.8624730486679,22.5368075905876,21.4457815995636,22.2326699785102,22.3150614915788,21.9756589612187,22.2616803632976,22.3488053244093,21.8243245262747,20.8931558730349,22.6826851072808,22.0688879913243,22.3973157149509,21.7219421146966,22.5399967379144,22.1634926995559,22.0577273406568,22.6270626319524,22.0710332241894,22.809051556337,22.0033574241071,21.3311707544202,22.8165879326405,22.2668171328599,21.8869725792194,21.7829255729796,22.3291373519168,22.2065703410498,22.1390855288767,22.7192443547963,22.09232873943,22.0742102400383,21.6406541018403,21.2832227453729,21.343543065162,21.2235751813302,21.7155971882737,22.1976304612893,21.7827595967071,22.1716321655933,22.0620792273587,21.9489703453502,22.0781071881921,21.9309660926987,22.1729469322659,21.7623870957185,22.211929944222,21.670509353953,22.0418673993154,21.8846875738773,21.3610262992286,22.4268843096782,22.5344571096656,22.076958802281,21.934437203223,22.4711970089239,21.4347222186297,22.1396993747278,22.5475014854065,21.9433825755897,22.3027857591986,22.0770998279236,22.4013248449378,23.4864378992517,22.1810352818206,21.7257274598863,22.1891622759835,22.3206309903716,21.8041233289349,22.1104787356864,19.3767939458283,20.149011247799,20.0248017915075,18.7522462295793,19.166728600537,19.4952127774127,19.3325323577847,19.5498129632309,19.7045703115221,18.7087306602737,18.1410565958727,18.6621876233327,18.5716159425816,19.5071829400614,19.4481085794681,18.3432100307739,19.1004256804224,19.6244746390523,19.4608639154484,19.187754111086,19.2622841030841,20.0886919766603,19.2281852313231,19.438745353916,19.5218817063629,16.4875955723534,19.8790881783374,18.8736013411235,18.482618964614,18.768348473879,20.0500850190218,19.3784612952043,19.6879800736168,19.4469831144474,19.1262036453298,19.5567277817917,18.1230187781996,19.7805441005224,18.7702270108854,20.1173200108,19.5245209626953,17.3186910817501,20.1000782374426,20.3181015369994,20.8394978696269,19.7781949872967,17.1636019488587,19.885361983183,18.8674174946311,20.1043732684218,19.9319601710986,19.2198591058189,19.3968187122273,19.2602579465766,19.6677041271718,20.2335109545069,20.7417401866545,18.9658321919593,18.0026983286763,18.520329936003,19.5547106732121,19.6653969513597,20.5100612982341,19.8201625244516,20.2182663990488,20.565639337965,19.4691935701982,19.3387295377127,20.8414325856597,21.0197906299809,20.247961976203,18.7874337081263,19.5075903755152,19.9519120663383,19.4989685754343,20.0416299750062,19.5470516892494,20.2448261024698,18.9569859431272,20.8733873203723,20.2549506891492,19.5700275144081,19.8446873340982,19.1246361522465,19.2122564394188,19.0452165268773,18.8520754058638,20.815669496252,20.2552540464437,18.6656904721022,20.28678851003,20.1310781625114,21.0339118013997,17.9883210850062,19.7581352562155,18.7608215208683,18.465066013529,18.4352276625814,18.6439072910909,18.0170780066798,18.3063929984395,18.2797885895351,18.6805081510812,17.6646528741771,18.4595107300816,19.8347127188112,20.5394088284344,18.816991698811
"rpneg_Citraconic.acid",21.1082166311615,20.5325524660223,24.5921684051674,22.3073107509789,21.8554474293023,21.3046414688712,21.5717320140838,21.0427144201154,20.2011808564274,20.0317733834685,20.4970592253149,20.630391025613,25.3386363952138,20.1225458707463,18.5929708527736,21.3948734084792,21.0173778147704,21.053640134681,22.6245034595687,24.5609002027188,21.1213619694864,21.0928268912857,20.5953839156495,20.777252545122,21.1530250589914,20.4633323542421,20.7363579226521,24.6810129475034,26.0155419729475,25.4436663028689,21.768563985328,20.5597848027889,20.6875687817462,25.9167163044541,21.4265523608344,20.7960993805815,21.7331249572138,21.0163238872058,22.1143046554059,21.3762516780254,21.6830211998533,20.9087637620771,26.0508386802897,24.8378571508332,20.3399937397656,21.6467635210496,20.9983517082577,20.8985616347849,24.3124721712673,25.4578693570988,25.095002177987,21.5660336022679,21.23023427713,20.6926730141219,20.7338362287411,25.6145624152657,21.3952153107597,21.4523611558714,20.9366629833498,20.3043610703203,20.9583476519043,21.1419722471182,20.3043610703203,21.4994801417303,20.3043610703203,21.0544546615385,21.0530336229236,20.8632976074864,21.69269190351,25.074725339078,24.5565376953314,20.6032662745533,20.9757995842295,20.4815139604733,20.7082194613967,24.620285095777,21.3352073690555,24.9732931941244,21.0163969510938,21.1939615980339,21.0653501924088,17.4892241389047,17.2951076560207,17.7643395188536,18.1974604036482,18.2822714914937,17.6806322513191,20.8102365759657,22.226540188641,19.7765115491855,17.9359526280422,17.7160559259262,19.2907507989517,16.982978378253,17.7032587474985,18.1098212274742,19.8165120589,18.3387623769868,18.8703825131762,18.1953356848937,18.1406364589565,21.0830294942301,22.2620171533423,18.1085125691286,19.0821090486044,18.6851329691512,20.0418145841384,18.3436901638698,18.2414704244589,18.399239192676,18.3169484091484,20.8591418012978,18.7407516783606,18.5557159789995,19.1928863176886,18.3674111656014,23.0617727716851,18.2303023838068,18.3296150939243,18.9644535976054,18.5413935158105,19.0615677662956,20.1656690057496,19.9664400117647,17.9074273567912,18.2863019413261,18.8441366126002,19.3123567868223,19.2078440266731,18.4056411402402,18.186633117625,18.3709073234527,18.4182149772645,18.7356739107996,18.6531976445358,18.0084023337241,18.1580990958378,19.2927319698271,18.8975826924592,21.1002920002662,19.3814637971132,18.2790386697109,21.9601697836363,19.4885510977535,19.5014211493358,19.2794109161268,19.4143665902045,20.3183119462946,18.7093078930077,21.8214364097183,18.37645778143,19.336208469299,20.0832273427991,18.700266378036,18.7736299144446,19.1300405823103,21.3393931235837,18.8569254872677,19.1207832971722,19.5192503850763,18.2038619269961,18.5031439308495,18.0238283648584,21.0948799708842,18.3563227949636,19.0959844411993,18.716379061604,18.7919198913353,18.6288997650272,17.9432803085123,18.3114365257847,18.9116326746389,18.5687354861399,18.7511530275593,18.6126022450453,19.4092358536255,19.1063330161626,22.0866438868835,18.8730434305821,19.612089295789,19.3960499441303,19.1708290742701,19.4322739454474,19.3871923660287,18.3661945808156,19.5327313353932,23.4622309188179,19.5013874248123,17.753929955546
"rpneg_Citric.acid",24.2846761197923,25.7530007970705,24.1711325633517,24.8812383354082,26.0321708635367,25.5596124173892,26.8081337703997,25.580950647352,26.2689435663319,27.2267493493492,24.8420289587689,24.6045024091419,25.251870287627,23.2355001600842,25.9119621877319,26.2957174711327,24.2358904037636,24.8455539085034,27.1364328027285,25.8140431237706,24.9521442650738,25.9233484504657,26.0141870983584,23.8875789962603,24.4215627600791,24.306998331475,24.423093186537,24.4313858441531,25.661310814357,25.3457308646282,22.9413643472838,25.1106404808096,24.4988190599943,24.3814561728008,25.1259411503319,18.4756015096483,23.7156171958813,25.8935304766809,26.66648578604,24.1664135834122,26.6176597665941,25.8437034107602,24.8118426218188,24.8296819738167,25.2820359411464,26.0849890226804,26.4254677080304,25.794009073692,24.9441329655298,26.3612732216695,26.5605818763355,26.1469106118104,25.7730170690295,26.0630089863366,26.0858037085585,24.5028302850742,24.6871847965155,26.4079348681054,26.4893649098321,24.9603943669655,25.6305679964551,25.345565416867,22.258945811948,27.9355725669514,24.9802353483006,24.9329962579651,22.9271633413006,24.1756459926696,24.9933997215514,26.2238159511963,24.303978878947,25.3836892843823,26.1684520190829,24.566455768561,25.1752124195268,22.9602657040947,25.9972108472778,24.6851441623132,25.7665587519264,22.9116031191687,25.2478802632002,20.7382934297168,21.3945878642606,22.400028962765,22.5290313278388,22.5863592144569,22.2291801598418,22.2057403379908,23.2119161589044,22.5209296919496,21.5670818052055,18.9152252882443,21.2571340964159,19.234453142256,21.1837977109159,20.6306468417547,20.7630441086831,21.9970223868321,22.7706392775875,19.3885813990757,22.1076720464399,21.1688409176789,21.6298512012504,22.2154722830688,21.7280533065566,20.6716516755495,23.2042691058087,22.2800496476372,22.2177514569339,18.9800188342772,22.5692437236412,20.5902376947369,21.5432448306058,21.901128503917,20.3706461918295,22.7334992964765,21.1590209406593,20.3482446528185,22.2618383565014,20.8349656321702,21.8058260502269,22.9945087207141,23.6128259404289,21.1943003418679,21.7479079501853,21.2300388857556,22.0918131826742,16.0905981975323,20.2074988818558,19.7836909364668,21.840640821952,21.3938135772887,19.0076998597698,20.7792322356162,12.8819007706461,21.3411509009237,21.7367827392805,20.0052595739391,17.6186469541281,16.94775267199,18.4056359471582,20.4818413564173,20.3269513952871,20.2983481226393,19.6527061028126,19.7637869110933,20.4454983761395,19.5708883751835,19.3598554862874,22.0016418845382,22.4758807429832,20.8957451521138,19.401165381737,21.6565581842087,20.6404265517129,18.2246197184806,19.1742793560888,19.067153486716,19.5261696248324,19.3482078323784,22.3385308953319,21.1221845423037,19.3745937938935,19.9669102271356,20.8287404234035,19.1181638671453,18.762316281688,16.5834549027619,22.932536137183,20.6389757061866,20.5741120733178,21.2784434901134,21.0994521207254,22.2214964330463,19.9444738392474,20.5591956171157,21.9188573249771,22.4960176567508,23.2146540263841,23.1049327937118,24.232471246417,23.8557080912894,23.8651602369768,23.2023796674699,21.6924157147472,23.3923918608658,23.2481333570675,22.2635083792811,21.315234349302
"rpneg_Glutamine",25.1915467396727,24.948611891093,26.2709861286181,24.9644884459499,25.2923271638097,25.5916701719751,25.2286337597032,25.7876969797994,25.3499348948321,25.1638192626984,24.9075794377,24.6945277396098,25.7806493038993,24.6697885228665,25.7256226721493,25.4159870263519,25.544375170993,25.3699367178876,25.4647833562953,25.1670251412092,24.5481997507205,25.9757792514498,25.4591119513546,24.8932443506121,25.70426600206,24.6533737642461,25.1711747955608,24.8026415983568,25.9524321124666,25.7120780118923,25.0925368133332,25.0356637323591,24.2853061093464,25.9536794028803,25.8297098133568,25.5207895175222,25.6342705498647,25.5590942424388,25.8725753381388,25.5875062948668,25.918289601546,25.7564216919664,26.3051643025417,25.047014388025,25.5222138089808,26.0451297427255,24.8795026482141,25.3376347688946,26.0666508381272,26.1208731181014,25.9542750201467,25.4420747285933,25.0741696450319,25.1123263604722,24.8437788628696,25.2509991888002,24.9873234344356,25.6649066945809,25.1599272475947,25.4510653765168,25.0593444738901,24.8032317157941,24.8071004870709,25.7199212754283,24.8512964694121,25.303763865829,25.5450827811303,24.3244565191644,25.3405901882101,25.6627860010808,24.9322680637795,24.7511122261892,25.8128656278992,25.1559428137901,26.2169330244574,25.0480834708066,25.146652594913,25.4394862179915,25.5441358730146,25.0585205358804,25.1404593205664,19.7833014559403,20.0712171629792,19.8924869673449,17.0413357725928,18.7673307316016,19.6788263346875,19.7576501377409,19.9142377961808,18.4182749713597,16.4506491836111,16.6243648537311,15.8055012467239,16.6360973168516,17.6189125421728,16.67216652413,17.5575821713944,17.362893908703,19.4261422361618,16.3940467646212,17.8042361358979,17.9852033318131,19.8298017101113,18.3756182946875,17.3270039409814,16.6957576404533,18.1453336586382,19.0502553858349,18.9316186541942,16.6267448506559,18.3054627799973,16.9845967915247,16.0515566077345,16.5735613260936,16.5061711209596,16.269722826702,16.9162525027148,16.0446611078745,18.6683121825769,16.9116861305767,18.2942485719575,19.2715243622656,17.6361072488948,18.3026462841475,20.5442256593628,19.9132523026156,19.3844871871045,16.2661361028994,19.5128766624759,16.7689890876021,20.0159042297933,19.7285025507944,16.6370093095299,19.0293382232194,16.4327441320169,18.8197449876224,19.8732133865021,20.5271880298591,16.6376627925783,16.5427584949717,16.99208371215,18.0203668323957,18.3068357291132,17.7310743055866,17.7155459235805,15.9974016785657,16.8474528732452,17.1411918644435,16.2631622193321,18.0205059949361,19.1616063956127,17.4701250298708,17.3995127026678,16.8204094419428,17.9665201546257,16.76901262919,18.11586480508,17.1427369113709,17.392531586551,16.3022006851178,20.6155494004142,20.1891826006907,17.5580669556747,17.7905135373729,17.4973653055056,18.1047960573474,16.8510602618193,16.6345827736453,19.4957372356888,18.4838676647242,17.0320945824735,18.6839003933803,19.3328559803321,20.3004238390637,17.5883143189685,19.5717911218223,17.5452619022839,20.0019546839654,19.2113504853769,20.6352545550496,19.6052161212556,19.3318836987713,19.4047903390262,18.9205835714982,18.1281719017381,20.5063203681902,20.9404606567993,19.1586943572632,17.9095853185259
"rpneg_Hypoxanthine",23.228242600472,22.7848105167609,22.0859221380994,22.4765921445879,22.0571328359879,21.7985312895497,19.5083857315554,21.396724601963,22.0687277193092,20.9027994631438,20.8379520521335,23.3422003812637,22.5025483187354,23.2695385846222,20.910290023867,22.4176568919692,21.2334316359077,22.5903839952195,20.3749230690727,22.6337862436169,22.7526230335982,21.8713053754045,21.7774065364346,23.8012808043943,24.0264798114958,23.6915138071281,22.4922199347422,22.6373478242268,21.7013366612127,23.5318707470398,23.7478991818421,22.5231367098928,23.3735888898894,23.7963567528418,21.374679987141,22.6182343844623,22.4340000561308,21.7411646459015,23.6291272855825,23.797148009882,20.4568993357629,19.7808661439268,22.1524008700254,20.7568932275729,21.6452800824569,20.2162232792471,21.5042177007245,19.007910883983,21.5303997672056,22.3752475521417,20.1662668265416,22.124187195008,22.7035161698022,23.4488452031579,22.9496048448806,22.6329474846822,22.3149023568389,21.9960630095929,22.2939461555523,23.8519992109362,22.5645502763426,23.2931615649854,23.5966493036943,20.8228336664108,23.1372898175055,22.4071559416108,24.9941928263245,23.4354367776041,22.5525066256564,21.4860625756404,23.7135965145153,21.818961947355,23.153269993991,23.7479990919409,24.1345340990622,22.6251668561996,23.6185209509051,21.5251974523381,21.9857107433954,23.7083352575846,22.6007738814529,20.869897389369,21.2518411655279,21.6348064140704,19.531664741774,20.8096063762953,21.6878956650197,19.2648227753503,21.5155921076546,19.2060130243257,17.5028063407475,17.6222954630492,16.9590411924978,18.442652421922,19.4944803895926,19.4796471056093,18.2852745335016,20.3728298179051,19.9251517073009,18.8812132714593,19.7723076004935,20.7505394754813,21.3245325213747,20.2595449171534,18.5925496995857,19.0810643067347,20.5239741168887,20.7821412071956,22.2842614306068,15.4213292344677,22.165561368041,20.2696784719339,19.5676646099911,19.9387576700752,19.0174787294453,21.0099427947123,21.4257375008007,18.2293510095273,22.1028764779108,18.8480181959605,18.6655135706521,21.8701752972715,17.9169384626067,18.5523391984554,20.6270742908604,17.1209159512046,21.8262110956167,15.91050650756,18.6248982368873,18.0682199244246,21.1795214472184,20.6143849387229,20.2345489536666,20.3077379173032,17.273323267508,18.7499337288826,19.2263131036622,16.958412882246,17.98182342517,17.5556813406774,18.0145249730525,18.5297190343462,18.9978653344734,17.7472630190803,19.0618745916431,18.4430385644774,19.8028591296051,17.3340629664679,18.3215905924993,18.986884231692,21.3889169483192,20.1799136379651,19.4779807025979,18.6657745145557,16.5277865923496,16.5049520170172,19.3232125229077,18.5611707705115,18.1619810711945,17.064265362296,21.3091028959143,19.4891271424415,18.1848497008034,17.6136286420621,17.5277401461856,18.2199559776818,17.3897760777729,20.1037828531104,19.2478545056274,15.2933639614782,17.3962801091331,18.9463758557446,19.8275971872396,19.262737329288,18.4661469677522,20.09257278013,17.3750846816582,22.5139449675654,23.2486402699188,20.6964414764251,23.2265065548873,22.4821947757476,23.3673887992313,21.3065148930358,21.2428500647622,21.1959481704591,22.1784285516631,19.7321328751681,19.7443700157104
"rpneg_Inosine",23.6269974440568,22.5851174854103,21.7784180497528,22.3210622013683,20.3530922564565,18.813454687035,17.7590878165844,18.7054672850395,21.270138122197,18.6507464756743,18.6722422265828,22.5075653450928,20.4132023049968,23.0242778831303,18.8197141917328,20.1506101089404,20.4852179746081,20.886763516722,18.0289208243552,20.7575610670992,21.8912951300505,21.4770146078504,20.4738963390029,22.7367443660076,25.0115771662761,21.7982861598666,20.6193757573801,20.2655060078546,19.9977177066044,22.7735284751071,24.0369137525292,21.3610153291847,22.7029331739176,22.4457295400291,20.6328708485555,22.9050353232137,21.3953309762238,19.5900194192165,21.2987297813184,24.1484106050908,18.5345865094502,17.768214200448,19.8719740681243,19.0908925729722,21.2394696573514,21.9626327722253,21.0360853284921,18.7889307258869,20.3835533636009,21.7501189471415,17.849440899095,19.1124062173525,21.6812052476532,21.4562164079379,22.4168293599499,20.0464303626034,20.6903495259028,20.0004938304941,21.6598853366337,23.801991487254,22.208883562653,22.5250435447596,21.0743810397774,18.1109473318852,22.6551837547208,21.0607128494736,24.3882862650623,22.6284943048499,19.8923957773128,18.3172760755562,22.0035060080013,18.5778477822049,20.1012784050814,21.8759332881149,22.8816163878746,20.9975687806767,22.7212936670214,19.9748829860524,18.9912112029177,22.5677817967484,19.6713810572223,17.3175780031848,17.4377588882895,17.8926291980901,14.4053237292995,19.3168356461232,16.2962963600911,17.5501912962934,19.6739253516933,14.2271639573198,14.2038379509572,13.0969575754459,12.7392020702998,11.1609758289591,14.3015952328487,16.9586690424405,13.5155972693772,17.0969304111514,16.5620486073363,11.4374616276119,18.5002640523925,14.6657508452805,13.3398946683849,15.7504630607018,13.6806216249476,15.9079350818444,13.1260420967766,15.0632714983467,16.8065227307987,14.092822135493,16.9935016807144,17.8302926401563,15.7553956170781,17.2021831620118,16.0745861715612,15.8848592927821,13.7578232543509,16.7628885853238,17.8045661116969,14.5011255102613,12.737537719222,18.2930745624677,12.0082305953434,12.8361213403473,17.5125824090283,15.651248773508,16.3956405292085,11.1179638013072,12.9825479589517,16.4070997494677,15.259363533332,16.9252340780636,15.8723321306649,16.649882237176,10.7758361468591,14.4658141443296,14.2059873099371,16.2855426955902,10.5993682760239,13.8502079730122,11.5875529284157,14.5817586003958,16.6842435978139,12.7664004362096,14.9916726672786,14.8858647676411,17.274760538286,13.0058059327852,11.5306208530478,17.6137339065166,15.094032713558,10.5816375443762,13.3700089314849,15.7235872409978,15.497062550856,14.3126693722243,13.9738983316801,16.026133828713,16.5783350288113,13.3547687750839,19.0148484409825,14.2615258087874,14.3732661729675,14.453833301528,10.1621678689412,13.0634112779261,14.3480212439522,10.6967795126291,15.2607774913522,17.7895919160733,14.2588315795819,13.6337865917119,10.6183717103805,12.7174170384043,14.4474412903424,16.5274048921118,16.217009831316,17.8117485186857,19.6033788956899,17.1828590788084,18.1874626639243,18.800607170765,19.390004171588,20.082289393839,16.587506918078,15.6701617711382,16.8148378413193,13.980287327836,11.5331954916024
"rpneg_Malic.acid",25.5420989165778,26.950166839224,24.1173786654195,25.7218926379881,25.7786157544825,25.834648660272,26.8839924545565,27.0580615159522,25.8553793759623,27.0867682821863,25.8524563611235,26.2061912606822,24.3337315548455,25.3777753913586,24.8728553146562,25.6628587113616,25.226795159123,25.8633204029737,26.1718643504429,25.47922505862,26.4140341422337,26.1530749078306,26.4353420766418,26.0071631167998,26.2489621111184,26.2927711268613,25.3036682539292,23.7702032390905,24.7769854931833,26.0869511655996,25.3939823452158,25.4891474646672,25.6272244719849,25.6474175809625,24.7244605699833,25.0422466920717,24.87434113014,25.7509619370717,26.5894247004936,26.5371122105874,26.2450010545474,26.3640592066487,25.5461605883003,24.2517893347159,26.9037416558479,25.8292333464177,25.7366062466388,24.6232206198207,25.8726207601153,26.369906608236,24.9144124420043,25.6130357203692,25.6656196427638,26.4487363607191,25.5155608413153,25.2526349115923,24.7201786354352,26.5163371015918,25.1980111231802,25.7175555614494,25.0554666423937,25.9016587361506,24.8449966010314,26.8228873901742,24.7059646352822,25.1246855707565,26.5306220680863,24.8899169306166,25.5096829358732,24.6568175755725,24.8528873892796,25.6479421522919,26.7430953061876,25.5468320018459,26.6180545773434,26.2515954074319,26.1635214048051,25.5158327549253,25.9745470401855,25.4492165698633,26.3469252944278,22.5475159306774,22.9688067391785,23.3933929536222,21.5318775987187,22.8142454039395,23.5599658548618,21.1370019541119,22.8208884527392,21.4128090093937,21.4108503380628,19.8416366391247,19.0488323961466,21.2773148236237,22.8996833576174,21.8622281408287,19.803256879679,22.344689559978,22.1248958104876,20.9919541085018,22.0605053638312,22.0455269919991,23.1602272807897,21.8854429127692,20.5080716078504,21.5595889468396,20.1968929813868,22.1220336450642,23.1069614550536,20.0408141152903,22.1710821045426,21.6989886185022,21.0717177772509,21.8964819277099,21.7302285729423,21.7795770748963,23.6013433946891,19.9982550628111,22.6095800637069,20.4115976821249,21.8960960270352,22.0870705948277,20.2824991556703,20.385841212705,22.5550847885198,22.6543213867772,21.6183939239919,17.9920464902916,21.0172115412156,20.2873844983292,23.087795459799,21.3386256450881,22.0299683376503,20.8197146723578,19.5133075191544,21.4834482076291,22.8416931027999,22.2138434496866,19.6918791721801,19.1740324271877,19.0157063331955,20.7793939393564,21.2039960874511,21.1574126561457,20.2242105135226,20.5823320686768,22.1660073675497,19.8499212999619,20.2516205932237,23.3596609117587,23.5108147108343,21.9243707679033,20.3164764970004,20.4419505222761,20.5438336615749,19.6400787240511,20.5876698755183,20.8366205868883,20.866307361387,19.6213683103049,22.7135817890986,21.5728974770846,21.2025429547483,20.2728219858306,20.5653237595949,19.7341970849854,19.4490400852308,20.4158859769336,23.4561267486589,21.7633054844901,20.762590505491,20.944868434185,21.4866027082804,21.247696336023,19.7453231320949,21.2232974893038,21.2054789197686,22.5139308067625,22.9204174907272,23.1112523929906,23.3687808958558,23.6156085798542,23.4463894437911,21.8448111627935,22.373001773508,22.9516542466111,23.580089865212,15.7470999962107,21.6715890895123
"rpneg_Taurine",27.9912296079064,25.6134376559416,28.0479003434337,27.0298256182378,26.7679279422152,26.5940806938686,27.3364018036828,27.8343467498857,26.4414069354611,25.3669580639489,27.3308746907399,27.3068696607826,26.4210693761349,27.0530056649431,23.8790129586818,26.4542331020947,27.1153483638881,27.498743301664,24.7430687079428,27.2646155113664,27.0466549750254,26.7110954691184,24.4093775941669,27.7371976080031,27.6719769253469,25.9906151789314,27.2836742929383,26.6922152421585,27.893244065437,26.4914004060047,28.4100145111696,27.3522040077121,24.7955278031126,27.502013429095,26.8004059231513,25.9205364718324,27.6263440627058,26.6137562643096,26.9360022902019,27.8211377138358,23.5192635003308,26.8732455551559,28.6623590018686,27.1340471592602,27.8039058370877,28.4136019964099,27.5471883959251,27.2735042006846,28.6051580806107,28.3169004217335,27.5196084990291,25.9916490293248,26.2154339966655,27.247547900096,27.2429307828704,28.0286466465394,26.2981174485886,26.9462109270203,28.2333879980086,27.8657814481547,26.7397967049555,27.4815235139893,27.3068237879615,25.1104584446789,26.3477156873161,26.8169670925445,27.6243308551137,27.5592454017434,27.8583270454895,26.5854398628121,27.393429599836,25.0713085997097,26.9969221847522,27.5552715895259,26.1976868888983,27.4067521753947,28.0350430191242,26.5162006288536,26.3790008983228,27.8476459416262,26.8291843171696,19.3097960341491,20.3770633847023,20.1682474498431,19.1418098396008,22.0405056187169,22.3753626145393,20.5026878998989,23.1047571145912,19.1342722175763,16.006880495087,16.7998826463097,15.8127609517925,18.0200033349794,19.8065223542044,20.950805051351,19.5956328093089,20.0284358385133,21.2854954202474,18.4237562709739,19.6616956676872,19.6747603112525,21.9434127650794,20.7213858139425,19.2948162515491,19.1634293002676,22.8376412505185,20.8112734914977,21.6051795832949,19.7851802687514,22.8999132839996,20.332925349039,19.9715848307286,19.9299473260083,19.3621919587153,21.5887856074363,21.1642661689105,18.338788307459,21.1280559313301,18.065391633509,20.3959157174736,23.7266829845163,20.3190528412018,17.709812224383,20.8492812349164,21.5738576218378,22.543167873145,16.2273896856342,17.1638155611241,17.9205830425303,21.2617575536717,20.2164507667515,18.7253984340641,20.5301525379867,17.9150202292884,18.5464629367855,18.3548184138461,20.8774409056996,17.7123772165119,18.7923154308807,17.8703147143826,18.631851948709,19.0062105065389,15.8726607044909,21.0772264409266,19.5336935122386,20.8838571095422,17.2506367013805,17.0922506690043,20.3795477427786,20.9966164605649,21.5418311237694,20.0720908761498,19.145356976463,18.3797803571555,15.6702846109608,19.4534877211313,19.1479669680152,18.3944635531099,17.0594914754071,21.4239963303682,21.2188187650062,16.6318720361282,19.0615272959047,18.0784253118052,19.2675828597471,17.2180572421116,20.7636624413701,19.7700504889958,17.9329712387491,17.5067151403668,19.1661452735748,19.2340781538647,19.7679944295522,18.7089029999123,19.4498012558475,20.6674994533707,21.2986742226899,23.0621883066451,21.7509813915524,23.4570052781703,22.3600131688262,23.0986483271459,22.2906157145106,20.2181822155899,21.0850632005472,23.0991003948185,18.4923319387513,19.3115368852121
"rpneg_Chloric.acid",22.7875758599695,21.3942846323743,22.8976001487549,23.0186594984413,22.3555956466337,21.973106970821,22.9879307941628,22.505338909696,22.2073264219942,21.9643723069179,22.8483401871944,22.2411850971187,23.4614870221965,21.4465831608319,23.6491650387116,22.2712605562875,21.8990259343921,22.7319705248372,22.874349672768,22.5543376074721,21.499607764468,23.693180226095,21.6522782584307,21.5469336345903,22.5199146413193,20.9276351705346,21.4826867010976,21.5313685218407,22.4880746525432,22.5620566721957,22.8980525645876,23.5216842311884,22.4624302660619,24.9771317231924,22.4237774268702,22.4867964764569,22.6384518498688,22.7658703269361,21.8634173203171,22.7107697325829,23.2825528785773,22.1846336926183,23.8643001594889,23.091367575988,22.2299729639927,23.4927422405889,21.6462487133164,24.0657763518739,21.9531297909097,22.6338089004328,23.1303059488691,23.7763668603295,22.9325295050765,22.6905478010558,23.4115653756258,22.8695213666601,23.2716358574243,22.9263912958046,22.8313437376429,22.7387715531768,22.523338625401,22.768128073601,20.9822536923581,21.3926308948759,21.2954945321821,21.8153600904239,23.3158824114316,22.7448778105643,20.2836065197458,21.885965660349,20.532302880557,22.298434649758,21.9987217151734,22.5751373342417,22.3158785961475,21.015637295328,21.9173157516544,21.0170456570356,20.9616504823545,20.4250308648198,22.4455995834592,19.6386306234909,20.5884479501699,19.1356256029781,21.1354924705447,22.7054505498061,17.4809799335158,22.2061803383748,18.4945478937105,22.8084806902202,20.7590431364096,20.7594944252354,19.9085506430785,15.8169452802024,19.7238238267389,19.4539622692695,22.0082125873236,20.1865218653891,21.4868618165383,17.9555857429519,19.2302791755538,19.9784225540711,19.7010918084806,21.0646287538545,20.699077463251,19.2561986729265,26.8682300918189,23.0661462659627,19.0737597029278,18.4377227500447,18.1354871981581,20.8727816190979,20.6245540903839,17.9796589140233,22.1682029793456,17.6322858655489,23.1721033183782,19.7103875117846,20.8738622896688,22.4461477586828,22.431303710742,23.6365048604846,23.5681599895442,22.506531497571,20.1410685722335,20.3337245227388,21.0659439492341,21.1237450465674,18.6421406922983,19.3343198989497,18.0700561985965,18.8054243392677,20.7076154547356,21.0881388598047,19.4947755113431,19.7848277890118,21.1136702376535,22.0182037755913,20.0013121122491,20.6179911980522,20.8946607140777,19.495174046245,21.4117963404733,19.7481780178921,21.4993663355829,18.1541990592369,21.7713025902587,22.0704150257807,20.3735177615492,20.369286046638,17.1213613784338,20.3591597803833,21.1938182469224,23.6294046092506,20.9994138911836,19.0574872381822,19.9867657033945,19.2024295878864,18.0888488064659,19.7904205267669,19.8034119072354,19.2171404870536,19.555915945508,22.7589591440302,19.6759195808218,19.8956265349494,19.5882324440283,19.7697371521271,21.3239680284684,18.9272625157548,18.6843467719134,21.0326932489258,18.145943381259,20.4701628881935,17.7482834813348,20.645793425896,18.0392203647784,18.9667195485605,17.2879320704963,18.8801637011605,17.4822628549929,17.1164188585307,20.6824882298201,17.7874835278364,17.2652620403587,20.5077019710775,19.9074099237062,20.3604975737144,16.5857556703648
"rpneg_Dodecyl.sulfate",25.0959565310704,23.3437615151036,28.4175595926586,24.2844361407848,23.4259645026582,24.4036137918981,24.265708055399,24.6423926177285,23.6223574024985,23.8396350213224,23.9426982758776,23.467533717897,23.7563114221857,23.2145092076701,24.1502414353016,23.5096277047631,24.2111799171514,23.9779452704396,23.1337247899241,23.7940151654673,23.3340528227016,25.7224305361909,25.5613205260564,24.9800638748052,25.2554391430272,23.021686802588,23.7802859936104,23.8473565848865,24.4619154445406,24.1700445998176,24.0836019672101,24.1006983098444,23.4923864919204,25.5221382156942,24.4757302504542,23.7866734977833,24.2100299944893,23.5796955598069,23.1288179685632,24.7304416354242,24.2281126140238,24.2808485418449,25.2007876592497,24.0107888853738,24.5146901946384,25.2353772996466,24.2425932488798,18.5493874416876,24.9499725008129,24.7785876934392,24.7342771312943,25.6301783030071,23.412411988116,24.0974157428134,24.210174800298,24.2995132318373,23.7179914798692,24.7364727748942,24.0101026962783,24.2144714438523,23.8782043509904,23.4305509144266,25.0638815381575,23.7847905579942,23.6020849405989,24.0825283028108,24.8823652380244,24.0264312770797,24.0456838665639,23.9826022649873,16.9401807589612,24.2837969189669,24.2517223788668,24.4216330617623,25.4540124811235,24.2550037200326,24.376300630548,23.9358393246791,24.1603957198618,24.7220621018689,24.6654503697254,21.6657478300415,21.6576642066378,20.8427830126414,23.1075028583181,22.4095944456777,21.5034872169785,23.5030186960401,22.0289551593079,26.8057791476842,22.720659961408,23.5379682961245,23.5804894296131,22.385723563691,21.8711888834225,23.4660416131706,23.9151772277747,22.8211166004716,23.139688586843,22.8165522456844,22.258144669238,22.1405055174759,22.1413181674643,21.8934546662199,23.9485936774748,22.1826798634079,24.2685075242061,22.5668032978838,22.0639808590029,22.2542381945627,22.2994350471579,22.6160350265587,23.0881283273872,22.9877223239791,23.1054081043963,21.3466421321811,21.2922637585761,22.1993704939927,22.0062816792667,23.0333008478529,22.5440804205785,23.8039937156691,24.0429597540785,23.9685433366241,21.9139251031246,22.1608561251967,22.6843942101266,23.296137767604,21.7041588761694,22.9843594708234,21.7880371650725,22.2125890024836,22.68596689469,23.0880578929998,23.9330673909027,21.7785733220622,21.4880919539913,24.5477721530495,23.2524429456721,23.3082886871562,23.3104513104002,22.3161757100878,23.9622032538271,23.672121610615,24.0302978595565,23.6697857935754,23.2748027405101,24.2532815770384,22.9718095079617,22.0601968396223,21.306879227244,22.5915734651192,22.4855858500805,22.4671553097871,22.739988290442,22.6400839448508,23.7901785475024,22.7111486641273,22.984625301175,23.6304144856412,21.9047473476795,24.6235766123568,21.8401598700293,23.6000979359991,22.9184384109882,22.8115989943495,22.7664866083091,22.7798276036962,22.1572393143179,21.9545405943617,22.7481928622806,23.2648577943398,23.6590364593211,22.7394984944313,22.6156928602084,23.410469221108,22.9312660526109,21.7188822730168,21.8446720279467,22.9513792882347,21.9455200235942,21.7719069431451,22.3778400554781,23.1891939762976,21.7281250623693,23.1184528360037,22.6883122282195,24.2878350325445,21.8269643457722
"rpneg_Trifluoroacetic.acid",20.4662990942736,18.6744939056263,19.6236333080628,20.0705603641259,17.9060747562796,18.0200655379522,19.6275937528827,20.3043610703203,17.5361803412569,18.3255401557188,18.772503120863,18.9562643305002,17.7258513965367,18.6668766417301,17.7946141808764,18.7463396517848,17.5778412415584,17.9852768973094,16.8110318989782,17.9224984280189,18.8400092216673,19.3141560648064,18.1184000910142,17.489405050242,19.5276630317917,19.3232591655267,18.0936215032693,18.2449440857079,18.9296114980189,18.2231248468844,19.7907504914211,17.9580448508119,17.0098007211545,19.4786867238495,17.2782839870117,18.0815638955711,19.0991651652063,18.2207135401842,19.8405931829211,19.6089725369697,16.4786868206021,18.0312597294644,20.1199773195449,18.0891030502824,19.8774997310551,20.5222422956877,18.6949559942777,17.187263013628,20.3663107456574,19.3356954026416,18.9834089368907,17.9552260240627,18.7025106660539,19.6278647016929,18.1875679361023,19.8494262425106,18.6751714479332,18.8354392499878,17.8946181278342,19.2673822716363,19.0285293200581,19.421636084946,16.4231441240248,17.968907894385,18.2088892649882,17.9107727062413,20.3043610703203,19.4676262758775,17.872826090568,18.0361019088891,17.2598366848442,18.3294316755914,18.9688372645915,19.2158048526075,20.0258089816231,20.5263177487518,19.2636821086952,18.7405683838535,17.0909650577971,17.2347997689931,19.0278374787311,28.9318241230623,28.5471417481284,28.0514516703796,29.6955050903153,29.0843837565612,28.4371327200981,30.5401225262722,28.9152617225355,30.6446033348071,29.4403877126999,30.3569650588461,30.6581526136269,28.8224113966748,29.2607861901471,30.26245402702,31.199454380315,30.0652505675157,30.0414587705916,30.3778707489003,27.4935077394944,29.0317710445745,28.4991342990198,29.3556286506826,30.5642348396435,28.9108978221613,29.8516169874474,28.1499627156882,27.5230036606095,27.8688165130412,27.6765156734758,28.394275670741,28.7363840600978,27.9713620349161,29.1449110424357,27.4373574020518,26.9412612412591,28.156011784029,27.6133204896565,29.3617277858014,28.536473302733,28.9423684834026,29.8256811095626,29.6430702495353,27.1061798574377,27.9896734929176,28.5646404794531,29.2824490019927,27.4498716849116,28.0904023540067,27.3730762018693,27.8894659030589,28.0279288648482,28.7199575155954,28.5771290181781,27.2106364769196,27.1381859600475,29.1796831608129,28.4349456321804,29.6544161627566,29.0625102557942,28.0655243899255,30.0109940183185,29.4951369860323,29.4768717106853,29.3450414642188,29.5225220349245,30.2444956497104,28.8665778130261,28.0351744419844,27.4263447811727,28.6052369475201,28.3145163414878,28.0577216929186,28.6398870034188,28.3807615096481,29.2985733990845,28.5991189288466,28.6445728340294,29.0100199446592,27.7379836386416,28.1256062761177,27.5525956668922,29.401363811283,28.0813772218058,29.066219908164,28.4480675725073,28.8770200420575,28.0585434134432,27.1887155939898,28.0790280233302,29.0062793732687,28.4926278882544,28.5919924193937,28.0491163298971,29.1807355809899,28.7132430157377,27.8909266752598,27.6302867159187,29.2208676790801,28.2628425044091,28.1122869271936,28.6174450015869,28.7195424747128,27.5939072023848,28.7517324841711,28.4798471100852,29.5306487963233,27.023690512639
"rpneg_Uric.acid",18.1859499015871,15.8665433935113,20.2717726699752,17.7797884547977,18.8236035242757,17.8467351294629,16.7409468510226,16.762601110964,18.5019504825299,19.2341767234884,18.7962847073419,16.0356595001223,16.5724708555626,15.8079267658711,21.6231628170833,15.9320384485023,19.9922933152175,19.7474093504228,18.0625426582945,16.7525528881061,15.8529994680431,20.0122778511047,16.9479666582975,20.9746516462192,18.1775539498101,21.3544077833027,19.8226537539666,20.9979872988255,21.6410956491129,16.372767655958,20.3507598905319,16.6647151739493,16.0726163355509,16.4823418814995,17.1638532543014,16.6953749515564,16.9668010123824,16.5449049326074,21.6088260294473,18.9582856162876,18.3121410372254,17.0032618521705,16.9481748231951,17.6498222272633,16.4322270500176,18.699900187148,16.1827750220396,20.9570985866486,16.6099245268541,17.6067152318984,19.0758518464698,20.6029289714724,17.2328940989752,18.4865316019177,17.2087658941628,16.6172928990659,20.4913181194271,18.1147063723233,17.3939254230841,16.9292883772048,19.4818911102681,16.130418062849,21.8897107974585,16.5475367759483,17.2842256109753,18.4943441061613,22.037073988819,16.9142213839166,17.7233577593033,20.2628343221446,16.7330850351184,18.7809513599086,16.3944629494575,16.4465880989294,21.5658362916631,18.8352131819937,16.2867807784869,20.0575615184789,19.569344609309,18.4767443612232,16.9057753629214,18.6843813345765,19.0216467931442,19.7261453429839,17.4601868457191,18.9488683738764,21.433665067459,17.8806203097242,19.5984889719368,18.0710221567245,17.8936896467669,15.435123602748,16.5351982147627,18.570223607665,19.8195192324463,17.1669305593514,16.8373152690395,18.1412912334869,18.5557062501525,18.1944559036828,19.9586929259251,19.9305112968952,21.1954143003801,19.6742679726017,17.6074659727164,17.4140487237136,16.5655522840655,19.6970049036202,20.3137301278245,16.6289472085045,18.7973628290838,18.2329057031663,17.4407481172523,19.66443039846,17.9669233634979,19.4995679990328,20.6760996125901,17.0006767049004,18.3040666037296,15.1371362904659,17.8310557757733,18.8042727098671,17.4362550808588,15.1124379363627,18.2034763987196,16.7979901734771,15.411804494112,15.3125359052676,17.7764335515926,14.6875182665277,17.8129951399228,16.4477170750193,14.998227804634,15.9790925327486,15.0610775793288,17.4717462707416,17.9317963464504,17.2522396340927,15.3362303718806,15.7486118255753,15.2242210369772,13.9711312702389,17.4988145463622,15.1502307110027,15.8974238283802,15.4309566768091,15.5826959173435,17.0812227242184,15.7926041303239,17.6358593913851,19.1482316685613,15.3747567068336,14.9145152349621,14.298440631641,14.8827256518358,15.1105621864071,15.088005088763,15.0336921138578,15.359486773859,15.4657186653245,18.0473049019693,16.7796644834923,14.5171385411416,15.581539377338,14.6533967341657,15.1440577795448,14.6989562545734,14.8769889281157,17.3232537250328,16.8327462632234,15.6950654599858,15.5200137631312,15.6175942080567,18.4633846509023,14.8312639700606,15.7596545110718,16.9050087343468,18.6877674552196,19.1514925590904,15.7632043735976,18.398979557549,17.7742594876184,18.3614545878763,16.1904440978544,17.6338539715587,18.6952706600716,20.2026476322073,17.8617466440691,17.5901071633465
